// DM Sans Regular and Bold (subset) for Guardian, generated by tools/prepare_dmsans_font.py
// Do not edit by hand. Re-run the script to regenerate.

#ifndef DM_SANS_SUBSET_H
#define DM_SANS_SUBSET_H

const unsigned char DMSans_Regular_subset[] PROGMEM = {
  0x00, 0x01, 0x00, 0x00, 0x00, 0x10, 0x01, 0x00, 0x00, 0x04, 0x00, 0x00, 0x47, 0x44, 0x45, 0x46,
  0x0B, 0x5E, 0x08, 0xBA, 0x00, 0x00, 0x51, 0x38, 0x00, 0x00, 0x00, 0xBA, 0x47, 0x50, 0x4F, 0x53,
  0x2E, 0x53, 0xF9, 0xEE, 0x00, 0x00, 0x51, 0xF4, 0x00, 0x00, 0x26, 0x5C, 0x47, 0x53, 0x55, 0x42,
  0x77, 0xAC, 0x7E, 0x71, 0x00, 0x00, 0x78, 0x50, 0x00, 0x00, 0x09, 0x20, 0x4F, 0x53, 0x2F, 0x32,
  0x60, 0x7A, 0x55, 0x4E, 0x00, 0x00, 0x48, 0xB4, 0x00, 0x00, 0x00, 0x60, 0x53, 0x54, 0x41, 0x54,
  0x57, 0x16, 0x41, 0xEF, 0x00, 0x00, 0x81, 0x70, 0x00, 0x00, 0x00, 0x5E, 0x63, 0x6D, 0x61, 0x70,
  0x29, 0xA2, 0x2D, 0x17, 0x00, 0x00, 0x49, 0x14, 0x00, 0x00, 0x01, 0xBC, 0x67, 0x61, 0x73, 0x70,
  0x00, 0x00, 0x00, 0x10, 0x00, 0x00, 0x51, 0x30, 0x00, 0x00, 0x00, 0x08, 0x67, 0x6C, 0x79, 0x66,
  0xD7, 0x6D, 0xE9, 0xB4, 0x00, 0x00, 0x01, 0x0C, 0x00, 0x00, 0x40, 0xD4, 0x68, 0x65, 0x61, 0x64,
  0x24, 0x4B, 0x97, 0x63, 0x00, 0x00, 0x44, 0x20, 0x00, 0x00, 0x00, 0x36, 0x68, 0x68, 0x65, 0x61,
  0x07, 0xEC, 0x02, 0xEE, 0x00, 0x00, 0x48, 0x90, 0x00, 0x00, 0x00, 0x24, 0x68, 0x6D, 0x74, 0x78,
  0x22, 0xA3, 0x2C, 0x83, 0x00, 0x00, 0x44, 0x58, 0x00, 0x00, 0x04, 0x38, 0x6C, 0x6F, 0x63, 0x61,
  0x02, 0x9E, 0xF2, 0x51, 0x00, 0x00, 0x42, 0x00, 0x00, 0x00, 0x02, 0x1E, 0x6D, 0x61, 0x78, 0x70,
  0x01, 0x1E, 0x00, 0xC6, 0x00, 0x00, 0x41, 0xE0, 0x00, 0x00, 0x00, 0x20, 0x6E, 0x61, 0x6D, 0x65,
  0xCF, 0xE2, 0xE8, 0xFC, 0x00, 0x00, 0x4A, 0xD8, 0x00, 0x00, 0x06, 0x38, 0x70, 0x6F, 0x73, 0x74,
  0xFF, 0x9F, 0x00, 0x32, 0x00, 0x00, 0x51, 0x10, 0x00, 0x00, 0x00, 0x20, 0x70, 0x72, 0x65, 0x70,
  0x68, 0x06, 0x8C, 0x85, 0x00, 0x00, 0x4A, 0xD0, 0x00, 0x00, 0x00, 0x07, 0x00, 0x02, 0x00, 0x1E,
  0x00, 0x00, 0x02, 0x7A, 0x02, 0xBC, 0x00, 0x07, 0x00, 0x0B, 0x00, 0x00, 0x73, 0x01, 0x33, 0x01,
  0x23, 0x03, 0x31, 0x03, 0x37, 0x37, 0x21, 0x17, 0x1E, 0x01, 0x02, 0x59, 0x01, 0x01, 0x59, 0xD5,
  0xD6, 0x1E, 0x18, 0x01, 0x3D, 0x18, 0x02, 0xBC, 0xFD, 0x44, 0x02, 0x53, 0xFD, 0xAD, 0xB4, 0x44,
  0x44, 0x00, 0xFF, 0xFF, 0x00, 0x1E, 0x00, 0x00, 0x02, 0x7A, 0x03, 0xA3, 0x06, 0x26, 0x00, 0x01,
  0x00, 0x00, 0x00, 0x07, 0x01, 0x04, 0x00, 0xE2, 0x00, 0x00, 0xFF, 0xFF, 0x00, 0x1E, 0x00, 0x00,
  0x02, 0x7A, 0x03, 0x86, 0x06, 0x26, 0x00, 0x01, 0x00, 0x00, 0x00, 0x07, 0x01, 0x05, 0x00, 0xC4,
  0x00, 0x00, 0xFF, 0xFF, 0x00, 0x1E, 0x00, 0x00, 0x02, 0x7A, 0x03, 0x6B, 0x06, 0x26, 0x00, 0x01,
  0x00, 0x00, 0x00, 0x07, 0x01, 0x02, 0x00, 0xCC, 0x00, 0x00, 0xFF, 0xFF, 0x00, 0x1E, 0x00, 0x00,
  0x02, 0x7A, 0x03, 0xA3, 0x06, 0x26, 0x00, 0x01, 0x00, 0x00, 0x00, 0x07, 0x01, 0x03, 0x00, 0xE2,
  0x00, 0x00, 0xFF, 0xFF, 0x00, 0x1E, 0x00, 0x00, 0x02, 0x7A, 0x03, 0xC7, 0x06, 0x26, 0x00, 0x01,
  0x00, 0x00, 0x00, 0x07, 0x01, 0x06, 0x00, 0xE4, 0x00, 0x00, 0xFF, 0xFF, 0x00, 0x1E, 0x00, 0x00,
  0x02, 0x7A, 0x03, 0x5B, 0x06, 0x26, 0x00, 0x01, 0x00, 0x00, 0x00, 0x07, 0x01, 0x07, 0x00, 0xC0,
  0x00, 0x00, 0x00, 0x02, 0x00, 0x1E, 0x00, 0x00, 0x03, 0x56, 0x02, 0xBC, 0x00, 0x0F, 0x00, 0x13,
  0x00, 0x00, 0x73, 0x01, 0x21, 0x15, 0x21, 0x15, 0x21, 0x15, 0x21, 0x15, 0x21, 0x15, 0x21, 0x11,
  0x31, 0x01, 0x37, 0x37, 0x21, 0x15, 0x1E, 0x01, 0x8F, 0x01, 0xA9, 0xFE, 0xDF, 0x01, 0x03, 0xFE,
  0xFD, 0x01, 0x21, 0xFE, 0x8B, 0xFE, 0x99, 0x2C, 0x23, 0x01, 0x3F, 0x02, 0xBC, 0x43, 0xF7, 0x42,
  0xFD, 0x43, 0x02, 0x77, 0xFD, 0x89, 0x9F, 0x43, 0x43, 0x00, 0x00, 0x03, 0x00, 0x4B, 0x00, 0x00,
  0x02, 0x2C, 0x02, 0xBC, 0x00, 0x13, 0x00, 0x1C, 0x00, 0x25, 0x00, 0x00, 0x73, 0x11, 0x33, 0x32,
  0x16, 0x16, 0x15, 0x14, 0x06, 0x06, 0x07, 0x37, 0x1E, 0x02, 0x15, 0x14, 0x06, 0x06, 0x23, 0x27,
  0x33, 0x32, 0x36, 0x35, 0x34, 0x26, 0x23, 0x23, 0x35, 0x33, 0x32, 0x36, 0x35, 0x34, 0x26, 0x23,
  0x23, 0x4B, 0xF6, 0x4A, 0x61, 0x30, 0x2F, 0x4B, 0x2A, 0x0E, 0x2D, 0x4C, 0x2D, 0x34, 0x65, 0x4A,
  0xAA, 0xA1, 0x47, 0x4F, 0x51, 0x47, 0x9F, 0x9C, 0x44, 0x47, 0x47, 0x47, 0x99, 0x02, 0xBC, 0x2F,
  0x51, 0x32, 0x36, 0x48, 0x26, 0x04, 0x0A, 0x01, 0x2E, 0x4E, 0x30, 0x35, 0x57, 0x33, 0x46, 0x43,
  0x3C, 0x3B, 0x47, 0x43, 0x40, 0x37, 0x35, 0x40, 0x00, 0x01, 0x00, 0x30, 0xFF, 0xF4, 0x02, 0x9E,
  0x02, 0xC8, 0x00, 0x1D, 0x00, 0x00, 0x45, 0x22, 0x26, 0x26, 0x35, 0x34, 0x36, 0x36, 0x33, 0x32,
  0x16, 0x17, 0x23, 0x26, 0x26, 0x23, 0x22, 0x06, 0x06, 0x15, 0x14, 0x16, 0x16, 0x33, 0x32, 0x36,
  0x37, 0x33, 0x06, 0x06, 0x01, 0x7B, 0x66, 0x95, 0x50, 0x50, 0x95, 0x66, 0x78, 0x96, 0x15, 0x5D,
  0x10, 0x62, 0x54, 0x4B, 0x6E, 0x3C, 0x3C, 0x6E, 0x4B, 0x54, 0x62, 0x10, 0x5D, 0x15, 0x96, 0x0C,
  0x5B, 0xA3, 0x6C, 0x6C, 0xA3, 0x5B, 0x72, 0x68, 0x41, 0x4F, 0x45, 0x81, 0x5A, 0x5A, 0x81, 0x45,
  0x4D, 0x40, 0x65, 0x72, 0xFF, 0xFF, 0x00, 0x30, 0xFE, 0xFC, 0x02, 0x9E, 0x02, 0xC8, 0x06, 0x26,
  0x00, 0x0A, 0x00, 0x00, 0x00, 0x07, 0x01, 0x08, 0x01, 0x24, 0xFF, 0xFF, 0x00, 0x02, 0x00, 0x4B,
  0x00, 0x00, 0x02, 0x80, 0x02, 0xBC, 0x00, 0x0A, 0x00, 0x15, 0x00, 0x00, 0x73, 0x11, 0x33, 0x32,
  0x16, 0x16, 0x15, 0x14, 0x06, 0x06, 0x23, 0x27, 0x33, 0x32, 0x36, 0x36, 0x35, 0x34, 0x26, 0x26,
  0x23, 0x23, 0x4B, 0xCE, 0x7B, 0x9F, 0x4D, 0x4D, 0x9F, 0x7B, 0x7A, 0x78, 0x66, 0x78, 0x34, 0x34,
  0x78, 0x66, 0x78, 0x02, 0xBC, 0x55, 0x9D, 0x6E, 0x6C, 0x9C, 0x54, 0x46, 0x43, 0x7D, 0x56, 0x58,
  0x7E, 0x44, 0x00, 0x03, 0x00, 0x08, 0x00, 0x00, 0x02, 0x95, 0x02, 0xBC, 0x00, 0x03, 0x00, 0x0E,
  0x00, 0x19, 0x00, 0x00, 0x53, 0x35, 0x21, 0x15, 0x01, 0x11, 0x33, 0x32, 0x16, 0x16, 0x15, 0x14,
  0x06, 0x06, 0x23, 0x27, 0x33, 0x32, 0x36, 0x36, 0x35, 0x34, 0x26, 0x26, 0x23, 0x23, 0x08, 0x01,
  0x75, 0xFE, 0xE3, 0xCE, 0x7B, 0x9F, 0x4D, 0x4D, 0x9F, 0x7B, 0x7A, 0x78, 0x66, 0x78, 0x34, 0x34,
  0x78, 0x66, 0x78, 0x01, 0x37, 0x4C, 0x4C, 0xFE, 0xC9, 0x02, 0xBC, 0x55, 0x9D, 0x6E, 0x6C, 0x9C,
  0x54, 0x46, 0x43, 0x7D, 0x56, 0x58, 0x7E, 0x44, 0x00, 0x01, 0x00, 0x4B, 0x00, 0x00, 0x01, 0xFC,
  0x02, 0xBC, 0x00, 0x0B, 0x00, 0x00, 0x73, 0x11, 0x21, 0x15, 0x21, 0x15, 0x21, 0x15, 0x21, 0x15,
  0x21, 0x15, 0x4B, 0x01, 0xB1, 0xFE, 0xA3, 0x01, 0x3F, 0xFE, 0xC1, 0x01, 0x5D, 0x02, 0xBC, 0x45,
  0xF4, 0x44, 0xFA, 0x45, 0xFF, 0xFF, 0x00, 0x4B, 0x00, 0x00, 0x01, 0xFC, 0x03, 0xA3, 0x06, 0x26,
  0x00, 0x0E, 0x00, 0x00, 0x00, 0x07, 0x01, 0x04, 0x00, 0xB9, 0x00, 0x00, 0xFF, 0xFF, 0x00, 0x4B,
  0x00, 0x00, 0x01, 0xFC, 0x03, 0x86, 0x06, 0x26, 0x00, 0x0E, 0x00, 0x00, 0x00, 0x07, 0x01, 0x05,
  0x00, 0x9B, 0x00, 0x00, 0xFF, 0xFF, 0x00, 0x4B, 0x00, 0x00, 0x01, 0xFC, 0x03, 0x6B, 0x06, 0x26,
  0x00, 0x0E, 0x00, 0x00, 0x00, 0x07, 0x01, 0x02, 0x00, 0xA3, 0x00, 0x00, 0xFF, 0xFF, 0x00, 0x4B,
  0x00, 0x00, 0x01, 0xFC, 0x03, 0xA3, 0x06, 0x26, 0x00, 0x0E, 0x00, 0x00, 0x00, 0x07, 0x01, 0x03,
  0x00, 0xB9, 0x00, 0x00, 0x00, 0x01, 0x00, 0x4B, 0x00, 0x00, 0x01, 0xF5, 0x02, 0xBC, 0x00, 0x09,
  0x00, 0x00, 0x73, 0x11, 0x21, 0x15, 0x21, 0x15, 0x21, 0x15, 0x21, 0x11, 0x4B, 0x01, 0xAA, 0xFE,
  0xAA, 0x01, 0x23, 0xFE, 0xDD, 0x02, 0xBC, 0x45, 0xF6, 0x44, 0xFE, 0xC3, 0x00, 0x01, 0x00, 0x30,
  0xFF, 0xF4, 0x02, 0xBB, 0x02, 0xC8, 0x00, 0x24, 0x00, 0x00, 0x45, 0x22, 0x26, 0x26, 0x35, 0x34,
  0x36, 0x36, 0x33, 0x32, 0x16, 0x17, 0x23, 0x26, 0x26, 0x23, 0x22, 0x06, 0x06, 0x15, 0x14, 0x16,
  0x16, 0x33, 0x32, 0x36, 0x37, 0x23, 0x35, 0x21, 0x11, 0x23, 0x27, 0x31, 0x0E, 0x02, 0x01, 0x78,
  0x62, 0x94, 0x52, 0x53, 0x99, 0x68, 0x76, 0x9E, 0x16, 0x61, 0x0E, 0x68, 0x53, 0x4D, 0x73, 0x3E,
  0x3E, 0x6F, 0x48, 0x70, 0x72, 0x08, 0xCA, 0x01, 0x20, 0x4D, 0x07, 0x19, 0x41, 0x58, 0x0C, 0x5B,
  0xA2, 0x6C, 0x6B, 0xA4, 0x5C, 0x71, 0x65, 0x3F, 0x4A, 0x45, 0x80, 0x59, 0x59, 0x81, 0x44, 0x84,
  0x71, 0x42, 0xFE, 0x8A, 0x73, 0x29, 0x39, 0x1D, 0x00, 0x03, 0x00, 0x4B, 0x00, 0x00, 0x02, 0x5E,
  0x02, 0xBC, 0x00, 0x03, 0x00, 0x07, 0x00, 0x0B, 0x00, 0x00, 0x61, 0x11, 0x33, 0x11, 0x21, 0x11,
  0x33, 0x11, 0x03, 0x35, 0x21, 0x15, 0x02, 0x0A, 0x54, 0xFD, 0xED, 0x54, 0x10, 0x01, 0x90, 0x02,
  0xBC, 0xFD, 0x44, 0x02, 0xBC, 0xFD, 0x44, 0x01, 0x42, 0x45, 0x45, 0x00, 0x00, 0x01, 0x00, 0x4B,
  0x00, 0x00, 0x00, 0x9F, 0x02, 0xBC, 0x00, 0x03, 0x00, 0x00, 0x73, 0x11, 0x33, 0x11, 0x4B, 0x54,
  0x02, 0xBC, 0xFD, 0x44, 0xFF, 0xFF, 0x00, 0x0A, 0x00, 0x00, 0x00, 0xDF, 0x03, 0xA3, 0x06, 0x26,
  0x00, 0x16, 0x00, 0x00, 0x00, 0x06, 0x01, 0x04, 0x0A, 0x00, 0xFF, 0xFF, 0xFF, 0xEC, 0x00, 0x00,
  0x00, 0xFE, 0x03, 0x86, 0x06, 0x26, 0x00, 0x16, 0x00, 0x00, 0x00, 0x06, 0x01, 0x05, 0xEC, 0x00,
  0xFF, 0xFF, 0xFF, 0xF4, 0x00, 0x00, 0x00, 0xF7, 0x03, 0x6B, 0x06, 0x26, 0x00, 0x16, 0x00, 0x00,
  0x00, 0x06, 0x01, 0x02, 0xF4, 0x00, 0xFF, 0xFF, 0x00, 0x0A, 0x00, 0x00, 0x00, 0xDF, 0x03, 0xA3,
  0x06, 0x26, 0x00, 0x16, 0x00, 0x00, 0x00, 0x06, 0x01, 0x03, 0x0A, 0x00, 0x00, 0x01, 0x00, 0x1C,
  0xFF, 0xF4, 0x01, 0xAA, 0x02, 0xBC, 0x00, 0x12, 0x00, 0x00, 0x57, 0x22, 0x26, 0x26, 0x35, 0x33,
  0x14, 0x16, 0x16, 0x33, 0x32, 0x36, 0x36, 0x35, 0x11, 0x33, 0x11, 0x14, 0x06, 0xE7, 0x3F, 0x5B,
  0x31, 0x55, 0x17, 0x33, 0x2B, 0x2A, 0x31, 0x15, 0x54, 0x67, 0x0C, 0x30, 0x5A, 0x3E, 0x23, 0x39,
  0x21, 0x20, 0x37, 0x23, 0x02, 0x03, 0xFD, 0xFD, 0x5E, 0x67, 0x00, 0x01, 0x00, 0x4B, 0x00, 0x00,
  0x02, 0x31, 0x02, 0xBC, 0x00, 0x0B, 0x00, 0x00, 0x73, 0x11, 0x33, 0x11, 0x01, 0x33, 0x01, 0x01,
  0x23, 0x03, 0x07, 0x11, 0x4B, 0x54, 0x01, 0x24, 0x6A, 0xFE, 0xFC, 0x01, 0x08, 0x66, 0xDE, 0x4E,
  0x02, 0xBC, 0xFE, 0xC3, 0x01, 0x3D, 0xFE, 0xE9, 0xFE, 0x5B, 0x01, 0x64, 0x53, 0xFE, 0xEF, 0x00,
  0x00, 0x01, 0x00, 0x4B, 0x00, 0x00, 0x01, 0xE5, 0x02, 0xBC, 0x00, 0x05, 0x00, 0x00, 0x73, 0x11,
  0x33, 0x11, 0x21, 0x15, 0x4B, 0x54, 0x01, 0x46, 0x02, 0xBC, 0xFD, 0x87, 0x43, 0x00, 0xFF, 0xFF,
  0x00, 0x4B, 0x00, 0x00, 0x01, 0xE5, 0x02, 0xBC, 0x06, 0x26, 0x00, 0x1D, 0x00, 0x00, 0x00, 0x07,
  0x00, 0xB6, 0x01, 0x03, 0x00, 0x08, 0x00, 0x01, 0x00, 0x4B, 0x00, 0x00, 0x02, 0xFF, 0x02, 0xBC,
  0x00, 0x0F, 0x00, 0x00, 0x73, 0x11, 0x33, 0x13, 0x31, 0x13, 0x33, 0x11, 0x23, 0x11, 0x31, 0x03,
  0x23, 0x03, 0x31, 0x11, 0x4B, 0x62, 0xF7, 0xF8, 0x63, 0x54, 0xE7, 0x3F, 0xE6, 0x02, 0xBC, 0xFE,
  0x17, 0x01, 0xE9, 0xFD, 0x44, 0x02, 0x26, 0xFE, 0x3C, 0x01, 0xC2, 0xFD, 0xDC, 0x00, 0x00, 0x01,
  0x00, 0x4B, 0x00, 0x00, 0x02, 0x68, 0x02, 0xBC, 0x00, 0x0B, 0x00, 0x00, 0x73, 0x11, 0x33, 0x01,
  0x31, 0x11, 0x33, 0x11, 0x23, 0x01, 0x31, 0x11, 0x4B, 0x54, 0x01, 0x75, 0x54, 0x54, 0xFE, 0x8B,
  0x02, 0xBC, 0xFD, 0xCF, 0x02, 0x31, 0xFD, 0x44, 0x02, 0x31, 0xFD, 0xCF, 0xFF, 0xFF, 0x00, 0x4B,
  0x00, 0x00, 0x02, 0x68, 0x03, 0x5B, 0x06, 0x26, 0x00, 0x20, 0x00, 0x00, 0x00, 0x07, 0x01, 0x07,
  0x00, 0xCD, 0x00, 0x00, 0x00, 0x02, 0x00, 0x30, 0xFF, 0xF4, 0x02, 0xD7, 0x02, 0xC8, 0x00, 0x0F,
  0x00, 0x1F, 0x00, 0x00, 0x45, 0x22, 0x26, 0x26, 0x35, 0x34, 0x36, 0x36, 0x33, 0x32, 0x16, 0x16,
  0x15, 0x14, 0x06, 0x06, 0x27, 0x32, 0x36, 0x36, 0x35, 0x34, 0x26, 0x26, 0x23, 0x22, 0x06, 0x06,
  0x15, 0x14, 0x16, 0x16, 0x01, 0x83, 0x65, 0x99, 0x55, 0x55, 0x99, 0x65, 0x67, 0x98, 0x55, 0x55,
  0x98, 0x67, 0x4C, 0x73, 0x3F, 0x3F, 0x73, 0x4C, 0x4B, 0x73, 0x3F, 0x3F, 0x73, 0x0C, 0x5B, 0xA3,
  0x6C, 0x6B, 0xA3, 0x5C, 0x5C, 0xA3, 0x6B, 0x6C, 0xA3, 0x5B, 0x4A, 0x45, 0x81, 0x5A, 0x5A, 0x81,
  0x44, 0x44, 0x81, 0x5A, 0x5A, 0x81, 0x45, 0x00, 0xFF, 0xFF, 0x00, 0x30, 0xFF, 0xF4, 0x02, 0xD7,
  0x03, 0xA3, 0x06, 0x26, 0x00, 0x22, 0x00, 0x00, 0x00, 0x07, 0x01, 0x04, 0x01, 0x18, 0x00, 0x00,
  0xFF, 0xFF, 0x00, 0x30, 0xFF, 0xF4, 0x02, 0xD7, 0x03, 0x86, 0x06, 0x26, 0x00, 0x22, 0x00, 0x00,
  0x00, 0x07, 0x01, 0x05, 0x00, 0xFA, 0x00, 0x00, 0xFF, 0xFF, 0x00, 0x30, 0xFF, 0xF4, 0x02, 0xD7,
  0x03, 0x6B, 0x06, 0x26, 0x00, 0x22, 0x00, 0x00, 0x00, 0x07, 0x01, 0x02, 0x01, 0x02, 0x00, 0x00,
  0xFF, 0xFF, 0x00, 0x30, 0xFF, 0xF4, 0x02, 0xD7, 0x03, 0xA3, 0x06, 0x26, 0x00, 0x22, 0x00, 0x00,
  0x00, 0x07, 0x01, 0x03, 0x01, 0x18, 0x00, 0x00, 0x00, 0x03, 0x00, 0x22, 0xFF, 0xF4, 0x02, 0xE6,
  0x02, 0xC8, 0x00, 0x03, 0x00, 0x13, 0x00, 0x23, 0x00, 0x00, 0x73, 0x01, 0x33, 0x01, 0x05, 0x22,
  0x26, 0x26, 0x35, 0x34, 0x36, 0x36, 0x33, 0x32, 0x16, 0x16, 0x15, 0x14, 0x06, 0x06, 0x27, 0x32,
  0x36, 0x36, 0x35, 0x34, 0x26, 0x26, 0x23, 0x22, 0x06, 0x06, 0x15, 0x14, 0x16, 0x16, 0x22, 0x02,
  0x6B, 0x59, 0xFD, 0x96, 0x01, 0x07, 0x65, 0x99, 0x55, 0x55, 0x99, 0x65, 0x67, 0x98, 0x55, 0x55,
  0x98, 0x67, 0x4C, 0x73, 0x3F, 0x3F, 0x73, 0x4C, 0x4B, 0x73, 0x3F, 0x3F, 0x73, 0x02, 0xBC, 0xFD,
  0x44, 0x0C, 0x5B, 0xA3, 0x6C, 0x6B, 0xA3, 0x5C, 0x5C, 0xA3, 0x6B, 0x6C, 0xA3, 0x5B, 0x4A, 0x45,
  0x81, 0x5A, 0x5A, 0x81, 0x44, 0x44, 0x81, 0x5A, 0x5A, 0x81, 0x45, 0x00, 0xFF, 0xFF, 0x00, 0x30,
  0xFF, 0xF4, 0x02, 0xD7, 0x03, 0x5B, 0x06, 0x26, 0x00, 0x22, 0x00, 0x00, 0x00, 0x07, 0x01, 0x07,
  0x00, 0xF6, 0x00, 0x00, 0x00, 0x02, 0x00, 0x4B, 0x00, 0x00, 0x02, 0x20, 0x02, 0xBC, 0x00, 0x0C,
  0x00, 0x15, 0x00, 0x00, 0x73, 0x11, 0x33, 0x32, 0x16, 0x16, 0x15, 0x14, 0x06, 0x06, 0x23, 0x23,
  0x11, 0x11, 0x33, 0x32, 0x36, 0x35, 0x34, 0x26, 0x23, 0x23, 0x4B, 0xE4, 0x53, 0x6B, 0x33, 0x33,
  0x6A, 0x54, 0x90, 0x8F, 0x54, 0x48, 0x48, 0x54, 0x8F, 0x02, 0xBC, 0x37, 0x5C, 0x3B, 0x39, 0x5D,
  0x38, 0xFE, 0xE0, 0x01, 0x67, 0x4A, 0x3D, 0x41, 0x47, 0x00, 0x00, 0x02, 0x00, 0x4B, 0x00, 0x00,
  0x02, 0x20, 0x02, 0xBC, 0x00, 0x0E, 0x00, 0x17, 0x00, 0x00, 0x73, 0x11, 0x33, 0x15, 0x33, 0x32,
  0x16, 0x16, 0x15, 0x14, 0x06, 0x06, 0x23, 0x23, 0x15, 0x35, 0x33, 0x32, 0x36, 0x35, 0x34, 0x26,
  0x23, 0x23, 0x4B, 0x54, 0x92, 0x52, 0x6A, 0x33, 0x32, 0x6A, 0x53, 0x92, 0x90, 0x53, 0x48, 0x48,
  0x53, 0x90, 0x02, 0xBC, 0x92, 0x35, 0x5C, 0x3B, 0x39, 0x5C, 0x36, 0x93, 0xD9, 0x48, 0x3D, 0x40,
  0x46, 0x00, 0x00, 0x03, 0x00, 0x30, 0xFF, 0xA1, 0x02, 0xD7, 0x02, 0xC8, 0x00, 0x03, 0x00, 0x13,
  0x00, 0x23, 0x00, 0x00, 0x45, 0x03, 0x33, 0x13, 0x25, 0x22, 0x26, 0x26, 0x35, 0x34, 0x36, 0x36,
  0x33, 0x32, 0x16, 0x16, 0x15, 0x14, 0x06, 0x06, 0x27, 0x32, 0x36, 0x36, 0x35, 0x34, 0x26, 0x26,
  0x23, 0x22, 0x06, 0x06, 0x15, 0x14, 0x16, 0x16, 0x02, 0x3D, 0xEB, 0x61, 0xEB, 0xFE, 0xE5, 0x65,
  0x99, 0x55, 0x55, 0x99, 0x65, 0x67, 0x98, 0x55, 0x55, 0x98, 0x67, 0x4C, 0x73, 0x3F, 0x3F, 0x73,
  0x4C, 0x4B, 0x73, 0x3F, 0x3F, 0x73, 0x5F, 0x01, 0x70, 0xFE, 0x90, 0x53, 0x5B, 0xA3, 0x6C, 0x6B,
  0xA3, 0x5C, 0x5C, 0xA3, 0x6B, 0x6C, 0xA3, 0x5B, 0x4A, 0x45, 0x81, 0x5A, 0x5A, 0x81, 0x44, 0x44,
  0x81, 0x5A, 0x5A, 0x81, 0x45, 0x00, 0x00, 0x03, 0x00, 0x4B, 0x00, 0x00, 0x02, 0x20, 0x02, 0xBC,
  0x00, 0x0C, 0x00, 0x10, 0x00, 0x19, 0x00, 0x00, 0x73, 0x11, 0x33, 0x32, 0x16, 0x16, 0x15, 0x14,
  0x06, 0x06, 0x23, 0x23, 0x11, 0x21, 0x03, 0x33, 0x13, 0x01, 0x33, 0x32, 0x36, 0x35, 0x34, 0x26,
  0x23, 0x23, 0x4B, 0xE2, 0x52, 0x68, 0x32, 0x33, 0x6A, 0x53, 0x8A, 0x01, 0x1E, 0x9A, 0x5E, 0x9F,
  0xFE, 0x7F, 0x88, 0x50, 0x4B, 0x49, 0x53, 0x87, 0x02, 0xBC, 0x37, 0x5C, 0x3A, 0x38, 0x5E, 0x38,
  0xFE, 0xDF, 0x01, 0x39, 0xFE, 0xC7, 0x01, 0x63, 0x4E, 0x3D, 0x3E, 0x49, 0x00, 0x01, 0x00, 0x2D,
  0xFF, 0xF4, 0x02, 0x16, 0x02, 0xC8, 0x00, 0x32, 0x00, 0x00, 0x45, 0x22, 0x26, 0x26, 0x35, 0x33,
  0x14, 0x16, 0x16, 0x33, 0x32, 0x36, 0x36, 0x35, 0x34, 0x2E, 0x02, 0x27, 0x26, 0x26, 0x35, 0x34,
  0x36, 0x36, 0x33, 0x32, 0x16, 0x16, 0x15, 0x23, 0x34, 0x26, 0x26, 0x23, 0x26, 0x06, 0x06, 0x15,
  0x14, 0x1E, 0x02, 0x17, 0x1E, 0x02, 0x15, 0x14, 0x06, 0x06, 0x01, 0x2A, 0x4D, 0x72, 0x3E, 0x58,
  0x26, 0x49, 0x36, 0x2F, 0x43, 0x23, 0x23, 0x3C, 0x4F, 0x2B, 0x53, 0x4E, 0x35, 0x63, 0x44, 0x43,
  0x63, 0x38, 0x58, 0x1E, 0x3D, 0x2E, 0x26, 0x3B, 0x21, 0x1D, 0x37, 0x4A, 0x2D, 0x33, 0x4F, 0x2D,
  0x35, 0x68, 0x0C, 0x38, 0x64, 0x42, 0x29, 0x45, 0x29, 0x1F, 0x36, 0x22, 0x29, 0x33, 0x20, 0x19,
  0x0E, 0x1C, 0x54, 0x43, 0x39, 0x56, 0x31, 0x32, 0x57, 0x39, 0x1D, 0x38, 0x25, 0x01, 0x1B, 0x32,
  0x24, 0x22, 0x2A, 0x1D, 0x18, 0x0F, 0x11, 0x31, 0x4C, 0x3B, 0x32, 0x59, 0x38, 0x00, 0x00, 0x01,
  0x00, 0x1E, 0x00, 0x00, 0x02, 0x14, 0x02, 0xBC, 0x00, 0x07, 0x00, 0x00, 0x73, 0x11, 0x23, 0x35,
  0x21, 0x15, 0x23, 0x11, 0xEF, 0xD1, 0x01, 0xF6, 0xD1, 0x02, 0x77, 0x45, 0x45, 0xFD, 0x89, 0x00,
  0x00, 0x01, 0x00, 0x44, 0xFF, 0xF4, 0x02, 0x4C, 0x02, 0xBC, 0x00, 0x15, 0x00, 0x00, 0x45, 0x22,
  0x26, 0x26, 0x35, 0x11, 0x33, 0x11, 0x14, 0x16, 0x16, 0x33, 0x32, 0x36, 0x36, 0x35, 0x11, 0x33,
  0x11, 0x14, 0x06, 0x06, 0x01, 0x47, 0x48, 0x75, 0x46, 0x54, 0x2D, 0x50, 0x34, 0x35, 0x4E, 0x2C,
  0x54, 0x46, 0x76, 0x0C, 0x3A, 0x77, 0x5D, 0x01, 0xBA, 0xFE, 0x45, 0x44, 0x56, 0x28, 0x28, 0x56,
  0x44, 0x01, 0xBB, 0xFE, 0x46, 0x5D, 0x77, 0x3A, 0xFF, 0xFF, 0x00, 0x44, 0xFF, 0xF4, 0x02, 0x4C,
  0x03, 0xA3, 0x06, 0x26, 0x00, 0x2F, 0x00, 0x00, 0x00, 0x07, 0x01, 0x04, 0x00, 0xDC, 0x00, 0x00,
  0xFF, 0xFF, 0x00, 0x44, 0xFF, 0xF4, 0x02, 0x4C, 0x03, 0x86, 0x06, 0x26, 0x00, 0x2F, 0x00, 0x00,
  0x00, 0x07, 0x01, 0x05, 0x00, 0xBE, 0x00, 0x00, 0xFF, 0xFF, 0x00, 0x44, 0xFF, 0xF4, 0x02, 0x4C,
  0x03, 0x6B, 0x06, 0x26, 0x00, 0x2F, 0x00, 0x00, 0x00, 0x07, 0x01, 0x02, 0x00, 0xC6, 0x00, 0x00,
  0xFF, 0xFF, 0x00, 0x44, 0xFF, 0xF4, 0x02, 0x4C, 0x03, 0xA3, 0x06, 0x26, 0x00, 0x2F, 0x00, 0x00,
  0x00, 0x07, 0x01, 0x03, 0x00, 0xDC, 0x00, 0x00, 0x00, 0x01, 0x00, 0x16, 0x00, 0x00, 0x02, 0x86,
  0x02, 0xBC, 0x00, 0x07, 0x00, 0x00, 0x61, 0x01, 0x33, 0x13, 0x31, 0x13, 0x33, 0x01, 0x01, 0x1D,
  0xFE, 0xF9, 0x5B, 0xDD, 0xDF, 0x59, 0xFE, 0xF9, 0x02, 0xBC, 0xFD, 0x9D, 0x02, 0x63, 0xFD, 0x44,
  0x00, 0x01, 0x00, 0x1B, 0x00, 0x00, 0x03, 0xAF, 0x02, 0xBC, 0x00, 0x0F, 0x00, 0x00, 0x73, 0x03,
  0x33, 0x13, 0x31, 0x13, 0x33, 0x13, 0x31, 0x13, 0x33, 0x03, 0x23, 0x03, 0x31, 0x03, 0xDB, 0xC0,
  0x5A, 0x97, 0xAB, 0x5E, 0xA7, 0x99, 0x5A, 0xC4, 0x60, 0xA7, 0xAB, 0x02, 0xBC, 0xFD, 0xA8, 0x02,
  0x58, 0xFD, 0xA6, 0x02, 0x5A, 0xFD, 0x44, 0x02, 0x43, 0xFD, 0xBD, 0x00, 0x00, 0x01, 0x00, 0x26,
  0x00, 0x00, 0x02, 0x34, 0x02, 0xBC, 0x00, 0x0D, 0x00, 0x00, 0x73, 0x13, 0x03, 0x33, 0x13, 0x31,
  0x13, 0x33, 0x03, 0x13, 0x23, 0x03, 0x31, 0x03, 0x26, 0xD6, 0xD6, 0x5F, 0xAC, 0xA4, 0x5E, 0xD6,
  0xD7, 0x5F, 0xAD, 0xA3, 0x01, 0x61, 0x01, 0x5B, 0xFE, 0xE9, 0x01, 0x17, 0xFE, 0xA2, 0xFE, 0xA2,
  0x01, 0x1A, 0xFE, 0xE6, 0x00, 0x01, 0x00, 0x14, 0x00, 0x00, 0x02, 0x2F, 0x02, 0xBC, 0x00, 0x09,
  0x00, 0x00, 0x73, 0x11, 0x03, 0x33, 0x13, 0x23, 0x13, 0x33, 0x03, 0x11, 0xF8, 0xE4, 0x5F, 0xBC,
  0x19, 0xBB, 0x5E, 0xE3, 0x01, 0x0A, 0x01, 0xB2, 0xFE, 0x85, 0x01, 0x7B, 0xFE, 0x4E, 0xFE, 0xF6,
  0xFF, 0xFF, 0x00, 0x14, 0x00, 0x00, 0x02, 0x2F, 0x03, 0xA3, 0x06, 0x26, 0x00, 0x37, 0x00, 0x00,
  0x00, 0x07, 0x01, 0x04, 0x00, 0xB7, 0x00, 0x00, 0x00, 0x01, 0x00, 0x2D, 0x00, 0x00, 0x01, 0xF0,
  0x02, 0xBC, 0x00, 0x09, 0x00, 0x00, 0x73, 0x35, 0x01, 0x21, 0x35, 0x21, 0x15, 0x01, 0x21, 0x15,
  0x2D, 0x01, 0x5D, 0xFE, 0xA8, 0x01, 0xBA, 0xFE, 0xA2, 0x01, 0x62, 0x42, 0x02, 0x31, 0x49, 0x42,
  0xFD, 0xCF, 0x49, 0x00, 0x00, 0x03, 0x00, 0x30, 0xFF, 0x77, 0x02, 0xDE, 0x02, 0xC8, 0x00, 0x03,
  0x00, 0x13, 0x00, 0x23, 0x00, 0x00, 0x45, 0x27, 0x37, 0x17, 0x25, 0x22, 0x26, 0x26, 0x35, 0x34,
  0x36, 0x36, 0x33, 0x32, 0x16, 0x16, 0x15, 0x14, 0x06, 0x06, 0x27, 0x32, 0x36, 0x36, 0x35, 0x34,
  0x26, 0x26, 0x23, 0x22, 0x06, 0x06, 0x15, 0x14, 0x16, 0x16, 0x02, 0x71, 0xB2, 0x4E, 0xD1, 0xFE,
  0xA5, 0x65, 0x99, 0x55, 0x55, 0x99, 0x65, 0x67, 0x98, 0x55, 0x55, 0x98, 0x67, 0x4C, 0x73, 0x3F,
  0x3F, 0x73, 0x4C, 0x4B, 0x73, 0x3F, 0x3F, 0x73, 0x89, 0xAE, 0x1B, 0xC9, 0x7D, 0x5B, 0xA3, 0x6C,
  0x6B, 0xA3, 0x5C, 0x5C, 0xA3, 0x6B, 0x6C, 0xA3, 0x5B, 0x4A, 0x45, 0x81, 0x5A, 0x5A, 0x81, 0x44,
  0x44, 0x81, 0x5A, 0x5A, 0x81, 0x45, 0x00, 0x02, 0x00, 0x33, 0xFF, 0xF4, 0x01, 0xE4, 0x02, 0x04,
  0x00, 0x21, 0x00, 0x30, 0x00, 0x00, 0x57, 0x22, 0x26, 0x26, 0x35, 0x34, 0x36, 0x36, 0x33, 0x33,
  0x34, 0x26, 0x26, 0x23, 0x22, 0x06, 0x07, 0x23, 0x3E, 0x02, 0x33, 0x32, 0x16, 0x16, 0x15, 0x11,
  0x23, 0x27, 0x31, 0x0E, 0x03, 0x27, 0x32, 0x3E, 0x02, 0x35, 0x35, 0x23, 0x22, 0x06, 0x06, 0x15,
  0x14, 0x16, 0x16, 0xEA, 0x3D, 0x52, 0x28, 0x35, 0x61, 0x42, 0x85, 0x1D, 0x37, 0x29, 0x30, 0x46,
  0x08, 0x56, 0x06, 0x3D, 0x5E, 0x33, 0x46, 0x5D, 0x2E, 0x4B, 0x05, 0x0A, 0x1F, 0x2A, 0x35, 0x15,
  0x23, 0x39, 0x28, 0x15, 0x7E, 0x31, 0x3C, 0x1A, 0x19, 0x31, 0x0C, 0x2B, 0x47, 0x2A, 0x33, 0x47,
  0x25, 0x2F, 0x3F, 0x20, 0x30, 0x2F, 0x36, 0x49, 0x27, 0x33, 0x5B, 0x3E, 0xFE, 0xC8, 0x59, 0x15,
  0x25, 0x1B, 0x10, 0x47, 0x1D, 0x33, 0x3E, 0x22, 0x03, 0x17, 0x29, 0x1A, 0x1B, 0x28, 0x16, 0x00,
  0xFF, 0xFF, 0x00, 0x33, 0xFF, 0xF4, 0x01, 0xE4, 0x02, 0xDF, 0x06, 0x26, 0x00, 0x3B, 0x00, 0x00,
  0x00, 0x07, 0x00, 0xFD, 0x00, 0xA2, 0x00, 0x00, 0xFF, 0xFF, 0x00, 0x33, 0xFF, 0xF4, 0x01, 0xE4,
  0x02, 0xB9, 0x06, 0x26, 0x00, 0x3B, 0x00, 0x00, 0x00, 0x07, 0x00, 0xFE, 0x00, 0x84, 0x00, 0x00,
  0xFF, 0xFF, 0x00, 0x33, 0xFF, 0xF4, 0x01, 0xE4, 0x02, 0x9E, 0x06, 0x26, 0x00, 0x3B, 0x00, 0x00,
  0x00, 0x07, 0x00, 0xFA, 0x00, 0x8C, 0x00, 0x00, 0xFF, 0xFF, 0x00, 0x33, 0xFF, 0xF4, 0x01, 0xE4,
  0x02, 0xDF, 0x06, 0x26, 0x00, 0x3B, 0x00, 0x00, 0x00, 0x07, 0x00, 0xFC, 0x00, 0xA2, 0x00, 0x00,
  0xFF, 0xFF, 0x00, 0x33, 0xFF, 0xF4, 0x01, 0xE4, 0x03, 0x08, 0x06, 0x26, 0x00, 0x3B, 0x00, 0x00,
  0x00, 0x07, 0x00, 0xFF, 0x00, 0xA4, 0x00, 0x00, 0xFF, 0xFF, 0x00, 0x33, 0xFF, 0xF4, 0x01, 0xE4,
  0x02, 0xA1, 0x06, 0x26, 0x00, 0x3B, 0x00, 0x00, 0x00, 0x06, 0x01, 0x00, 0x76, 0x00, 0x00, 0x03,
  0x00, 0x33, 0xFF, 0xF4, 0x03, 0x67, 0x02, 0x04, 0x00, 0x35, 0x00, 0x43, 0x00, 0x4B, 0x00, 0x00,
  0x57, 0x22, 0x26, 0x26, 0x35, 0x34, 0x36, 0x36, 0x33, 0x33, 0x34, 0x26, 0x26, 0x23, 0x22, 0x06,
  0x07, 0x23, 0x3E, 0x02, 0x33, 0x32, 0x16, 0x17, 0x36, 0x36, 0x33, 0x32, 0x16, 0x16, 0x15, 0x14,
  0x14, 0x07, 0x21, 0x1E, 0x02, 0x33, 0x32, 0x36, 0x37, 0x33, 0x0E, 0x02, 0x23, 0x22, 0x26, 0x27,
  0x0E, 0x02, 0x27, 0x32, 0x36, 0x36, 0x37, 0x35, 0x23, 0x22, 0x06, 0x06, 0x15, 0x14, 0x16, 0x16,
  0x25, 0x21, 0x26, 0x26, 0x23, 0x22, 0x06, 0x06, 0xEC, 0x3E, 0x52, 0x29, 0x35, 0x5F, 0x40, 0x88,
  0x1C, 0x36, 0x28, 0x2D, 0x44, 0x08, 0x57, 0x06, 0x3D, 0x5B, 0x32, 0x41, 0x5A, 0x18, 0x20, 0x60,
  0x3A, 0x48, 0x66, 0x37, 0x01, 0xFE, 0x7E, 0x02, 0x2D, 0x47, 0x26, 0x38, 0x44, 0x10, 0x52, 0x0C,
  0x3C, 0x5B, 0x3A, 0x43, 0x6A, 0x1F, 0x14, 0x3A, 0x4C, 0x27, 0x2B, 0x43, 0x29, 0x03, 0x7F, 0x2F,
  0x3B, 0x1A, 0x19, 0x2F, 0x01, 0x12, 0x01, 0x30, 0x04, 0x53, 0x3D, 0x26, 0x44, 0x2D, 0x0C, 0x2B,
  0x47, 0x2A, 0x33, 0x47, 0x23, 0x30, 0x40, 0x20, 0x30, 0x2F, 0x36, 0x49, 0x27, 0x30, 0x2B, 0x2C,
  0x2F, 0x42, 0x6B, 0x3E, 0x0A, 0x16, 0x0E, 0x3B, 0x4E, 0x27, 0x35, 0x2E, 0x31, 0x4D, 0x2C, 0x3F,
  0x37, 0x22, 0x36, 0x1E, 0x47, 0x2D, 0x4A, 0x2B, 0x0F, 0x16, 0x27, 0x1B, 0x1A, 0x28, 0x17, 0xF1,
  0x45, 0x4C, 0x21, 0x40, 0x00, 0x02, 0x00, 0x46, 0xFF, 0xF4, 0x02, 0x42, 0x02, 0xD0, 0x00, 0x14,
  0x00, 0x24, 0x00, 0x00, 0x45, 0x22, 0x26, 0x26, 0x27, 0x31, 0x07, 0x23, 0x11, 0x33, 0x11, 0x36,
  0x36, 0x33, 0x32, 0x16, 0x16, 0x15, 0x14, 0x06, 0x06, 0x27, 0x32, 0x36, 0x36, 0x35, 0x34, 0x26,
  0x26, 0x23, 0x22, 0x06, 0x06, 0x15, 0x14, 0x16, 0x16, 0x01, 0x4E, 0x2B, 0x45, 0x34, 0x11, 0x07,
  0x4C, 0x54, 0x18, 0x5A, 0x42, 0x49, 0x6E, 0x3D, 0x3D, 0x6E, 0x53, 0x31, 0x4C, 0x2B, 0x2B, 0x4C,
  0x31, 0x32, 0x4C, 0x2A, 0x2A, 0x4C, 0x0C, 0x19, 0x2A, 0x1C, 0x53, 0x02, 0xD0, 0xFE, 0xD5, 0x27,
  0x38, 0x45, 0x77, 0x4C, 0x4C, 0x78, 0x44, 0x49, 0x30, 0x55, 0x3A, 0x39, 0x56, 0x30, 0x30, 0x56,
  0x39, 0x3A, 0x55, 0x30, 0x00, 0x01, 0x00, 0x31, 0xFF, 0xF4, 0x02, 0x0B, 0x02, 0x04, 0x00, 0x1F,
  0x00, 0x00, 0x45, 0x22, 0x26, 0x26, 0x35, 0x34, 0x36, 0x36, 0x33, 0x32, 0x16, 0x17, 0x23, 0x26,
  0x26, 0x23, 0x22, 0x06, 0x06, 0x15, 0x14, 0x1E, 0x02, 0x33, 0x32, 0x36, 0x36, 0x37, 0x33, 0x06,
  0x06, 0x01, 0x29, 0x47, 0x71, 0x40, 0x40, 0x71, 0x47, 0x5A, 0x78, 0x10, 0x56, 0x0A, 0x4E, 0x35,
  0x2B, 0x4A, 0x2C, 0x1A, 0x2C, 0x3B, 0x20, 0x24, 0x3A, 0x28, 0x07, 0x56, 0x10, 0x79, 0x0C, 0x42,
  0x77, 0x4E, 0x50, 0x76, 0x43, 0x5D, 0x4E, 0x2F, 0x34, 0x2B, 0x56, 0x3F, 0x2F, 0x49, 0x30, 0x19,
  0x17, 0x2E, 0x1F, 0x4C, 0x5F, 0x00, 0xFF, 0xFF, 0x00, 0x31, 0xFE, 0xFC, 0x02, 0x0B, 0x02, 0x04,
  0x06, 0x26, 0x00, 0x44, 0x00, 0x00, 0x00, 0x07, 0x01, 0x01, 0x00, 0xDB, 0xFF, 0xFF, 0x00, 0x02,
  0x00, 0x31, 0xFF, 0xF4, 0x02, 0x2D, 0x02, 0xD0, 0x00, 0x14, 0x00, 0x24, 0x00, 0x00, 0x45, 0x22,
  0x26, 0x26, 0x35, 0x34, 0x36, 0x36, 0x33, 0x32, 0x16, 0x17, 0x11, 0x33, 0x11, 0x23, 0x27, 0x31,
  0x0E, 0x02, 0x27, 0x32, 0x36, 0x36, 0x35, 0x34, 0x26, 0x26, 0x23, 0x22, 0x06, 0x06, 0x15, 0x14,
  0x16, 0x16, 0x01, 0x24, 0x49, 0x6E, 0x3C, 0x3C, 0x6F, 0x49, 0x3E, 0x5D, 0x19, 0x54, 0x4C, 0x07,
  0x10, 0x32, 0x46, 0x24, 0x32, 0x4C, 0x2A, 0x2A, 0x4C, 0x32, 0x31, 0x4C, 0x2A, 0x2A, 0x4C, 0x0C,
  0x45, 0x78, 0x4C, 0x4C, 0x77, 0x44, 0x32, 0x2D, 0x01, 0x2B, 0xFD, 0x30, 0x53, 0x19, 0x2B, 0x1B,
  0x49, 0x30, 0x55, 0x3A, 0x39, 0x56, 0x30, 0x30, 0x56, 0x39, 0x3A, 0x55, 0x30, 0x00, 0x00, 0x03,
  0x00, 0x31, 0xFF, 0xF4, 0x02, 0x3A, 0x02, 0xC4, 0x00, 0x19, 0x00, 0x29, 0x00, 0x2D, 0x00, 0x00,
  0x45, 0x22, 0x26, 0x26, 0x35, 0x34, 0x36, 0x36, 0x33, 0x32, 0x16, 0x17, 0x2E, 0x03, 0x27, 0x33,
  0x1E, 0x03, 0x15, 0x14, 0x06, 0x06, 0x27, 0x32, 0x36, 0x36, 0x35, 0x34, 0x26, 0x26, 0x23, 0x22,
  0x06, 0x06, 0x15, 0x14, 0x16, 0x16, 0x03, 0x35, 0x25, 0x15, 0x01, 0x33, 0x4B, 0x75, 0x42, 0x42,
  0x74, 0x48, 0x2E, 0x57, 0x20, 0x0D, 0x25, 0x2F, 0x3C, 0x24, 0x54, 0x39, 0x51, 0x32, 0x17, 0x45,
  0x77, 0x49, 0x2F, 0x50, 0x30, 0x30, 0x4F, 0x30, 0x2F, 0x50, 0x2F, 0x30, 0x4F, 0x12, 0x01, 0x1F,
  0x0C, 0x45, 0x77, 0x4B, 0x4D, 0x75, 0x43, 0x1F, 0x23, 0x21, 0x42, 0x40, 0x3D, 0x1E, 0x30, 0x69,
  0x6E, 0x70, 0x37, 0x54, 0x7F, 0x47, 0x47, 0x2E, 0x57, 0x3C, 0x3B, 0x55, 0x2D, 0x2E, 0x54, 0x3B,
  0x3C, 0x57, 0x2E, 0x01, 0xEC, 0x39, 0x64, 0x39, 0x00, 0x01, 0x00, 0x31, 0xFF, 0xF4, 0x02, 0x0D,
  0x02, 0x04, 0x00, 0x25, 0x00, 0x00, 0x45, 0x22, 0x26, 0x26, 0x35, 0x34, 0x36, 0x36, 0x33, 0x32,
  0x16, 0x16, 0x15, 0x14, 0x14, 0x07, 0x21, 0x35, 0x21, 0x26, 0x26, 0x23, 0x22, 0x06, 0x06, 0x15,
  0x15, 0x14, 0x16, 0x16, 0x33, 0x32, 0x36, 0x37, 0x33, 0x0E, 0x02, 0x01, 0x23, 0x47, 0x6D, 0x3E,
  0x3D, 0x6F, 0x48, 0x4A, 0x67, 0x37, 0x01, 0xFE, 0x64, 0x01, 0x4B, 0x03, 0x55, 0x40, 0x2B, 0x49,
  0x2C, 0x2D, 0x49, 0x2A, 0x35, 0x45, 0x0F, 0x53, 0x0C, 0x3C, 0x59, 0x0C, 0x42, 0x77, 0x4F, 0x50,
  0x76, 0x42, 0x42, 0x6B, 0x40, 0x0A, 0x16, 0x0E, 0x41, 0x45, 0x4E, 0x27, 0x4B, 0x38, 0x1C, 0x3E,
  0x54, 0x2A, 0x2F, 0x28, 0x2D, 0x48, 0x29, 0x00, 0xFF, 0xFF, 0x00, 0x31, 0xFF, 0xF4, 0x02, 0x0D,
  0x02, 0xDF, 0x06, 0x26, 0x00, 0x48, 0x00, 0x00, 0x00, 0x07, 0x00, 0xFD, 0x00, 0xB6, 0x00, 0x00,
  0xFF, 0xFF, 0x00, 0x31, 0xFF, 0xF4, 0x02, 0x0D, 0x02, 0xB9, 0x06, 0x26, 0x00, 0x48, 0x00, 0x00,
  0x00, 0x07, 0x00, 0xFE, 0x00, 0x98, 0x00, 0x00, 0xFF, 0xFF, 0x00, 0x31, 0xFF, 0xF4, 0x02, 0x0D,
  0x02, 0x9E, 0x06, 0x26, 0x00, 0x48, 0x00, 0x00, 0x00, 0x07, 0x00, 0xFA, 0x00, 0xA0, 0x00, 0x00,
  0xFF, 0xFF, 0x00, 0x31, 0xFF, 0xF4, 0x02, 0x0D, 0x02, 0xDF, 0x06, 0x26, 0x00, 0x48, 0x00, 0x00,
  0x00, 0x07, 0x00, 0xFC, 0x00, 0xB6, 0x00, 0x00, 0x00, 0x02, 0x00, 0x15, 0x00, 0x00, 0x01, 0x35,
  0x02, 0xD0, 0x00, 0x0C, 0x00, 0x10, 0x00, 0x00, 0x73, 0x11, 0x34, 0x36, 0x36, 0x33, 0x33, 0x15,
  0x23, 0x22, 0x06, 0x15, 0x11, 0x03, 0x35, 0x21, 0x15, 0x62, 0x20, 0x3F, 0x2E, 0x39, 0x2C, 0x25,
  0x21, 0xA1, 0x01, 0x20, 0x02, 0x46, 0x30, 0x3D, 0x1D, 0x48, 0x1E, 0x26, 0xFD, 0xBC, 0x01, 0xB1,
  0x47, 0x47, 0x00, 0x04, 0x00, 0x26, 0xFF, 0x18, 0x02, 0x13, 0x02, 0x04, 0x00, 0x2D, 0x00, 0x3D,
  0x00, 0x49, 0x00, 0x4D, 0x00, 0x00, 0x45, 0x22, 0x26, 0x26, 0x35, 0x34, 0x36, 0x36, 0x37, 0x17,
  0x06, 0x06, 0x15, 0x14, 0x16, 0x16, 0x33, 0x32, 0x36, 0x36, 0x35, 0x34, 0x26, 0x27, 0x2E, 0x03,
  0x27, 0x35, 0x37, 0x17, 0x07, 0x37, 0x1E, 0x03, 0x17, 0x1E, 0x02, 0x15, 0x14, 0x06, 0x06, 0x03,
  0x22, 0x26, 0x26, 0x35, 0x34, 0x36, 0x36, 0x33, 0x32, 0x16, 0x16, 0x15, 0x14, 0x06, 0x06, 0x27,
  0x32, 0x36, 0x35, 0x34, 0x26, 0x23, 0x22, 0x06, 0x15, 0x14, 0x16, 0x37, 0x27, 0x33, 0x15, 0x01,
  0x0D, 0x44, 0x69, 0x3A, 0x13, 0x2F, 0x2B, 0x3A, 0x35, 0x20, 0x26, 0x44, 0x2B, 0x2B, 0x3E, 0x22,
  0x34, 0x49, 0x3B, 0x50, 0x34, 0x23, 0x0E, 0x61, 0x49, 0x64, 0x0D, 0x0B, 0x14, 0x22, 0x3D, 0x32,
  0x45, 0x53, 0x25, 0x2F, 0x62, 0x4E, 0x3F, 0x59, 0x2E, 0x2F, 0x58, 0x3F, 0x3F, 0x58, 0x2E, 0x2E,
  0x58, 0x3F, 0x36, 0x3E, 0x3E, 0x36, 0x35, 0x41, 0x40, 0x88, 0x19, 0xCE, 0xE8, 0x23, 0x48, 0x35,
  0x17, 0x34, 0x32, 0x14, 0x22, 0x16, 0x39, 0x18, 0x21, 0x2C, 0x16, 0x18, 0x2C, 0x1E, 0x23, 0x2F,
  0x04, 0x04, 0x0E, 0x13, 0x18, 0x0D, 0x17, 0x60, 0x1A, 0x5A, 0x23, 0x08, 0x0E, 0x0A, 0x08, 0x04,
  0x05, 0x26, 0x40, 0x2C, 0x2B, 0x4D, 0x32, 0x01, 0x86, 0x30, 0x51, 0x32, 0x32, 0x50, 0x31, 0x31,
  0x50, 0x32, 0x32, 0x51, 0x30, 0x45, 0x38, 0x36, 0x35, 0x38, 0x38, 0x35, 0x36, 0x38, 0xCE, 0x47,
  0x3F, 0x00, 0x00, 0x01, 0x00, 0x46, 0x00, 0x00, 0x02, 0x02, 0x02, 0xD0, 0x00, 0x16, 0x00, 0x00,
  0x73, 0x11, 0x33, 0x11, 0x31, 0x36, 0x36, 0x33, 0x32, 0x16, 0x16, 0x15, 0x11, 0x23, 0x11, 0x34,
  0x26, 0x23, 0x22, 0x06, 0x06, 0x15, 0x11, 0x46, 0x54, 0x19, 0x5B, 0x36, 0x3A, 0x56, 0x2E, 0x53,
  0x40, 0x3D, 0x2B, 0x45, 0x28, 0x02, 0xD0, 0xFE, 0xD3, 0x2D, 0x34, 0x2F, 0x60, 0x49, 0xFE, 0xD4,
  0x01, 0x23, 0x4C, 0x4D, 0x2A, 0x4E, 0x39, 0xFE, 0xF5, 0x00, 0x00, 0x02, 0x00, 0x3E, 0x00, 0x00,
  0x00, 0xB2, 0x02, 0xD5, 0x00, 0x03, 0x00, 0x0F, 0x00, 0x00, 0x73, 0x11, 0x33, 0x11, 0x03, 0x22,
  0x26, 0x35, 0x34, 0x36, 0x33, 0x32, 0x16, 0x15, 0x14, 0x06, 0x4E, 0x54, 0x2A, 0x19, 0x21, 0x21,
  0x19, 0x18, 0x22, 0x22, 0x01, 0xF8, 0xFE, 0x08, 0x02, 0x63, 0x21, 0x19, 0x19, 0x1F, 0x1F, 0x19,
  0x19, 0x21, 0x00, 0x01, 0x00, 0x46, 0x00, 0x00, 0x00, 0x9A, 0x01, 0xF8, 0x00, 0x03, 0x00, 0x00,
  0x73, 0x11, 0x33, 0x11, 0x46, 0x54, 0x01, 0xF8, 0xFE, 0x08, 0xFF, 0xFF, 0x00, 0x05, 0x00, 0x00,
  0x00, 0xDA, 0x02, 0xDF, 0x06, 0x26, 0x00, 0x51, 0x00, 0x00, 0x00, 0x06, 0x00, 0xFD, 0x05, 0x00,
  0xFF, 0xFF, 0xFF, 0xE7, 0x00, 0x00, 0x00, 0xF9, 0x02, 0xB9, 0x06, 0x26, 0x00, 0x51, 0x00, 0x00,
  0x00, 0x06, 0x00, 0xFE, 0xE7, 0x00, 0xFF, 0xFF, 0xFF, 0xEF, 0x00, 0x00, 0x00, 0xF2, 0x02, 0x9E,
  0x06, 0x26, 0x00, 0x51, 0x00, 0x00, 0x00, 0x06, 0x00, 0xFA, 0xEF, 0x00, 0xFF, 0xFF, 0x00, 0x3E,
  0x00, 0x00, 0x00, 0xA2, 0x02, 0x9F, 0x06, 0x26, 0x00, 0x51, 0x00, 0x00, 0x00, 0x06, 0x00, 0xFB,
  0x3E, 0x00, 0xFF, 0xFF, 0x00, 0x05, 0x00, 0x00, 0x00, 0xDA, 0x02, 0xDF, 0x06, 0x26, 0x00, 0x51,
  0x00, 0x00, 0x00, 0x06, 0x00, 0xFC, 0x05, 0x00, 0x00, 0x02, 0xFF, 0xE5, 0xFF, 0x24, 0x00, 0xB6,
  0x02, 0xD5, 0x00, 0x0C, 0x00, 0x18, 0x00, 0x00, 0x47, 0x35, 0x33, 0x32, 0x36, 0x35, 0x11, 0x33,
  0x11, 0x14, 0x06, 0x06, 0x23, 0x13, 0x22, 0x26, 0x35, 0x34, 0x36, 0x33, 0x32, 0x16, 0x15, 0x14,
  0x06, 0x1B, 0x27, 0x26, 0x20, 0x54, 0x20, 0x3F, 0x2E, 0x64, 0x19, 0x21, 0x21, 0x19, 0x18, 0x21,
  0x21, 0xDC, 0x48, 0x1F, 0x25, 0x02, 0x48, 0xFD, 0xB6, 0x30, 0x3D, 0x1D, 0x03, 0x3F, 0x21, 0x19,
  0x19, 0x1F, 0x1F, 0x19, 0x19, 0x21, 0x00, 0x02, 0x00, 0x46, 0x00, 0x00, 0x01, 0xE7, 0x02, 0xD0,
  0x00, 0x06, 0x00, 0x0A, 0x00, 0x00, 0x61, 0x03, 0x37, 0x33, 0x03, 0x37, 0x01, 0x21, 0x11, 0x33,
  0x11, 0x01, 0x7C, 0xF0, 0xDB, 0x67, 0xFB, 0x01, 0x01, 0x13, 0xFE, 0x5F, 0x54, 0x01, 0x14, 0xE4,
  0xFE, 0xFE, 0x3C, 0xFE, 0xCE, 0x02, 0xD0, 0xFD, 0x30, 0x00, 0x00, 0x01, 0x00, 0x46, 0x00, 0x00,
  0x00, 0x9A, 0x02, 0xD0, 0x00, 0x03, 0x00, 0x00, 0x73, 0x11, 0x33, 0x11, 0x46, 0x54, 0x02, 0xD0,
  0xFD, 0x30, 0xFF, 0xFF, 0x00, 0x46, 0x00, 0x00, 0x01, 0x48, 0x02, 0xD0, 0x04, 0x26, 0x00, 0x59,
  0x00, 0x00, 0x00, 0x07, 0x00, 0xB6, 0x00, 0xAC, 0x00, 0x00, 0x00, 0x01, 0x00, 0x46, 0x00, 0x00,
  0x03, 0x3E, 0x02, 0x04, 0x00, 0x28, 0x00, 0x00, 0x73, 0x11, 0x33, 0x17, 0x31, 0x36, 0x36, 0x33,
  0x32, 0x16, 0x16, 0x17, 0x31, 0x36, 0x36, 0x33, 0x32, 0x16, 0x16, 0x15, 0x11, 0x23, 0x11, 0x34,
  0x26, 0x23, 0x22, 0x06, 0x06, 0x15, 0x11, 0x23, 0x11, 0x34, 0x26, 0x23, 0x22, 0x06, 0x06, 0x15,
  0x11, 0x46, 0x4C, 0x05, 0x18, 0x51, 0x30, 0x27, 0x3F, 0x30, 0x0F, 0x1A, 0x5B, 0x34, 0x3A, 0x57,
  0x2F, 0x53, 0x3E, 0x38, 0x27, 0x3E, 0x24, 0x54, 0x3E, 0x39, 0x26, 0x3D, 0x24, 0x01, 0xF8, 0x48,
  0x27, 0x2D, 0x15, 0x2B, 0x21, 0x2E, 0x33, 0x2F, 0x5F, 0x49, 0xFE, 0xD3, 0x01, 0x24, 0x4C, 0x4C,
  0x29, 0x4E, 0x39, 0xFE, 0xF4, 0x01, 0x24, 0x4C, 0x4C, 0x29, 0x4E, 0x39, 0xFE, 0xF4, 0x00, 0x01,
  0x00, 0x46, 0x00, 0x00, 0x02, 0x01, 0x02, 0x04, 0x00, 0x16, 0x00, 0x00, 0x73, 0x11, 0x33, 0x17,
  0x31, 0x36, 0x36, 0x33, 0x32, 0x16, 0x16, 0x15, 0x11, 0x23, 0x11, 0x34, 0x26, 0x23, 0x22, 0x06,
  0x06, 0x15, 0x11, 0x46, 0x4C, 0x04, 0x18, 0x59, 0x39, 0x3B, 0x56, 0x30, 0x54, 0x43, 0x3D, 0x2A,
  0x42, 0x27, 0x01, 0xF8, 0x58, 0x2F, 0x35, 0x2F, 0x5F, 0x49, 0xFE, 0xD3, 0x01, 0x24, 0x4C, 0x4C,
  0x29, 0x4D, 0x39, 0xFE, 0xF3, 0x00, 0xFF, 0xFF, 0x00, 0x46, 0x00, 0x00, 0x02, 0x01, 0x02, 0xA1,
  0x06, 0x26, 0x00, 0x5C, 0x00, 0x00, 0x00, 0x07, 0x01, 0x00, 0x00, 0x98, 0x00, 0x00, 0x00, 0x02,
  0x00, 0x31, 0xFF, 0xF4, 0x02, 0x21, 0x02, 0x04, 0x00, 0x0F, 0x00, 0x1F, 0x00, 0x00, 0x45, 0x22,
  0x26, 0x26, 0x35, 0x34, 0x36, 0x36, 0x33, 0x32, 0x16, 0x16, 0x15, 0x14, 0x06, 0x06, 0x27, 0x32,
  0x36, 0x36, 0x35, 0x34, 0x26, 0x26, 0x23, 0x22, 0x06, 0x06, 0x15, 0x14, 0x16, 0x16, 0x01, 0x27,
  0x46, 0x70, 0x40, 0x41, 0x71, 0x46, 0x48, 0x6F, 0x41, 0x42, 0x70, 0x47, 0x2B, 0x4A, 0x2E, 0x2D,
  0x49, 0x2C, 0x2A, 0x4B, 0x2D, 0x2D, 0x49, 0x0C, 0x41, 0x77, 0x4F, 0x51, 0x77, 0x41, 0x41, 0x77,
  0x50, 0x50, 0x77, 0x41, 0x48, 0x2B, 0x56, 0x3F, 0x40, 0x55, 0x2B, 0x2B, 0x55, 0x40, 0x3F, 0x56,
  0x2B, 0x00, 0xFF, 0xFF, 0x00, 0x31, 0xFF, 0xF4, 0x02, 0x21, 0x02, 0xDF, 0x06, 0x26, 0x00, 0x5E,
  0x00, 0x00, 0x00, 0x07, 0x00, 0xFD, 0x00, 0xBF, 0x00, 0x00, 0xFF, 0xFF, 0x00, 0x31, 0xFF, 0xF4,
  0x02, 0x21, 0x02, 0xB9, 0x06, 0x26, 0x00, 0x5E, 0x00, 0x00, 0x00, 0x07, 0x00, 0xFE, 0x00, 0xA1,
  0x00, 0x00, 0xFF, 0xFF, 0x00, 0x31, 0xFF, 0xF4, 0x02, 0x21, 0x02, 0x9E, 0x06, 0x26, 0x00, 0x5E,
  0x00, 0x00, 0x00, 0x07, 0x00, 0xFA, 0x00, 0xA9, 0x00, 0x00, 0xFF, 0xFF, 0x00, 0x31, 0xFF, 0xF4,
  0x02, 0x21, 0x02, 0xDF, 0x06, 0x26, 0x00, 0x5E, 0x00, 0x00, 0x00, 0x07, 0x00, 0xFC, 0x00, 0xBF,
  0x00, 0x00, 0x00, 0x03, 0x00, 0x28, 0xFF, 0xF4, 0x02, 0x2C, 0x02, 0x04, 0x00, 0x03, 0x00, 0x13,
  0x00, 0x23, 0x00, 0x00, 0x73, 0x01, 0x33, 0x01, 0x17, 0x22, 0x26, 0x26, 0x35, 0x34, 0x36, 0x36,
  0x33, 0x32, 0x16, 0x16, 0x15, 0x14, 0x06, 0x06, 0x27, 0x32, 0x36, 0x36, 0x35, 0x34, 0x26, 0x26,
  0x23, 0x22, 0x06, 0x06, 0x15, 0x14, 0x16, 0x16, 0x28, 0x01, 0xB5, 0x4F, 0xFE, 0x4C, 0xB1, 0x47,
  0x70, 0x40, 0x41, 0x71, 0x47, 0x47, 0x70, 0x40, 0x41, 0x71, 0x47, 0x2C, 0x4A, 0x2D, 0x2C, 0x4A,
  0x2B, 0x2B, 0x4A, 0x2E, 0x2D, 0x49, 0x01, 0xF8, 0xFE, 0x08, 0x0C, 0x41, 0x77, 0x4F, 0x51, 0x77,
  0x41, 0x41, 0x77, 0x50, 0x50, 0x77, 0x41, 0x48, 0x2B, 0x56, 0x3F, 0x40, 0x55, 0x2B, 0x2B, 0x55,
  0x40, 0x3F, 0x56, 0x2B, 0xFF, 0xFF, 0x00, 0x31, 0xFF, 0xF4, 0x02, 0x21, 0x02, 0xA1, 0x06, 0x26,
  0x00, 0x5E, 0x00, 0x00, 0x00, 0x07, 0x01, 0x00, 0x00, 0x93, 0x00, 0x00, 0x00, 0x02, 0x00, 0x46,
  0xFF, 0x24, 0x02, 0x42, 0x02, 0x04, 0x00, 0x14, 0x00, 0x24, 0x00, 0x00, 0x57, 0x11, 0x33, 0x17,
  0x31, 0x3E, 0x02, 0x33, 0x32, 0x16, 0x16, 0x15, 0x14, 0x06, 0x06, 0x23, 0x22, 0x26, 0x27, 0x11,
  0x13, 0x32, 0x36, 0x36, 0x35, 0x34, 0x26, 0x26, 0x23, 0x22, 0x06, 0x06, 0x15, 0x14, 0x16, 0x16,
  0x46, 0x4C, 0x07, 0x10, 0x32, 0x46, 0x2D, 0x4A, 0x6D, 0x3D, 0x3D, 0x6E, 0x4A, 0x3D, 0x5D, 0x19,
  0xAA, 0x31, 0x4C, 0x2B, 0x2B, 0x4C, 0x31, 0x32, 0x4C, 0x2A, 0x2A, 0x4C, 0xDC, 0x02, 0xD4, 0x52,
  0x18, 0x2B, 0x1B, 0x46, 0x77, 0x4C, 0x4C, 0x77, 0x44, 0x32, 0x2D, 0xFE, 0xD1, 0x01, 0x19, 0x30,
  0x55, 0x3A, 0x39, 0x56, 0x30, 0x30, 0x56, 0x39, 0x3A, 0x55, 0x30, 0x00, 0x00, 0x02, 0x00, 0x46,
  0xFF, 0x24, 0x02, 0x42, 0x02, 0xD0, 0x00, 0x13, 0x00, 0x23, 0x00, 0x00, 0x57, 0x11, 0x33, 0x11,
  0x3E, 0x02, 0x33, 0x32, 0x16, 0x16, 0x15, 0x14, 0x06, 0x06, 0x23, 0x22, 0x26, 0x27, 0x11, 0x13,
  0x32, 0x36, 0x36, 0x35, 0x34, 0x26, 0x26, 0x23, 0x22, 0x06, 0x06, 0x15, 0x14, 0x16, 0x16, 0x46,
  0x53, 0x10, 0x32, 0x46, 0x2D, 0x4A, 0x6D, 0x3D, 0x3D, 0x6E, 0x4A, 0x3D, 0x5D, 0x19, 0xAA, 0x31,
  0x4C, 0x2B, 0x2B, 0x4C, 0x31, 0x32, 0x4C, 0x2A, 0x2A, 0x4C, 0xDC, 0x03, 0xAC, 0xFE, 0xD6, 0x18,
  0x2B, 0x1B, 0x45, 0x78, 0x4C, 0x4C, 0x77, 0x44, 0x32, 0x2D, 0xFE, 0xD1, 0x01, 0x19, 0x30, 0x55,
  0x3A, 0x39, 0x56, 0x30, 0x30, 0x56, 0x39, 0x3A, 0x55, 0x30, 0x00, 0x02, 0x00, 0x31, 0xFF, 0x24,
  0x02, 0x2D, 0x02, 0x04, 0x00, 0x14, 0x00, 0x24, 0x00, 0x00, 0x45, 0x11, 0x06, 0x06, 0x23, 0x22,
  0x26, 0x26, 0x35, 0x34, 0x36, 0x36, 0x33, 0x32, 0x16, 0x16, 0x17, 0x31, 0x37, 0x33, 0x11, 0x03,
  0x32, 0x36, 0x36, 0x35, 0x34, 0x26, 0x26, 0x23, 0x22, 0x06, 0x06, 0x15, 0x14, 0x16, 0x16, 0x01,
  0xD9, 0x18, 0x5B, 0x41, 0x4A, 0x6E, 0x3C, 0x3C, 0x6F, 0x49, 0x2B, 0x45, 0x34, 0x10, 0x08, 0x4C,
  0xFF, 0x32, 0x4C, 0x2A, 0x2A, 0x4C, 0x32, 0x31, 0x4C, 0x2A, 0x2A, 0x4C, 0xDC, 0x01, 0x2E, 0x27,
  0x37, 0x45, 0x77, 0x4C, 0x4C, 0x77, 0x45, 0x18, 0x2B, 0x1C, 0x53, 0xFD, 0x2C, 0x01, 0x19, 0x30,
  0x55, 0x3A, 0x39, 0x56, 0x30, 0x30, 0x56, 0x39, 0x3A, 0x55, 0x30, 0x00, 0x00, 0x01, 0x00, 0x46,
  0x00, 0x00, 0x01, 0x59, 0x02, 0x04, 0x00, 0x10, 0x00, 0x00, 0x73, 0x11, 0x33, 0x17, 0x31, 0x3E,
  0x02, 0x33, 0x15, 0x23, 0x22, 0x0E, 0x02, 0x15, 0x11, 0x46, 0x4C, 0x06, 0x11, 0x35, 0x4B, 0x30,
  0x1F, 0x20, 0x3A, 0x2D, 0x19, 0x01, 0xF8, 0x60, 0x22, 0x30, 0x1A, 0x58, 0x11, 0x26, 0x41, 0x30,
  0xFE, 0xFC, 0x00, 0x01, 0x00, 0x2B, 0xFF, 0xF4, 0x01, 0xC3, 0x02, 0x04, 0x00, 0x2F, 0x00, 0x00,
  0x45, 0x22, 0x26, 0x26, 0x27, 0x33, 0x1E, 0x02, 0x33, 0x32, 0x36, 0x36, 0x35, 0x34, 0x26, 0x26,
  0x27, 0x2E, 0x03, 0x35, 0x34, 0x36, 0x36, 0x33, 0x32, 0x16, 0x17, 0x23, 0x26, 0x26, 0x23, 0x22,
  0x06, 0x15, 0x14, 0x16, 0x16, 0x17, 0x1E, 0x02, 0x15, 0x14, 0x06, 0x06, 0x01, 0x04, 0x3F, 0x5D,
  0x37, 0x06, 0x56, 0x05, 0x20, 0x37, 0x28, 0x23, 0x2E, 0x17, 0x1D, 0x38, 0x28, 0x21, 0x40, 0x32,
  0x1D, 0x2C, 0x53, 0x37, 0x51, 0x64, 0x09, 0x53, 0x05, 0x37, 0x30, 0x2F, 0x31, 0x1B, 0x35, 0x27,
  0x32, 0x52, 0x33, 0x2F, 0x56, 0x0C, 0x2A, 0x4B, 0x33, 0x1A, 0x2C, 0x1B, 0x15, 0x24, 0x15, 0x1F,
  0x20, 0x13, 0x07, 0x06, 0x14, 0x21, 0x30, 0x23, 0x2B, 0x43, 0x26, 0x4E, 0x4A, 0x26, 0x2B, 0x26,
  0x1F, 0x14, 0x1F, 0x16, 0x07, 0x09, 0x1E, 0x3B, 0x36, 0x2F, 0x46, 0x27, 0x00, 0x01, 0x00, 0x47,
  0xFF, 0xF6, 0x02, 0x6D, 0x02, 0xDC, 0x00, 0x37, 0x00, 0x00, 0x45, 0x22, 0x26, 0x27, 0x33, 0x16,
  0x16, 0x33, 0x32, 0x36, 0x35, 0x34, 0x26, 0x27, 0x26, 0x26, 0x35, 0x34, 0x3E, 0x03, 0x35, 0x34,
  0x26, 0x23, 0x22, 0x06, 0x15, 0x11, 0x23, 0x11, 0x34, 0x36, 0x36, 0x33, 0x32, 0x16, 0x16, 0x15,
  0x14, 0x0E, 0x03, 0x15, 0x14, 0x16, 0x16, 0x17, 0x16, 0x16, 0x15, 0x14, 0x06, 0x06, 0x01, 0xB4,
  0x55, 0x6C, 0x08, 0x53, 0x05, 0x3D, 0x33, 0x30, 0x35, 0x2D, 0x39, 0x4E, 0x44, 0x1D, 0x2A, 0x2A,
  0x1D, 0x46, 0x3E, 0x49, 0x47, 0x53, 0x34, 0x66, 0x4B, 0x46, 0x5F, 0x31, 0x1C, 0x2A, 0x2B, 0x1C,
  0x13, 0x31, 0x2C, 0x49, 0x3F, 0x2D, 0x52, 0x0A, 0x5F, 0x54, 0x33, 0x3E, 0x2F, 0x29, 0x26, 0x2D,
  0x13, 0x1B, 0x38, 0x2E, 0x1E, 0x27, 0x1C, 0x1C, 0x23, 0x1B, 0x2E, 0x35, 0x51, 0x45, 0xFE, 0x01,
  0x02, 0x07, 0x3E, 0x60, 0x37, 0x2C, 0x4A, 0x2D, 0x24, 0x2F, 0x1F, 0x18, 0x1A, 0x13, 0x0F, 0x19,
  0x18, 0x0F, 0x19, 0x4B, 0x39, 0x2F, 0x49, 0x28, 0x00, 0x01, 0x00, 0x22, 0x00, 0x00, 0x01, 0x60,
  0x02, 0x72, 0x00, 0x14, 0x00, 0x00, 0x61, 0x22, 0x26, 0x26, 0x35, 0x11, 0x23, 0x35, 0x33, 0x37,
  0x33, 0x15, 0x33, 0x15, 0x23, 0x11, 0x14, 0x16, 0x33, 0x33, 0x15, 0x01, 0x0C, 0x2D, 0x42, 0x23,
  0x58, 0x58, 0x0B, 0x49, 0x92, 0x92, 0x26, 0x30, 0x36, 0x1C, 0x43, 0x39, 0x01, 0x19, 0x47, 0x7A,
  0x7A, 0x47, 0xFE, 0xE7, 0x2F, 0x21, 0x48, 0x00, 0x00, 0x01, 0x00, 0x3D, 0xFF, 0xF4, 0x01, 0xF8,
  0x01, 0xF8, 0x00, 0x16, 0x00, 0x00, 0x57, 0x22, 0x26, 0x26, 0x35, 0x11, 0x33, 0x11, 0x14, 0x16,
  0x33, 0x32, 0x36, 0x36, 0x35, 0x11, 0x33, 0x11, 0x23, 0x27, 0x31, 0x06, 0x06, 0xFD, 0x3A, 0x57,
  0x2F, 0x54, 0x42, 0x3C, 0x2A, 0x44, 0x27, 0x54, 0x4C, 0x05, 0x17, 0x5A, 0x0C, 0x2E, 0x60, 0x48,
  0x01, 0x2E, 0xFE, 0xDB, 0x4B, 0x4C, 0x29, 0x4D, 0x38, 0x01, 0x0E, 0xFE, 0x08, 0x58, 0x2F, 0x35,
  0xFF, 0xFF, 0x00, 0x3D, 0xFF, 0xF4, 0x01, 0xF8, 0x02, 0xDF, 0x06, 0x26, 0x00, 0x6C, 0x00, 0x00,
  0x00, 0x07, 0x00, 0xFD, 0x00, 0xAD, 0x00, 0x00, 0xFF, 0xFF, 0x00, 0x3D, 0xFF, 0xF4, 0x01, 0xF8,
  0x02, 0xB9, 0x06, 0x26, 0x00, 0x6C, 0x00, 0x00, 0x00, 0x07, 0x00, 0xFE, 0x00, 0x8F, 0x00, 0x00,
  0xFF, 0xFF, 0x00, 0x3D, 0xFF, 0xF4, 0x01, 0xF8, 0x02, 0x9E, 0x06, 0x26, 0x00, 0x6C, 0x00, 0x00,
  0x00, 0x07, 0x00, 0xFA, 0x00, 0x97, 0x00, 0x00, 0xFF, 0xFF, 0x00, 0x3D, 0xFF, 0xF4, 0x01, 0xF8,
  0x02, 0xDF, 0x06, 0x26, 0x00, 0x6C, 0x00, 0x00, 0x00, 0x07, 0x00, 0xFC, 0x00, 0xAD, 0x00, 0x00,
  0x00, 0x01, 0x00, 0x18, 0x00, 0x00, 0x01, 0xF7, 0x01, 0xF8, 0x00, 0x07, 0x00, 0x00, 0x73, 0x03,
  0x33, 0x13, 0x31, 0x13, 0x33, 0x03, 0xD7, 0xBF, 0x58, 0x98, 0x99, 0x56, 0xBF, 0x01, 0xF8, 0xFE,
  0x59, 0x01, 0xA7, 0xFE, 0x08, 0x00, 0x00, 0x01, 0x00, 0x18, 0x00, 0x00, 0x02, 0xE2, 0x01, 0xF8,
  0x00, 0x0F, 0x00, 0x00, 0x73, 0x03, 0x33, 0x13, 0x23, 0x13, 0x33, 0x13, 0x07, 0x13, 0x33, 0x03,
  0x23, 0x03, 0x33, 0x03, 0xAC, 0x94, 0x54, 0x73, 0x0F, 0x7D, 0x5F, 0x7F, 0x10, 0x72, 0x55, 0x93,
  0x56, 0x84, 0x11, 0x84, 0x01, 0xF8, 0xFE, 0x57, 0x01, 0xA9, 0xFE, 0x58, 0x01, 0x01, 0xA9, 0xFE,
  0x08, 0x01, 0xBC, 0xFE, 0x44, 0x00, 0x00, 0x01, 0x00, 0x14, 0x00, 0x00, 0x01, 0xDC, 0x01, 0xF8,
  0x00, 0x0D, 0x00, 0x00, 0x73, 0x37, 0x27, 0x33, 0x17, 0x31, 0x37, 0x33, 0x07, 0x17, 0x23, 0x27,
  0x31, 0x07, 0x14, 0xAB, 0xAB, 0x5C, 0x88, 0x8A, 0x5A, 0xAB, 0xAB, 0x5A, 0x8A, 0x88, 0xFC, 0xFC,
  0xCE, 0xCE, 0xFC, 0xFC, 0xCF, 0xCF, 0x00, 0x01, 0x00, 0x15, 0xFF, 0x24, 0x02, 0x17, 0x01, 0xF8,
  0x00, 0x09, 0x00, 0x00, 0x57, 0x13, 0x23, 0x03, 0x33, 0x13, 0x31, 0x13, 0x33, 0x01, 0x7D, 0x7B,
  0x1D, 0xC6, 0x5B, 0xA4, 0xAC, 0x57, 0xFE, 0xBE, 0xDC, 0x01, 0x14, 0x01, 0xC0, 0xFE, 0x7F, 0x01,
  0x81, 0xFD, 0x2C, 0x00, 0xFF, 0xFF, 0x00, 0x15, 0xFF, 0x24, 0x02, 0x17, 0x02, 0xDF, 0x06, 0x26,
  0x00, 0x74, 0x00, 0x00, 0x00, 0x07, 0x00, 0xFD, 0x00, 0xAB, 0x00, 0x00, 0xFF, 0xFF, 0x00, 0x15,
  0xFF, 0x24, 0x02, 0x17, 0x02, 0x9E, 0x06, 0x26, 0x00, 0x74, 0x00, 0x00, 0x00, 0x07, 0x00, 0xFA,
  0x00, 0x95, 0x00, 0x00, 0x00, 0x01, 0x00, 0x24, 0x00, 0x00, 0x01, 0xA0, 0x01, 0xF8, 0x00, 0x09,
  0x00, 0x00, 0x73, 0x35, 0x01, 0x21, 0x35, 0x21, 0x15, 0x01, 0x21, 0x15, 0x24, 0x01, 0x17, 0xFE,
  0xEE, 0x01, 0x72, 0xFE, 0xE8, 0x01, 0x1D, 0x45, 0x01, 0x6D, 0x46, 0x45, 0xFE, 0x93, 0x46, 0x00,
  0x00, 0x02, 0x00, 0x31, 0xFF, 0xF4, 0x02, 0x2D, 0x02, 0x04, 0x00, 0x13, 0x00, 0x23, 0x00, 0x00,
  0x45, 0x22, 0x26, 0x26, 0x35, 0x34, 0x36, 0x36, 0x33, 0x32, 0x16, 0x17, 0x37, 0x33, 0x11, 0x23,
  0x27, 0x31, 0x06, 0x06, 0x27, 0x32, 0x36, 0x36, 0x35, 0x34, 0x26, 0x26, 0x23, 0x22, 0x06, 0x06,
  0x15, 0x14, 0x16, 0x16, 0x01, 0x24, 0x49, 0x6E, 0x3C, 0x3C, 0x6F, 0x49, 0x3E, 0x5D, 0x19, 0x06,
  0x4E, 0x4E, 0x05, 0x18, 0x59, 0x3B, 0x32, 0x4C, 0x2A, 0x2A, 0x4C, 0x32, 0x31, 0x4C, 0x2A, 0x2A,
  0x4C, 0x0C, 0x45, 0x78, 0x4C, 0x4C, 0x77, 0x44, 0x32, 0x2D, 0x53, 0xFE, 0x08, 0x52, 0x24, 0x3A,
  0x49, 0x30, 0x55, 0x3A, 0x39, 0x56, 0x30, 0x30, 0x56, 0x39, 0x3A, 0x55, 0x30, 0x00, 0xFF, 0xFF,
  0x00, 0x31, 0xFF, 0xF4, 0x02, 0x2D, 0x02, 0xDC, 0x06, 0x26, 0x00, 0x78, 0x00, 0x00, 0x00, 0x07,
  0x00, 0xFD, 0x00, 0xC3, 0xFF, 0xFE, 0xFF, 0xFF, 0x00, 0x31, 0xFF, 0xF4, 0x02, 0x2D, 0x02, 0xB6,
  0x06, 0x26, 0x00, 0x78, 0x00, 0x00, 0x00, 0x07, 0x00, 0xFE, 0x00, 0xA5, 0xFF, 0xFE, 0xFF, 0xFF,
  0x00, 0x31, 0xFF, 0xF4, 0x02, 0x2D, 0x02, 0x9B, 0x06, 0x26, 0x00, 0x78, 0x00, 0x00, 0x00, 0x07,
  0x00, 0xFA, 0x00, 0xAD, 0xFF, 0xFE, 0xFF, 0xFF, 0x00, 0x31, 0xFF, 0xF4, 0x02, 0x2D, 0x02, 0xDC,
  0x06, 0x26, 0x00, 0x78, 0x00, 0x00, 0x00, 0x07, 0x00, 0xFC, 0x00, 0xC3, 0xFF, 0xFE, 0xFF, 0xFF,
  0x00, 0x31, 0xFF, 0xF4, 0x02, 0x2D, 0x03, 0x05, 0x06, 0x26, 0x00, 0x78, 0x00, 0x00, 0x00, 0x07,
  0x00, 0xFF, 0x00, 0xC5, 0xFF, 0xFE, 0xFF, 0xFF, 0x00, 0x31, 0xFF, 0xF4, 0x02, 0x2D, 0x02, 0x9E,
  0x06, 0x26, 0x00, 0x78, 0x00, 0x00, 0x00, 0x07, 0x01, 0x00, 0x00, 0x97, 0xFF, 0xFE, 0x00, 0x03,
  0x00, 0x31, 0xFF, 0xF4, 0x03, 0xB8, 0x02, 0x04, 0x00, 0x2F, 0x00, 0x3F, 0x00, 0x47, 0x00, 0x00,
  0x45, 0x22, 0x26, 0x26, 0x35, 0x34, 0x36, 0x36, 0x33, 0x32, 0x16, 0x17, 0x37, 0x33, 0x15, 0x36,
  0x36, 0x33, 0x32, 0x16, 0x16, 0x15, 0x14, 0x14, 0x07, 0x21, 0x1E, 0x02, 0x33, 0x32, 0x36, 0x37,
  0x33, 0x0E, 0x02, 0x23, 0x22, 0x26, 0x27, 0x15, 0x23, 0x27, 0x31, 0x0E, 0x02, 0x27, 0x32, 0x36,
  0x36, 0x35, 0x34, 0x26, 0x26, 0x23, 0x22, 0x06, 0x06, 0x15, 0x14, 0x16, 0x16, 0x25, 0x21, 0x26,
  0x26, 0x23, 0x22, 0x06, 0x06, 0x01, 0x25, 0x49, 0x6F, 0x3C, 0x3C, 0x6F, 0x49, 0x3C, 0x5B, 0x1A,
  0x06, 0x4B, 0x1F, 0x57, 0x35, 0x49, 0x67, 0x36, 0x01, 0xFE, 0x77, 0x03, 0x2E, 0x48, 0x27, 0x38,
  0x48, 0x0F, 0x52, 0x0C, 0x3C, 0x5B, 0x3D, 0x33, 0x56, 0x1F, 0x4B, 0x06, 0x17, 0x37, 0x3F, 0x1B,
  0x32, 0x4C, 0x2A, 0x2A, 0x4C, 0x32, 0x31, 0x4C, 0x2A, 0x2A, 0x4C, 0x01, 0x32, 0x01, 0x37, 0x03,
  0x55, 0x40, 0x28, 0x45, 0x2D, 0x0C, 0x45, 0x78, 0x4C, 0x4C, 0x77, 0x44, 0x2F, 0x2A, 0x4D, 0x3A,
  0x21, 0x25, 0x42, 0x6B, 0x40, 0x0A, 0x16, 0x0E, 0x3A, 0x4E, 0x26, 0x35, 0x2E, 0x31, 0x4D, 0x2C,
  0x23, 0x21, 0x38, 0x43, 0x1C, 0x23, 0x10, 0x49, 0x30, 0x55, 0x3A, 0x39, 0x56, 0x30, 0x30, 0x56,
  0x39, 0x3A, 0x55, 0x30, 0xED, 0x45, 0x4E, 0x21, 0x42, 0x00, 0x00, 0x02, 0x00, 0x31, 0xFF, 0x18,
  0x02, 0x3C, 0x02, 0x04, 0x00, 0x27, 0x00, 0x37, 0x00, 0x00, 0x45, 0x22, 0x2E, 0x02, 0x27, 0x33,
  0x1E, 0x02, 0x33, 0x32, 0x36, 0x36, 0x35, 0x35, 0x0E, 0x02, 0x23, 0x22, 0x26, 0x26, 0x35, 0x34,
  0x36, 0x36, 0x33, 0x32, 0x16, 0x16, 0x17, 0x31, 0x37, 0x33, 0x11, 0x14, 0x0E, 0x02, 0x03, 0x32,
  0x36, 0x36, 0x35, 0x34, 0x26, 0x26, 0x23, 0x22, 0x06, 0x06, 0x15, 0x14, 0x16, 0x16, 0x01, 0x3E,
  0x31, 0x55, 0x44, 0x2C, 0x08, 0x53, 0x0B, 0x2F, 0x46, 0x2A, 0x31, 0x4D, 0x2D, 0x10, 0x34, 0x4B,
  0x31, 0x45, 0x70, 0x42, 0x42, 0x71, 0x45, 0x2C, 0x4A, 0x38, 0x11, 0x08, 0x4C, 0x26, 0x43, 0x5D,
  0x41, 0x34, 0x4F, 0x2D, 0x2D, 0x4F, 0x34, 0x31, 0x50, 0x2D, 0x2D, 0x50, 0xE8, 0x19, 0x30, 0x46,
  0x2C, 0x21, 0x34, 0x1D, 0x29, 0x53, 0x3F, 0x48, 0x1C, 0x31, 0x1E, 0x43, 0x77, 0x4C, 0x4D, 0x75,
  0x43, 0x1B, 0x2E, 0x1C, 0x59, 0xFE, 0x25, 0x3E, 0x61, 0x43, 0x23, 0x01, 0x2A, 0x30, 0x55, 0x38,
  0x39, 0x54, 0x2F, 0x2F, 0x54, 0x39, 0x38, 0x55, 0x30, 0x00, 0x00, 0x01, 0x00, 0x3D, 0xFF, 0xF4,
  0x01, 0xF5, 0x01, 0xF8, 0x00, 0x13, 0x00, 0x00, 0x45, 0x22, 0x26, 0x35, 0x11, 0x33, 0x11, 0x14,
  0x16, 0x16, 0x33, 0x32, 0x36, 0x36, 0x35, 0x11, 0x33, 0x11, 0x14, 0x06, 0x01, 0x1A, 0x68, 0x75,
  0x54, 0x1E, 0x3D, 0x2E, 0x2D, 0x3C, 0x1E, 0x54, 0x74, 0x0C, 0x71, 0x72, 0x01, 0x21, 0xFE, 0xE5,
  0x35, 0x48, 0x24, 0x24, 0x48, 0x35, 0x01, 0x1B, 0xFE, 0xDF, 0x72, 0x71, 0xFF, 0xFF, 0x00, 0x3D,
  0xFF, 0xF4, 0x01, 0xF5, 0x02, 0xDF, 0x06, 0x26, 0x00, 0x81, 0x00, 0x00, 0x00, 0x07, 0x00, 0xFD,
  0x00, 0xAF, 0x00, 0x00, 0xFF, 0xFF, 0x00, 0x3D, 0xFF, 0xF4, 0x01, 0xF5, 0x02, 0xB9, 0x06, 0x26,
  0x00, 0x81, 0x00, 0x00, 0x00, 0x07, 0x00, 0xFE, 0x00, 0x91, 0x00, 0x00, 0xFF, 0xFF, 0x00, 0x3D,
  0xFF, 0xF4, 0x01, 0xF5, 0x02, 0x9E, 0x06, 0x26, 0x00, 0x81, 0x00, 0x00, 0x00, 0x07, 0x00, 0xFA,
  0x00, 0x99, 0x00, 0x00, 0xFF, 0xFF, 0x00, 0x3D, 0xFF, 0xF4, 0x01, 0xF5, 0x02, 0xDF, 0x06, 0x26,
  0x00, 0x81, 0x00, 0x00, 0x00, 0x07, 0x00, 0xFC, 0x00, 0xAF, 0x00, 0x00, 0x00, 0x01, 0x00, 0x3C,
  0xFF, 0x18, 0x01, 0xF9, 0x01, 0xF8, 0x00, 0x27, 0x00, 0x00, 0x45, 0x22, 0x2E, 0x02, 0x27, 0x33,
  0x1E, 0x02, 0x33, 0x32, 0x36, 0x36, 0x35, 0x35, 0x31, 0x06, 0x06, 0x23, 0x22, 0x26, 0x26, 0x35,
  0x11, 0x33, 0x11, 0x14, 0x16, 0x33, 0x32, 0x36, 0x36, 0x35, 0x11, 0x33, 0x11, 0x14, 0x06, 0x06,
  0x01, 0x17, 0x2D, 0x4C, 0x39, 0x21, 0x04, 0x52, 0x05, 0x24, 0x39, 0x25, 0x2C, 0x3E, 0x22, 0x18,
  0x59, 0x3C, 0x38, 0x54, 0x30, 0x54, 0x42, 0x3C, 0x2B, 0x44, 0x28, 0x54, 0x37, 0x65, 0xE8, 0x18,
  0x2D, 0x41, 0x2A, 0x23, 0x32, 0x1A, 0x2A, 0x57, 0x43, 0x32, 0x29, 0x32, 0x2F, 0x61, 0x4A, 0x01,
  0x2A, 0xFE, 0xDF, 0x4F, 0x4C, 0x2A, 0x50, 0x39, 0x01, 0x09, 0xFE, 0x25, 0x54, 0x74, 0x3D, 0x00,
  0xFF, 0xFF, 0x00, 0x3C, 0xFF, 0x18, 0x01, 0xF9, 0x02, 0xDF, 0x06, 0x26, 0x00, 0x86, 0x00, 0x00,
  0x00, 0x07, 0x00, 0xFD, 0x00, 0xB8, 0x00, 0x00, 0xFF, 0xFF, 0x00, 0x3C, 0xFF, 0x18, 0x01, 0xF9,
  0x02, 0x9E, 0x06, 0x26, 0x00, 0x86, 0x00, 0x00, 0x00, 0x07, 0x00, 0xFA, 0x00, 0xA1, 0x00, 0x00,
  0x00, 0x02, 0x00, 0x15, 0x00, 0x00, 0x01, 0xF5, 0x02, 0xD0, 0x00, 0x16, 0x00, 0x22, 0x00, 0x00,
  0x73, 0x11, 0x23, 0x35, 0x33, 0x35, 0x34, 0x36, 0x36, 0x33, 0x33, 0x15, 0x23, 0x22, 0x06, 0x15,
  0x15, 0x21, 0x11, 0x23, 0x11, 0x23, 0x11, 0x01, 0x22, 0x26, 0x35, 0x34, 0x36, 0x33, 0x32, 0x16,
  0x15, 0x14, 0x06, 0x62, 0x4D, 0x4D, 0x20, 0x3F, 0x2E, 0x32, 0x25, 0x25, 0x21, 0x01, 0x2E, 0x54,
  0xDA, 0x01, 0x05, 0x18, 0x22, 0x22, 0x18, 0x19, 0x21, 0x21, 0x01, 0xB1, 0x47, 0x4E, 0x30, 0x3D,
  0x1D, 0x48, 0x1E, 0x26, 0x4C, 0xFE, 0x08, 0x01, 0xB1, 0xFE, 0x4F, 0x02, 0x58, 0x21, 0x19, 0x19,
  0x1F, 0x1F, 0x19, 0x19, 0x21, 0x00, 0xFF, 0xFF, 0x00, 0x15, 0x00, 0x00, 0x01, 0xEE, 0x02, 0xD0,
  0x04, 0x26, 0x00, 0x4D, 0x00, 0x00, 0x00, 0x07, 0x00, 0x59, 0x01, 0x54, 0x00, 0x00, 0x00, 0x02,
  0x00, 0x33, 0x01, 0x5B, 0x01, 0xA1, 0x02, 0xC5, 0x00, 0x13, 0x00, 0x20, 0x00, 0x00, 0x53, 0x22,
  0x26, 0x26, 0x35, 0x34, 0x36, 0x36, 0x33, 0x32, 0x16, 0x17, 0x37, 0x33, 0x11, 0x23, 0x27, 0x31,
  0x06, 0x06, 0x27, 0x32, 0x36, 0x36, 0x35, 0x34, 0x26, 0x23, 0x22, 0x06, 0x15, 0x14, 0x16, 0xDA,
  0x30, 0x4C, 0x2B, 0x2B, 0x4B, 0x2F, 0x33, 0x44, 0x0F, 0x07, 0x3C, 0x3C, 0x07, 0x0E, 0x44, 0x22,
  0x21, 0x34, 0x1F, 0x43, 0x31, 0x2F, 0x43, 0x43, 0x01, 0x5B, 0x2E, 0x53, 0x35, 0x36, 0x51, 0x2D,
  0x2B, 0x20, 0x45, 0xFE, 0xA2, 0x45, 0x21, 0x2A, 0x35, 0x1F, 0x39, 0x28, 0x3D, 0x43, 0x43, 0x3C,
  0x3D, 0x44, 0x00, 0x02, 0x00, 0x31, 0x01, 0x5C, 0x01, 0x9A, 0x02, 0xC8, 0x00, 0x0F, 0x00, 0x1F,
  0x00, 0x00, 0x53, 0x22, 0x26, 0x26, 0x35, 0x34, 0x36, 0x36, 0x33, 0x32, 0x16, 0x16, 0x15, 0x14,
  0x06, 0x06, 0x27, 0x32, 0x36, 0x36, 0x35, 0x34, 0x26, 0x26, 0x23, 0x22, 0x06, 0x06, 0x15, 0x14,
  0x16, 0x16, 0xE4, 0x35, 0x51, 0x2D, 0x2E, 0x51, 0x35, 0x36, 0x51, 0x2E, 0x2F, 0x52, 0x35, 0x1F,
  0x33, 0x1F, 0x1F, 0x33, 0x1F, 0x1E, 0x33, 0x1D, 0x1D, 0x32, 0x01, 0x5C, 0x2E, 0x52, 0x36, 0x37,
  0x52, 0x2D, 0x2D, 0x52, 0x37, 0x36, 0x52, 0x2E, 0x37, 0x1D, 0x39, 0x29, 0x2A, 0x39, 0x1E, 0x1E,
  0x39, 0x2A, 0x29, 0x39, 0x1D, 0x00, 0x00, 0x02, 0x00, 0x30, 0xFF, 0xF4, 0x02, 0x7C, 0x02, 0xC8,
  0x00, 0x0F, 0x00, 0x1F, 0x00, 0x00, 0x45, 0x22, 0x26, 0x26, 0x35, 0x34, 0x36, 0x36, 0x33, 0x32,
  0x16, 0x16, 0x15, 0x14, 0x06, 0x06, 0x27, 0x32, 0x36, 0x36, 0x35, 0x34, 0x26, 0x26, 0x23, 0x22,
  0x06, 0x06, 0x15, 0x14, 0x16, 0x16, 0x01, 0x57, 0x5C, 0x85, 0x46, 0x46, 0x85, 0x5C, 0x5C, 0x83,
  0x46, 0x46, 0x83, 0x5D, 0x3C, 0x5E, 0x36, 0x36, 0x5E, 0x3C, 0x3C, 0x5F, 0x35, 0x35, 0x5F, 0x0C,
  0x5B, 0xA3, 0x6C, 0x6C, 0xA3, 0x5B, 0x5B, 0xA3, 0x6C, 0x6C, 0xA3, 0x5B, 0x4A, 0x45, 0x81, 0x5A,
  0x5A, 0x81, 0x44, 0x44, 0x81, 0x5A, 0x5A, 0x81, 0x45, 0x00, 0x00, 0x01, 0x00, 0x20, 0x00, 0x00,
  0x00, 0xED, 0x02, 0xBC, 0x00, 0x06, 0x00, 0x00, 0x73, 0x11, 0x07, 0x35, 0x37, 0x33, 0x11, 0x98,
  0x78, 0x94, 0x39, 0x02, 0x5E, 0x1E, 0x3C, 0x40, 0xFD, 0x44, 0x00, 0x01, 0x00, 0x40, 0x00, 0x00,
  0x02, 0x11, 0x02, 0xC8, 0x00, 0x1F, 0x00, 0x00, 0x73, 0x35, 0x3E, 0x03, 0x35, 0x34, 0x26, 0x26,
  0x23, 0x22, 0x06, 0x06, 0x15, 0x23, 0x3E, 0x02, 0x33, 0x32, 0x16, 0x16, 0x15, 0x14, 0x0E, 0x03,
  0x07, 0x21, 0x15, 0x40, 0x47, 0x81, 0x64, 0x39, 0x1A, 0x39, 0x30, 0x2F, 0x3E, 0x1F, 0x51, 0x01,
  0x39, 0x64, 0x40, 0x3F, 0x60, 0x37, 0x29, 0x44, 0x53, 0x57, 0x26, 0x01, 0x55, 0x3B, 0x38, 0x72,
  0x71, 0x6C, 0x32, 0x25, 0x3F, 0x28, 0x29, 0x43, 0x28, 0x45, 0x63, 0x34, 0x2F, 0x5C, 0x46, 0x31,
  0x62, 0x5D, 0x56, 0x4C, 0x1F, 0x46, 0x00, 0x01, 0x00, 0x33, 0xFF, 0xF4, 0x02, 0x0F, 0x02, 0xC8,
  0x00, 0x31, 0x00, 0x00, 0x45, 0x22, 0x26, 0x26, 0x27, 0x33, 0x1E, 0x02, 0x33, 0x32, 0x36, 0x36,
  0x35, 0x34, 0x26, 0x26, 0x23, 0x23, 0x35, 0x33, 0x32, 0x36, 0x35, 0x34, 0x26, 0x23, 0x22, 0x06,
  0x07, 0x23, 0x3E, 0x02, 0x33, 0x32, 0x16, 0x16, 0x15, 0x14, 0x06, 0x06, 0x07, 0x1E, 0x02, 0x15,
  0x14, 0x06, 0x06, 0x01, 0x25, 0x43, 0x6D, 0x40, 0x02, 0x55, 0x01, 0x25, 0x46, 0x31, 0x31, 0x42,
  0x22, 0x2F, 0x4F, 0x2F, 0x34, 0x34, 0x45, 0x4E, 0x3D, 0x3E, 0x3B, 0x46, 0x05, 0x55, 0x03, 0x38,
  0x60, 0x41, 0x44, 0x5C, 0x2F, 0x1A, 0x34, 0x28, 0x29, 0x41, 0x26, 0x35, 0x68, 0x0C, 0x31, 0x62,
  0x49, 0x28, 0x43, 0x28, 0x26, 0x3F, 0x27, 0x31, 0x3D, 0x1D, 0x47, 0x40, 0x38, 0x2E, 0x3E, 0x44,
  0x35, 0x39, 0x58, 0x31, 0x30, 0x50, 0x30, 0x24, 0x3F, 0x30, 0x0A, 0x08, 0x2E, 0x4B, 0x31, 0x39,
  0x61, 0x3B, 0x00, 0x02, 0x00, 0x25, 0x00, 0x00, 0x02, 0x43, 0x02, 0xBC, 0x00, 0x0A, 0x00, 0x0E,
  0x00, 0x00, 0x61, 0x35, 0x21, 0x35, 0x01, 0x33, 0x11, 0x33, 0x15, 0x23, 0x15, 0x25, 0x21, 0x11,
  0x31, 0x01, 0x88, 0xFE, 0x9D, 0x01, 0x54, 0x62, 0x68, 0x68, 0xFE, 0xA7, 0x01, 0x0A, 0x96, 0x41,
  0x01, 0xE5, 0xFE, 0x24, 0x4A, 0x96, 0xE0, 0x01, 0x7F, 0x00, 0x00, 0x01, 0x00, 0x41, 0xFF, 0xF4,
  0x02, 0x29, 0x02, 0xBC, 0x00, 0x25, 0x00, 0x00, 0x45, 0x22, 0x26, 0x26, 0x27, 0x33, 0x16, 0x16,
  0x33, 0x32, 0x36, 0x36, 0x35, 0x34, 0x26, 0x26, 0x23, 0x22, 0x06, 0x07, 0x23, 0x13, 0x21, 0x15,
  0x21, 0x07, 0x36, 0x36, 0x33, 0x32, 0x1E, 0x02, 0x15, 0x14, 0x0E, 0x02, 0x01, 0x37, 0x48, 0x69,
  0x3D, 0x08, 0x52, 0x0C, 0x56, 0x43, 0x32, 0x47, 0x27, 0x28, 0x46, 0x2F, 0x39, 0x50, 0x14, 0x51,
  0x3A, 0x01, 0x72, 0xFE, 0xCF, 0x27, 0x19, 0x53, 0x37, 0x34, 0x54, 0x3C, 0x21, 0x21, 0x3E, 0x5A,
  0x0C, 0x34, 0x5A, 0x38, 0x38, 0x46, 0x2E, 0x50, 0x31, 0x33, 0x4E, 0x2B, 0x32, 0x27, 0x01, 0x7E,
  0x49, 0xD7, 0x1D, 0x25, 0x24, 0x42, 0x58, 0x34, 0x33, 0x59, 0x45, 0x27, 0x00, 0x02, 0x00, 0x37,
  0xFF, 0xF4, 0x02, 0x35, 0x02, 0xC8, 0x00, 0x23, 0x00, 0x33, 0x00, 0x00, 0x45, 0x22, 0x2E, 0x02,
  0x35, 0x34, 0x36, 0x36, 0x33, 0x32, 0x16, 0x16, 0x17, 0x23, 0x26, 0x26, 0x23, 0x22, 0x06, 0x06,
  0x07, 0x14, 0x14, 0x15, 0x3E, 0x02, 0x33, 0x32, 0x16, 0x16, 0x15, 0x14, 0x06, 0x06, 0x27, 0x32,
  0x36, 0x36, 0x35, 0x34, 0x26, 0x26, 0x23, 0x22, 0x06, 0x06, 0x15, 0x14, 0x16, 0x16, 0x01, 0x46,
  0x4C, 0x68, 0x3E, 0x1D, 0x40, 0x79, 0x55, 0x42, 0x5F, 0x38, 0x06, 0x4E, 0x0A, 0x4D, 0x3B, 0x34,
  0x54, 0x31, 0x04, 0x10, 0x39, 0x50, 0x31, 0x3B, 0x68, 0x41, 0x39, 0x6C, 0x50, 0x2E, 0x49, 0x29,
  0x29, 0x49, 0x2E, 0x2E, 0x4A, 0x2B, 0x2B, 0x4A, 0x0C, 0x39, 0x5F, 0x78, 0x3E, 0x74, 0xAF, 0x63,
  0x33, 0x56, 0x35, 0x38, 0x3D, 0x41, 0x85, 0x67, 0x01, 0x04, 0x02, 0x1F, 0x36, 0x20, 0x38, 0x65,
  0x44, 0x3B, 0x6C, 0x44, 0x4A, 0x29, 0x47, 0x2D, 0x2F, 0x46, 0x27, 0x2A, 0x47, 0x2C, 0x2D, 0x47,
  0x28, 0x00, 0x00, 0x01, 0x00, 0x1B, 0x00, 0x00, 0x01, 0xF1, 0x02, 0xBC, 0x00, 0x06, 0x00, 0x00,
  0x73, 0x01, 0x21, 0x35, 0x21, 0x15, 0x01, 0x8A, 0x01, 0x11, 0xFE, 0x80, 0x01, 0xD6, 0xFE, 0xF2,
  0x02, 0x74, 0x48, 0x3F, 0xFD, 0x83, 0x00, 0x03, 0x00, 0x40, 0xFF, 0xF4, 0x02, 0x20, 0x02, 0xC8,
  0x00, 0x1D, 0x00, 0x29, 0x00, 0x35, 0x00, 0x00, 0x45, 0x22, 0x26, 0x26, 0x35, 0x34, 0x36, 0x36,
  0x37, 0x26, 0x26, 0x35, 0x34, 0x36, 0x36, 0x33, 0x32, 0x16, 0x16, 0x15, 0x14, 0x06, 0x07, 0x1E,
  0x02, 0x15, 0x14, 0x06, 0x06, 0x27, 0x32, 0x36, 0x35, 0x34, 0x26, 0x23, 0x22, 0x06, 0x15, 0x14,
  0x16, 0x13, 0x32, 0x36, 0x35, 0x34, 0x26, 0x23, 0x22, 0x06, 0x15, 0x14, 0x16, 0x01, 0x30, 0x44,
  0x6C, 0x40, 0x22, 0x3D, 0x28, 0x38, 0x3D, 0x36, 0x63, 0x45, 0x46, 0x63, 0x35, 0x3D, 0x38, 0x29,
  0x3D, 0x21, 0x3F, 0x6D, 0x44, 0x4F, 0x4D, 0x55, 0x47, 0x47, 0x55, 0x4E, 0x4E, 0x3F, 0x4A, 0x49,
  0x40, 0x3F, 0x49, 0x49, 0x0C, 0x33, 0x5B, 0x3C, 0x2B, 0x4A, 0x37, 0x0B, 0x14, 0x54, 0x31, 0x34,
  0x54, 0x32, 0x32, 0x54, 0x34, 0x31, 0x54, 0x14, 0x0B, 0x37, 0x4A, 0x2B, 0x3C, 0x5B, 0x33, 0x4A,
  0x49, 0x3C, 0x44, 0x46, 0x46, 0x44, 0x3C, 0x49, 0x01, 0x55, 0x42, 0x34, 0x3B, 0x3C, 0x3C, 0x3B,
  0x34, 0x42, 0x00, 0x02, 0x00, 0x3F, 0xFF, 0xF4, 0x02, 0x3D, 0x02, 0xC8, 0x00, 0x23, 0x00, 0x33,
  0x00, 0x00, 0x45, 0x22, 0x26, 0x26, 0x27, 0x33, 0x16, 0x16, 0x33, 0x32, 0x36, 0x36, 0x37, 0x34,
  0x34, 0x35, 0x0E, 0x02, 0x23, 0x22, 0x26, 0x26, 0x35, 0x34, 0x36, 0x36, 0x33, 0x32, 0x1E, 0x02,
  0x15, 0x14, 0x06, 0x06, 0x03, 0x32, 0x36, 0x36, 0x35, 0x34, 0x26, 0x26, 0x23, 0x22, 0x06, 0x06,
  0x15, 0x14, 0x16, 0x16, 0x01, 0x2F, 0x42, 0x5E, 0x37, 0x06, 0x4E, 0x0A, 0x4C, 0x3A, 0x35, 0x52,
  0x33, 0x03, 0x0F, 0x3A, 0x4F, 0x31, 0x3B, 0x69, 0x41, 0x3A, 0x6C, 0x4A, 0x4B, 0x68, 0x3F, 0x1C,
  0x3F, 0x79, 0x50, 0x2E, 0x4A, 0x2B, 0x2B, 0x4A, 0x2E, 0x2E, 0x49, 0x2A, 0x2A, 0x49, 0x0C, 0x33,
  0x57, 0x34, 0x38, 0x3D, 0x40, 0x83, 0x65, 0x03, 0x06, 0x03, 0x1F, 0x36, 0x20, 0x38, 0x65, 0x44,
  0x3B, 0x6C, 0x44, 0x39, 0x5F, 0x78, 0x3E, 0x73, 0xB0, 0x63, 0x01, 0x51, 0x2A, 0x48, 0x2B, 0x2E,
  0x46, 0x28, 0x29, 0x46, 0x2E, 0x2F, 0x46, 0x27, 0x00, 0x02, 0x00, 0x1E, 0x00, 0x00, 0x01, 0x43,
  0x02, 0xBC, 0x00, 0x06, 0x00, 0x0A, 0x00, 0x00, 0x73, 0x11, 0x07, 0x35, 0x37, 0x33, 0x11, 0x27,
  0x21, 0x15, 0x21, 0x8F, 0x71, 0x8D, 0x39, 0xB4, 0x01, 0x13, 0xFE, 0xED, 0x02, 0x5E, 0x19, 0x3A,
  0x3D, 0xFD, 0x44, 0x46, 0x46, 0x00, 0x00, 0x01, 0x00, 0x34, 0xFF, 0xFB, 0x02, 0x19, 0x02, 0xBC,
  0x00, 0x1F, 0x00, 0x00, 0x45, 0x22, 0x26, 0x26, 0x27, 0x33, 0x16, 0x16, 0x33, 0x32, 0x36, 0x35,
  0x34, 0x26, 0x23, 0x23, 0x35, 0x37, 0x17, 0x21, 0x35, 0x21, 0x15, 0x07, 0x27, 0x33, 0x32, 0x16,
  0x15, 0x14, 0x06, 0x06, 0x01, 0x29, 0x43, 0x6A, 0x41, 0x07, 0x53, 0x08, 0x51, 0x4A, 0x49, 0x54,
  0x53, 0x49, 0x64, 0xE5, 0x21, 0xFE, 0x94, 0x01, 0x99, 0xEA, 0x2F, 0x4E, 0x6E, 0x7C, 0x3A, 0x6C,
  0x05, 0x30, 0x5F, 0x46, 0x3D, 0x52, 0x51, 0x46, 0x48, 0x51, 0x3B, 0xE3, 0x1A, 0x47, 0x40, 0xE6,
  0x1B, 0x72, 0x68, 0x43, 0x63, 0x36, 0x00, 0x01, 0x00, 0x2F, 0x00, 0x00, 0x02, 0x39, 0x02, 0xBC,
  0x00, 0x0E, 0x00, 0x00, 0x61, 0x35, 0x21, 0x35, 0x01, 0x33, 0x01, 0x33, 0x35, 0x37, 0x15, 0x33,
  0x15, 0x23, 0x15, 0x01, 0x7E, 0xFE, 0xB1, 0x01, 0x24, 0x5F, 0xFE, 0xDA, 0xF6, 0x4F, 0x68, 0x68,
  0xA5, 0x41, 0x01, 0xD6, 0xFE, 0x33, 0xAB, 0x13, 0xBE, 0x4A, 0xA5, 0x00, 0x00, 0x02, 0x00, 0x31,
  0xFF, 0xF4, 0x02, 0x20, 0x02, 0xBC, 0x00, 0x15, 0x00, 0x23, 0x00, 0x00, 0x45, 0x22, 0x26, 0x26,
  0x35, 0x34, 0x36, 0x37, 0x13, 0x33, 0x03, 0x27, 0x36, 0x36, 0x33, 0x32, 0x16, 0x16, 0x15, 0x14,
  0x06, 0x06, 0x27, 0x32, 0x36, 0x35, 0x34, 0x26, 0x26, 0x23, 0x22, 0x06, 0x06, 0x15, 0x14, 0x16,
  0x01, 0x29, 0x4B, 0x70, 0x3D, 0x23, 0x26, 0xAE, 0x63, 0xC0, 0x02, 0x19, 0x35, 0x1D, 0x47, 0x6A,
  0x3B, 0x3F, 0x6F, 0x49, 0x4B, 0x58, 0x28, 0x49, 0x32, 0x31, 0x4A, 0x28, 0x59, 0x0C, 0x41, 0x6E,
  0x45, 0x35, 0x65, 0x37, 0x01, 0x03, 0xFE, 0xE7, 0x19, 0x0B, 0x0D, 0x3B, 0x6A, 0x47, 0x48, 0x6E,
  0x3E, 0x4D, 0x5B, 0x4B, 0x32, 0x4B, 0x2A, 0x2A, 0x4A, 0x32, 0x4C, 0x5B, 0x00, 0x02, 0x00, 0x31,
  0x00, 0x00, 0x02, 0x20, 0x02, 0xC8, 0x00, 0x15, 0x00, 0x23, 0x00, 0x00, 0x73, 0x13, 0x17, 0x06,
  0x06, 0x23, 0x22, 0x26, 0x26, 0x35, 0x34, 0x36, 0x36, 0x33, 0x32, 0x16, 0x16, 0x15, 0x14, 0x06,
  0x07, 0x03, 0x03, 0x32, 0x36, 0x36, 0x35, 0x34, 0x26, 0x23, 0x22, 0x06, 0x15, 0x14, 0x16, 0x16,
  0xC6, 0xC0, 0x02, 0x19, 0x35, 0x1D, 0x46, 0x6B, 0x3B, 0x3F, 0x6F, 0x48, 0x4C, 0x70, 0x3D, 0x23,
  0x26, 0xAE, 0x02, 0x32, 0x4A, 0x28, 0x59, 0x4B, 0x4A, 0x58, 0x28, 0x49, 0x01, 0x19, 0x19, 0x0A,
  0x0E, 0x3B, 0x6B, 0x46, 0x48, 0x6E, 0x3E, 0x40, 0x6F, 0x45, 0x35, 0x64, 0x38, 0xFE, 0xFD, 0x01,
  0x2E, 0x2A, 0x4B, 0x31, 0x4C, 0x5B, 0x5B, 0x4B, 0x32, 0x4B, 0x2A, 0x00, 0xFF, 0xFF, 0x00, 0x1C,
  0x00, 0x00, 0x00, 0xA2, 0x01, 0x60, 0x06, 0x07, 0x00, 0xA8, 0x00, 0x00, 0xFE, 0xA0, 0xFF, 0xFF,
  0x00, 0x21, 0x00, 0x00, 0x01, 0x22, 0x01, 0x66, 0x06, 0x07, 0x00, 0xA9, 0x00, 0x00, 0xFE, 0xA0,
  0xFF, 0xFF, 0x00, 0x1A, 0xFF, 0xFB, 0x01, 0x28, 0x01, 0x66, 0x06, 0x07, 0x00, 0xAA, 0x00, 0x00,
  0xFE, 0xA0, 0xFF, 0xFF, 0x00, 0x15, 0x00, 0x00, 0x01, 0x31, 0x01, 0x5C, 0x06, 0x07, 0x00, 0xAB,
  0x00, 0x00, 0xFE, 0xA0, 0xFF, 0xFF, 0x00, 0x1C, 0x01, 0x60, 0x00, 0xA2, 0x02, 0xC0, 0x06, 0x06,
  0x00, 0xA8, 0x00, 0x00, 0xFF, 0xFF, 0x00, 0x21, 0x01, 0x60, 0x01, 0x22, 0x02, 0xC6, 0x06, 0x06,
  0x00, 0xA9, 0x00, 0x00, 0xFF, 0xFF, 0x00, 0x1A, 0x01, 0x5B, 0x01, 0x28, 0x02, 0xC6, 0x06, 0x06,
  0x00, 0xAA, 0x00, 0x00, 0xFF, 0xFF, 0x00, 0x15, 0x01, 0x60, 0x01, 0x31, 0x02, 0xBC, 0x06, 0x06,
  0x00, 0xAB, 0x00, 0x00, 0x00, 0x01, 0xFF, 0xE8, 0x00, 0x00, 0x01, 0xD4, 0x02, 0xBC, 0x00, 0x03,
  0x00, 0x00, 0x63, 0x01, 0x33, 0x01, 0x18, 0x01, 0x97, 0x55, 0xFE, 0x68, 0x02, 0xBC, 0xFD, 0x44,
  0xFF, 0xFF, 0x00, 0x1C, 0x00, 0x00, 0x02, 0xC1, 0x02, 0xC0, 0x04, 0x26, 0x00, 0xA8, 0x00, 0x00,
  0x00, 0x26, 0x00, 0xA4, 0x68, 0x00, 0x00, 0x07, 0x00, 0xA9, 0x01, 0x9F, 0xFE, 0xA0, 0xFF, 0xFF,
  0x00, 0x1C, 0x00, 0x00, 0x02, 0xB2, 0x02, 0xC0, 0x04, 0x26, 0x00, 0xA8, 0x00, 0x00, 0x00, 0x26,
  0x00, 0xA4, 0x68, 0x00, 0x00, 0x07, 0x00, 0xAB, 0x01, 0x81, 0xFE, 0xA0, 0xFF, 0xFF, 0x00, 0x1A,
  0x00, 0x00, 0x03, 0x1C, 0x02, 0xC6, 0x04, 0x26, 0x00, 0xAA, 0x00, 0x00, 0x00, 0x27, 0x00, 0xA4,
  0x00, 0xD2, 0x00, 0x00, 0x00, 0x07, 0x00, 0xAB, 0x01, 0xEB, 0xFE, 0xA0, 0x00, 0x01, 0x00, 0x1C,
  0x01, 0x60, 0x00, 0xA2, 0x02, 0xC0, 0x00, 0x06, 0x00, 0x00, 0x53, 0x11, 0x07, 0x35, 0x37, 0x33,
  0x11, 0x5F, 0x43, 0x5A, 0x2C, 0x01, 0x60, 0x01, 0x1E, 0x12, 0x2A, 0x2A, 0xFE, 0xA0, 0x00, 0x01,
  0x00, 0x21, 0x01, 0x60, 0x01, 0x22, 0x02, 0xC6, 0x00, 0x19, 0x00, 0x00, 0x53, 0x35, 0x37, 0x36,
  0x36, 0x35, 0x34, 0x26, 0x23, 0x22, 0x06, 0x07, 0x23, 0x36, 0x36, 0x33, 0x32, 0x16, 0x16, 0x15,
  0x14, 0x06, 0x07, 0x07, 0x33, 0x15, 0x23, 0x70, 0x1D, 0x27, 0x20, 0x17, 0x1A, 0x1E, 0x04, 0x43,
  0x03, 0x42, 0x3E, 0x26, 0x37, 0x1D, 0x31, 0x2F, 0x51, 0xB5, 0x01, 0x60, 0x30, 0x5C, 0x18, 0x32,
  0x22, 0x1D, 0x1E, 0x1F, 0x1C, 0x2E, 0x40, 0x1D, 0x30, 0x1E, 0x29, 0x3D, 0x23, 0x3C, 0x36, 0x00,
  0x00, 0x01, 0x00, 0x1A, 0x01, 0x5B, 0x01, 0x28, 0x02, 0xC6, 0x00, 0x2B, 0x00, 0x00, 0x53, 0x22,
  0x26, 0x27, 0x33, 0x1E, 0x02, 0x33, 0x32, 0x36, 0x35, 0x34, 0x26, 0x23, 0x23, 0x35, 0x33, 0x32,
  0x36, 0x35, 0x34, 0x26, 0x23, 0x22, 0x06, 0x07, 0x23, 0x3E, 0x02, 0x33, 0x32, 0x16, 0x15, 0x14,
  0x06, 0x07, 0x15, 0x16, 0x16, 0x15, 0x14, 0x06, 0xA1, 0x3D, 0x45, 0x05, 0x43, 0x03, 0x12, 0x1D,
  0x11, 0x1E, 0x23, 0x27, 0x1D, 0x2E, 0x2D, 0x1D, 0x25, 0x22, 0x1D, 0x1C, 0x21, 0x05, 0x3F, 0x03,
  0x21, 0x3A, 0x29, 0x36, 0x4A, 0x23, 0x1E, 0x1D, 0x27, 0x48, 0x01, 0x5B, 0x37, 0x34, 0x15, 0x19,
  0x0A, 0x1D, 0x19, 0x1B, 0x1D, 0x29, 0x1C, 0x1B, 0x19, 0x1D, 0x19, 0x16, 0x1C, 0x2D, 0x1A, 0x3A,
  0x2C, 0x1F, 0x28, 0x08, 0x02, 0x09, 0x29, 0x21, 0x28, 0x39, 0x00, 0x02, 0x00, 0x15, 0x01, 0x60,
  0x01, 0x31, 0x02, 0xBC, 0x00, 0x0A, 0x00, 0x0E, 0x00, 0x00, 0x53, 0x35, 0x23, 0x35, 0x37, 0x33,
  0x15, 0x33, 0x15, 0x23, 0x15, 0x27, 0x33, 0x35, 0x31, 0xC1, 0xAC, 0xA4, 0x4A, 0x2E, 0x2E, 0xA8,
  0x6B, 0x01, 0x60, 0x42, 0x32, 0xE8, 0xE4, 0x36, 0x42, 0x78, 0x9C, 0x00, 0x00, 0x01, 0x00, 0x2A,
  0xFF, 0xFB, 0x00, 0x9D, 0x00, 0x6D, 0x00, 0x0B, 0x00, 0x00, 0x57, 0x22, 0x26, 0x35, 0x34, 0x36,
  0x33, 0x32, 0x16, 0x15, 0x14, 0x06, 0x64, 0x19, 0x21, 0x21, 0x19, 0x19, 0x20, 0x20, 0x05, 0x21,
  0x18, 0x18, 0x21, 0x21, 0x18, 0x18, 0x21, 0x00, 0x00, 0x01, 0x00, 0x04, 0xFF, 0x85, 0x00, 0x95,
  0x00, 0x62, 0x00, 0x03, 0x00, 0x00, 0x57, 0x37, 0x33, 0x07, 0x04, 0x3A, 0x57, 0x57, 0x7B, 0xDD,
  0xDD, 0x00, 0xFF, 0xFF, 0x00, 0x2A, 0xFF, 0xFB, 0x00, 0x9D, 0x02, 0x04, 0x04, 0x26, 0x00, 0xAE,
  0x00, 0x00, 0x00, 0x07, 0x00, 0xAE, 0x00, 0x00, 0x01, 0x97, 0xFF, 0xFF, 0x00, 0x19, 0xFF, 0x85,
  0x00, 0xB6, 0x02, 0x04, 0x04, 0x27, 0x00, 0xAE, 0x00, 0x19, 0x01, 0x97, 0x00, 0x06, 0x00, 0xAF,
  0x14, 0x00, 0x00, 0x02, 0x00, 0x44, 0xFF, 0xFB, 0x00, 0xB6, 0x02, 0xBC, 0x00, 0x03, 0x00, 0x0F,
  0x00, 0x00, 0x77, 0x03, 0x33, 0x03, 0x07, 0x22, 0x26, 0x35, 0x34, 0x36, 0x33, 0x32, 0x16, 0x15,
  0x14, 0x06, 0x5A, 0x0A, 0x5B, 0x0A, 0x24, 0x18, 0x21, 0x21, 0x18, 0x1A, 0x1F, 0x1F, 0xC7, 0x01,
  0xF5, 0xFE, 0x0B, 0xCC, 0x21, 0x18, 0x18, 0x21, 0x21, 0x18, 0x18, 0x21, 0x00, 0x02, 0x00, 0x44,
  0xFF, 0x43, 0x00, 0xB6, 0x02, 0x04, 0x00, 0x03, 0x00, 0x0F, 0x00, 0x00, 0x53, 0x33, 0x13, 0x23,
  0x13, 0x32, 0x16, 0x15, 0x14, 0x06, 0x23, 0x22, 0x26, 0x35, 0x34, 0x36, 0x5A, 0x47, 0x0A, 0x5B,
  0x2D, 0x1A, 0x1F, 0x1F, 0x1A, 0x18, 0x21, 0x21, 0x01, 0x37, 0xFE, 0x0C, 0x02, 0xC1, 0x21, 0x18,
  0x18, 0x21, 0x21, 0x18, 0x18, 0x21, 0x00, 0x02, 0x00, 0x23, 0xFF, 0xFB, 0x01, 0xDF, 0x02, 0xC8,
  0x00, 0x1D, 0x00, 0x29, 0x00, 0x00, 0x77, 0x27, 0x33, 0x32, 0x3E, 0x02, 0x35, 0x34, 0x26, 0x26,
  0x23, 0x22, 0x06, 0x06, 0x15, 0x23, 0x34, 0x36, 0x36, 0x33, 0x32, 0x16, 0x16, 0x15, 0x14, 0x06,
  0x06, 0x23, 0x07, 0x07, 0x22, 0x26, 0x35, 0x34, 0x36, 0x33, 0x32, 0x16, 0x15, 0x14, 0x06, 0x9E,
  0x04, 0x1F, 0x2A, 0x4D, 0x3B, 0x23, 0x24, 0x40, 0x2A, 0x2A, 0x40, 0x23, 0x50, 0x38, 0x64, 0x41,
  0x41, 0x65, 0x39, 0x3F, 0x6E, 0x48, 0x03, 0x25, 0x19, 0x21, 0x21, 0x19, 0x19, 0x20, 0x20, 0xC9,
  0x9C, 0x0B, 0x1F, 0x3C, 0x30, 0x2A, 0x3C, 0x20, 0x20, 0x39, 0x28, 0x3C, 0x5A, 0x32, 0x32, 0x5C,
  0x3F, 0x4A, 0x5C, 0x2A, 0x62, 0xCE, 0x21, 0x18, 0x18, 0x21, 0x21, 0x18, 0x18, 0x21, 0x00, 0x02,
  0x00, 0x2D, 0xFF, 0x37, 0x01, 0xE9, 0x02, 0x04, 0x00, 0x1D, 0x00, 0x29, 0x00, 0x00, 0x41, 0x17,
  0x23, 0x22, 0x0E, 0x02, 0x15, 0x14, 0x16, 0x16, 0x33, 0x32, 0x36, 0x36, 0x35, 0x33, 0x14, 0x06,
  0x06, 0x23, 0x22, 0x26, 0x26, 0x35, 0x34, 0x36, 0x36, 0x33, 0x37, 0x37, 0x32, 0x16, 0x15, 0x14,
  0x06, 0x23, 0x22, 0x26, 0x35, 0x34, 0x36, 0x01, 0x6E, 0x04, 0x1F, 0x2A, 0x4D, 0x3B, 0x23, 0x24,
  0x40, 0x2A, 0x2B, 0x3F, 0x23, 0x50, 0x39, 0x63, 0x41, 0x41, 0x65, 0x39, 0x3F, 0x6F, 0x47, 0x02,
  0x26, 0x18, 0x22, 0x22, 0x18, 0x19, 0x20, 0x20, 0x01, 0x35, 0x9B, 0x0B, 0x20, 0x3B, 0x30, 0x29,
  0x3D, 0x20, 0x20, 0x3A, 0x27, 0x3C, 0x5A, 0x32, 0x32, 0x5C, 0x3F, 0x4A, 0x5C, 0x2A, 0x61, 0xCF,
  0x21, 0x18, 0x18, 0x21, 0x21, 0x18, 0x18, 0x21, 0x00, 0x01, 0x00, 0x2A, 0x01, 0x1D, 0x00, 0x9D,
  0x01, 0x8F, 0x00, 0x0B, 0x00, 0x00, 0x53, 0x22, 0x26, 0x35, 0x34, 0x36, 0x33, 0x32, 0x16, 0x15,
  0x14, 0x06, 0x64, 0x19, 0x21, 0x21, 0x19, 0x19, 0x20, 0x20, 0x01, 0x1D, 0x21, 0x18, 0x19, 0x20,
  0x20, 0x19, 0x18, 0x21, 0x00, 0x01, 0x00, 0x3E, 0x01, 0x68, 0x01, 0xA3, 0x02, 0xDD, 0x00, 0x11,
  0x00, 0x00, 0x53, 0x37, 0x07, 0x27, 0x37, 0x27, 0x37, 0x17, 0x27, 0x33, 0x07, 0x37, 0x17, 0x07,
  0x17, 0x07, 0x27, 0x17, 0xD1, 0x0C, 0x7C, 0x23, 0x8B, 0x8A, 0x21, 0x7E, 0x0E, 0x44, 0x0F, 0x7D,
  0x20, 0x8A, 0x8B, 0x21, 0x7D, 0x0E, 0x01, 0x68, 0x99, 0x57, 0x3D, 0x3D, 0x3C, 0x3B, 0x57, 0x99,
  0x99, 0x57, 0x3A, 0x3E, 0x3D, 0x3B, 0x56, 0x99, 0x00, 0x04, 0x00, 0x2E, 0x00, 0x00, 0x02, 0xF5,
  0x02, 0xC2, 0x00, 0x03, 0x00, 0x07, 0x00, 0x0B, 0x00, 0x0F, 0x00, 0x00, 0x61, 0x13, 0x33, 0x03,
  0x21, 0x13, 0x33, 0x03, 0x27, 0x35, 0x21, 0x15, 0x25, 0x35, 0x21, 0x15, 0x01, 0xB2, 0x94, 0x4F,
  0x93, 0xFE, 0x8E, 0x94, 0x50, 0x94, 0xB2, 0x02, 0x9C, 0xFD, 0x8D, 0x02, 0x9E, 0x02, 0xC2, 0xFD,
  0x3E, 0x02, 0xC2, 0xFD, 0x3E, 0xC5, 0x4B, 0x4B, 0xEE, 0x4A, 0x4A, 0x00, 0x00, 0x01, 0x00, 0x1C,
  0xFF, 0xA1, 0x01, 0x6A, 0x02, 0xFC, 0x00, 0x03, 0x00, 0x00, 0x57, 0x13, 0x33, 0x03, 0x1C, 0xFB,
  0x53, 0xFB, 0x5F, 0x03, 0x5B, 0xFC, 0xA5, 0x00, 0x00, 0x01, 0x00, 0x1C, 0xFF, 0xA1, 0x01, 0x6A,
  0x02, 0xFC, 0x00, 0x03, 0x00, 0x00, 0x45, 0x23, 0x03, 0x33, 0x01, 0x6A, 0x53, 0xFB, 0x53, 0x5F,
  0x03, 0x5B, 0x00, 0x01, 0x00, 0x22, 0xFF, 0x9E, 0x00, 0x85, 0x00, 0x65, 0x00, 0x0D, 0x00, 0x00,
  0x57, 0x35, 0x32, 0x36, 0x35, 0x35, 0x23, 0x35, 0x33, 0x16, 0x16, 0x15, 0x14, 0x06, 0x23, 0x1A,
  0x15, 0x30, 0x58, 0x06, 0x05, 0x33, 0x62, 0x27, 0x1B, 0x1B, 0x18, 0x52, 0x19, 0x2E, 0x13, 0x39,
  0x34, 0x00, 0xFF, 0xFF, 0x00, 0x23, 0xFF, 0x9E, 0x00, 0x96, 0x02, 0x04, 0x04, 0x27, 0x00, 0xAE,
  0xFF, 0xF9, 0x01, 0x97, 0x00, 0x06, 0x00, 0xBB, 0x09, 0x00, 0xFF, 0xFF, 0x00, 0x48, 0x01, 0x04,
  0x01, 0xD4, 0x01, 0x4B, 0x04, 0x06, 0x00, 0xDA, 0xFB, 0x00, 0x00, 0x01, 0x00, 0x48, 0xFF, 0x8D,
  0x02, 0x4C, 0xFF, 0xDC, 0x00, 0x03, 0x00, 0x00, 0x57, 0x35, 0x21, 0x15, 0x48, 0x02, 0x04, 0x73,
  0x4F, 0x4F, 0x00, 0x01, 0x00, 0x30, 0xFF, 0x6F, 0x01, 0x4F, 0x03, 0x2B, 0x00, 0x13, 0x00, 0x00,
  0x57, 0x2E, 0x02, 0x35, 0x34, 0x36, 0x36, 0x37, 0x33, 0x15, 0x0E, 0x02, 0x15, 0x14, 0x16, 0x16,
  0x17, 0x15, 0xF9, 0x36, 0x5C, 0x37, 0x37, 0x5C, 0x36, 0x56, 0x3D, 0x5B, 0x33, 0x33, 0x5C, 0x3C,
  0x91, 0x34, 0x8F, 0xB2, 0x69, 0x69, 0xB2, 0x90, 0x33, 0x08, 0x3C, 0x94, 0xA9, 0x5D, 0x5D, 0xA9,
  0x94, 0x3C, 0x08, 0x00, 0x00, 0x01, 0x00, 0x26, 0xFF, 0x6F, 0x01, 0x45, 0x03, 0x2B, 0x00, 0x13,
  0x00, 0x00, 0x57, 0x23, 0x35, 0x3E, 0x02, 0x35, 0x34, 0x26, 0x26, 0x27, 0x35, 0x33, 0x1E, 0x02,
  0x15, 0x14, 0x06, 0x06, 0x7C, 0x56, 0x3D, 0x5B, 0x33, 0x33, 0x5B, 0x3D, 0x56, 0x37, 0x5B, 0x37,
  0x37, 0x5B, 0x91, 0x08, 0x3C, 0x94, 0xA9, 0x5D, 0x5D, 0xA9, 0x94, 0x3C, 0x08, 0x33, 0x90, 0xB2,
  0x69, 0x69, 0xB2, 0x8F, 0x00, 0x01, 0x00, 0x54, 0xFF, 0x68, 0x01, 0x77, 0x03, 0x2B, 0x00, 0x31,
  0x00, 0x00, 0x45, 0x22, 0x26, 0x35, 0x34, 0x36, 0x36, 0x35, 0x34, 0x26, 0x26, 0x27, 0x35, 0x3E,
  0x02, 0x35, 0x34, 0x26, 0x26, 0x35, 0x34, 0x36, 0x33, 0x33, 0x15, 0x23, 0x22, 0x06, 0x15, 0x14,
  0x16, 0x16, 0x15, 0x14, 0x06, 0x07, 0x15, 0x16, 0x16, 0x15, 0x14, 0x06, 0x06, 0x15, 0x14, 0x16,
  0x33, 0x33, 0x15, 0x01, 0x41, 0x44, 0x54, 0x0B, 0x0B, 0x12, 0x2E, 0x2B, 0x2B, 0x2E, 0x12, 0x0B,
  0x0B, 0x54, 0x44, 0x36, 0x27, 0x29, 0x2C, 0x0B, 0x0A, 0x34, 0x3B, 0x3B, 0x34, 0x0A, 0x0B, 0x2C,
  0x29, 0x27, 0x98, 0x4B, 0x4B, 0x22, 0x37, 0x3B, 0x26, 0x19, 0x2D, 0x22, 0x08, 0x44, 0x08, 0x21,
  0x2E, 0x19, 0x27, 0x39, 0x37, 0x22, 0x4C, 0x4A, 0x48, 0x27, 0x2E, 0x1D, 0x35, 0x3B, 0x28, 0x34,
  0x4D, 0x0D, 0x02, 0x0D, 0x4D, 0x35, 0x27, 0x3B, 0x35, 0x1E, 0x2E, 0x27, 0x48, 0x00, 0x00, 0x01,
  0x00, 0x34, 0xFF, 0x68, 0x01, 0x57, 0x03, 0x2B, 0x00, 0x31, 0x00, 0x00, 0x57, 0x23, 0x35, 0x33,
  0x32, 0x36, 0x35, 0x34, 0x26, 0x26, 0x35, 0x34, 0x36, 0x37, 0x35, 0x26, 0x26, 0x35, 0x34, 0x36,
  0x36, 0x35, 0x34, 0x26, 0x23, 0x23, 0x35, 0x33, 0x32, 0x16, 0x15, 0x14, 0x06, 0x06, 0x15, 0x14,
  0x16, 0x16, 0x17, 0x15, 0x0E, 0x02, 0x15, 0x14, 0x16, 0x16, 0x15, 0x14, 0x06, 0x6A, 0x36, 0x27,
  0x29, 0x2C, 0x0A, 0x0B, 0x35, 0x3A, 0x3A, 0x35, 0x0B, 0x0A, 0x2C, 0x29, 0x27, 0x36, 0x44, 0x54,
  0x0B, 0x0B, 0x13, 0x2E, 0x2A, 0x2A, 0x2E, 0x13, 0x0B, 0x0B, 0x54, 0x98, 0x48, 0x27, 0x2E, 0x1E,
  0x35, 0x3B, 0x27, 0x35, 0x4D, 0x0D, 0x02, 0x0D, 0x4D, 0x34, 0x28, 0x3B, 0x35, 0x1D, 0x2E, 0x27,
  0x48, 0x4A, 0x4C, 0x22, 0x37, 0x39, 0x27, 0x19, 0x2E, 0x21, 0x08, 0x44, 0x08, 0x22, 0x2D, 0x19,
  0x26, 0x3B, 0x37, 0x22, 0x4B, 0x4B, 0x00, 0x01, 0x00, 0x4B, 0xFF, 0x69, 0x00, 0xFE, 0x03, 0x2B,
  0x00, 0x07, 0x00, 0x00, 0x57, 0x11, 0x33, 0x15, 0x23, 0x11, 0x33, 0x15, 0x4B, 0xB3, 0x64, 0x64,
  0x97, 0x03, 0xC2, 0x45, 0xFC, 0xC9, 0x46, 0x00, 0x00, 0x01, 0x00, 0x3C, 0xFF, 0x69, 0x00, 0xEF,
  0x03, 0x2B, 0x00, 0x07, 0x00, 0x00, 0x57, 0x23, 0x35, 0x33, 0x11, 0x23, 0x35, 0x33, 0xEF, 0xB3,
  0x64, 0x64, 0xB3, 0x97, 0x46, 0x03, 0x37, 0x45, 0x00, 0x02, 0x00, 0x2C, 0x00, 0x78, 0x01, 0x92,
  0x01, 0xD6, 0x00, 0x05, 0x00, 0x0B, 0x00, 0x00, 0x65, 0x27, 0x37, 0x33, 0x07, 0x17, 0x21, 0x27,
  0x37, 0x33, 0x07, 0x17, 0x01, 0x3F, 0x61, 0x61, 0x53, 0x64, 0x64, 0xFE, 0xFB, 0x61, 0x61, 0x53,
  0x64, 0x64, 0x78, 0xAF, 0xAF, 0xAF, 0xAF, 0xAF, 0xAF, 0xAF, 0xAF, 0x00, 0x00, 0x02, 0x00, 0x32,
  0x00, 0x78, 0x01, 0x98, 0x01, 0xD6, 0x00, 0x05, 0x00, 0x0B, 0x00, 0x00, 0x77, 0x23, 0x37, 0x27,
  0x33, 0x17, 0x17, 0x23, 0x37, 0x27, 0x33, 0x17, 0x85, 0x53, 0x64, 0x64, 0x53, 0x61, 0x51, 0x53,
  0x64, 0x64, 0x53, 0x61, 0x78, 0xAF, 0xAF, 0xAF, 0xAF, 0xAF, 0xAF, 0xAF, 0x00, 0x02, 0x00, 0x26,
  0x02, 0x27, 0x00, 0xFD, 0x02, 0xF3, 0x00, 0x03, 0x00, 0x07, 0x00, 0x00, 0x53, 0x27, 0x33, 0x07,
  0x23, 0x27, 0x33, 0x07, 0xB9, 0x0C, 0x50, 0x0A, 0xC2, 0x0B, 0x50, 0x0B, 0x02, 0x27, 0xCC, 0xCC,
  0xCC, 0xCC, 0x00, 0x01, 0x00, 0x26, 0x02, 0x27, 0x00, 0x79, 0x02, 0xF3, 0x00, 0x03, 0x00, 0x00,
  0x53, 0x27, 0x33, 0x07, 0x33, 0x0D, 0x53, 0x0C, 0x02, 0x27, 0xCC, 0xCC, 0x00, 0x03, 0x00, 0x14,
  0xFF, 0xF4, 0x02, 0xE8, 0x02, 0xC8, 0x00, 0x13, 0x00, 0x22, 0x00, 0x31, 0x00, 0x00, 0x45, 0x32,
  0x3E, 0x02, 0x35, 0x34, 0x2E, 0x02, 0x23, 0x22, 0x0E, 0x02, 0x15, 0x14, 0x1E, 0x02, 0x13, 0x15,
  0x22, 0x06, 0x15, 0x15, 0x33, 0x15, 0x23, 0x26, 0x26, 0x35, 0x34, 0x36, 0x36, 0x33, 0x15, 0x22,
  0x06, 0x15, 0x15, 0x33, 0x15, 0x23, 0x26, 0x26, 0x35, 0x34, 0x36, 0x36, 0x01, 0x7E, 0x4B, 0x83,
  0x64, 0x38, 0x38, 0x64, 0x83, 0x4B, 0x4B, 0x83, 0x64, 0x38, 0x38, 0x64, 0x83, 0x37, 0x22, 0x1B,
  0x3F, 0x73, 0x07, 0x07, 0x1D, 0x38, 0xD2, 0x21, 0x1C, 0x3F, 0x72, 0x08, 0x07, 0x1E, 0x39, 0x0C,
  0x38, 0x64, 0x83, 0x4B, 0x4B, 0x83, 0x64, 0x38, 0x38, 0x64, 0x83, 0x4B, 0x4B, 0x83, 0x64, 0x38,
  0x01, 0xEF, 0x33, 0x23, 0x23, 0x1F, 0x6B, 0x22, 0x3B, 0x18, 0x32, 0x3E, 0x1E, 0x33, 0x23, 0x23,
  0x1F, 0x6B, 0x22, 0x3B, 0x18, 0x32, 0x3E, 0x1E, 0x00, 0x03, 0x00, 0x14, 0xFF, 0xF4, 0x02, 0xE8,
  0x02, 0xC8, 0x00, 0x13, 0x00, 0x22, 0x00, 0x31, 0x00, 0x00, 0x41, 0x22, 0x0E, 0x02, 0x15, 0x14,
  0x1E, 0x02, 0x33, 0x32, 0x3E, 0x02, 0x35, 0x34, 0x2E, 0x02, 0x03, 0x35, 0x32, 0x36, 0x35, 0x35,
  0x23, 0x35, 0x33, 0x16, 0x16, 0x15, 0x14, 0x06, 0x06, 0x23, 0x35, 0x32, 0x36, 0x35, 0x35, 0x23,
  0x35, 0x33, 0x16, 0x16, 0x15, 0x14, 0x06, 0x06, 0x01, 0x7E, 0x4B, 0x83, 0x64, 0x38, 0x38, 0x64,
  0x83, 0x4B, 0x4B, 0x83, 0x64, 0x38, 0x38, 0x64, 0x83, 0x37, 0x22, 0x1B, 0x3F, 0x73, 0x08, 0x06,
  0x1D, 0x39, 0xD1, 0x21, 0x1C, 0x3F, 0x73, 0x08, 0x06, 0x1E, 0x38, 0x02, 0xC8, 0x38, 0x64, 0x83,
  0x4B, 0x4B, 0x83, 0x64, 0x38, 0x38, 0x64, 0x83, 0x4B, 0x4B, 0x83, 0x64, 0x38, 0xFE, 0x11, 0x33,
  0x23, 0x23, 0x1F, 0x6B, 0x22, 0x3B, 0x18, 0x31, 0x3F, 0x1E, 0x33, 0x23, 0x23, 0x1F, 0x6B, 0x22,
  0x3B, 0x18, 0x31, 0x3F, 0x1E, 0x00, 0x00, 0x02, 0x00, 0x4C, 0xFF, 0x39, 0x03, 0xA1, 0x02, 0x80,
  0x00, 0x44, 0x00, 0x54, 0x00, 0x00, 0x45, 0x22, 0x26, 0x26, 0x35, 0x34, 0x3E, 0x02, 0x33, 0x32,
  0x16, 0x16, 0x15, 0x14, 0x0E, 0x02, 0x23, 0x22, 0x26, 0x37, 0x37, 0x17, 0x06, 0x06, 0x23, 0x22,
  0x26, 0x35, 0x34, 0x3E, 0x02, 0x33, 0x32, 0x16, 0x17, 0x07, 0x37, 0x33, 0x03, 0x06, 0x16, 0x33,
  0x32, 0x3E, 0x02, 0x35, 0x34, 0x26, 0x26, 0x23, 0x22, 0x0E, 0x02, 0x15, 0x14, 0x16, 0x16, 0x33,
  0x32, 0x36, 0x37, 0x17, 0x06, 0x06, 0x03, 0x32, 0x36, 0x36, 0x37, 0x36, 0x26, 0x26, 0x23, 0x22,
  0x0E, 0x02, 0x15, 0x14, 0x16, 0x01, 0xAE, 0x69, 0xA0, 0x59, 0x47, 0x82, 0xB4, 0x6D, 0x6E, 0xA3,
  0x5A, 0x1B, 0x36, 0x4E, 0x33, 0x3C, 0x35, 0x07, 0x03, 0x11, 0x19, 0x6C, 0x40, 0x4B, 0x54, 0x22,
  0x3F, 0x57, 0x36, 0x3D, 0x48, 0x06, 0x14, 0x17, 0x47, 0x32, 0x07, 0x17, 0x25, 0x20, 0x31, 0x21,
  0x10, 0x4A, 0x89, 0x5E, 0x5B, 0x97, 0x6E, 0x3C, 0x49, 0x88, 0x5D, 0x2B, 0x55, 0x25, 0x0E, 0x2D,
  0x62, 0x16, 0x2B, 0x46, 0x2E, 0x05, 0x05, 0x16, 0x32, 0x28, 0x27, 0x3C, 0x2A, 0x16, 0x36, 0xC7,
  0x53, 0x99, 0x68, 0x6A, 0xB5, 0x88, 0x4C, 0x55, 0x98, 0x64, 0x3A, 0x6E, 0x58, 0x35, 0x4A, 0x3A,
  0x22, 0x1E, 0x3F, 0x49, 0x5C, 0x4F, 0x37, 0x64, 0x4F, 0x2E, 0x41, 0x3F, 0x0D, 0x82, 0xFE, 0xE1,
  0x2A, 0x35, 0x2E, 0x4A, 0x56, 0x29, 0x59, 0x7D, 0x44, 0x42, 0x77, 0x9D, 0x5B, 0x5C, 0x80, 0x43,
  0x11, 0x11, 0x39, 0x13, 0x12, 0x01, 0x01, 0x2E, 0x51, 0x36, 0x27, 0x40, 0x27, 0x23, 0x3A, 0x48,
  0x26, 0x36, 0x42, 0x00, 0x00, 0x02, 0x00, 0x2A, 0xFF, 0xF4, 0x02, 0xC5, 0x02, 0xC8, 0x00, 0x17,
  0x00, 0x38, 0x00, 0x00, 0x61, 0x01, 0x26, 0x26, 0x35, 0x34, 0x36, 0x36, 0x33, 0x32, 0x16, 0x16,
  0x07, 0x23, 0x34, 0x26, 0x23, 0x22, 0x06, 0x15, 0x14, 0x16, 0x17, 0x01, 0x05, 0x22, 0x26, 0x26,
  0x35, 0x34, 0x36, 0x36, 0x37, 0x37, 0x17, 0x07, 0x06, 0x06, 0x15, 0x14, 0x16, 0x16, 0x33, 0x32,
  0x36, 0x37, 0x36, 0x36, 0x37, 0x37, 0x33, 0x07, 0x06, 0x06, 0x07, 0x06, 0x06, 0x02, 0x5B, 0xFE,
  0x83, 0x2E, 0x28, 0x2C, 0x51, 0x39, 0x37, 0x51, 0x2C, 0x01, 0x53, 0x39, 0x27, 0x2E, 0x35, 0x24,
  0x22, 0x01, 0xA4, 0xFE, 0x52, 0x47, 0x6B, 0x3B, 0x29, 0x52, 0x3B, 0x20, 0x2C, 0x26, 0x45, 0x43,
  0x27, 0x46, 0x2E, 0x3B, 0x5B, 0x2F, 0x15, 0x2C, 0x19, 0x1F, 0x59, 0x2D, 0x1B, 0x35, 0x1B, 0x39,
  0x7B, 0x01, 0x84, 0x2E, 0x4C, 0x2E, 0x2D, 0x47, 0x28, 0x29, 0x48, 0x2F, 0x2D, 0x2F, 0x31, 0x26,
  0x20, 0x3E, 0x25, 0xFE, 0x56, 0x0C, 0x35, 0x60, 0x41, 0x32, 0x55, 0x41, 0x14, 0x0B, 0x37, 0x0D,
  0x19, 0x50, 0x37, 0x29, 0x42, 0x26, 0x33, 0x3A, 0x1A, 0x45, 0x2B, 0x37, 0x50, 0x32, 0x52, 0x20,
  0x45, 0x3D, 0x00, 0x01, 0x00, 0x25, 0xFF, 0x9C, 0x02, 0x01, 0x02, 0xBC, 0x00, 0x10, 0x00, 0x00,
  0x45, 0x11, 0x23, 0x22, 0x26, 0x26, 0x35, 0x34, 0x36, 0x36, 0x33, 0x33, 0x11, 0x23, 0x11, 0x23,
  0x11, 0x01, 0x1B, 0x0A, 0x51, 0x69, 0x32, 0x33, 0x69, 0x50, 0xF0, 0x4A, 0x52, 0x64, 0x01, 0x8B,
  0x35, 0x5C, 0x39, 0x3A, 0x5B, 0x36, 0xFC, 0xE0, 0x02, 0xDE, 0xFD, 0x22, 0x00, 0x02, 0x00, 0x2D,
  0xFF, 0x18, 0x02, 0x1C, 0x02, 0xC8, 0x00, 0x3D, 0x00, 0x54, 0x00, 0x00, 0x45, 0x22, 0x26, 0x26,
  0x27, 0x33, 0x14, 0x16, 0x16, 0x33, 0x16, 0x36, 0x35, 0x34, 0x2E, 0x02, 0x27, 0x2E, 0x02, 0x35,
  0x34, 0x36, 0x37, 0x26, 0x26, 0x35, 0x34, 0x36, 0x36, 0x33, 0x32, 0x16, 0x16, 0x15, 0x23, 0x34,
  0x26, 0x26, 0x23, 0x26, 0x06, 0x15, 0x14, 0x1E, 0x02, 0x17, 0x1E, 0x02, 0x15, 0x14, 0x06, 0x07,
  0x16, 0x16, 0x15, 0x16, 0x06, 0x06, 0x13, 0x36, 0x36, 0x35, 0x34, 0x2E, 0x02, 0x27, 0x26, 0x26,
  0x27, 0x06, 0x06, 0x15, 0x14, 0x1E, 0x03, 0x17, 0x16, 0x16, 0x01, 0x22, 0x42, 0x64, 0x37, 0x01,
  0x58, 0x1E, 0x3D, 0x2E, 0x39, 0x49, 0x1D, 0x37, 0x4A, 0x2D, 0x32, 0x50, 0x2D, 0x1C, 0x1C, 0x0D,
  0x0E, 0x36, 0x63, 0x44, 0x43, 0x63, 0x38, 0x58, 0x1E, 0x3D, 0x2E, 0x39, 0x49, 0x1D, 0x37, 0x4A,
  0x2D, 0x33, 0x4F, 0x2D, 0x1C, 0x1D, 0x0E, 0x0D, 0x01, 0x36, 0x63, 0x41, 0x0F, 0x0F, 0x22, 0x3C,
  0x4D, 0x2B, 0x17, 0x26, 0x10, 0x0F, 0x0F, 0x16, 0x28, 0x36, 0x40, 0x22, 0x17, 0x26, 0xE8, 0x32,
  0x58, 0x38, 0x1D, 0x38, 0x25, 0x01, 0x3C, 0x35, 0x22, 0x2A, 0x1C, 0x18, 0x0F, 0x11, 0x31, 0x4C,
  0x3A, 0x25, 0x44, 0x1C, 0x13, 0x2D, 0x1C, 0x39, 0x56, 0x31, 0x32, 0x57, 0x39, 0x1D, 0x38, 0x25,
  0x01, 0x3C, 0x35, 0x22, 0x2A, 0x1C, 0x18, 0x0F, 0x11, 0x31, 0x4C, 0x3A, 0x25, 0x45, 0x1B, 0x13,
  0x2D, 0x1C, 0x38, 0x57, 0x31, 0x01, 0x50, 0x0F, 0x27, 0x16, 0x29, 0x32, 0x1F, 0x19, 0x0F, 0x08,
  0x11, 0x09, 0x0F, 0x26, 0x17, 0x20, 0x2C, 0x1F, 0x17, 0x14, 0x0C, 0x07, 0x12, 0x00, 0x00, 0x03,
  0x00, 0x33, 0xFF, 0xFC, 0x02, 0xE7, 0x02, 0xC0, 0x00, 0x0F, 0x00, 0x2D, 0x00, 0x3D, 0x00, 0x00,
  0x45, 0x22, 0x26, 0x26, 0x35, 0x34, 0x36, 0x36, 0x33, 0x32, 0x16, 0x16, 0x15, 0x14, 0x06, 0x06,
  0x27, 0x22, 0x26, 0x26, 0x35, 0x34, 0x36, 0x36, 0x33, 0x32, 0x16, 0x17, 0x23, 0x26, 0x26, 0x23,
  0x22, 0x06, 0x06, 0x15, 0x14, 0x16, 0x16, 0x33, 0x32, 0x36, 0x37, 0x33, 0x06, 0x06, 0x07, 0x32,
  0x36, 0x36, 0x35, 0x34, 0x26, 0x26, 0x23, 0x22, 0x06, 0x06, 0x15, 0x14, 0x16, 0x16, 0x01, 0x8D,
  0x67, 0x9C, 0x57, 0x57, 0x9C, 0x67, 0x67, 0x9B, 0x58, 0x58, 0x9B, 0x67, 0x3B, 0x63, 0x3B, 0x3B,
  0x63, 0x3B, 0x4A, 0x70, 0x13, 0x4D, 0x0E, 0x46, 0x2D, 0x27, 0x40, 0x27, 0x27, 0x40, 0x27, 0x2F,
  0x43, 0x0F, 0x4D, 0x13, 0x70, 0x4A, 0x5F, 0x89, 0x4B, 0x4B, 0x89, 0x5F, 0x5E, 0x8A, 0x4B, 0x4B,
  0x8A, 0x04, 0x5B, 0xA0, 0x67, 0x68, 0xA0, 0x5A, 0x5A, 0xA0, 0x68, 0x67, 0xA0, 0x5B, 0x7B, 0x37,
  0x68, 0x49, 0x49, 0x68, 0x37, 0x4F, 0x4A, 0x2D, 0x2F, 0x27, 0x4C, 0x39, 0x38, 0x4D, 0x26, 0x2F,
  0x2C, 0x46, 0x51, 0x56, 0x51, 0x8F, 0x5D, 0x5F, 0x8F, 0x50, 0x50, 0x8F, 0x5F, 0x5D, 0x8F, 0x51,
  0x00, 0x05, 0x00, 0x34, 0x01, 0x33, 0x01, 0xC4, 0x02, 0xC8, 0x00, 0x0F, 0x00, 0x13, 0x00, 0x23,
  0x00, 0x2E, 0x00, 0x37, 0x00, 0x00, 0x53, 0x22, 0x26, 0x26, 0x35, 0x34, 0x36, 0x36, 0x33, 0x32,
  0x16, 0x16, 0x15, 0x14, 0x06, 0x06, 0x27, 0x27, 0x33, 0x17, 0x07, 0x32, 0x36, 0x36, 0x35, 0x34,
  0x26, 0x26, 0x23, 0x22, 0x06, 0x06, 0x15, 0x14, 0x16, 0x16, 0x27, 0x35, 0x33, 0x32, 0x16, 0x15,
  0x14, 0x06, 0x23, 0x23, 0x15, 0x35, 0x33, 0x32, 0x36, 0x35, 0x34, 0x26, 0x23, 0x23, 0xFD, 0x3B,
  0x5B, 0x33, 0x33, 0x5B, 0x3B, 0x3A, 0x5A, 0x33, 0x33, 0x5A, 0x12, 0x3E, 0x33, 0x43, 0x60, 0x31,
  0x47, 0x28, 0x28, 0x47, 0x31, 0x31, 0x49, 0x28, 0x28, 0x49, 0x1F, 0x5F, 0x22, 0x27, 0x27, 0x22,
  0x30, 0x2C, 0x0D, 0x11, 0x11, 0x0D, 0x2C, 0x01, 0x33, 0x34, 0x5C, 0x3A, 0x3B, 0x5B, 0x35, 0x35,
  0x5B, 0x3B, 0x3A, 0x5C, 0x34, 0x60, 0x63, 0x63, 0x3C, 0x2B, 0x4B, 0x30, 0x31, 0x4A, 0x2B, 0x2B,
  0x4A, 0x31, 0x30, 0x4B, 0x2B, 0x3C, 0xD7, 0x23, 0x1F, 0x1E, 0x23, 0x54, 0x7A, 0x0C, 0x0E, 0x0E,
  0x0B, 0x00, 0x00, 0x02, 0x00, 0x27, 0x01, 0xBC, 0x01, 0x2F, 0x02, 0xC8, 0x00, 0x0F, 0x00, 0x1B,
  0x00, 0x00, 0x53, 0x22, 0x26, 0x26, 0x35, 0x34, 0x36, 0x36, 0x33, 0x32, 0x16, 0x16, 0x15, 0x14,
  0x06, 0x06, 0x27, 0x32, 0x36, 0x35, 0x34, 0x26, 0x23, 0x22, 0x06, 0x15, 0x14, 0x16, 0xAB, 0x24,
  0x3C, 0x24, 0x25, 0x3C, 0x24, 0x24, 0x3B, 0x24, 0x24, 0x3C, 0x24, 0x18, 0x2B, 0x2A, 0x18, 0x19,
  0x2A, 0x29, 0x01, 0xBC, 0x21, 0x3C, 0x28, 0x2A, 0x3C, 0x21, 0x21, 0x3C, 0x2A, 0x28, 0x3C, 0x21,
  0x3E, 0x24, 0x24, 0x24, 0x24, 0x24, 0x24, 0x24, 0x24, 0x00, 0x00, 0x01, 0x00, 0x4B, 0xFF, 0x9C,
  0x00, 0x9F, 0x02, 0xD0, 0x00, 0x03, 0x00, 0x00, 0x57, 0x11, 0x33, 0x11, 0x4B, 0x54, 0x64, 0x03,
  0x34, 0xFC, 0xCC, 0x00, 0x00, 0x02, 0x00, 0x4B, 0xFF, 0x9C, 0x00, 0x9F, 0x02, 0xD0, 0x00, 0x03,
  0x00, 0x07, 0x00, 0x00, 0x53, 0x11, 0x33, 0x11, 0x03, 0x11, 0x33, 0x11, 0x4B, 0x54, 0x54, 0x54,
  0x01, 0x83, 0x01, 0x4D, 0xFE, 0xB3, 0xFE, 0x19, 0x01, 0x4D, 0xFE, 0xB3, 0x00, 0x03, 0x00, 0x31,
  0xFF, 0x98, 0x02, 0x0B, 0x02, 0x60, 0x00, 0x03, 0x00, 0x07, 0x00, 0x27, 0x00, 0x00, 0x45, 0x35,
  0x33, 0x15, 0x03, 0x35, 0x33, 0x15, 0x03, 0x22, 0x26, 0x26, 0x35, 0x34, 0x36, 0x36, 0x33, 0x32,
  0x16, 0x17, 0x23, 0x26, 0x26, 0x23, 0x22, 0x06, 0x06, 0x15, 0x14, 0x1E, 0x02, 0x33, 0x32, 0x36,
  0x36, 0x37, 0x33, 0x06, 0x06, 0x01, 0x02, 0x51, 0x51, 0x51, 0x2A, 0x47, 0x71, 0x40, 0x40, 0x71,
  0x47, 0x5A, 0x78, 0x10, 0x56, 0x0A, 0x4E, 0x35, 0x2B, 0x4A, 0x2C, 0x1A, 0x2C, 0x3B, 0x20, 0x24,
  0x3A, 0x28, 0x07, 0x56, 0x10, 0x79, 0x68, 0x90, 0x90, 0x02, 0x38, 0x90, 0x90, 0xFE, 0x24, 0x42,
  0x77, 0x4E, 0x50, 0x76, 0x43, 0x5D, 0x4E, 0x2F, 0x34, 0x2B, 0x56, 0x3F, 0x2F, 0x49, 0x30, 0x19,
  0x17, 0x2E, 0x1F, 0x4C, 0x5F, 0x00, 0x00, 0x06, 0x00, 0x41, 0x00, 0x5B, 0x01, 0xD4, 0x01, 0xF9,
  0x00, 0x0F, 0x00, 0x13, 0x00, 0x17, 0x00, 0x27, 0x00, 0x2B, 0x00, 0x2F, 0x00, 0x00, 0x65, 0x22,
  0x26, 0x26, 0x35, 0x34, 0x36, 0x36, 0x33, 0x32, 0x16, 0x16, 0x15, 0x14, 0x06, 0x06, 0x07, 0x27,
  0x37, 0x17, 0x17, 0x27, 0x37, 0x17, 0x27, 0x32, 0x36, 0x36, 0x35, 0x34, 0x26, 0x26, 0x23, 0x22,
  0x06, 0x06, 0x15, 0x14, 0x16, 0x16, 0x27, 0x27, 0x37, 0x17, 0x17, 0x27, 0x37, 0x17, 0x01, 0x0A,
  0x33, 0x4E, 0x2D, 0x2E, 0x4F, 0x32, 0x31, 0x4F, 0x2E, 0x2F, 0x4F, 0xD3, 0x27, 0x53, 0x29, 0xF0,
  0x4F, 0x26, 0x50, 0xCA, 0x17, 0x2C, 0x1D, 0x1D, 0x2C, 0x17, 0x18, 0x2C, 0x1B, 0x1B, 0x2C, 0x5F,
  0x52, 0x27, 0x52, 0xC5, 0x23, 0x51, 0x27, 0x79, 0x2B, 0x4F, 0x36, 0x36, 0x4F, 0x2B, 0x2B, 0x4F,
  0x36, 0x36, 0x4F, 0x2B, 0x1E, 0x28, 0x53, 0x26, 0x55, 0x50, 0x28, 0x50, 0x37, 0x17, 0x31, 0x27,
  0x28, 0x31, 0x17, 0x17, 0x31, 0x28, 0x27, 0x31, 0x17, 0xC6, 0x51, 0x28, 0x52, 0x2B, 0x2A, 0x53,
  0x28, 0x00, 0x00, 0x02, 0x00, 0x2D, 0xFF, 0xA9, 0x02, 0x16, 0x03, 0x17, 0x00, 0x03, 0x00, 0x36,
  0x00, 0x00, 0x57, 0x11, 0x33, 0x11, 0x27, 0x22, 0x26, 0x26, 0x35, 0x33, 0x14, 0x16, 0x16, 0x33,
  0x32, 0x36, 0x36, 0x35, 0x34, 0x2E, 0x02, 0x27, 0x26, 0x26, 0x35, 0x34, 0x36, 0x36, 0x33, 0x32,
  0x16, 0x16, 0x15, 0x23, 0x34, 0x26, 0x26, 0x23, 0x26, 0x06, 0x06, 0x15, 0x14, 0x1E, 0x02, 0x17,
  0x1E, 0x02, 0x15, 0x14, 0x06, 0x06, 0xFF, 0x45, 0x1A, 0x4D, 0x72, 0x3E, 0x58, 0x26, 0x49, 0x36,
  0x2F, 0x43, 0x23, 0x23, 0x3C, 0x4F, 0x2B, 0x53, 0x4E, 0x35, 0x63, 0x44, 0x43, 0x63, 0x38, 0x58,
  0x1E, 0x3D, 0x2E, 0x26, 0x3B, 0x21, 0x1D, 0x37, 0x4A, 0x2D, 0x33, 0x4F, 0x2D, 0x35, 0x68, 0x57,
  0x03, 0x6E, 0xFC, 0x92, 0x4B, 0x38, 0x64, 0x42, 0x29, 0x45, 0x29, 0x1F, 0x36, 0x22, 0x29, 0x33,
  0x20, 0x19, 0x0E, 0x1C, 0x54, 0x43, 0x39, 0x56, 0x31, 0x32, 0x57, 0x39, 0x1D, 0x38, 0x25, 0x01,
  0x1B, 0x32, 0x24, 0x22, 0x2A, 0x1D, 0x18, 0x0F, 0x11, 0x31, 0x4C, 0x3B, 0x32, 0x59, 0x38, 0x00,
  0x00, 0x02, 0x00, 0x2E, 0x00, 0x00, 0x02, 0x1E, 0x02, 0xC8, 0x00, 0x24, 0x00, 0x28, 0x00, 0x00,
  0x73, 0x35, 0x3E, 0x02, 0x35, 0x34, 0x2E, 0x02, 0x35, 0x34, 0x36, 0x36, 0x33, 0x32, 0x16, 0x16,
  0x17, 0x23, 0x26, 0x26, 0x23, 0x22, 0x06, 0x06, 0x15, 0x14, 0x1E, 0x02, 0x15, 0x14, 0x06, 0x07,
  0x21, 0x15, 0x01, 0x35, 0x21, 0x15, 0x58, 0x19, 0x25, 0x15, 0x12, 0x19, 0x12, 0x36, 0x60, 0x3F,
  0x47, 0x5D, 0x32, 0x03, 0x4D, 0x03, 0x47, 0x42, 0x23, 0x3D, 0x25, 0x12, 0x18, 0x12, 0x23, 0x26,
  0x01, 0x6D, 0xFE, 0x10, 0x01, 0x6F, 0x37, 0x1C, 0x33, 0x3F, 0x2B, 0x22, 0x3D, 0x3D, 0x45, 0x2A,
  0x3E, 0x5C, 0x33, 0x38, 0x5D, 0x38, 0x3A, 0x4D, 0x1D, 0x3D, 0x31, 0x23, 0x41, 0x40, 0x40, 0x21,
  0x31, 0x55, 0x26, 0x46, 0x01, 0x36, 0x3B, 0x3B, 0x00, 0x04, 0x00, 0x1F, 0x00, 0x00, 0x02, 0x3A,
  0x02, 0xBC, 0x00, 0x03, 0x00, 0x07, 0x00, 0x0B, 0x00, 0x15, 0x00, 0x00, 0x77, 0x35, 0x21, 0x15,
  0x25, 0x23, 0x35, 0x33, 0x17, 0x37, 0x33, 0x15, 0x01, 0x11, 0x03, 0x33, 0x13, 0x23, 0x13, 0x33,
  0x03, 0x11, 0x3B, 0x01, 0xE4, 0xFE, 0xF1, 0xD5, 0xCB, 0x52, 0x0A, 0xBD, 0xFE, 0xE4, 0xE4, 0x5F,
  0xBC, 0x19, 0xBB, 0x5E, 0xE3, 0xAA, 0x3D, 0x3D, 0x9A, 0x3C, 0x3C, 0x3C, 0x3C, 0xFE, 0xBC, 0x01,
  0x0A, 0x01, 0xB2, 0xFE, 0x85, 0x01, 0x7B, 0xFE, 0x4E, 0xFE, 0xF6, 0x00, 0x00, 0x02, 0x00, 0x2E,
  0x00, 0x48, 0x01, 0xF7, 0x01, 0xFC, 0x00, 0x03, 0x00, 0x07, 0x00, 0x00, 0x77, 0x11, 0x33, 0x11,
  0x25, 0x35, 0x21, 0x15, 0xED, 0x4B, 0xFE, 0xF6, 0x01, 0xC9, 0x48, 0x01, 0xB4, 0xFE, 0x4C, 0xB7,
  0x47, 0x47, 0x00, 0x01, 0x00, 0x4D, 0x01, 0x04, 0x01, 0xD9, 0x01, 0x4B, 0x00, 0x03, 0x00, 0x00,
  0x53, 0x35, 0x21, 0x15, 0x4D, 0x01, 0x8C, 0x01, 0x04, 0x47, 0x47, 0x00, 0x00, 0x01, 0x00, 0x5A,
  0x00, 0x6A, 0x01, 0xCB, 0x01, 0xDC, 0x00, 0x0B, 0x00, 0x00, 0x77, 0x27, 0x37, 0x27, 0x37, 0x17,
  0x37, 0x17, 0x07, 0x17, 0x07, 0x27, 0x8C, 0x32, 0x86, 0x80, 0x33, 0x80, 0x86, 0x32, 0x86, 0x81,
  0x33, 0x81, 0x6A, 0x32, 0x87, 0x81, 0x32, 0x81, 0x87, 0x32, 0x87, 0x80, 0x32, 0x80, 0x00, 0x03,
  0x00, 0x4C, 0x00, 0x59, 0x01, 0xDA, 0x01, 0xED, 0x00, 0x03, 0x00, 0x0F, 0x00, 0x1B, 0x00, 0x00,
  0x77, 0x35, 0x21, 0x15, 0x07, 0x22, 0x26, 0x35, 0x34, 0x36, 0x33, 0x32, 0x16, 0x15, 0x14, 0x06,
  0x03, 0x22, 0x26, 0x35, 0x34, 0x36, 0x33, 0x32, 0x16, 0x15, 0x14, 0x06, 0x4C, 0x01, 0x8E, 0xC6,
  0x19, 0x21, 0x21, 0x19, 0x19, 0x20, 0x20, 0x19, 0x19, 0x21, 0x21, 0x19, 0x19, 0x20, 0x20, 0xFF,
  0x47, 0x47, 0xA6, 0x21, 0x18, 0x18, 0x21, 0x21, 0x18, 0x18, 0x21, 0x01, 0x22, 0x21, 0x18, 0x18,
  0x21, 0x21, 0x18, 0x18, 0x21, 0x00, 0x00, 0x02, 0x00, 0x4B, 0x00, 0x97, 0x01, 0xDA, 0x01, 0xAF,
  0x00, 0x03, 0x00, 0x07, 0x00, 0x00, 0x53, 0x35, 0x21, 0x15, 0x05, 0x35, 0x21, 0x15, 0x4B, 0x01,
  0x8F, 0xFE, 0x71, 0x01, 0x8F, 0x01, 0x67, 0x48, 0x48, 0xD0, 0x48, 0x48, 0x00, 0x01, 0x00, 0x63,
  0x00, 0x2B, 0x01, 0xC2, 0x01, 0xF8, 0x00, 0x06, 0x00, 0x00, 0x77, 0x37, 0x27, 0x33, 0x17, 0x31,
  0x07, 0x63, 0xF5, 0xF5, 0x6B, 0xF4, 0xF4, 0x2B, 0xE6, 0xE7, 0xE7, 0xE6, 0x00, 0x01, 0x00, 0x64,
  0x00, 0x2B, 0x01, 0xC3, 0x01, 0xF8, 0x00, 0x06, 0x00, 0x00, 0x65, 0x23, 0x27, 0x31, 0x37, 0x33,
  0x07, 0x01, 0xC3, 0x6B, 0xF4, 0xF4, 0x6B, 0xF5, 0x2B, 0xE6, 0xE7, 0xE7, 0x00, 0x03, 0x00, 0x25,
  0x00, 0x00, 0x02, 0x00, 0x01, 0xDE, 0x00, 0x03, 0x00, 0x07, 0x00, 0x0B, 0x00, 0x00, 0x73, 0x35,
  0x21, 0x15, 0x25, 0x11, 0x33, 0x11, 0x25, 0x35, 0x21, 0x15, 0x25, 0x01, 0xDB, 0xFE, 0xED, 0x4B,
  0xFE, 0xED, 0x01, 0xDB, 0x40, 0x40, 0x7D, 0x01, 0x61, 0xFE, 0x9F, 0x8D, 0x47, 0x47, 0x00, 0x01,
  0x00, 0x3A, 0x00, 0xF8, 0x01, 0xEC, 0x01, 0x88, 0x00, 0x19, 0x00, 0x00, 0x65, 0x22, 0x2E, 0x02,
  0x23, 0x22, 0x06, 0x07, 0x23, 0x3E, 0x02, 0x33, 0x32, 0x1E, 0x02, 0x33, 0x32, 0x36, 0x37, 0x33,
  0x0E, 0x02, 0x01, 0x66, 0x1C, 0x2C, 0x27, 0x26, 0x16, 0x1B, 0x21, 0x05, 0x40, 0x07, 0x24, 0x38,
  0x23, 0x1D, 0x2D, 0x26, 0x26, 0x15, 0x1C, 0x21, 0x04, 0x40, 0x06, 0x24, 0x38, 0xF8, 0x15, 0x1B,
  0x15, 0x26, 0x1D, 0x30, 0x3F, 0x1F, 0x15, 0x1A, 0x15, 0x25, 0x1E, 0x30, 0x3F, 0x20, 0x00, 0x01,
  0xFF, 0xF6, 0x00, 0xDF, 0x02, 0x30, 0x01, 0xB0, 0x00, 0x05, 0x00, 0x00, 0x65, 0x35, 0x21, 0x35,
  0x21, 0x15, 0x01, 0xDC, 0xFE, 0x1A, 0x02, 0x3A, 0xDF, 0x8E, 0x43, 0xD1, 0x00, 0x01, 0x00, 0x26,
  0x00, 0xD2, 0x02, 0x49, 0x02, 0xBC, 0x00, 0x07, 0x00, 0x00, 0x77, 0x13, 0x33, 0x13, 0x23, 0x03,
  0x31, 0x03, 0x26, 0xEB, 0x4D, 0xEB, 0x56, 0xBB, 0xBC, 0xD2, 0x01, 0xEA, 0xFE, 0x16, 0x01, 0x87,
  0xFE, 0x79, 0x00, 0x01, 0x00, 0x46, 0xFF, 0x24, 0x02, 0x03, 0x01, 0xF0, 0x00, 0x17, 0x00, 0x00,
  0x57, 0x11, 0x33, 0x11, 0x14, 0x16, 0x33, 0x32, 0x36, 0x36, 0x35, 0x11, 0x33, 0x11, 0x23, 0x27,
  0x31, 0x06, 0x06, 0x23, 0x22, 0x26, 0x27, 0x15, 0x46, 0x54, 0x41, 0x3F, 0x2B, 0x43, 0x27, 0x54,
  0x4C, 0x05, 0x18, 0x5B, 0x39, 0x1F, 0x37, 0x16, 0xDC, 0x02, 0xCC, 0xFE, 0xE7, 0x4D, 0x4E, 0x2A,
  0x50, 0x39, 0x01, 0x01, 0xFE, 0x10, 0x58, 0x2E, 0x36, 0x10, 0x10, 0xF0, 0x00, 0x05, 0x00, 0x29,
  0xFF, 0xF4, 0x02, 0xE9, 0x02, 0xC7, 0x00, 0x03, 0x00, 0x13, 0x00, 0x23, 0x00, 0x33, 0x00, 0x43,
  0x00, 0x00, 0x73, 0x01, 0x33, 0x01, 0x05, 0x22, 0x26, 0x26, 0x35, 0x34, 0x36, 0x36, 0x33, 0x32,
  0x16, 0x16, 0x15, 0x14, 0x06, 0x06, 0x27, 0x32, 0x36, 0x36, 0x35, 0x34, 0x26, 0x26, 0x23, 0x22,
  0x06, 0x06, 0x15, 0x14, 0x16, 0x16, 0x01, 0x22, 0x26, 0x26, 0x35, 0x34, 0x36, 0x36, 0x33, 0x32,
  0x16, 0x16, 0x15, 0x14, 0x06, 0x06, 0x27, 0x32, 0x36, 0x36, 0x35, 0x34, 0x26, 0x26, 0x23, 0x22,
  0x06, 0x06, 0x15, 0x14, 0x16, 0x16, 0x91, 0x01, 0x97, 0x54, 0xFE, 0x69, 0x01, 0x65, 0x2D, 0x48,
  0x2B, 0x2B, 0x48, 0x2D, 0x2E, 0x47, 0x2A, 0x2A, 0x48, 0x2E, 0x18, 0x28, 0x19, 0x18, 0x28, 0x18,
  0x17, 0x29, 0x19, 0x19, 0x28, 0xFE, 0x97, 0x2D, 0x48, 0x2B, 0x2B, 0x49, 0x2D, 0x2D, 0x48, 0x2A,
  0x2A, 0x49, 0x2D, 0x18, 0x28, 0x18, 0x18, 0x28, 0x17, 0x17, 0x2A, 0x19, 0x19, 0x29, 0x02, 0xBC,
  0xFD, 0x44, 0x0C, 0x29, 0x4C, 0x33, 0x34, 0x4B, 0x29, 0x29, 0x4B, 0x34, 0x33, 0x4C, 0x29, 0x41,
  0x17, 0x2E, 0x22, 0x23, 0x2E, 0x17, 0x17, 0x2E, 0x23, 0x22, 0x2E, 0x17, 0x01, 0x42, 0x29, 0x4C,
  0x33, 0x34, 0x4B, 0x29, 0x29, 0x4B, 0x34, 0x33, 0x4C, 0x29, 0x41, 0x17, 0x2E, 0x22, 0x23, 0x2F,
  0x17, 0x17, 0x2F, 0x23, 0x22, 0x2E, 0x17, 0x00, 0x00, 0x01, 0x00, 0x28, 0x00, 0x00, 0x03, 0x31,
  0x02, 0xBC, 0x00, 0x09, 0x00, 0x00, 0x53, 0x01, 0x33, 0x01, 0x07, 0x01, 0x11, 0x23, 0x11, 0x01,
  0x28, 0x01, 0x6E, 0x2D, 0x01, 0x6E, 0x36, 0xFE, 0xDB, 0x52, 0xFE, 0xDA, 0x01, 0x54, 0x01, 0x68,
  0xFE, 0x98, 0x36, 0x01, 0x23, 0xFD, 0xBF, 0x02, 0x43, 0xFE, 0xDC, 0x00, 0x00, 0x01, 0x00, 0x28,
  0x00, 0x44, 0x02, 0x4D, 0x02, 0x6A, 0x00, 0x09, 0x00, 0x00, 0x77, 0x27, 0x01, 0x21, 0x35, 0x21,
  0x17, 0x11, 0x23, 0x11, 0x67, 0x38, 0x01, 0x9F, 0xFE, 0x5A, 0x02, 0x05, 0x20, 0x4B, 0x49, 0x38,
  0x01, 0x9E, 0x4B, 0x1F, 0xFD, 0xF9, 0x01, 0xA0, 0x00, 0x01, 0x00, 0x2B, 0xFF, 0xE6, 0x02, 0xE7,
  0x02, 0xC7, 0x00, 0x09, 0x00, 0x00, 0x53, 0x35, 0x21, 0x01, 0x37, 0x01, 0x15, 0x01, 0x27, 0x01,
  0x2B, 0x02, 0x43, 0xFE, 0xDC, 0x35, 0x01, 0x68, 0xFE, 0x98, 0x36, 0x01, 0x22, 0x01, 0x2E, 0x4F,
  0x01, 0x14, 0x36, 0xFE, 0xA6, 0x2C, 0xFE, 0xA5, 0x37, 0x01, 0x11, 0x00, 0x00, 0x01, 0x00, 0x28,
  0x00, 0x42, 0x02, 0x4D, 0x02, 0x68, 0x00, 0x09, 0x00, 0x00, 0x53, 0x01, 0x11, 0x33, 0x11, 0x07,
  0x21, 0x35, 0x21, 0x01, 0x67, 0x01, 0x9B, 0x4B, 0x20, 0xFD, 0xFB, 0x01, 0xA6, 0xFE, 0x61, 0x02,
  0x63, 0xFE, 0x65, 0x01, 0xA0, 0xFD, 0xF9, 0x1F, 0x4B, 0x01, 0x9E, 0x00, 0x00, 0x01, 0x00, 0x28,
  0x00, 0x00, 0x03, 0x31, 0x02, 0xBC, 0x00, 0x09, 0x00, 0x00, 0x53, 0x37, 0x01, 0x11, 0x33, 0x11,
  0x01, 0x17, 0x01, 0x23, 0x28, 0x36, 0x01, 0x26, 0x52, 0x01, 0x25, 0x36, 0xFE, 0x92, 0x2D, 0x01,
  0x68, 0x35, 0xFE, 0xDC, 0x02, 0x43, 0xFD, 0xBF, 0x01, 0x23, 0x36, 0xFE, 0x98, 0x00, 0x00, 0x01,
  0x00, 0x28, 0x00, 0x42, 0x02, 0x4D, 0x02, 0x68, 0x00, 0x09, 0x00, 0x00, 0x41, 0x17, 0x01, 0x21,
  0x15, 0x21, 0x27, 0x11, 0x33, 0x11, 0x02, 0x0E, 0x38, 0xFE, 0x61, 0x01, 0xA6, 0xFD, 0xFB, 0x20,
  0x4B, 0x02, 0x63, 0x38, 0xFE, 0x62, 0x4B, 0x1F, 0x02, 0x07, 0xFE, 0x60, 0x00, 0x01, 0x00, 0x25,
  0xFF, 0xE6, 0x02, 0xE1, 0x02, 0xC7, 0x00, 0x09, 0x00, 0x00, 0x41, 0x21, 0x01, 0x07, 0x01, 0x35,
  0x01, 0x17, 0x01, 0x21, 0x02, 0xE1, 0xFD, 0xC0, 0x01, 0x22, 0x36, 0xFE, 0x98, 0x01, 0x68, 0x35,
  0xFE, 0xDC, 0x02, 0x43, 0x01, 0x2E, 0xFE, 0xEF, 0x37, 0x01, 0x5B, 0x2C, 0x01, 0x5A, 0x36, 0xFE,
  0xEC, 0x00, 0x00, 0x01, 0x00, 0x28, 0x00, 0x38, 0x02, 0x4D, 0x02, 0x5E, 0x00, 0x09, 0x00, 0x00,
  0x65, 0x01, 0x11, 0x23, 0x11, 0x37, 0x21, 0x15, 0x21, 0x01, 0x02, 0x0E, 0xFE, 0x65, 0x4B, 0x20,
  0x02, 0x05, 0xFE, 0x5A, 0x01, 0x9F, 0x3D, 0x01, 0x9B, 0xFE, 0x60, 0x02, 0x07, 0x1F, 0x4B, 0xFE,
  0x62, 0x00, 0x00, 0x01, 0x00, 0x28, 0xFF, 0xE6, 0x03, 0xBF, 0x02, 0xC7, 0x00, 0x0F, 0x00, 0x00,
  0x53, 0x35, 0x01, 0x17, 0x01, 0x21, 0x01, 0x37, 0x01, 0x15, 0x01, 0x27, 0x01, 0x21, 0x01, 0x07,
  0x28, 0x01, 0x51, 0x39, 0xFE, 0xEB, 0x02, 0xAD, 0xFE, 0xEB, 0x39, 0x01, 0x51, 0xFE, 0xAF, 0x39,
  0x01, 0x13, 0xFD, 0x57, 0x01, 0x13, 0x39, 0x01, 0x41, 0x2C, 0x01, 0x5A, 0x32, 0xFE, 0xE7, 0x01,
  0x19, 0x32, 0xFE, 0xA6, 0x2C, 0xFE, 0xA5, 0x32, 0x01, 0x18, 0xFE, 0xE8, 0x32, 0x00, 0x00, 0x01,
  0x00, 0x2B, 0x00, 0x00, 0x03, 0x21, 0x02, 0xBC, 0x00, 0x0F, 0x00, 0x00, 0x77, 0x37, 0x05, 0x11,
  0x05, 0x27, 0x25, 0x33, 0x05, 0x07, 0x25, 0x11, 0x25, 0x17, 0x05, 0x23, 0x2B, 0x2F, 0x01, 0x23,
  0xFE, 0xDD, 0x2F, 0x01, 0x64, 0x2D, 0x01, 0x65, 0x2F, 0xFE, 0xDD, 0x01, 0x23, 0x2F, 0xFE, 0x9B,
  0x2D, 0xF1, 0x38, 0xC1, 0x01, 0xEC, 0xC1, 0x38, 0xF1, 0xF1, 0x38, 0xC1, 0xFE, 0x14, 0xC1, 0x38,
  0xF1, 0x00, 0x00, 0x02, 0x00, 0x14, 0xFF, 0xF4, 0x02, 0xE8, 0x02, 0xC8, 0x00, 0x13, 0x00, 0x1D,
  0x00, 0x00, 0x45, 0x22, 0x2E, 0x02, 0x35, 0x34, 0x3E, 0x02, 0x33, 0x32, 0x1E, 0x02, 0x15, 0x14,
  0x0E, 0x02, 0x27, 0x33, 0x11, 0x17, 0x37, 0x27, 0x23, 0x07, 0x17, 0x37, 0x01, 0x7E, 0x4B, 0x83,
  0x64, 0x38, 0x38, 0x64, 0x83, 0x4B, 0x4B, 0x83, 0x64, 0x38, 0x38, 0x64, 0x83, 0x6E, 0x47, 0x7D,
  0x2E, 0xB6, 0x31, 0xB6, 0x2E, 0x7D, 0x0C, 0x38, 0x64, 0x83, 0x4B, 0x4B, 0x83, 0x64, 0x38, 0x38,
  0x63, 0x83, 0x4C, 0x4B, 0x83, 0x64, 0x38, 0xB7, 0x01, 0x02, 0x7B, 0x2E, 0xB4, 0xB4, 0x2E, 0x7B,
  0x00, 0x02, 0x00, 0x14, 0xFF, 0xF4, 0x02, 0xE8, 0x02, 0xC8, 0x00, 0x13, 0x00, 0x1D, 0x00, 0x00,
  0x45, 0x22, 0x2E, 0x02, 0x35, 0x34, 0x3E, 0x02, 0x33, 0x32, 0x1E, 0x02, 0x15, 0x14, 0x0E, 0x02,
  0x27, 0x37, 0x15, 0x33, 0x11, 0x27, 0x21, 0x15, 0x33, 0x07, 0x01, 0x7E, 0x4B, 0x83, 0x64, 0x38,
  0x38, 0x64, 0x83, 0x4B, 0x4B, 0x83, 0x64, 0x38, 0x38, 0x64, 0x83, 0xB2, 0xBB, 0x41, 0x23, 0xFF,
  0x00, 0xB4, 0xBC, 0x0C, 0x38, 0x64, 0x83, 0x4B, 0x4B, 0x83, 0x64, 0x38, 0x38, 0x63, 0x84, 0x4B,
  0x4B, 0x83, 0x64, 0x38, 0xD7, 0xB9, 0xB5, 0x01, 0x00, 0x23, 0x40, 0xBA, 0x00, 0x02, 0x00, 0x14,
  0xFF, 0xF4, 0x02, 0xE8, 0x02, 0xC8, 0x00, 0x13, 0x00, 0x1D, 0x00, 0x00, 0x45, 0x22, 0x2E, 0x02,
  0x35, 0x34, 0x3E, 0x02, 0x33, 0x32, 0x1E, 0x02, 0x15, 0x14, 0x0E, 0x02, 0x27, 0x37, 0x35, 0x27,
  0x07, 0x17, 0x21, 0x15, 0x21, 0x07, 0x01, 0x7E, 0x4B, 0x83, 0x64, 0x38, 0x38, 0x64, 0x83, 0x4B,
  0x4B, 0x83, 0x64, 0x38, 0x38, 0x64, 0x83, 0x4B, 0xB6, 0xB6, 0x2E, 0x80, 0xFE, 0xF8, 0x01, 0x08,
  0x80, 0x0C, 0x38, 0x64, 0x83, 0x4B, 0x4B, 0x83, 0x64, 0x38, 0x38, 0x63, 0x84, 0x4B, 0x4B, 0x83,
  0x64, 0x38, 0x9D, 0xB5, 0x32, 0xB4, 0x2E, 0x7E, 0x43, 0x7D, 0x00, 0x02, 0x00, 0x14, 0xFF, 0xF4,
  0x02, 0xE8, 0x02, 0xC8, 0x00, 0x13, 0x00, 0x1D, 0x00, 0x00, 0x41, 0x32, 0x1E, 0x02, 0x15, 0x14,
  0x0E, 0x02, 0x23, 0x22, 0x2E, 0x02, 0x35, 0x34, 0x3E, 0x02, 0x07, 0x07, 0x17, 0x23, 0x15, 0x21,
  0x37, 0x11, 0x23, 0x15, 0x01, 0x7E, 0x4B, 0x83, 0x64, 0x38, 0x38, 0x64, 0x83, 0x4B, 0x4B, 0x83,
  0x64, 0x38, 0x38, 0x64, 0x83, 0x1C, 0x2F, 0xBC, 0xB4, 0x01, 0x00, 0x23, 0x41, 0x02, 0xC8, 0x38,
  0x64, 0x83, 0x4B, 0x4B, 0x84, 0x63, 0x38, 0x38, 0x64, 0x83, 0x4B, 0x4B, 0x83, 0x64, 0x38, 0xD7,
  0x2D, 0xBA, 0x40, 0x23, 0x01, 0x00, 0xB5, 0x00, 0x00, 0x02, 0x00, 0x14, 0xFF, 0xF4, 0x02, 0xE8,
  0x02, 0xC8, 0x00, 0x13, 0x00, 0x1D, 0x00, 0x00, 0x41, 0x32, 0x1E, 0x02, 0x15, 0x14, 0x0E, 0x02,
  0x23, 0x22, 0x2E, 0x02, 0x35, 0x34, 0x3E, 0x02, 0x17, 0x11, 0x27, 0x07, 0x17, 0x33, 0x37, 0x27,
  0x07, 0x11, 0x01, 0x7E, 0x4B, 0x83, 0x64, 0x38, 0x38, 0x64, 0x83, 0x4B, 0x4B, 0x83, 0x64, 0x38,
  0x38, 0x64, 0x83, 0x28, 0x7D, 0x2E, 0xB6, 0x31, 0xB6, 0x2E, 0x7D, 0x02, 0xC8, 0x38, 0x64, 0x83,
  0x4B, 0x4C, 0x83, 0x63, 0x38, 0x38, 0x64, 0x83, 0x4B, 0x4B, 0x83, 0x64, 0x38, 0xB7, 0xFE, 0xFE,
  0x7B, 0x2E, 0xB4, 0xB4, 0x2E, 0x7B, 0x01, 0x02, 0x00, 0x02, 0x00, 0x14, 0xFF, 0xF4, 0x02, 0xE8,
  0x02, 0xC8, 0x00, 0x13, 0x00, 0x1D, 0x00, 0x00, 0x41, 0x32, 0x1E, 0x02, 0x15, 0x14, 0x0E, 0x02,
  0x23, 0x22, 0x2E, 0x02, 0x35, 0x34, 0x3E, 0x02, 0x17, 0x07, 0x35, 0x23, 0x11, 0x17, 0x21, 0x35,
  0x23, 0x37, 0x01, 0x7E, 0x4B, 0x83, 0x64, 0x38, 0x38, 0x64, 0x83, 0x4B, 0x4B, 0x83, 0x64, 0x38,
  0x38, 0x64, 0x83, 0xB2, 0xBB, 0x41, 0x23, 0x01, 0x00, 0xB4, 0xBC, 0x02, 0xC8, 0x38, 0x64, 0x83,
  0x4B, 0x4B, 0x83, 0x64, 0x38, 0x38, 0x63, 0x84, 0x4B, 0x4B, 0x83, 0x64, 0x38, 0xD7, 0xB9, 0xB5,
  0xFF, 0x00, 0x23, 0x40, 0xBA, 0x00, 0x00, 0x02, 0x00, 0x14, 0xFF, 0xF4, 0x02, 0xE8, 0x02, 0xC8,
  0x00, 0x13, 0x00, 0x1D, 0x00, 0x00, 0x45, 0x22, 0x2E, 0x02, 0x35, 0x34, 0x3E, 0x02, 0x33, 0x32,
  0x1E, 0x02, 0x15, 0x14, 0x0E, 0x02, 0x27, 0x37, 0x27, 0x21, 0x35, 0x21, 0x37, 0x27, 0x07, 0x15,
  0x01, 0x7E, 0x4B, 0x83, 0x64, 0x38, 0x38, 0x64, 0x83, 0x4B, 0x4B, 0x83, 0x64, 0x38, 0x38, 0x64,
  0x83, 0x4B, 0x2E, 0x80, 0x01, 0x08, 0xFE, 0xF8, 0x80, 0x2E, 0xB6, 0x0C, 0x38, 0x64, 0x83, 0x4B,
  0x4B, 0x84, 0x63, 0x38, 0x38, 0x64, 0x83, 0x4B, 0x4B, 0x83, 0x64, 0x38, 0x9D, 0x2F, 0x7D, 0x43,
  0x7E, 0x2E, 0xB4, 0x32, 0x00, 0x02, 0x00, 0x14, 0xFF, 0xF4, 0x02, 0xE8, 0x02, 0xC8, 0x00, 0x13,
  0x00, 0x1D, 0x00, 0x00, 0x45, 0x22, 0x2E, 0x02, 0x35, 0x34, 0x3E, 0x02, 0x33, 0x32, 0x1E, 0x02,
  0x15, 0x14, 0x0E, 0x02, 0x37, 0x37, 0x27, 0x33, 0x35, 0x21, 0x07, 0x11, 0x33, 0x35, 0x01, 0x7E,
  0x4B, 0x83, 0x64, 0x38, 0x38, 0x64, 0x83, 0x4B, 0x4B, 0x83, 0x64, 0x38, 0x38, 0x64, 0x83, 0x1C,
  0x2F, 0xBC, 0xB4, 0xFF, 0x00, 0x23, 0x41, 0x0C, 0x38, 0x64, 0x83, 0x4B, 0x4B, 0x84, 0x63, 0x38,
  0x38, 0x64, 0x83, 0x4B, 0x4B, 0x83, 0x64, 0x38, 0xD7, 0x2D, 0xBA, 0x40, 0x23, 0xFF, 0x00, 0xB5,
  0x00, 0x02, 0x00, 0x14, 0xFF, 0xF4, 0x02, 0xE8, 0x02, 0xC8, 0x00, 0x13, 0x00, 0x23, 0x00, 0x00,
  0x45, 0x22, 0x2E, 0x02, 0x35, 0x34, 0x3E, 0x02, 0x33, 0x32, 0x1E, 0x02, 0x15, 0x14, 0x0E, 0x02,
  0x27, 0x37, 0x27, 0x33, 0x07, 0x17, 0x37, 0x35, 0x27, 0x07, 0x17, 0x23, 0x37, 0x27, 0x07, 0x15,
  0x01, 0x7E, 0x4B, 0x83, 0x64, 0x38, 0x38, 0x64, 0x83, 0x4B, 0x4B, 0x83, 0x64, 0x38, 0x38, 0x64,
  0x83, 0x9E, 0x33, 0x5C, 0xF9, 0x5C, 0x33, 0x80, 0x80, 0x33, 0x5C, 0xF9, 0x5C, 0x33, 0x81, 0x0C,
  0x38, 0x64, 0x83, 0x4B, 0x4B, 0x83, 0x64, 0x38, 0x38, 0x63, 0x84, 0x4B, 0x4B, 0x83, 0x64, 0x38,
  0xB0, 0x28, 0x71, 0x71, 0x28, 0xA1, 0x32, 0xA1, 0x28, 0x71, 0x71, 0x28, 0xA1, 0x32, 0x00, 0x02,
  0x00, 0x14, 0xFF, 0xF4, 0x02, 0xE8, 0x02, 0xC8, 0x00, 0x13, 0x00, 0x23, 0x00, 0x00, 0x45, 0x22,
  0x2E, 0x02, 0x35, 0x34, 0x3E, 0x02, 0x33, 0x32, 0x1E, 0x02, 0x15, 0x14, 0x0E, 0x02, 0x27, 0x33,
  0x37, 0x27, 0x07, 0x35, 0x17, 0x37, 0x27, 0x23, 0x07, 0x17, 0x37, 0x15, 0x27, 0x07, 0x01, 0x7E,
  0x4B, 0x83, 0x64, 0x38, 0x38, 0x64, 0x83, 0x4B, 0x4B, 0x83, 0x64, 0x38, 0x38, 0x63, 0x84, 0x63,
  0x31, 0xA3, 0x28, 0x72, 0x72, 0x28, 0xA3, 0x31, 0xA3, 0x28, 0x72, 0x72, 0x28, 0x0C, 0x38, 0x64,
  0x83, 0x4B, 0x4B, 0x83, 0x64, 0x38, 0x38, 0x64, 0x83, 0x4B, 0x4B, 0x83, 0x64, 0x38, 0x97, 0x80,
  0x33, 0x5B, 0xF6, 0x5B, 0x33, 0x80, 0x80, 0x33, 0x5B, 0xF6, 0x5B, 0x33, 0x00, 0x02, 0x00, 0x00,
  0x02, 0x3A, 0x01, 0x03, 0x02, 0x9E, 0x00, 0x0B, 0x00, 0x17, 0x00, 0x00, 0x53, 0x22, 0x26, 0x35,
  0x34, 0x36, 0x33, 0x32, 0x16, 0x15, 0x14, 0x06, 0x33, 0x22, 0x26, 0x35, 0x34, 0x36, 0x33, 0x32,
  0x16, 0x15, 0x14, 0x06, 0x32, 0x15, 0x1D, 0x1D, 0x15, 0x14, 0x1E, 0x1E, 0x8C, 0x15, 0x1D, 0x1D,
  0x15, 0x14, 0x1D, 0x1D, 0x02, 0x3A, 0x1D, 0x15, 0x14, 0x1E, 0x1E, 0x14, 0x15, 0x1D, 0x1D, 0x15,
  0x14, 0x1E, 0x1E, 0x14, 0x15, 0x1D, 0x00, 0x01, 0x00, 0x00, 0x02, 0x3B, 0x00, 0x64, 0x02, 0x9F,
  0x00, 0x0B, 0x00, 0x00, 0x53, 0x22, 0x26, 0x35, 0x34, 0x36, 0x33, 0x32, 0x16, 0x15, 0x14, 0x06,
  0x32, 0x14, 0x1E, 0x1E, 0x14, 0x14, 0x1E, 0x1E, 0x02, 0x3B, 0x1E, 0x14, 0x14, 0x1E, 0x1E, 0x14,
  0x14, 0x1E, 0x00, 0x01, 0x00, 0x00, 0x02, 0x23, 0x00, 0xD5, 0x02, 0xDF, 0x00, 0x04, 0x00, 0x00,
  0x53, 0x27, 0x37, 0x31, 0x17, 0xCC, 0xCC, 0x0C, 0xC9, 0x02, 0x23, 0x74, 0x48, 0x80, 0x00, 0x01,
  0x00, 0x00, 0x02, 0x23, 0x00, 0xD5, 0x02, 0xDF, 0x00, 0x04, 0x00, 0x00, 0x53, 0x27, 0x37, 0x31,
  0x17, 0x09, 0x09, 0xC9, 0x0C, 0x02, 0x23, 0x3C, 0x80, 0x48, 0x00, 0x01, 0x00, 0x00, 0x02, 0x26,
  0x01, 0x12, 0x02, 0xB9, 0x00, 0x05, 0x00, 0x00, 0x51, 0x35, 0x37, 0x17, 0x15, 0x27, 0x89, 0x89,
  0x89, 0x02, 0x26, 0x42, 0x51, 0x51, 0x42, 0x54, 0x00, 0x02, 0x00, 0x00, 0x02, 0x3A, 0x00, 0xD2,
  0x03, 0x08, 0x00, 0x0B, 0x00, 0x17, 0x00, 0x00, 0x53, 0x22, 0x26, 0x35, 0x34, 0x36, 0x33, 0x32,
  0x16, 0x15, 0x14, 0x06, 0x27, 0x32, 0x36, 0x35, 0x34, 0x26, 0x23, 0x22, 0x06, 0x15, 0x14, 0x16,
  0x69, 0x2B, 0x3E, 0x3E, 0x2B, 0x2C, 0x3D, 0x3D, 0x2C, 0x18, 0x21, 0x21, 0x18, 0x17, 0x22, 0x22,
  0x02, 0x3A, 0x37, 0x30, 0x30, 0x37, 0x37, 0x30, 0x30, 0x37, 0x2B, 0x21, 0x1B, 0x1C, 0x1F, 0x1F,
  0x1C, 0x1B, 0x21, 0x00, 0x00, 0x01, 0x00, 0x00, 0x02, 0x3A, 0x01, 0x2E, 0x02, 0xA1, 0x00, 0x15,
  0x00, 0x00, 0x53, 0x22, 0x26, 0x26, 0x23, 0x22, 0x06, 0x07, 0x23, 0x36, 0x36, 0x33, 0x32, 0x16,
  0x16, 0x33, 0x32, 0x36, 0x37, 0x33, 0x06, 0x06, 0xCE, 0x1B, 0x24, 0x1F, 0x15, 0x10, 0x17, 0x03,
  0x31, 0x07, 0x33, 0x25, 0x1B, 0x23, 0x20, 0x15, 0x11, 0x17, 0x03, 0x31, 0x06, 0x34, 0x02, 0x3A,
  0x18, 0x17, 0x16, 0x17, 0x32, 0x33, 0x17, 0x18, 0x17, 0x16, 0x31, 0x34, 0x00, 0x01, 0x00, 0x00,
  0xFE, 0xFD, 0x00, 0xE4, 0x00, 0x07, 0x00, 0x14, 0x00, 0x00, 0x51, 0x35, 0x33, 0x32, 0x36, 0x35,
  0x34, 0x26, 0x23, 0x23, 0x35, 0x33, 0x15, 0x36, 0x16, 0x16, 0x15, 0x14, 0x06, 0x06, 0x23, 0x5C,
  0x23, 0x21, 0x21, 0x23, 0x31, 0x38, 0x26, 0x3A, 0x21, 0x1F, 0x37, 0x23, 0xFE, 0xFD, 0x35, 0x18,
  0x18, 0x16, 0x17, 0x78, 0x46, 0x01, 0x15, 0x2C, 0x20, 0x1F, 0x2D, 0x18, 0x00, 0x02, 0x00, 0x00,
  0x03, 0x07, 0x01, 0x03, 0x03, 0x6B, 0x00, 0x0B, 0x00, 0x17, 0x00, 0x00, 0x53, 0x22, 0x26, 0x35,
  0x34, 0x36, 0x33, 0x32, 0x16, 0x15, 0x14, 0x06, 0x33, 0x22, 0x26, 0x35, 0x34, 0x36, 0x33, 0x32,
  0x16, 0x15, 0x14, 0x06, 0x32, 0x15, 0x1D, 0x1D, 0x15, 0x14, 0x1E, 0x1E, 0x8C, 0x15, 0x1D, 0x1D,
  0x15, 0x14, 0x1D, 0x1D, 0x03, 0x07, 0x1D, 0x15, 0x14, 0x1E, 0x1E, 0x14, 0x15, 0x1D, 0x1D, 0x15,
  0x14, 0x1E, 0x1E, 0x14, 0x15, 0x1D, 0x00, 0x01, 0x00, 0x00, 0x02, 0xE7, 0x00, 0xD5, 0x03, 0xA3,
  0x00, 0x04, 0x00, 0x00, 0x53, 0x27, 0x37, 0x31, 0x17, 0xCC, 0xCC, 0x0C, 0xC9, 0x02, 0xE7, 0x74,
  0x48, 0x7F, 0x00, 0x01, 0x00, 0x00, 0x02, 0xE7, 0x00, 0xD5, 0x03, 0xA3, 0x00, 0x04, 0x00, 0x00,
  0x53, 0x27, 0x37, 0x31, 0x17, 0x09, 0x09, 0xC9, 0x0C, 0x02, 0xE7, 0x3D, 0x7F, 0x48, 0x00, 0x01,
  0x00, 0x00, 0x02, 0xF3, 0x01, 0x12, 0x03, 0x86, 0x00, 0x05, 0x00, 0x00, 0x51, 0x35, 0x37, 0x17,
  0x15, 0x27, 0x89, 0x89, 0x89, 0x02, 0xF3, 0x42, 0x51, 0x51, 0x42, 0x54, 0x00, 0x02, 0x00, 0x00,
  0x02, 0xF9, 0x00, 0xD2, 0x03, 0xC7, 0x00, 0x0B, 0x00, 0x17, 0x00, 0x00, 0x53, 0x22, 0x26, 0x35,
  0x34, 0x36, 0x33, 0x32, 0x16, 0x15, 0x14, 0x06, 0x27, 0x32, 0x36, 0x35, 0x34, 0x26, 0x23, 0x22,
  0x06, 0x15, 0x14, 0x16, 0x69, 0x2B, 0x3E, 0x3E, 0x2B, 0x2C, 0x3D, 0x3D, 0x2C, 0x18, 0x21, 0x21,
  0x18, 0x17, 0x22, 0x22, 0x02, 0xF9, 0x37, 0x30, 0x30, 0x37, 0x37, 0x30, 0x30, 0x37, 0x2B, 0x21,
  0x1B, 0x1C, 0x1F, 0x1F, 0x1C, 0x1B, 0x21, 0x00, 0x00, 0x01, 0x00, 0x00, 0x02, 0xF4, 0x01, 0x2E,
  0x03, 0x5B, 0x00, 0x15, 0x00, 0x00, 0x53, 0x22, 0x26, 0x26, 0x23, 0x22, 0x06, 0x07, 0x23, 0x36,
  0x36, 0x33, 0x32, 0x16, 0x16, 0x33, 0x32, 0x36, 0x37, 0x33, 0x06, 0x06, 0xCE, 0x1B, 0x24, 0x1F,
  0x15, 0x10, 0x17, 0x03, 0x31, 0x07, 0x33, 0x25, 0x1B, 0x23, 0x20, 0x15, 0x11, 0x17, 0x03, 0x31,
  0x06, 0x34, 0x02, 0xF4, 0x18, 0x17, 0x16, 0x17, 0x32, 0x33, 0x17, 0x18, 0x17, 0x16, 0x31, 0x34,
  0x00, 0x01, 0x00, 0x00, 0xFE, 0xFD, 0x00, 0xE4, 0x00, 0x07, 0x00, 0x14, 0x00, 0x00, 0x51, 0x35,
  0x33, 0x32, 0x36, 0x35, 0x34, 0x26, 0x23, 0x23, 0x35, 0x33, 0x15, 0x36, 0x16, 0x16, 0x15, 0x14,
  0x06, 0x06, 0x23, 0x5C, 0x23, 0x21, 0x21, 0x23, 0x31, 0x38, 0x26, 0x3A, 0x21, 0x1F, 0x37, 0x23,
  0xFE, 0xFD, 0x35, 0x18, 0x18, 0x16, 0x17, 0x78, 0x46, 0x01, 0x15, 0x2C, 0x20, 0x1F, 0x2D, 0x18,
  0x00, 0x02, 0x00, 0x18, 0x02, 0x3B, 0x01, 0x1B, 0x02, 0x9F, 0x00, 0x0B, 0x00, 0x17, 0x00, 0x00,
  0x53, 0x22, 0x26, 0x35, 0x34, 0x36, 0x33, 0x32, 0x16, 0x15, 0x14, 0x06, 0x23, 0x22, 0x26, 0x35,
  0x34, 0x36, 0x33, 0x32, 0x16, 0x15, 0x14, 0x06, 0xEA, 0x15, 0x1D, 0x1D, 0x15, 0x14, 0x1D, 0x1D,
  0xB5, 0x14, 0x1D, 0x1D, 0x14, 0x15, 0x1D, 0x1D, 0x02, 0x3B, 0x1D, 0x15, 0x14, 0x1E, 0x1E, 0x14,
  0x15, 0x1D, 0x1D, 0x15, 0x14, 0x1E, 0x1E, 0x14, 0x15, 0x1D, 0xFF, 0xFF, 0x00, 0x00, 0x02, 0x23,
  0x00, 0xD5, 0x02, 0xDF, 0x04, 0x06, 0x00, 0xFC, 0x00, 0x00, 0x00, 0x01, 0x00, 0x00, 0x02, 0x23,
  0x00, 0xD5, 0x02, 0xDF, 0x00, 0x04, 0x00, 0x00, 0x53, 0x27, 0x37, 0x31, 0x17, 0x09, 0x09, 0xC9,
  0x0C, 0x02, 0x23, 0x3C, 0x80, 0x48, 0x00, 0x01, 0x00, 0x10, 0x02, 0x50, 0x01, 0x6C, 0x02, 0x8F,
  0x00, 0x03, 0x00, 0x00, 0x53, 0x35, 0x21, 0x15, 0x10, 0x01, 0x5C, 0x02, 0x50, 0x3F, 0x3F, 0x00,
  0x00, 0x01, 0x00, 0x00, 0xFE, 0xFD, 0x00, 0xE4, 0x00, 0x07, 0x00, 0x14, 0x00, 0x00, 0x51, 0x35,
  0x33, 0x32, 0x36, 0x35, 0x34, 0x26, 0x23, 0x23, 0x35, 0x33, 0x15, 0x36, 0x16, 0x16, 0x15, 0x14,
  0x06, 0x06, 0x23, 0x5C, 0x23, 0x21, 0x21, 0x23, 0x31, 0x38, 0x26, 0x3A, 0x21, 0x1F, 0x36, 0x23,
  0xFE, 0xFD, 0x35, 0x18, 0x18, 0x16, 0x17, 0x78, 0x46, 0x01, 0x15, 0x2C, 0x20, 0x1F, 0x2D, 0x18,
  0x00, 0x01, 0x00, 0x00, 0x01, 0x0E, 0x00, 0x64, 0x00, 0x07, 0x00, 0x60, 0x00, 0x05, 0x00, 0x01,
  0x00, 0x00, 0x00, 0x00, 0x00, 0x00, 0x00, 0x00, 0x00, 0x00, 0x00, 0x00, 0x00, 0x03, 0x00, 0x01,
  0x00, 0x00, 0x00, 0x00, 0x00, 0x1B, 0x00, 0x27, 0x00, 0x33, 0x00, 0x3F, 0x00, 0x4B, 0x00, 0x57,
  0x00, 0x63, 0x00, 0x87, 0x00, 0xBE, 0x00, 0xEC, 0x00, 0xF8, 0x01, 0x1B, 0x01, 0x46, 0x01, 0x5C,
  0x01, 0x68, 0x01, 0x74, 0x01, 0x80, 0x01, 0x8C, 0x01, 0xA0, 0x01, 0xD6, 0x01, 0xF0, 0x01, 0xFC,
  0x02, 0x07, 0x02, 0x12, 0x02, 0x1D, 0x02, 0x28, 0x02, 0x47, 0x02, 0x62, 0x02, 0x71, 0x02, 0x7D,
  0x02, 0x99, 0x02, 0xB0, 0x02, 0xBC, 0x02, 0xEE, 0x02, 0xFA, 0x03, 0x06, 0x03, 0x12, 0x03, 0x1E,
  0x03, 0x58, 0x03, 0x64, 0x03, 0x87, 0x03, 0xAB, 0x03, 0xE5, 0x04, 0x10, 0x04, 0x59, 0x04, 0x6A,
  0x04, 0x8E, 0x04, 0x9A, 0x04, 0xA6, 0x04, 0xB2, 0x04, 0xBE, 0x04, 0xD2, 0x04, 0xF0, 0x05, 0x0C,
  0x05, 0x22, 0x05, 0x2E, 0x05, 0x44, 0x05, 0x7D, 0x05, 0xC2, 0x05, 0xCE, 0x05, 0xDA, 0x05, 0xE6,
  0x05, 0xF2, 0x05, 0xFE, 0x06, 0x09, 0x06, 0x74, 0x06, 0xAC, 0x06, 0xDD, 0x06, 0xE9, 0x07, 0x21,
  0x07, 0x66, 0x07, 0x9E, 0x07, 0xAA, 0x07, 0xB6, 0x07, 0xC2, 0x07, 0xCE, 0x07, 0xEB, 0x08, 0x5B,
  0x08, 0x7F, 0x08, 0x9B, 0x08, 0xA7, 0x08, 0xB2, 0x08, 0xBD, 0x08, 0xC8, 0x08, 0xD3, 0x08, 0xDE,
  0x09, 0x05, 0x09, 0x1F, 0x09, 0x2B, 0x09, 0x37, 0x09, 0x71, 0x09, 0x95, 0x09, 0xA1, 0x09, 0xD3,
  0x09, 0xDF, 0x09, 0xEB, 0x09, 0xF7, 0x0A, 0x03, 0x0A, 0x3C, 0x0A, 0x48, 0x0A, 0x80, 0x0A, 0xB7,
  0x0A, 0xF0, 0x0B, 0x0B, 0x0B, 0x50, 0x0B, 0x9E, 0x0B, 0xBE, 0x0B, 0xE2, 0x0B, 0xEE, 0x0B, 0xFA,
  0x0C, 0x06, 0x0C, 0x12, 0x0C, 0x25, 0x0C, 0x45, 0x0C, 0x5D, 0x0C, 0x74, 0x0C, 0x80, 0x0C, 0x8C,
  0x0C, 0xA2, 0x0C, 0xD9, 0x0C, 0xE5, 0x0C, 0xF1, 0x0C, 0xFD, 0x0D, 0x09, 0x0D, 0x15, 0x0D, 0x21,
  0x0D, 0x87, 0x0D, 0xD7, 0x0D, 0xF8, 0x0E, 0x04, 0x0E, 0x10, 0x0E, 0x1C, 0x0E, 0x28, 0x0E, 0x62,
  0x0E, 0x6E, 0x0E, 0x7A, 0x0E, 0xAD, 0x0E, 0xB9, 0x0E, 0xEB, 0x0F, 0x1D, 0x0F, 0x4F, 0x0F, 0x5F,
  0x0F, 0x8D, 0x0F, 0xD3, 0x0F, 0xEF, 0x10, 0x28, 0x10, 0x73, 0x10, 0x85, 0x10, 0xD3, 0x11, 0x1E,
  0x11, 0x35, 0x11, 0x65, 0x11, 0x80, 0x11, 0xB8, 0x11, 0xF0, 0x11, 0xF9, 0x12, 0x02, 0x12, 0x0B,
  0x12, 0x14, 0x12, 0x1C, 0x12, 0x24, 0x12, 0x2C, 0x12, 0x34, 0x12, 0x42, 0x12, 0x51, 0x12, 0x60,
  0x12, 0x70, 0x12, 0x81, 0x12, 0xAA, 0x12, 0xE7, 0x13, 0x00, 0x13, 0x00, 0x13, 0x00, 0x13, 0x16,
  0x13, 0x23, 0x13, 0x2F, 0x13, 0x3B, 0x13, 0x58, 0x13, 0x75, 0x13, 0xB1, 0x13, 0xEE, 0x14, 0x04,
  0x14, 0x26, 0x14, 0x48, 0x14, 0x56, 0x14, 0x63, 0x14, 0x7B, 0x14, 0x87, 0x14, 0x8F, 0x14, 0x9B,
  0x14, 0xBC, 0x14, 0xDC, 0x15, 0x21, 0x15, 0x65, 0x15, 0x76, 0x15, 0x86, 0x15, 0xA0, 0x15, 0xB8,
  0x15, 0xCB, 0x15, 0xD8, 0x16, 0x1E, 0x16, 0x65, 0x16, 0xDC, 0x17, 0x33, 0x17, 0x50, 0x17, 0xC9,
  0x18, 0x22, 0x18, 0x73, 0x18, 0x9F, 0x18, 0xAC, 0x18, 0xC0, 0x18, 0xFD, 0x19, 0x4B, 0x19, 0x9A,
  0x19, 0xD6, 0x1A, 0x00, 0x1A, 0x13, 0x1A, 0x20, 0x1A, 0x39, 0x1A, 0x65, 0x1A, 0x78, 0x1A, 0x88,
  0x1A, 0x98, 0x1A, 0xB1, 0x1A, 0xD9, 0x1A, 0xE8, 0x1A, 0xFB, 0x1B, 0x20, 0x1B, 0x86, 0x1B, 0xA0,
  0x1B, 0xB6, 0x1B, 0xD0, 0x1B, 0xE8, 0x1C, 0x01, 0x1C, 0x18, 0x1C, 0x33, 0x1C, 0x4B, 0x1C, 0x71,
  0x1C, 0x93, 0x1C, 0xC2, 0x1C, 0xF0, 0x1D, 0x1F, 0x1D, 0x4E, 0x1D, 0x7E, 0x1D, 0xAD, 0x1D, 0xDC,
  0x1E, 0x0A, 0x1E, 0x41, 0x1E, 0x78, 0x1E, 0x9D, 0x1E, 0xB3, 0x1E, 0xC1, 0x1E, 0xCF, 0x1E, 0xDE,
  0x1F, 0x04, 0x1F, 0x28, 0x1F, 0x48, 0x1F, 0x6D, 0x1F, 0x7B, 0x1F, 0x89, 0x1F, 0x98, 0x1F, 0xBE,
  0x1F, 0xE2, 0x20, 0x02, 0x20, 0x27, 0x20, 0x2F, 0x20, 0x3D, 0x20, 0x4A, 0x20, 0x6A, 0x00, 0x00,
  0x00, 0x01, 0x00, 0x00, 0x00, 0x04, 0x01, 0x06, 0xBC, 0x3D, 0xAD, 0xD3, 0x5F, 0x0F, 0x3C, 0xF5,
  0x00, 0x03, 0x03, 0xE8, 0x00, 0x00, 0x00, 0x00, 0xE0, 0x79, 0x20, 0x70, 0x00, 0x00, 0x00, 0x00,
  0xE0, 0xAF, 0x32, 0x47, 0xFF, 0xC2, 0xFE, 0xFC, 0x04, 0x47, 0x03, 0xC7, 0x00, 0x00, 0x00, 0x06,
  0x00, 0x02, 0x00, 0x00, 0x00, 0x00, 0x00, 0x00, 0x02, 0x27, 0x00, 0x4B, 0x02, 0x98, 0x00, 0x1E,
  0x02, 0x98, 0x00, 0x1E, 0x02, 0x98, 0x00, 0x1E, 0x02, 0x98, 0x00, 0x1E, 0x02, 0x98, 0x00, 0x1E,
  0x02, 0x98, 0x00, 0x1E, 0x02, 0x98, 0x00, 0x1E, 0x03, 0x90, 0x00, 0x1E, 0x02, 0x5B, 0x00, 0x4B,
  0x02, 0xCD, 0x00, 0x30, 0x02, 0xCD, 0x00, 0x30, 0x02, 0xB0, 0x00, 0x4B, 0x02, 0xC5, 0x00, 0x08,
  0x02, 0x35, 0x00, 0x4B, 0x02, 0x35, 0x00, 0x4B, 0x02, 0x35, 0x00, 0x4B, 0x02, 0x35, 0x00, 0x4B,
  0x02, 0x35, 0x00, 0x4B, 0x02, 0x17, 0x00, 0x4B, 0x02, 0xF6, 0x00, 0x30, 0x02, 0xA9, 0x00, 0x4B,
  0x00, 0xEA, 0x00, 0x4B, 0x00, 0xEA, 0x00, 0x0A, 0x00, 0xEA, 0xFF, 0xEC, 0x00, 0xEA, 0xFF, 0xF4,
  0x00, 0xEA, 0x00, 0x0A, 0x01, 0xF5, 0x00, 0x1C, 0x02, 0x48, 0x00, 0x4B, 0x02, 0x0F, 0x00, 0x4B,
  0x02, 0x0F, 0x00, 0x4B, 0x03, 0x49, 0x00, 0x4B, 0x02, 0xB3, 0x00, 0x4B, 0x02, 0xB3, 0x00, 0x4B,
  0x03, 0x06, 0x00, 0x30, 0x03, 0x06, 0x00, 0x30, 0x03, 0x06, 0x00, 0x30, 0x03, 0x06, 0x00, 0x30,
  0x03, 0x06, 0x00, 0x30, 0x03, 0x08, 0x00, 0x22, 0x03, 0x06, 0x00, 0x30, 0x02, 0x44, 0x00, 0x4B,
  0x02, 0x44, 0x00, 0x4B, 0x03, 0x06, 0x00, 0x30, 0x02, 0x52, 0x00, 0x4B, 0x02, 0x44, 0x00, 0x2D,
  0x02, 0x31, 0x00, 0x1E, 0x02, 0x8F, 0x00, 0x44, 0x02, 0x8F, 0x00, 0x44, 0x02, 0x8F, 0x00, 0x44,
  0x02, 0x8F, 0x00, 0x44, 0x02, 0x8F, 0x00, 0x44, 0x02, 0x9D, 0x00, 0x16, 0x03, 0xC8, 0x00, 0x1B,
  0x02, 0x5B, 0x00, 0x26, 0x02, 0x44, 0x00, 0x14, 0x02, 0x44, 0x00, 0x14, 0x02, 0x1D, 0x00, 0x2D,
  0x03, 0x06, 0x00, 0x30, 0x02, 0x20, 0x00, 0x33, 0x02, 0x20, 0x00, 0x33, 0x02, 0x20, 0x00, 0x33,
  0x02, 0x20, 0x00, 0x33, 0x02, 0x20, 0x00, 0x33, 0x02, 0x20, 0x00, 0x33, 0x02, 0x20, 0x00, 0x33,
  0x03, 0x92, 0x00, 0x33, 0x02, 0x72, 0x00, 0x46, 0x02, 0x3C, 0x00, 0x31, 0x02, 0x3C, 0x00, 0x31,
  0x02, 0x73, 0x00, 0x31, 0x02, 0x6B, 0x00, 0x31, 0x02, 0x38, 0x00, 0x31, 0x02, 0x38, 0x00, 0x31,
  0x02, 0x38, 0x00, 0x31, 0x02, 0x38, 0x00, 0x31, 0x02, 0x38, 0x00, 0x31, 0x01, 0x54, 0x00, 0x15,
  0x02, 0x2E, 0x00, 0x26, 0x02, 0x3F, 0x00, 0x46, 0x00, 0xF0, 0x00, 0x3E, 0x00, 0xDF, 0x00, 0x46,
  0x00, 0xDF, 0x00, 0x05, 0x00, 0xDF, 0xFF, 0xE7, 0x00, 0xDF, 0xFF, 0xEF, 0x00, 0xDF, 0x00, 0x3E,
  0x00, 0xDF, 0x00, 0x05, 0x00, 0xF3, 0xFF, 0xE5, 0x01, 0xF8, 0x00, 0x46, 0x00, 0xDF, 0x00, 0x46,
  0x01, 0x66, 0x00, 0x46, 0x03, 0x7B, 0x00, 0x46, 0x02, 0x3E, 0x00, 0x46, 0x02, 0x3E, 0x00, 0x46,
  0x02, 0x51, 0x00, 0x31, 0x02, 0x51, 0x00, 0x31, 0x02, 0x51, 0x00, 0x31, 0x02, 0x51, 0x00, 0x31,
  0x02, 0x51, 0x00, 0x31, 0x02, 0x55, 0x00, 0x28, 0x02, 0x51, 0x00, 0x31, 0x02, 0x72, 0x00, 0x46,
  0x02, 0x72, 0x00, 0x46, 0x02, 0x73, 0x00, 0x31, 0x01, 0x72, 0x00, 0x46, 0x01, 0xF6, 0x00, 0x2B,
  0x02, 0x93, 0x00, 0x47, 0x01, 0x88, 0x00, 0x22, 0x02, 0x3D, 0x00, 0x3D, 0x02, 0x3D, 0x00, 0x3D,
  0x02, 0x3D, 0x00, 0x3D, 0x02, 0x3D, 0x00, 0x3D, 0x02, 0x3D, 0x00, 0x3D, 0x02, 0x0F, 0x00, 0x18,
  0x02, 0xFB, 0x00, 0x18, 0x01, 0xF0, 0x00, 0x14, 0x02, 0x2C, 0x00, 0x15, 0x02, 0x2C, 0x00, 0x15,
  0x02, 0x2C, 0x00, 0x15, 0x01, 0xCA, 0x00, 0x24, 0x02, 0x73, 0x00, 0x31, 0x02, 0x73, 0x00, 0x31,
  0x02, 0x73, 0x00, 0x31, 0x02, 0x73, 0x00, 0x31, 0x02, 0x73, 0x00, 0x31, 0x02, 0x73, 0x00, 0x31,
  0x02, 0x73, 0x00, 0x31, 0x03, 0xE3, 0x00, 0x31, 0x02, 0x81, 0x00, 0x31, 0x02, 0x32, 0x00, 0x3D,
  0x02, 0x32, 0x00, 0x3D, 0x02, 0x32, 0x00, 0x3D, 0x02, 0x32, 0x00, 0x3D, 0x02, 0x32, 0x00, 0x3D,
  0x02, 0x3F, 0x00, 0x3C, 0x02, 0x3F, 0x00, 0x3C, 0x02, 0x3F, 0x00, 0x3C, 0x02, 0x33, 0x00, 0x15,
  0x02, 0x33, 0x00, 0x15, 0x01, 0xDE, 0x00, 0x33, 0x01, 0xCA, 0x00, 0x31, 0x02, 0xAC, 0x00, 0x30,
  0x01, 0x38, 0x00, 0x20, 0x02, 0x40, 0x00, 0x40, 0x02, 0x4F, 0x00, 0x33, 0x02, 0x5F, 0x00, 0x25,
  0x02, 0x62, 0x00, 0x41, 0x02, 0x74, 0x00, 0x37, 0x02, 0x16, 0x00, 0x1B, 0x02, 0x60, 0x00, 0x40,
  0x02, 0x74, 0x00, 0x3F, 0x01, 0x61, 0x00, 0x1E, 0x02, 0x55, 0x00, 0x34, 0x02, 0x68, 0x00, 0x2F,
  0x02, 0x50, 0x00, 0x31, 0x02, 0x50, 0x00, 0x31, 0x00, 0xCC, 0x00, 0x1C, 0x01, 0x4A, 0x00, 0x21,
  0x01, 0x4A, 0x00, 0x1A, 0x01, 0x41, 0x00, 0x15, 0x00, 0xCC, 0x00, 0x1C, 0x01, 0x4A, 0x00, 0x21,
  0x01, 0x4A, 0x00, 0x1A, 0x01, 0x41, 0x00, 0x15, 0x01, 0xAF, 0xFF, 0xE8, 0x02, 0xE9, 0x00, 0x1C,
  0x02, 0xC2, 0x00, 0x1C, 0x03, 0x2C, 0x00, 0x1A, 0x00, 0xCC, 0x00, 0x1C, 0x01, 0x4A, 0x00, 0x21,
  0x01, 0x4A, 0x00, 0x1A, 0x01, 0x41, 0x00, 0x15, 0x01, 0x0A, 0x00, 0x00, 0x01, 0x0A, 0x00, 0x00,
  0x00, 0xC6, 0x00, 0x2A, 0x00, 0xB6, 0x00, 0x04, 0x00, 0xCA, 0x00, 0x2A, 0x00, 0xE3, 0x00, 0x19,
  0x00, 0xFA, 0x00, 0x44, 0x00, 0xFA, 0x00, 0x44, 0x02, 0x0C, 0x00, 0x23, 0x02, 0x0C, 0x00, 0x2D,
  0x00, 0xC6, 0x00, 0x2A, 0x01, 0xE0, 0x00, 0x3E, 0x03, 0x24, 0x00, 0x2E, 0x01, 0x88, 0x00, 0x1C,
  0x01, 0x88, 0x00, 0x1C, 0x00, 0xAD, 0x00, 0x22, 0x00, 0xC3, 0x00, 0x23, 0x02, 0x1D, 0x00, 0x48,
  0x02, 0x94, 0x00, 0x48, 0x01, 0x75, 0x00, 0x30, 0x01, 0x75, 0x00, 0x26, 0x01, 0xAB, 0x00, 0x54,
  0x01, 0xAB, 0x00, 0x34, 0x01, 0x3A, 0x00, 0x4B, 0x01, 0x3A, 0x00, 0x3C, 0x01, 0xC4, 0x00, 0x2C,
  0x01, 0xC4, 0x00, 0x32, 0x01, 0x23, 0x00, 0x26, 0x00, 0x9F, 0x00, 0x26, 0x02, 0xFC, 0x00, 0x14,
  0x02, 0xFC, 0x00, 0x14, 0x03, 0xED, 0x00, 0x4C, 0x02, 0xDE, 0x00, 0x2A, 0x02, 0x4B, 0x00, 0x25,
  0x02, 0x4A, 0x00, 0x2D, 0x03, 0x1A, 0x00, 0x33, 0x01, 0xF8, 0x00, 0x34, 0x01, 0x57, 0x00, 0x27,
  0x00, 0xEA, 0x00, 0x4B, 0x00, 0xEA, 0x00, 0x4B, 0x02, 0x3C, 0x00, 0x31, 0x02, 0x15, 0x00, 0x41,
  0x02, 0x44, 0x00, 0x2D, 0x02, 0x59, 0x00, 0x2E, 0x02, 0x5A, 0x00, 0x1F, 0x02, 0x26, 0x00, 0x2E,
  0x02, 0x26, 0x00, 0x4D, 0x02, 0x26, 0x00, 0x5A, 0x02, 0x26, 0x00, 0x4C, 0x02, 0x26, 0x00, 0x4B,
  0x02, 0x26, 0x00, 0x63, 0x02, 0x26, 0x00, 0x64, 0x02, 0x26, 0x00, 0x25, 0x02, 0x26, 0x00, 0x3A,
  0x02, 0x26, 0xFF, 0xF6, 0x02, 0x6E, 0x00, 0x26, 0x02, 0x48, 0x00, 0x46, 0x03, 0x12, 0x00, 0x29,
  0x03, 0x59, 0x00, 0x28, 0x02, 0x75, 0x00, 0x28, 0x03, 0x0C, 0x00, 0x2B, 0x02, 0x75, 0x00, 0x28,
  0x03, 0x59, 0x00, 0x28, 0x02, 0x75, 0x00, 0x28, 0x03, 0x0C, 0x00, 0x25, 0x02, 0x75, 0x00, 0x28,
  0x03, 0xE7, 0x00, 0x28, 0x03, 0x4B, 0x00, 0x2B, 0x02, 0xFC, 0x00, 0x14, 0x02, 0xFC, 0x00, 0x14,
  0x02, 0xFC, 0x00, 0x14, 0x02, 0xFC, 0x00, 0x14, 0x02, 0xFC, 0x00, 0x14, 0x02, 0xFC, 0x00, 0x14,
  0x02, 0xFC, 0x00, 0x14, 0x02, 0xFC, 0x00, 0x14, 0x02, 0xFC, 0x00, 0x14, 0x02, 0xFC, 0x00, 0x14,
  0x00, 0x00, 0x00, 0x00, 0x00, 0x00, 0x00, 0x00, 0x00, 0x00, 0x00, 0x00, 0x00, 0x00, 0x00, 0x00,
  0x00, 0x00, 0x00, 0x00, 0x00, 0x00, 0x00, 0x00, 0x00, 0x00, 0x00, 0x00, 0x00, 0x00, 0x00, 0x00,
  0x00, 0x00, 0x00, 0x00, 0x00, 0x00, 0x00, 0x00, 0x00, 0x00, 0x00, 0x00, 0x00, 0x00, 0x00, 0x00,
  0x00, 0x00, 0x00, 0x00, 0x00, 0x00, 0x00, 0x00, 0x00, 0x00, 0x00, 0x00, 0x01, 0x32, 0x00, 0x18,
  0x00, 0xD5, 0x00, 0x00, 0x00, 0xD5, 0x00, 0x00, 0x01, 0x7D, 0x00, 0x10, 0x00, 0xE4, 0x00, 0x00,
  0x00, 0x01, 0x00, 0x00, 0x03, 0xE0, 0xFE, 0xCA, 0x00, 0x00, 0x04, 0x70, 0xFF, 0xC2, 0xFE, 0xA5,
  0x04, 0x47, 0x00, 0x01, 0x00, 0x00, 0x00, 0x00, 0x00, 0x00, 0x00, 0x00, 0x00, 0x00, 0x00, 0x00,
  0x00, 0x00, 0x01, 0x0E, 0x00, 0x04, 0x02, 0x27, 0x01, 0x90, 0x00, 0x05, 0x00, 0x00, 0x02, 0x8A,
  0x02, 0x58, 0x00, 0x00, 0x00, 0x4B, 0x02, 0x8A, 0x02, 0x58, 0x00, 0x00, 0x01, 0x5E, 0x00, 0x32,
  0x01, 0x2F, 0x00, 0x00, 0x00, 0x00, 0x00, 0x00, 0x00, 0x00, 0x00, 0x00, 0x00, 0x00, 0x00, 0x00,
  0x00, 0x03, 0x00, 0x00, 0x00, 0x00, 0x00, 0x00, 0x00, 0x00, 0x00, 0x00, 0x00, 0x00, 0x47, 0x4F,
  0x4F, 0x47, 0x00, 0xC0, 0x00, 0x20, 0x00, 0xFF, 0x03, 0xE0, 0xFE, 0xCA, 0x00, 0x00, 0x03, 0xF4,
  0x01, 0x36, 0x00, 0x00, 0x00, 0x01, 0x00, 0x00, 0x00, 0x00, 0x01, 0xF8, 0x02, 0xBC, 0x00, 0x00,
  0x00, 0x20, 0x00, 0x18, 0x00, 0x00, 0x00, 0x02, 0x00, 0x00, 0x00, 0x03, 0x00, 0x00, 0x00, 0x14,
  0x00, 0x03, 0x00, 0x01, 0x00, 0x00, 0x00, 0x14, 0x00, 0x04, 0x01, 0xA8, 0x00, 0x00, 0x00, 0x0C,
  0x00, 0x08, 0x00, 0x02, 0x00, 0x04, 0x00, 0x2F, 0x00, 0x39, 0x00, 0x7E, 0x00, 0xAC, 0x00, 0xFF,
  0xFF, 0xFF, 0x00, 0x00, 0x00, 0x20, 0x00, 0x30, 0x00, 0x3A, 0x00, 0xA0, 0x00, 0xAE, 0xFF, 0xFF,
  0x00, 0x00, 0x00, 0x5D, 0x00, 0x00, 0x00, 0x00, 0x00, 0x00, 0x00, 0x01, 0x00, 0x0C, 0x00, 0x00,
  0x00, 0x28, 0x00, 0xB0, 0x00, 0xC8, 0x00, 0x00, 0x00, 0xAC, 0x00, 0xB2, 0x00, 0xC7, 0x00, 0xB8,
  0x00, 0xD6, 0x00, 0xE5, 0x00, 0xCC, 0x00, 0xC8, 0x00, 0xBF, 0x00, 0xC0, 0x00, 0xB7, 0x00, 0xD9,
  0x00, 0xAF, 0x00, 0xBD, 0x00, 0xAE, 0x00, 0xB9, 0x00, 0xB0, 0x00, 0xB1, 0x00, 0xDF, 0x00, 0xDD,
  0x00, 0xDE, 0x00, 0xB4, 0x00, 0xCB, 0x00, 0x01, 0x00, 0x09, 0x00, 0x0A, 0x00, 0x0C, 0x00, 0x0E,
  0x00, 0x13, 0x00, 0x14, 0x00, 0x15, 0x00, 0x16, 0x00, 0x1B, 0x00, 0x1C, 0x00, 0x1D, 0x00, 0x1F,
  0x00, 0x20, 0x00, 0x22, 0x00, 0x29, 0x00, 0x2B, 0x00, 0x2C, 0x00, 0x2D, 0x00, 0x2E, 0x00, 0x2F,
  0x00, 0x34, 0x00, 0x35, 0x00, 0x36, 0x00, 0x37, 0x00, 0x39, 0x00, 0xC3, 0x00, 0xBA, 0x00, 0xC4,
  0x00, 0xE3, 0x00, 0xBE, 0x01, 0x0A, 0x00, 0x3B, 0x00, 0x43, 0x00, 0x44, 0x00, 0x46, 0x00, 0x48,
  0x00, 0x4D, 0x00, 0x4E, 0x00, 0x4F, 0x00, 0x50, 0x00, 0x57, 0x00, 0x58, 0x00, 0x59, 0x00, 0x5B,
  0x00, 0x5C, 0x00, 0x5E, 0x00, 0x65, 0x00, 0x67, 0x00, 0x68, 0x00, 0x69, 0x00, 0x6B, 0x00, 0x6C,
  0x00, 0x71, 0x00, 0x72, 0x00, 0x73, 0x00, 0x74, 0x00, 0x77, 0x00, 0xC1, 0x00, 0xD2, 0x00, 0xC2,
  0x00, 0xE1, 0x00, 0xAD, 0x00, 0xB3, 0x00, 0xD4, 0x00, 0xD7, 0x00, 0xD5, 0x00, 0xD8, 0x00, 0xD3,
  0x00, 0xCE, 0x01, 0x09, 0x00, 0xCF, 0x00, 0x8B, 0x00, 0xC5, 0x00, 0xE2, 0x00, 0xD0, 0x01, 0x0C,
  0x00, 0xD1, 0x00, 0xE0, 0x00, 0xA9, 0x00, 0xAA, 0x01, 0x0B, 0x00, 0xE4, 0x00, 0xCD, 0x00, 0xB6,
  0x01, 0x0D, 0x00, 0xA8, 0x00, 0x8C, 0x00, 0xC6, 0x00, 0xA6, 0x00, 0xA5, 0x00, 0xA7, 0x00, 0xB5,
  0x00, 0x05, 0x00, 0x02, 0x00, 0x03, 0x00, 0x07, 0x00, 0x04, 0x00, 0x06, 0x00, 0x08, 0x00, 0x0B,
  0x00, 0x12, 0x00, 0x0F, 0x00, 0x10, 0x00, 0x11, 0x00, 0x1A, 0x00, 0x17, 0x00, 0x18, 0x00, 0x19,
  0x00, 0x0D, 0x00, 0x21, 0x00, 0x26, 0x00, 0x23, 0x00, 0x24, 0x00, 0x28, 0x00, 0x25, 0x00, 0xDB,
  0x00, 0x27, 0x00, 0x33, 0x00, 0x30, 0x00, 0x31, 0x00, 0x32, 0x00, 0x38, 0x00, 0x2A, 0x00, 0x6A,
  0x00, 0x3F, 0x00, 0x3C, 0x00, 0x3D, 0x00, 0x41, 0x00, 0x3E, 0x00, 0x40, 0x00, 0x42, 0x00, 0x45,
  0x00, 0x4C, 0x00, 0x49, 0x00, 0x4A, 0x00, 0x4B, 0x00, 0x56, 0x00, 0x52, 0x00, 0x53, 0x00, 0x54,
  0x00, 0x47, 0x00, 0x5D, 0x00, 0x62, 0x00, 0x5F, 0x00, 0x60, 0x00, 0x64, 0x00, 0x61, 0x00, 0xDC,
  0x00, 0x63, 0x00, 0x70, 0x00, 0x6D, 0x00, 0x6E, 0x00, 0x6F, 0x00, 0x75, 0x00, 0x66, 0x00, 0x76,
  0xB8, 0x01, 0xFF, 0x85, 0xB0, 0x04, 0x8D, 0x00, 0x00, 0x00, 0x00, 0x1C, 0x01, 0x56, 0x00, 0x03,
  0x00, 0x01, 0x04, 0x09, 0x00, 0x00, 0x00, 0xA8, 0x00, 0x00, 0x00, 0x03, 0x00, 0x01, 0x04, 0x09,
  0x00, 0x01, 0x00, 0x0E, 0x00, 0xA8, 0x00, 0x03, 0x00, 0x01, 0x04, 0x09, 0x00, 0x02, 0x00, 0x0E,
  0x00, 0xB6, 0x00, 0x03, 0x00, 0x01, 0x04, 0x09, 0x00, 0x03, 0x00, 0x32, 0x00, 0xC4, 0x00, 0x03,
  0x00, 0x01, 0x04, 0x09, 0x00, 0x04, 0x00, 0x1E, 0x00, 0xF6, 0x00, 0x03, 0x00, 0x01, 0x04, 0x09,
  0x00, 0x05, 0x00, 0x3A, 0x01, 0x14, 0x00, 0x03, 0x00, 0x01, 0x04, 0x09, 0x00, 0x06, 0x00, 0x1C,
  0x01, 0x4E, 0x00, 0x03, 0x00, 0x01, 0x04, 0x09, 0x00, 0x08, 0x00, 0x20, 0x01, 0x6A, 0x00, 0x03,
  0x00, 0x01, 0x04, 0x09, 0x00, 0x09, 0x00, 0x3E, 0x01, 0x8A, 0x00, 0x03, 0x00, 0x01, 0x04, 0x09,
  0x00, 0x0B, 0x00, 0x40, 0x01, 0xC8, 0x00, 0x03, 0x00, 0x01, 0x04, 0x09, 0x00, 0x0C, 0x00, 0x42,
  0x02, 0x08, 0x00, 0x03, 0x00, 0x01, 0x04, 0x09, 0x00, 0x0D, 0x01, 0x22, 0x02, 0x4A, 0x00, 0x03,
  0x00, 0x01, 0x04, 0x09, 0x00, 0x0E, 0x00, 0x36, 0x03, 0x6C, 0x00, 0x03, 0x00, 0x01, 0x04, 0x09,
  0x00, 0x19, 0x00, 0x0C, 0x03, 0xA2, 0x00, 0x03, 0x00, 0x01, 0x04, 0x09, 0x01, 0x00, 0x00, 0x2E,
  0x03, 0xAE, 0x00, 0x03, 0x00, 0x01, 0x04, 0x09, 0x01, 0x01, 0x00, 0x1A, 0x03, 0xDC, 0x00, 0x03,
  0x00, 0x01, 0x04, 0x09, 0x01, 0x02, 0x00, 0x1A, 0x03, 0xF6, 0x00, 0x03, 0x00, 0x01, 0x04, 0x09,
  0x01, 0x03, 0x00, 0x1A, 0x04, 0x10, 0x00, 0x03, 0x00, 0x01, 0x04, 0x09, 0x01, 0x04, 0x00, 0x1A,
  0x04, 0x2A, 0x00, 0x03, 0x00, 0x01, 0x04, 0x09, 0x01, 0x05, 0x00, 0x1A, 0x04, 0x44, 0x00, 0x03,
  0x00, 0x01, 0x04, 0x09, 0x01, 0x06, 0x00, 0x26, 0x04, 0x5E, 0x00, 0x03, 0x00, 0x01, 0x04, 0x09,
  0x01, 0x07, 0x00, 0x1C, 0x04, 0x84, 0x00, 0x03, 0x00, 0x01, 0x04, 0x09, 0x01, 0x08, 0x00, 0x18,
  0x04, 0xA0, 0x00, 0x03, 0x00, 0x01, 0x04, 0x09, 0x01, 0x09, 0x00, 0x0C, 0x04, 0xB8, 0x00, 0x03,
  0x00, 0x01, 0x04, 0x09, 0x01, 0x0D, 0x00, 0x0E, 0x00, 0xB6, 0x00, 0x03, 0x00, 0x01, 0x04, 0x09,
  0x01, 0x14, 0x00, 0x08, 0x04, 0xC4, 0x00, 0x03, 0x00, 0x01, 0x04, 0x09, 0x01, 0x1A, 0x00, 0x0C,
  0x04, 0xCC, 0x00, 0x03, 0x00, 0x01, 0x04, 0x09, 0x01, 0x1B, 0x00, 0x0A, 0x04, 0xD8, 0x00, 0x43,
  0x00, 0x6F, 0x00, 0x70, 0x00, 0x79, 0x00, 0x72, 0x00, 0x69, 0x00, 0x67, 0x00, 0x68, 0x00, 0x74,
  0x00, 0x20, 0x00, 0x32, 0x00, 0x30, 0x00, 0x31, 0x00, 0x34, 0x00, 0x20, 0x00, 0x54, 0x00, 0x68,
  0x00, 0x65, 0x00, 0x20, 0x00, 0x44, 0x00, 0x4D, 0x00, 0x20, 0x00, 0x53, 0x00, 0x61, 0x00, 0x6E,
  0x00, 0x73, 0x00, 0x20, 0x00, 0x50, 0x00, 0x72, 0x00, 0x6F, 0x00, 0x6A, 0x00, 0x65, 0x00, 0x63,
  0x00, 0x74, 0x00, 0x20, 0x00, 0x41, 0x00, 0x75, 0x00, 0x74, 0x00, 0x68, 0x00, 0x6F, 0x00, 0x72,
  0x00, 0x73, 0x00, 0x20, 0x00, 0x28, 0x00, 0x68, 0x00, 0x74, 0x00, 0x74, 0x00, 0x70, 0x00, 0x73,
  0x00, 0x3A, 0x00, 0x2F, 0x00, 0x2F, 0x00, 0x67, 0x00, 0x69, 0x00, 0x74, 0x00, 0x68, 0x00, 0x75,
  0x00, 0x62, 0x00, 0x2E, 0x00, 0x63, 0x00, 0x6F, 0x00, 0x6D, 0x00, 0x2F, 0x00, 0x67, 0x00, 0x6F,
  0x00, 0x6F, 0x00, 0x67, 0x00, 0x6C, 0x00, 0x65, 0x00, 0x66, 0x00, 0x6F, 0x00, 0x6E, 0x00, 0x74,
  0x00, 0x73, 0x00, 0x2F, 0x00, 0x64, 0x00, 0x6D, 0x00, 0x2D, 0x00, 0x66, 0x00, 0x6F, 0x00, 0x6E,
  0x00, 0x74, 0x00, 0x73, 0x00, 0x29, 0x00, 0x44, 0x00, 0x4D, 0x00, 0x20, 0x00, 0x53, 0x00, 0x61,
  0x00, 0x6E, 0x00, 0x73, 0x00, 0x52, 0x00, 0x65, 0x00, 0x67, 0x00, 0x75, 0x00, 0x6C, 0x00, 0x61,
  0x00, 0x72, 0x00, 0x34, 0x00, 0x2E, 0x00, 0x30, 0x00, 0x30, 0x00, 0x34, 0x00, 0x3B, 0x00, 0x47,
  0x00, 0x4F, 0x00, 0x4F, 0x00, 0x47, 0x00, 0x3B, 0x00, 0x44, 0x00, 0x4D, 0x00, 0x53, 0x00, 0x61,
  0x00, 0x6E, 0x00, 0x73, 0x00, 0x2D, 0x00, 0x52, 0x00, 0x65, 0x00, 0x67, 0x00, 0x75, 0x00, 0x6C,
  0x00, 0x61, 0x00, 0x72, 0x00, 0x44, 0x00, 0x4D, 0x00, 0x20, 0x00, 0x53, 0x00, 0x61, 0x00, 0x6E,
  0x00, 0x73, 0x00, 0x20, 0x00, 0x52, 0x00, 0x65, 0x00, 0x67, 0x00, 0x75, 0x00, 0x6C, 0x00, 0x61,
  0x00, 0x72, 0x00, 0x56, 0x00, 0x65, 0x00, 0x72, 0x00, 0x73, 0x00, 0x69, 0x00, 0x6F, 0x00, 0x6E,
  0x00, 0x20, 0x00, 0x34, 0x00, 0x2E, 0x00, 0x30, 0x00, 0x30, 0x00, 0x34, 0x00, 0x3B, 0x00, 0x67,
  0x00, 0x66, 0x00, 0x74, 0x00, 0x6F, 0x00, 0x6F, 0x00, 0x6C, 0x00, 0x73, 0x00, 0x5B, 0x00, 0x30,
  0x00, 0x2E, 0x00, 0x39, 0x00, 0x2E, 0x00, 0x33, 0x00, 0x30, 0x00, 0x5D, 0x00, 0x44, 0x00, 0x4D,
  0x00, 0x53, 0x00, 0x61, 0x00, 0x6E, 0x00, 0x73, 0x00, 0x2D, 0x00, 0x52, 0x00, 0x65, 0x00, 0x67,
  0x00, 0x75, 0x00, 0x6C, 0x00, 0x61, 0x00, 0x72, 0x00, 0x43, 0x00, 0x6F, 0x00, 0x6C, 0x00, 0x6F,
  0x00, 0x70, 0x00, 0x68, 0x00, 0x6F, 0x00, 0x6E, 0x00, 0x20, 0x00, 0x46, 0x00, 0x6F, 0x00, 0x75,
  0x00, 0x6E, 0x00, 0x64, 0x00, 0x72, 0x00, 0x79, 0x00, 0x43, 0x00, 0x6F, 0x00, 0x6C, 0x00, 0x6F,
  0x00, 0x70, 0x00, 0x68, 0x00, 0x6F, 0x00, 0x6E, 0x00, 0x20, 0x00, 0x46, 0x00, 0x6F, 0x00, 0x75,
  0x00, 0x6E, 0x00, 0x64, 0x00, 0x72, 0x00, 0x79, 0x00, 0x2C, 0x00, 0x20, 0x00, 0x4A, 0x00, 0x6F,
  0x00, 0x6E, 0x00, 0x6E, 0x00, 0x79, 0x00, 0x20, 0x00, 0x50, 0x00, 0x69, 0x00, 0x6E, 0x00, 0x68,
  0x00, 0x6F, 0x00, 0x72, 0x00, 0x6E, 0x00, 0x68, 0x00, 0x74, 0x00, 0x74, 0x00, 0x70, 0x00, 0x73,
  0x00, 0x3A, 0x00, 0x2F, 0x00, 0x2F, 0x00, 0x77, 0x00, 0x77, 0x00, 0x77, 0x00, 0x2E, 0x00, 0x63,
  0x00, 0x6F, 0x00, 0x6C, 0x00, 0x6F, 0x00, 0x70, 0x00, 0x68, 0x00, 0x6F, 0x00, 0x6E, 0x00, 0x2D,
  0x00, 0x66, 0x00, 0x6F, 0x00, 0x75, 0x00, 0x6E, 0x00, 0x64, 0x00, 0x72, 0x00, 0x79, 0x00, 0x2E,
  0x00, 0x6F, 0x00, 0x72, 0x00, 0x67, 0x00, 0x68, 0x00, 0x74, 0x00, 0x74, 0x00, 0x70, 0x00, 0x73,
  0x00, 0x3A, 0x00, 0x2F, 0x00, 0x2F, 0x00, 0x77, 0x00, 0x77, 0x00, 0x77, 0x00, 0x2E, 0x00, 0x69,
  0x00, 0x6E, 0x00, 0x64, 0x00, 0x69, 0x00, 0x61, 0x00, 0x6E, 0x00, 0x74, 0x00, 0x79, 0x00, 0x70,
  0x00, 0x65, 0x00, 0x66, 0x00, 0x6F, 0x00, 0x75, 0x00, 0x6E, 0x00, 0x64, 0x00, 0x72, 0x00, 0x79,
  0x00, 0x2E, 0x00, 0x63, 0x00, 0x6F, 0x00, 0x6D, 0x00, 0x54, 0x00, 0x68, 0x00, 0x69, 0x00, 0x73,
  0x00, 0x20, 0x00, 0x46, 0x00, 0x6F, 0x00, 0x6E, 0x00, 0x74, 0x00, 0x20, 0x00, 0x53, 0x00, 0x6F,
  0x00, 0x66, 0x00, 0x74, 0x00, 0x77, 0x00, 0x61, 0x00, 0x72, 0x00, 0x65, 0x00, 0x20, 0x00, 0x69,
  0x00, 0x73, 0x00, 0x20, 0x00, 0x6C, 0x00, 0x69, 0x00, 0x63, 0x00, 0x65, 0x00, 0x6E, 0x00, 0x73,
  0x00, 0x65, 0x00, 0x64, 0x00, 0x20, 0x00, 0x75, 0x00, 0x6E, 0x00, 0x64, 0x00, 0x65, 0x00, 0x72,
  0x00, 0x20, 0x00, 0x74, 0x00, 0x68, 0x00, 0x65, 0x00, 0x20, 0x00, 0x53, 0x00, 0x49, 0x00, 0x4C,
  0x00, 0x20, 0x00, 0x4F, 0x00, 0x70, 0x00, 0x65, 0x00, 0x6E, 0x00, 0x20, 0x00, 0x46, 0x00, 0x6F,
  0x00, 0x6E, 0x00, 0x74, 0x00, 0x20, 0x00, 0x4C, 0x00, 0x69, 0x00, 0x63, 0x00, 0x65, 0x00, 0x6E,
  0x00, 0x73, 0x00, 0x65, 0x00, 0x2C, 0x00, 0x20, 0x00, 0x56, 0x00, 0x65, 0x00, 0x72, 0x00, 0x73,
  0x00, 0x69, 0x00, 0x6F, 0x00, 0x6E, 0x00, 0x20, 0x00, 0x31, 0x00, 0x2E, 0x00, 0x31, 0x00, 0x2E,
  0x00, 0x20, 0x00, 0x54, 0x00, 0x68, 0x00, 0x69, 0x00, 0x73, 0x00, 0x20, 0x00, 0x6C, 0x00, 0x69,
  0x00, 0x63, 0x00, 0x65, 0x00, 0x6E, 0x00, 0x73, 0x00, 0x65, 0x00, 0x20, 0x00, 0x69, 0x00, 0x73,
  0x00, 0x20, 0x00, 0x61, 0x00, 0x76, 0x00, 0x61, 0x00, 0x69, 0x00, 0x6C, 0x00, 0x61, 0x00, 0x62,
  0x00, 0x6C, 0x00, 0x65, 0x00, 0x20, 0x00, 0x77, 0x00, 0x69, 0x00, 0x74, 0x00, 0x68, 0x00, 0x20,
  0x00, 0x61, 0x00, 0x20, 0x00, 0x46, 0x00, 0x41, 0x00, 0x51, 0x00, 0x20, 0x00, 0x61, 0x00, 0x74,
  0x00, 0x3A, 0x00, 0x20, 0x00, 0x68, 0x00, 0x74, 0x00, 0x74, 0x00, 0x70, 0x00, 0x73, 0x00, 0x3A,
  0x00, 0x2F, 0x00, 0x2F, 0x00, 0x73, 0x00, 0x63, 0x00, 0x72, 0x00, 0x69, 0x00, 0x70, 0x00, 0x74,
  0x00, 0x73, 0x00, 0x2E, 0x00, 0x73, 0x00, 0x69, 0x00, 0x6C, 0x00, 0x2E, 0x00, 0x6F, 0x00, 0x72,
  0x00, 0x67, 0x00, 0x2F, 0x00, 0x4F, 0x00, 0x46, 0x00, 0x4C, 0x00, 0x68, 0x00, 0x74, 0x00, 0x74,
  0x00, 0x70, 0x00, 0x73, 0x00, 0x3A, 0x00, 0x2F, 0x00, 0x2F, 0x00, 0x73, 0x00, 0x63, 0x00, 0x72,
  0x00, 0x69, 0x00, 0x70, 0x00, 0x74, 0x00, 0x73, 0x00, 0x2E, 0x00, 0x73, 0x00, 0x69, 0x00, 0x6C,
  0x00, 0x2E, 0x00, 0x6F, 0x00, 0x72, 0x00, 0x67, 0x00, 0x2F, 0x00, 0x4F, 0x00, 0x46, 0x00, 0x4C,
  0x00, 0x44, 0x00, 0x4D, 0x00, 0x53, 0x00, 0x61, 0x00, 0x6E, 0x00, 0x73, 0x00, 0x41, 0x00, 0x6C,
  0x00, 0x74, 0x00, 0x65, 0x00, 0x72, 0x00, 0x6E, 0x00, 0x61, 0x00, 0x74, 0x00, 0x69, 0x00, 0x76,
  0x00, 0x65, 0x00, 0x20, 0x00, 0x50, 0x00, 0x75, 0x00, 0x6E, 0x00, 0x63, 0x00, 0x74, 0x00, 0x75,
  0x00, 0x61, 0x00, 0x74, 0x00, 0x69, 0x00, 0x6F, 0x00, 0x6E, 0x00, 0x41, 0x00, 0x6C, 0x00, 0x74,
  0x00, 0x65, 0x00, 0x72, 0x00, 0x6E, 0x00, 0x61, 0x00, 0x74, 0x00, 0x69, 0x00, 0x76, 0x00, 0x65,
  0x00, 0x20, 0x00, 0x61, 0x00, 0x41, 0x00, 0x6C, 0x00, 0x74, 0x00, 0x65, 0x00, 0x72, 0x00, 0x6E,
  0x00, 0x61, 0x00, 0x74, 0x00, 0x69, 0x00, 0x76, 0x00, 0x65, 0x00, 0x20, 0x00, 0x67, 0x00, 0x41,
  0x00, 0x6C, 0x00, 0x74, 0x00, 0x65, 0x00, 0x72, 0x00, 0x6E, 0x00, 0x61, 0x00, 0x74, 0x00, 0x69,
  0x00, 0x76, 0x00, 0x65, 0x00, 0x20, 0x00, 0x75, 0x00, 0x41, 0x00, 0x6C, 0x00, 0x74, 0x00, 0x65,
  0x00, 0x72, 0x00, 0x6E, 0x00, 0x61, 0x00, 0x74, 0x00, 0x69, 0x00, 0x76, 0x00, 0x65, 0x00, 0x20,
  0x00, 0x79, 0x00, 0x41, 0x00, 0x6C, 0x00, 0x74, 0x00, 0x65, 0x00, 0x72, 0x00, 0x6E, 0x00, 0x61,
  0x00, 0x74, 0x00, 0x69, 0x00, 0x76, 0x00, 0x65, 0x00, 0x20, 0x00, 0x51, 0x00, 0x41, 0x00, 0x6C,
  0x00, 0x74, 0x00, 0x65, 0x00, 0x72, 0x00, 0x6E, 0x00, 0x61, 0x00, 0x74, 0x00, 0x69, 0x00, 0x76,
  0x00, 0x65, 0x00, 0x20, 0x00, 0x4E, 0x00, 0x75, 0x00, 0x6D, 0x00, 0x62, 0x00, 0x65, 0x00, 0x72,
  0x00, 0x73, 0x00, 0x52, 0x00, 0x6F, 0x00, 0x75, 0x00, 0x6E, 0x00, 0x64, 0x00, 0x65, 0x00, 0x6C,
  0x00, 0x20, 0x00, 0x47, 0x00, 0x6C, 0x00, 0x79, 0x00, 0x70, 0x00, 0x68, 0x00, 0x73, 0x00, 0x4F,
  0x00, 0x70, 0x00, 0x74, 0x00, 0x69, 0x00, 0x63, 0x00, 0x61, 0x00, 0x6C, 0x00, 0x20, 0x00, 0x73,
  0x00, 0x69, 0x00, 0x7A, 0x00, 0x65, 0x00, 0x57, 0x00, 0x65, 0x00, 0x69, 0x00, 0x67, 0x00, 0x68,
  0x00, 0x74, 0x00, 0x31, 0x00, 0x34, 0x00, 0x70, 0x00, 0x74, 0x00, 0x49, 0x00, 0x74, 0x00, 0x61,
  0x00, 0x6C, 0x00, 0x69, 0x00, 0x63, 0x00, 0x52, 0x00, 0x6F, 0x00, 0x6D, 0x00, 0x61, 0x00, 0x6E,
  0x00, 0x03, 0x00, 0x00, 0x00, 0x00, 0x00, 0x00, 0xFF, 0x9C, 0x00, 0x32, 0x00, 0x00, 0x00, 0x00,
  0x00, 0x00, 0x00, 0x00, 0x00, 0x00, 0x00, 0x00, 0x00, 0x00, 0x00, 0x00, 0x00, 0x00, 0x00, 0x00,
  0x00, 0x01, 0x00, 0x01, 0xFF, 0xFF, 0x00, 0x0F, 0x00, 0x01, 0x00, 0x00, 0x00, 0x0C, 0x00, 0x00,
  0x00, 0x9A, 0x00, 0x00, 0x00, 0x02, 0x00, 0x17, 0x00, 0x01, 0x00, 0x08, 0x00, 0x01, 0x00, 0x0A,
  0x00, 0x12, 0x00, 0x01, 0x00, 0x14, 0x00, 0x14, 0x00, 0x01, 0x00, 0x16, 0x00, 0x1A, 0x00, 0x01,
  0x00, 0x1C, 0x00, 0x1E, 0x00, 0x01, 0x00, 0x20, 0x00, 0x28, 0x00, 0x01, 0x00, 0x2B, 0x00, 0x33,
  0x00, 0x01, 0x00, 0x35, 0x00, 0x35, 0x00, 0x01, 0x00, 0x37, 0x00, 0x42, 0x00, 0x01, 0x00, 0x44,
  0x00, 0x46, 0x00, 0x01, 0x00, 0x48, 0x00, 0x4C, 0x00, 0x01, 0x00, 0x4E, 0x00, 0x50, 0x00, 0x01,
  0x00, 0x52, 0x00, 0x56, 0x00, 0x01, 0x00, 0x58, 0x00, 0x5A, 0x00, 0x01, 0x00, 0x5C, 0x00, 0x64,
  0x00, 0x01, 0x00, 0x68, 0x00, 0x69, 0x00, 0x01, 0x00, 0x6B, 0x00, 0x70, 0x00, 0x01, 0x00, 0x72,
  0x00, 0x72, 0x00, 0x01, 0x00, 0x74, 0x00, 0x88, 0x00, 0x01, 0x00, 0x89, 0x00, 0x8A, 0x00, 0x02,
  0x00, 0xD4, 0x00, 0xD4, 0x00, 0x01, 0x00, 0xD6, 0x00, 0xD6, 0x00, 0x01, 0x00, 0xD8, 0x00, 0xD8,
  0x00, 0x01, 0x00, 0x08, 0x00, 0x02, 0x00, 0x10, 0x00, 0x18, 0x00, 0x01, 0x00, 0x02, 0x00, 0x89,
  0x00, 0x8A, 0x00, 0x01, 0x00, 0x04, 0x00, 0x01, 0x01, 0x19, 0x00, 0x01, 0x00, 0x04, 0x00, 0x01,
  0x01, 0x1A, 0x00, 0x00, 0x00, 0x01, 0x00, 0x00, 0x00, 0x0A, 0x00, 0x24, 0x00, 0x32, 0x00, 0x02,
  0x44, 0x46, 0x4C, 0x54, 0x00, 0x0E, 0x6C, 0x61, 0x74, 0x6E, 0x00, 0x0E, 0x00, 0x04, 0x00, 0x00,
  0x00, 0x00, 0xFF, 0xFF, 0x00, 0x01, 0x00, 0x00, 0x00, 0x01, 0x6B, 0x65, 0x72, 0x6E, 0x00, 0x08,
  0x00, 0x00, 0x00, 0x01, 0x00, 0x00, 0x00, 0x01, 0x00, 0x04, 0x00, 0x02, 0x00, 0x08, 0x00, 0x02,
  0x00, 0x0A, 0x1B, 0x04, 0x00, 0x01, 0x01, 0x06, 0x00, 0x04, 0x00, 0x00, 0x00, 0x7E, 0x01, 0xB8,
  0x01, 0xB8, 0x01, 0xB8, 0x01, 0xB8, 0x01, 0xB8, 0x01, 0xB8, 0x01, 0xB8, 0x02, 0x12, 0x02, 0x50,
  0x02, 0x50, 0x02, 0x5A, 0x03, 0xEA, 0x02, 0x94, 0x03, 0x52, 0x03, 0x74, 0x03, 0xA6, 0x03, 0xA6,
  0x03, 0xEA, 0x03, 0xEA, 0x03, 0xEA, 0x03, 0xEA, 0x03, 0xEA, 0x03, 0xDC, 0x03, 0xEA, 0x04, 0x10,
  0x04, 0xEA, 0x05, 0x28, 0x05, 0x3E, 0x05, 0xA8, 0x05, 0xA8, 0x05, 0xA8, 0x05, 0xA8, 0x05, 0xA8,
  0x05, 0xB2, 0x06, 0x14, 0x06, 0x7A, 0x07, 0x74, 0x07, 0x74, 0x0B, 0x5E, 0x07, 0xDE, 0x07, 0xDE,
  0x07, 0xDE, 0x07, 0xDE, 0x07, 0xDE, 0x07, 0xDE, 0x07, 0xDE, 0x0B, 0x64, 0x09, 0x0A, 0x07, 0xF8,
  0x07, 0xF8, 0x0B, 0x64, 0x0B, 0x64, 0x0B, 0x64, 0x0B, 0x64, 0x0B, 0x64, 0x08, 0x16, 0x08, 0x94,
  0x08, 0xF6, 0x08, 0xA2, 0x08, 0xEC, 0x08, 0xF6, 0x08, 0xF6, 0x08, 0xF6, 0x09, 0x0A, 0x09, 0x0A,
  0x09, 0x0A, 0x09, 0x0A, 0x09, 0x0A, 0x09, 0x04, 0x09, 0x0A, 0x09, 0x0A, 0x09, 0x0A, 0x09, 0x3C,
  0x09, 0x46, 0x09, 0x64, 0x09, 0x96, 0x09, 0xFC, 0x0A, 0x06, 0x0A, 0xAC, 0x0A, 0xC6, 0x0B, 0x30,
  0x0B, 0x30, 0x0B, 0x30, 0x0B, 0x5E, 0x0B, 0x64, 0x0B, 0x7E, 0x0B, 0xDC, 0x0C, 0x9A, 0x0C, 0xF8,
  0x0D, 0x2A, 0x0D, 0xA4, 0x0E, 0x1A, 0x0F, 0x70, 0x0F, 0xDA, 0x10, 0x3C, 0x10, 0x9E, 0x11, 0x1C,
  0x12, 0x0A, 0x12, 0x10, 0x12, 0x3E, 0x12, 0xA4, 0x12, 0xB2, 0x12, 0xC0, 0x12, 0xC6, 0x12, 0xDC,
  0x13, 0x2A, 0x13, 0xA4, 0x14, 0x66, 0x15, 0xE8, 0x16, 0xAA, 0x16, 0xC4, 0x16, 0xD2, 0x17, 0x68,
  0x18, 0x46, 0x18, 0xBC, 0x18, 0xF6, 0x18, 0xFC, 0x18, 0xFC, 0x19, 0x16, 0x19, 0xB4, 0x1A, 0x36,
  0x1A, 0x3C, 0x1A, 0x7A, 0x1A, 0xC4, 0x1A, 0xCE, 0x1A, 0xE8, 0x00, 0x02, 0x00, 0x1D, 0x00, 0x01,
  0x00, 0x07, 0x00, 0x00, 0x00, 0x09, 0x00, 0x0D, 0x00, 0x07, 0x00, 0x13, 0x00, 0x13, 0x00, 0x0C,
  0x00, 0x1B, 0x00, 0x1E, 0x00, 0x0D, 0x00, 0x22, 0x00, 0x2A, 0x00, 0x11, 0x00, 0x2C, 0x00, 0x2C,
  0x00, 0x1A, 0x00, 0x2E, 0x00, 0x39, 0x00, 0x1B, 0x00, 0x3B, 0x00, 0x45, 0x00, 0x27, 0x00, 0x48,
  0x00, 0x4F, 0x00, 0x32, 0x00, 0x57, 0x00, 0x58, 0x00, 0x3A, 0x00, 0x5B, 0x00, 0x6B, 0x00, 0x3C,
  0x00, 0x71, 0x00, 0x77, 0x00, 0x4D, 0x00, 0x7F, 0x00, 0x7F, 0x00, 0x54, 0x00, 0x8D, 0x00, 0x8D,
  0x00, 0x55, 0x00, 0x8F, 0x00, 0x96, 0x00, 0x56, 0x00, 0x98, 0x00, 0x98, 0x00, 0x5E, 0x00, 0x9A,
  0x00, 0x9B, 0x00, 0x5F, 0x00, 0xA8, 0x00, 0xA8, 0x00, 0x61, 0x00, 0xAE, 0x00, 0xB5, 0x00, 0x62,
  0x00, 0xB7, 0x00, 0xB7, 0x00, 0x6A, 0x00, 0xB9, 0x00, 0xBB, 0x00, 0x6B, 0x00, 0xBD, 0x00, 0xBF,
  0x00, 0x6E, 0x00, 0xC1, 0x00, 0xC2, 0x00, 0x71, 0x00, 0xC5, 0x00, 0xC5, 0x00, 0x73, 0x00, 0xC7,
  0x00, 0xC8, 0x00, 0x74, 0x00, 0xCB, 0x00, 0xCC, 0x00, 0x76, 0x00, 0xD8, 0x00, 0xD9, 0x00, 0x78,
  0x00, 0xDB, 0x00, 0xDC, 0x00, 0x7A, 0x00, 0xDE, 0x00, 0xDF, 0x00, 0x7C, 0x00, 0x16, 0x00, 0x4D,
  0xFF, 0xEF, 0x00, 0x71, 0xFF, 0xCD, 0x00, 0x8D, 0xFF, 0xD8, 0x00, 0x8E, 0xFF, 0xE2, 0x00, 0x90,
  0xFF, 0xEC, 0x00, 0x91, 0xFF, 0xED, 0x00, 0x92, 0xFF, 0xD9, 0x00, 0x93, 0xFF, 0xDD, 0x00, 0x94,
  0xFF, 0xE6, 0x00, 0x95, 0xFF, 0xE2, 0x00, 0x96, 0xFF, 0xD8, 0x00, 0x98, 0xFF, 0xE3, 0x00, 0x9A,
  0xFF, 0xE3, 0x00, 0x9B, 0xFF, 0xB3, 0x00, 0xB4, 0xFF, 0xD9, 0x00, 0xB7, 0xFF, 0xA5, 0x00, 0xBA,
  0xFF, 0xC4, 0x00, 0xC0, 0xFF, 0xDE, 0x00, 0xC1, 0xFF, 0xC7, 0x00, 0xCB, 0xFF, 0xEF, 0x00, 0xD9,
  0xFF, 0xDB, 0x00, 0xDB, 0xFF, 0xEB, 0x00, 0x0F, 0x00, 0x01, 0xFF, 0xF4, 0x00, 0x02, 0xFF, 0xF4,
  0x00, 0x03, 0xFF, 0xF4, 0x00, 0x04, 0xFF, 0xF4, 0x00, 0x05, 0xFF, 0xF4, 0x00, 0x06, 0xFF, 0xF4,
  0x00, 0x07, 0xFF, 0xF4, 0x00, 0x08, 0xFF, 0xDB, 0x00, 0x2E, 0xFF, 0xEF, 0x00, 0x34, 0xFF, 0xEC,
  0x00, 0x35, 0xFF, 0xEC, 0x00, 0x36, 0xFF, 0xE9, 0x00, 0x37, 0xFF, 0xE2, 0x00, 0x38, 0xFF, 0xE2,
  0x00, 0x96, 0xFF, 0xEB, 0x00, 0x02, 0x00, 0x36, 0xFF, 0xEC, 0x00, 0xC0, 0xFF, 0xE2, 0x00, 0x0E,
  0x00, 0x36, 0xFF, 0xD1, 0x00, 0x6C, 0x00, 0x00, 0x00, 0x6D, 0x00, 0x00, 0x00, 0x6E, 0x00, 0x00,
  0x00, 0x6F, 0x00, 0x00, 0x00, 0x70, 0x00, 0x00, 0x00, 0x8F, 0xFF, 0xEF, 0x00, 0x94, 0xFF, 0xE2,
  0x00, 0xAF, 0xFF, 0xD8, 0x00, 0xB9, 0xFF, 0xD7, 0x00, 0xBA, 0xFF, 0xE6, 0x00, 0xBE, 0xFF, 0xD5,
  0x00, 0xC0, 0xFF, 0xBD, 0x00, 0xC2, 0xFF, 0xE1, 0x00, 0x2F, 0x00, 0x01, 0xFF, 0xB9, 0x00, 0x02,
  0xFF, 0xB9, 0x00, 0x03, 0xFF, 0xB9, 0x00, 0x04, 0xFF, 0xB9, 0x00, 0x05, 0xFF, 0xB9, 0x00, 0x06,
  0xFF, 0xB9, 0x00, 0x07, 0xFF, 0xB9, 0x00, 0x08, 0xFF, 0x88, 0x00, 0x1B, 0xFF, 0xC7, 0x00, 0x3B,
  0xFF, 0xDE, 0x00, 0x3C, 0xFF, 0xDE, 0x00, 0x3D, 0xFF, 0xDE, 0x00, 0x3E, 0xFF, 0xDE, 0x00, 0x3F,
  0xFF, 0xDE, 0x00, 0x40, 0xFF, 0xDE, 0x00, 0x41, 0xFF, 0xDE, 0x00, 0x42, 0xFF, 0xDE, 0x00, 0x44,
  0xFF, 0xEB, 0x00, 0x45, 0xFF, 0xEB, 0x00, 0x46, 0xFF, 0xEB, 0x00, 0x47, 0xFF, 0xEB, 0x00, 0x48,
  0xFF, 0xEB, 0x00, 0x49, 0xFF, 0xEB, 0x00, 0x4A, 0xFF, 0xEB, 0x00, 0x4B, 0xFF, 0xEB, 0x00, 0x4C,
  0xFF, 0xEB, 0x00, 0x4E, 0x00, 0x00, 0x00, 0x5E, 0xFF, 0xEB, 0x00, 0x5F, 0xFF, 0xEB, 0x00, 0x60,
  0xFF, 0xEB, 0x00, 0x61, 0xFF, 0xEB, 0x00, 0x62, 0xFF, 0xEB, 0x00, 0x64, 0xFF, 0xEB, 0x00, 0x67,
  0xFF, 0xEB, 0x00, 0x69, 0xFF, 0xEC, 0x00, 0x78, 0xFF, 0xEB, 0x00, 0x7F, 0xFF, 0xEB, 0x00, 0x95,
  0xFF, 0xEF, 0x00, 0x98, 0xFF, 0xE6, 0x00, 0x9A, 0xFF, 0xE2, 0x00, 0xAE, 0xFF, 0xC4, 0x00, 0xAF,
  0xFF, 0xC4, 0x00, 0xBB, 0xFF, 0xD7, 0x00, 0xBE, 0xFF, 0xD8, 0x00, 0xCB, 0xFF, 0xD8, 0x00, 0xCC,
  0xFF, 0xEC, 0x00, 0xDB, 0xFF, 0xEC, 0x00, 0x08, 0x00, 0x01, 0xFF, 0xE2, 0x00, 0x02, 0xFF, 0xE2,
  0x00, 0x03, 0xFF, 0xE2, 0x00, 0x04, 0xFF, 0xE2, 0x00, 0x05, 0xFF, 0xE2, 0x00, 0x06, 0xFF, 0xE2,
  0x00, 0x07, 0xFF, 0xE2, 0x00, 0xAE, 0xFF, 0xEC, 0x00, 0x0C, 0x00, 0x71, 0xFF, 0xE2, 0x00, 0x8D,
  0xFF, 0xE9, 0x00, 0x90, 0xFF, 0xEC, 0x00, 0x91, 0xFF, 0xEB, 0x00, 0x93, 0xFF, 0xE4, 0x00, 0x95,
  0xFF, 0xE2, 0x00, 0x96, 0xFF, 0xE3, 0x00, 0x9A, 0xFF, 0xD8, 0x00, 0x9B, 0xFF, 0xE9, 0x00, 0xB4,
  0xFF, 0xF2, 0x00, 0xCC, 0xFF, 0xF2, 0x00, 0xD9, 0xFF, 0xCE, 0x00, 0x0D, 0x00, 0x71, 0xFF, 0xBD,
  0x00, 0x8D, 0xFF, 0xD9, 0x00, 0x8E, 0xFF, 0xE1, 0x00, 0x91, 0xFF, 0xDE, 0x00, 0x92, 0xFF, 0xEB,
  0x00, 0x93, 0xFF, 0xE3, 0x00, 0x94, 0xFF, 0xCF, 0x00, 0x96, 0xFF, 0xC7, 0x00, 0x9B, 0xFF, 0xC7,
  0x00, 0xB4, 0xFF, 0xE3, 0x00, 0xB7, 0xFF, 0xA3, 0x00, 0xBA, 0xFF, 0xD8, 0x00, 0xD9, 0xFF, 0xC7,
  0x00, 0x03, 0x00, 0xAE, 0xFF, 0xDE, 0x00, 0xB9, 0xFF, 0xD7, 0x00, 0xBE, 0xFF, 0xD8, 0x00, 0x09,
  0x00, 0x36, 0xFF, 0xD1, 0x00, 0x8F, 0xFF, 0xEF, 0x00, 0x94, 0xFF, 0xE2, 0x00, 0xAF, 0xFF, 0xD8,
  0x00, 0xB9, 0xFF, 0xD7, 0x00, 0xBA, 0xFF, 0xE6, 0x00, 0xBE, 0xFF, 0xD5, 0x00, 0xC0, 0xFF, 0xBD,
  0x00, 0xC2, 0xFF, 0xE1, 0x00, 0x36, 0x00, 0x01, 0xFF, 0xA8, 0x00, 0x02, 0xFF, 0xA8, 0x00, 0x03,
  0xFF, 0xA8, 0x00, 0x04, 0xFF, 0xA8, 0x00, 0x05, 0xFF, 0xA8, 0x00, 0x06, 0xFF, 0xA8, 0x00, 0x07,
  0xFF, 0xA8, 0x00, 0x08, 0xFF, 0x7A, 0x00, 0x1B, 0xFF, 0xB3, 0x00, 0x36, 0xFF, 0xE2, 0x00, 0x37,
  0xFF, 0xF4, 0x00, 0x38, 0xFF, 0xF4, 0x00, 0x39, 0xFF, 0xEC, 0x00, 0x3B, 0xFF, 0xE9, 0x00, 0x3C,
  0xFF, 0xE9, 0x00, 0x3D, 0xFF, 0xE9, 0x00, 0x3E, 0xFF, 0xE9, 0x00, 0x3F, 0xFF, 0xE9, 0x00, 0x40,
  0xFF, 0xE9, 0x00, 0x41, 0xFF, 0xE9, 0x00, 0x42, 0xFF, 0xE9, 0x00, 0x44, 0xFF, 0xE3, 0x00, 0x45,
  0xFF, 0xE3, 0x00, 0x46, 0xFF, 0xE3, 0x00, 0x47, 0xFF, 0xE3, 0x00, 0x48, 0xFF, 0xE3, 0x00, 0x49,
  0xFF, 0xE3, 0x00, 0x4A, 0xFF, 0xE3, 0x00, 0x4B, 0xFF, 0xE3, 0x00, 0x4C, 0xFF, 0xE3, 0x00, 0x4E,
  0xFF, 0xDB, 0x00, 0x5E, 0xFF, 0xE3, 0x00, 0x5F, 0xFF, 0xE3, 0x00, 0x60, 0xFF, 0xE3, 0x00, 0x61,
  0xFF, 0xE3, 0x00, 0x62, 0xFF, 0xE3, 0x00, 0x64, 0xFF, 0xE3, 0x00, 0x67, 0xFF, 0xE3, 0x00, 0x78,
  0xFF, 0xE3, 0x00, 0x7F, 0xFF, 0xE3, 0x00, 0x91, 0xFF, 0xC7, 0x00, 0x92, 0xFF, 0xEF, 0x00, 0x95,
  0xFF, 0xF4, 0x00, 0x98, 0xFF, 0xDB, 0x00, 0x9A, 0xFF, 0xE2, 0x00, 0xAE, 0xFF, 0xBA, 0x00, 0xAF,
  0xFF, 0xAD, 0x00, 0xB9, 0xFF, 0xB1, 0x00, 0xBB, 0xFF, 0xC4, 0x00, 0xBE, 0xFF, 0xB3, 0x00, 0xC0,
  0xFF, 0xE2, 0x00, 0xCB, 0xFF, 0xD1, 0x00, 0xCC, 0xFF, 0xD9, 0x00, 0xD9, 0xFF, 0xEF, 0x00, 0x0F,
  0x00, 0x01, 0xFF, 0xCF, 0x00, 0x02, 0xFF, 0xCF, 0x00, 0x03, 0xFF, 0xCF, 0x00, 0x04, 0xFF, 0xCF,
  0x00, 0x05, 0xFF, 0xCF, 0x00, 0x06, 0xFF, 0xCF, 0x00, 0x07, 0xFF, 0xCF, 0x00, 0x2E, 0xFF, 0xB6,
  0x00, 0x34, 0xFF, 0xCF, 0x00, 0x35, 0xFF, 0xD8, 0x00, 0x36, 0xFF, 0xBA, 0x00, 0x37, 0xFF, 0xBB,
  0x00, 0x38, 0xFF, 0xBB, 0x00, 0xAE, 0xFF, 0xC7, 0x00, 0xC0, 0xFF, 0xD9, 0x00, 0x05, 0x00, 0x91,
  0xFF, 0xE3, 0x00, 0x92, 0xFF, 0xEC, 0x00, 0x95, 0xFF, 0xEF, 0x00, 0x98, 0xFF, 0xF6, 0x00, 0xD9,
  0xFF, 0xEF, 0x00, 0x1A, 0x00, 0x1B, 0xFF, 0xAD, 0x00, 0x63, 0xFF, 0xA6, 0x00, 0x65, 0xFF, 0xCE,
  0x00, 0x71, 0xFF, 0xC4, 0x00, 0x73, 0xFF, 0xD1, 0x00, 0x8D, 0xFF, 0xDB, 0x00, 0x8F, 0xFF, 0xED,
  0x00, 0x90, 0xFF, 0xEA, 0x00, 0x91, 0xFF, 0xC4, 0x00, 0x95, 0xFF, 0xDE, 0x00, 0x96, 0xFF, 0xEF,
  0x00, 0x98, 0xFF, 0xEA, 0x00, 0x9A, 0xFF, 0xCE, 0x00, 0xAF, 0xFF, 0xB0, 0x00, 0xB1, 0xFF, 0xCD,
  0x00, 0xB3, 0xFF, 0xD1, 0x00, 0xB4, 0x00, 0x14, 0x00, 0xB5, 0xFF, 0x9F, 0x00, 0xB9, 0xFF, 0xC3,
  0x00, 0xBA, 0x00, 0x04, 0x00, 0xBE, 0xFF, 0xC4, 0x00, 0xC1, 0xFF, 0xE2, 0x00, 0xCB, 0xFF, 0x9F,
  0x00, 0xCC, 0xFF, 0xCE, 0x00, 0xD9, 0xFF, 0xC5, 0x00, 0xDB, 0xFF, 0xC4, 0x00, 0x02, 0x00, 0xB9,
  0xFF, 0xE2, 0x00, 0xBE, 0xFF, 0xD8, 0x00, 0x18, 0x00, 0x1B, 0xFF, 0xC4, 0x00, 0x71, 0xFF, 0xEF,
  0x00, 0x8D, 0xFF, 0xD9, 0x00, 0x8F, 0xFF, 0xE6, 0x00, 0x90, 0xFF, 0xEF, 0x00, 0x91, 0xFF, 0xAA,
  0x00, 0x92, 0xFF, 0xE6, 0x00, 0x93, 0xFF, 0xDE, 0x00, 0x94, 0x00, 0x14, 0x00, 0x95, 0xFF, 0xDD,
  0x00, 0x96, 0xFF, 0xE4, 0x00, 0x98, 0xFF, 0xEF, 0x00, 0x9A, 0xFF, 0xBD, 0x00, 0x9B, 0xFF, 0xEF,
  0x00, 0xAF, 0xFF, 0xB9, 0x00, 0xB0, 0xFF, 0xE2, 0x00, 0xB3, 0xFF, 0xE1, 0x00, 0xB9, 0xFF, 0xB1,
  0x00, 0xBA, 0x00, 0x06, 0x00, 0xBE, 0xFF, 0x9D, 0x00, 0xCB, 0xFF, 0xA5, 0x00, 0xCC, 0xFF, 0xC4,
  0x00, 0xD9, 0xFF, 0xC7, 0x00, 0xDB, 0xFF, 0xBB, 0x00, 0x19, 0x00, 0x1B, 0xFF, 0xD8, 0x00, 0x27,
  0xFF, 0xEC, 0x00, 0x63, 0xFF, 0xCD, 0x00, 0x71, 0xFF, 0xEF, 0x00, 0x8D, 0xFF, 0xD8, 0x00, 0x8F,
  0xFF, 0xE6, 0x00, 0x90, 0xFF, 0xEA, 0x00, 0x91, 0xFF, 0xCE, 0x00, 0x92, 0xFF, 0xDE, 0x00, 0x93,
  0xFF, 0xD8, 0x00, 0x95, 0xFF, 0xD8, 0x00, 0x96, 0xFF, 0xE3, 0x00, 0x98, 0xFF, 0xE6, 0x00, 0x9A,
  0xFF, 0xCE, 0x00, 0x9B, 0xFF, 0xEC, 0x00, 0xAF, 0xFF, 0xC4, 0x00, 0xB1, 0xFF, 0xE1, 0x00, 0xB3,
  0xFF, 0xE2, 0x00, 0xB9, 0xFF, 0xC4, 0x00, 0xBE, 0xFF, 0xBA, 0x00, 0xC1, 0xFF, 0xE2, 0x00, 0xCB,
  0xFF, 0xB0, 0x00, 0xCC, 0xFF, 0xCE, 0x00, 0xD9, 0xFF, 0xC7, 0x00, 0xDB, 0xFF, 0xD5, 0x00, 0x3E,
  0x00, 0x0A, 0xFF, 0xD1, 0x00, 0x0B, 0xFF, 0xD1, 0x00, 0x14, 0xFF, 0xD1, 0x00, 0x22, 0xFF, 0xD1,
  0x00, 0x23, 0xFF, 0xD1, 0x00, 0x24, 0xFF, 0xD1, 0x00, 0x25, 0xFF, 0xD1, 0x00, 0x26, 0xFF, 0xD1,
  0x00, 0x28, 0xFF, 0xD1, 0x00, 0x2B, 0xFF, 0xD1, 0x00, 0x3A, 0xFF, 0xD1, 0x00, 0x3B, 0xFF, 0xEB,
  0x00, 0x3C, 0xFF, 0xEB, 0x00, 0x3D, 0xFF, 0xEB, 0x00, 0x3E, 0xFF, 0xEB, 0x00, 0x3F, 0xFF, 0xEB,
  0x00, 0x40, 0xFF, 0xEB, 0x00, 0x41, 0xFF, 0xEB, 0x00, 0x42, 0xFF, 0xEB, 0x00, 0x44, 0xFF, 0xE1,
  0x00, 0x45, 0xFF, 0xE1, 0x00, 0x46, 0xFF, 0xE1, 0x00, 0x47, 0xFF, 0xE1, 0x00, 0x48, 0xFF, 0xE1,
  0x00, 0x49, 0xFF, 0xE1, 0x00, 0x4A, 0xFF, 0xE1, 0x00, 0x4B, 0xFF, 0xE1, 0x00, 0x4C, 0xFF, 0xE1,
  0x00, 0x4E, 0x00, 0x00, 0x00, 0x5E, 0xFF, 0xE1, 0x00, 0x5F, 0xFF, 0xE1, 0x00, 0x60, 0xFF, 0xE1,
  0x00, 0x61, 0xFF, 0xE1, 0x00, 0x62, 0xFF, 0xE1, 0x00, 0x64, 0xFF, 0xE1, 0x00, 0x67, 0xFF, 0xE1,
  0x00, 0x69, 0xFF, 0xEF, 0x00, 0x6C, 0xFF, 0xE9, 0x00, 0x6D, 0xFF, 0xE9, 0x00, 0x6E, 0xFF, 0xE9,
  0x00, 0x6F, 0xFF, 0xE9, 0x00, 0x70, 0xFF, 0xE9, 0x00, 0x71, 0xFF, 0xE2, 0x00, 0x72, 0xFF, 0xE2,
  0x00, 0x74, 0xFF, 0xEB, 0x00, 0x75, 0xFF, 0xEB, 0x00, 0x76, 0xFF, 0xEB, 0x00, 0x78, 0xFF, 0xE1,
  0x00, 0x7F, 0xFF, 0xE1, 0x00, 0x8D, 0xFF, 0xD7, 0x00, 0x90, 0xFF, 0xEC, 0x00, 0x91, 0xFF, 0xCE,
  0x00, 0x92, 0xFF, 0xD7, 0x00, 0x93, 0xFF, 0xD9, 0x00, 0x95, 0xFF, 0xD8, 0x00, 0x96, 0xFF, 0xD8,
  0x00, 0x98, 0xFF, 0xE2, 0x00, 0x9A, 0xFF, 0xE1, 0x00, 0x9B, 0xFF, 0xD1, 0x00, 0xB4, 0xFF, 0xEB,
  0x00, 0xCB, 0xFF, 0xE6, 0x00, 0xDB, 0xFF, 0xD9, 0x00, 0x1A, 0x00, 0x1B, 0xFF, 0xAF, 0x00, 0x27,
  0xFF, 0xCF, 0x00, 0x71, 0xFF, 0xD6, 0x00, 0x8D, 0xFF, 0xD8, 0x00, 0x8F, 0xFF, 0xE6, 0x00, 0x90,
  0xFF, 0xD1, 0x00, 0x91, 0xFF, 0xB6, 0x00, 0x92, 0xFF, 0xD1, 0x00, 0x93, 0xFF, 0xCF, 0x00, 0x95,
  0xFF, 0xCF, 0x00, 0x96, 0xFF, 0xD9, 0x00, 0x98, 0xFF, 0xEF, 0x00, 0x9A, 0xFF, 0xB7, 0x00, 0x9B,
  0xFF, 0xE7, 0x00, 0xAF, 0xFF, 0xC0, 0x00, 0xB0, 0xFF, 0xE1, 0x00, 0xB1, 0xFF, 0xDC, 0x00, 0xB3,
  0xFF, 0xE1, 0x00, 0xB5, 0xFF, 0xA7, 0x00, 0xB9, 0xFF, 0xC3, 0x00, 0xBE, 0xFF, 0xBA, 0x00, 0xC1,
  0xFF, 0xCE, 0x00, 0xCB, 0xFF, 0x92, 0x00, 0xCC, 0xFF, 0xBA, 0x00, 0xD9, 0xFF, 0xB9, 0x00, 0xDB,
  0xFF, 0xC4, 0x00, 0x06, 0x00, 0x43, 0x00, 0x00, 0x00, 0x71, 0xFF, 0xED, 0x00, 0x94, 0xFF, 0xE6,
  0x00, 0x9B, 0xFF, 0xFD, 0x00, 0xB7, 0xFF, 0xDF, 0x00, 0xBA, 0xFF, 0xD7, 0x00, 0x07, 0x00, 0x71,
  0xFF, 0xF0, 0x00, 0x94, 0xFF, 0xEF, 0x00, 0x9B, 0xFF, 0xEB, 0x00, 0xB4, 0xFF, 0xE2, 0x00, 0xB7,
  0xFF, 0xE9, 0x00, 0xBA, 0xFF, 0xD5, 0x00, 0xC0, 0xFF, 0xFC, 0x00, 0x1F, 0x00, 0x3B, 0xFF, 0xEC,
  0x00, 0x3C, 0xFF, 0xEC, 0x00, 0x3D, 0xFF, 0xEC, 0x00, 0x3E, 0xFF, 0xEC, 0x00, 0x3F, 0xFF, 0xEC,
  0x00, 0x40, 0xFF, 0xEC, 0x00, 0x41, 0xFF, 0xEC, 0x00, 0x42, 0xFF, 0xEC, 0x00, 0x44, 0xFF, 0xEC,
  0x00, 0x45, 0xFF, 0xEC, 0x00, 0x46, 0xFF, 0xEC, 0x00, 0x47, 0xFF, 0xEC, 0x00, 0x48, 0xFF, 0xEC,
  0x00, 0x49, 0xFF, 0xEC, 0x00, 0x4A, 0xFF, 0xEC, 0x00, 0x4B, 0xFF, 0xEC, 0x00, 0x4C, 0xFF, 0xEC,
  0x00, 0x4E, 0xFF, 0xD8, 0x00, 0x5E, 0xFF, 0xEC, 0x00, 0x5F, 0xFF, 0xEC, 0x00, 0x60, 0xFF, 0xEC,
  0x00, 0x61, 0xFF, 0xEC, 0x00, 0x62, 0xFF, 0xEC, 0x00, 0x64, 0xFF, 0xEC, 0x00, 0x67, 0xFF, 0xEC,
  0x00, 0x69, 0xFF, 0xED, 0x00, 0x78, 0xFF, 0xEC, 0x00, 0x7F, 0xFF, 0xEC, 0x00, 0x91, 0xFF, 0xEC,
  0x00, 0xAE, 0xFF, 0xE2, 0x00, 0xCB, 0xFF, 0xDB, 0x00, 0x03, 0x00, 0x57, 0x00, 0x14, 0x00, 0x71,
  0x00, 0x03, 0x00, 0xBA, 0x00, 0x00, 0x00, 0x12, 0x00, 0x44, 0x00, 0x00, 0x00, 0x45, 0x00, 0x00,
  0x00, 0x46, 0x00, 0x00, 0x00, 0x47, 0x00, 0x00, 0x00, 0x48, 0x00, 0x00, 0x00, 0x49, 0x00, 0x00,
  0x00, 0x4A, 0x00, 0x00, 0x00, 0x4B, 0x00, 0x00, 0x00, 0x4C, 0x00, 0x00, 0x00, 0x5E, 0x00, 0x00,
  0x00, 0x5F, 0x00, 0x00, 0x00, 0x60, 0x00, 0x00, 0x00, 0x61, 0x00, 0x00, 0x00, 0x62, 0x00, 0x00,
  0x00, 0x64, 0x00, 0x00, 0x00, 0x67, 0x00, 0x00, 0x00, 0x78, 0x00, 0x00, 0x00, 0x7F, 0x00, 0x00,
  0x00, 0x02, 0x00, 0x50, 0x00, 0x00, 0x00, 0x69, 0xFF, 0xE3, 0x00, 0x03, 0x00, 0x71, 0xFF, 0xF6,
  0x00, 0xB7, 0xFF, 0xE9, 0x00, 0xBA, 0xFF, 0xD8, 0x00, 0x01, 0x00, 0x71, 0xFF, 0xEA, 0x00, 0x0C,
  0x00, 0x71, 0xFF, 0xE7, 0x00, 0x73, 0xFF, 0xEB, 0x00, 0x8E, 0xFF, 0xD8, 0x00, 0x94, 0xFF, 0xBB,
  0x00, 0x96, 0xFF, 0xEF, 0x00, 0x9B, 0xFF, 0xEC, 0x00, 0xB4, 0xFF, 0xE2, 0x00, 0xB7, 0xFF, 0xDE,
  0x00, 0xB9, 0xFF, 0xF5, 0x00, 0xBA, 0xFF, 0xB1, 0x00, 0xC0, 0xFF, 0xD7, 0x00, 0xC2, 0xFF, 0xCE,
  0x00, 0x02, 0x00, 0x57, 0x00, 0x1A, 0x00, 0xBA, 0xFF, 0xD9, 0x00, 0x07, 0x00, 0x63, 0xFF, 0xED,
  0x00, 0x69, 0x00, 0x00, 0x00, 0x8F, 0x00, 0x07, 0x00, 0x90, 0x00, 0x03, 0x00, 0x9B, 0x00, 0x1E,
  0x00, 0xAF, 0xFF, 0xE1, 0x00, 0xB0, 0x00, 0x11, 0x00, 0x0C, 0x00, 0x71, 0xFF, 0xE5, 0x00, 0x74,
  0xFF, 0xEB, 0x00, 0x75, 0xFF, 0xEB, 0x00, 0x76, 0xFF, 0xEB, 0x00, 0x8E, 0xFF, 0xEF, 0x00, 0x94,
  0xFF, 0xD1, 0x00, 0x96, 0xFF, 0xEC, 0x00, 0x9B, 0xFF, 0xEC, 0x00, 0xB4, 0xFF, 0xE3, 0x00, 0xB7,
  0xFF, 0xDB, 0x00, 0xBA, 0xFF, 0xCE, 0x00, 0xC0, 0xFF, 0xFD, 0x00, 0x19, 0x00, 0x44, 0xFF, 0xF4,
  0x00, 0x45, 0xFF, 0xF4, 0x00, 0x46, 0xFF, 0xF4, 0x00, 0x47, 0xFF, 0xF4, 0x00, 0x48, 0xFF, 0xF4,
  0x00, 0x49, 0xFF, 0xF4, 0x00, 0x4A, 0xFF, 0xF4, 0x00, 0x4B, 0xFF, 0xF4, 0x00, 0x4C, 0xFF, 0xF4,
  0x00, 0x5E, 0xFF, 0xF4, 0x00, 0x5F, 0xFF, 0xF4, 0x00, 0x60, 0xFF, 0xF4, 0x00, 0x61, 0xFF, 0xF4,
  0x00, 0x62, 0xFF, 0xF4, 0x00, 0x64, 0xFF, 0xF4, 0x00, 0x67, 0xFF, 0xF4, 0x00, 0x71, 0xFF, 0xCF,
  0x00, 0x74, 0xFF, 0xD2, 0x00, 0x75, 0xFF, 0xD2, 0x00, 0x76, 0xFF, 0xD2, 0x00, 0x78, 0xFF, 0xF4,
  0x00, 0x7F, 0xFF, 0xF4, 0x00, 0x94, 0xFF, 0xD9, 0x00, 0x9B, 0xFF, 0xCF, 0x00, 0xB7, 0xFF, 0xC4,
  0x00, 0x02, 0x00, 0x8F, 0x00, 0x1E, 0x00, 0xAF, 0x00, 0x34, 0x00, 0x29, 0x00, 0x3B, 0xFF, 0xE7,
  0x00, 0x3C, 0xFF, 0xE7, 0x00, 0x3D, 0xFF, 0xE7, 0x00, 0x3E, 0xFF, 0xE7, 0x00, 0x3F, 0xFF, 0xE7,
  0x00, 0x40, 0xFF, 0xE7, 0x00, 0x41, 0xFF, 0xE7, 0x00, 0x42, 0xFF, 0xE7, 0x00, 0x44, 0xFF, 0xE7,
  0x00, 0x45, 0xFF, 0xE7, 0x00, 0x46, 0xFF, 0xE7, 0x00, 0x47, 0xFF, 0xE7, 0x00, 0x48, 0xFF, 0xE7,
  0x00, 0x49, 0xFF, 0xE7, 0x00, 0x4A, 0xFF, 0xE7, 0x00, 0x4B, 0xFF, 0xE7, 0x00, 0x4C, 0xFF, 0xE7,
  0x00, 0x4D, 0x00, 0x14, 0x00, 0x4E, 0xFF, 0xEB, 0x00, 0x5E, 0xFF, 0xE7, 0x00, 0x5F, 0xFF, 0xE7,
  0x00, 0x60, 0xFF, 0xE7, 0x00, 0x61, 0xFF, 0xE7, 0x00, 0x62, 0xFF, 0xE7, 0x00, 0x63, 0xFF, 0xEA,
  0x00, 0x64, 0xFF, 0xE7, 0x00, 0x67, 0xFF, 0xE7, 0x00, 0x69, 0xFF, 0xE6, 0x00, 0x6B, 0x00, 0x03,
  0x00, 0x78, 0xFF, 0xE7, 0x00, 0x7F, 0xFF, 0xE7, 0x00, 0x8F, 0x00, 0x03, 0x00, 0x91, 0xFF, 0xEC,
  0x00, 0x98, 0xFF, 0xEA, 0x00, 0x9A, 0xFF, 0xEC, 0x00, 0xAE, 0xFF, 0xD8, 0x00, 0xAF, 0xFF, 0xCE,
  0x00, 0xB5, 0xFF, 0xD1, 0x00, 0xBB, 0xFF, 0xDF, 0x00, 0xCB, 0xFF, 0xCF, 0x00, 0xCC, 0xFF, 0xED,
  0x00, 0x06, 0x00, 0x91, 0xFF, 0xEF, 0x00, 0x95, 0xFF, 0xEF, 0x00, 0x98, 0xFF, 0xEF, 0x00, 0xAF,
  0xFF, 0xE2, 0x00, 0xB5, 0xFF, 0xE6, 0x00, 0xCB, 0xFF, 0xD8, 0x00, 0x1A, 0x00, 0x3B, 0xFF, 0xFD,
  0x00, 0x3C, 0xFF, 0xFD, 0x00, 0x3D, 0xFF, 0xFD, 0x00, 0x3E, 0xFF, 0xFD, 0x00, 0x3F, 0xFF, 0xFD,
  0x00, 0x40, 0xFF, 0xFD, 0x00, 0x41, 0xFF, 0xFD, 0x00, 0x42, 0xFF, 0xFD, 0x00, 0x44, 0xFF, 0xEB,
  0x00, 0x45, 0xFF, 0xEB, 0x00, 0x46, 0xFF, 0xEB, 0x00, 0x47, 0xFF, 0xEB, 0x00, 0x48, 0xFF, 0xEB,
  0x00, 0x49, 0xFF, 0xEB, 0x00, 0x4A, 0xFF, 0xEB, 0x00, 0x4B, 0xFF, 0xEB, 0x00, 0x4C, 0xFF, 0xEB,
  0x00, 0x5E, 0xFF, 0xEB, 0x00, 0x5F, 0xFF, 0xEB, 0x00, 0x60, 0xFF, 0xEB, 0x00, 0x61, 0xFF, 0xEB,
  0x00, 0x62, 0xFF, 0xEB, 0x00, 0x64, 0xFF, 0xEB, 0x00, 0x67, 0xFF, 0xEB, 0x00, 0x78, 0xFF, 0xEB,
  0x00, 0x7F, 0xFF, 0xEB, 0x00, 0x0B, 0x00, 0x63, 0xFF, 0xD7, 0x00, 0x91, 0xFF, 0xE2, 0x00, 0x94,
  0x00, 0x04, 0x00, 0x98, 0xFF, 0xDE, 0x00, 0x9A, 0xFF, 0xEC, 0x00, 0xAF, 0xFF, 0xC3, 0x00, 0xB5,
  0xFF, 0xC5, 0x00, 0xB9, 0xFF, 0xD8, 0x00, 0xCB, 0xFF, 0xC5, 0x00, 0xCC, 0xFF, 0xFD, 0x00, 0xDB,
  0xFF, 0xEF, 0x00, 0x01, 0x00, 0x91, 0xFF, 0xE6, 0x00, 0x06, 0x00, 0x71, 0xFF, 0xEC, 0x00, 0x73,
  0xFF, 0xE9, 0x00, 0x94, 0xFF, 0xD9, 0x00, 0xB4, 0xFF, 0xEC, 0x00, 0xB7, 0xFF, 0xE9, 0x00, 0xBA,
  0xFF, 0xCD, 0x00, 0x17, 0x00, 0x01, 0xFF, 0xD8, 0x00, 0x02, 0xFF, 0xD8, 0x00, 0x03, 0xFF, 0xD8,
  0x00, 0x04, 0xFF, 0xD8, 0x00, 0x05, 0xFF, 0xD8, 0x00, 0x06, 0xFF, 0xD8, 0x00, 0x07, 0xFF, 0xD8,
  0x00, 0x08, 0xFF, 0xD2, 0x00, 0x2E, 0xFF, 0xDB, 0x00, 0x34, 0xFF, 0xD9, 0x00, 0x35, 0xFF, 0xD8,
  0x00, 0x36, 0xFF, 0xD7, 0x00, 0x37, 0xFF, 0xD8, 0x00, 0x38, 0xFF, 0xD8, 0x00, 0x8F, 0xFF, 0xF6,
  0x00, 0x94, 0xFF, 0xF2, 0x00, 0x98, 0xFF, 0xEF, 0x00, 0xAE, 0xFF, 0xD8, 0x00, 0xAF, 0xFF, 0xE2,
  0x00, 0xB9, 0xFF, 0xD8, 0x00, 0xBA, 0xFF, 0xD9, 0x00, 0xBE, 0xFF, 0xC4, 0x00, 0xC0, 0xFF, 0xD9,
  0x00, 0x2F, 0x00, 0x0A, 0xFF, 0xF6, 0x00, 0x0B, 0xFF, 0xF6, 0x00, 0x14, 0xFF, 0xF6, 0x00, 0x22,
  0xFF, 0xF6, 0x00, 0x23, 0xFF, 0xF6, 0x00, 0x24, 0xFF, 0xF6, 0x00, 0x25, 0xFF, 0xF6, 0x00, 0x26,
  0xFF, 0xF6, 0x00, 0x28, 0xFF, 0xF6, 0x00, 0x2B, 0xFF, 0xF6, 0x00, 0x2E, 0xFF, 0xEA, 0x00, 0x34,
  0xFF, 0xDE, 0x00, 0x35, 0xFF, 0xE6, 0x00, 0x37, 0xFF, 0xD5, 0x00, 0x38, 0xFF, 0xD5, 0x00, 0x3A,
  0xFF, 0xF6, 0x00, 0x44, 0xFF, 0xEF, 0x00, 0x45, 0xFF, 0xEF, 0x00, 0x46, 0xFF, 0xEF, 0x00, 0x47,
  0xFF, 0xEF, 0x00, 0x48, 0xFF, 0xEF, 0x00, 0x49, 0xFF, 0xEF, 0x00, 0x4A, 0xFF, 0xEF, 0x00, 0x4B,
  0xFF, 0xEF, 0x00, 0x4C, 0xFF, 0xEF, 0x00, 0x4D, 0x00, 0x03, 0x00, 0x5E, 0xFF, 0xEF, 0x00, 0x5F,
  0xFF, 0xEF, 0x00, 0x60, 0xFF, 0xEF, 0x00, 0x61, 0xFF, 0xEF, 0x00, 0x62, 0xFF, 0xEF, 0x00, 0x64,
  0xFF, 0xEF, 0x00, 0x67, 0xFF, 0xEF, 0x00, 0x71, 0x00, 0x03, 0x00, 0x73, 0x00, 0x03, 0x00, 0x78,
  0xFF, 0xEF, 0x00, 0x7F, 0xFF, 0xEF, 0x00, 0x8D, 0xFF, 0xF6, 0x00, 0x91, 0xFF, 0xEF, 0x00, 0x94,
  0xFF, 0xEF, 0x00, 0x95, 0xFF, 0xEF, 0x00, 0x96, 0xFF, 0xF6, 0x00, 0x9A, 0xFF, 0xE6, 0x00, 0xB8,
  0x00, 0x04, 0x00, 0xD9, 0xFF, 0xE6, 0x00, 0xDB, 0xFF, 0xEF, 0x00, 0xDC, 0xFF, 0xE6, 0x00, 0x17,
  0x00, 0x01, 0xFF, 0xD8, 0x00, 0x02, 0xFF, 0xD8, 0x00, 0x03, 0xFF, 0xD8, 0x00, 0x04, 0xFF, 0xD8,
  0x00, 0x05, 0xFF, 0xD8, 0x00, 0x06, 0xFF, 0xD8, 0x00, 0x07, 0xFF, 0xD8, 0x00, 0x08, 0xFF, 0xE3,
  0x00, 0x2E, 0xFF, 0xDE, 0x00, 0x34, 0xFF, 0xDB, 0x00, 0x35, 0xFF, 0xE2, 0x00, 0x36, 0xFF, 0xD8,
  0x00, 0x37, 0xFF, 0xCF, 0x00, 0x38, 0xFF, 0xCF, 0x00, 0x8E, 0xFF, 0xEF, 0x00, 0x94, 0xFF, 0xEF,
  0x00, 0x96, 0xFF, 0xE3, 0x00, 0x9B, 0xFF, 0xE6, 0x00, 0xB7, 0xFF, 0xEC, 0x00, 0xB9, 0xFF, 0xD1,
  0x00, 0xBA, 0xFF, 0xD9, 0x00, 0xCB, 0xFF, 0xE3, 0x00, 0xE5, 0xFF, 0xEF, 0x00, 0x0C, 0x00, 0x2E,
  0xFF, 0xD8, 0x00, 0x34, 0xFF, 0xDB, 0x00, 0x35, 0xFF, 0xEB, 0x00, 0x37, 0xFF, 0xE2, 0x00, 0x38,
  0xFF, 0xE2, 0x00, 0x74, 0xFF, 0xEB, 0x00, 0x75, 0xFF, 0xEB, 0x00, 0x76, 0xFF, 0xEB, 0x00, 0x9B,
  0xFF, 0xEB, 0x00, 0xB7, 0xFF, 0xD5, 0x00, 0xCC, 0x00, 0x27, 0x00, 0xE5, 0xFF, 0xFC, 0x00, 0x1E,
  0x00, 0x01, 0xFF, 0xD5, 0x00, 0x02, 0xFF, 0xD5, 0x00, 0x03, 0xFF, 0xD5, 0x00, 0x04, 0xFF, 0xD5,
  0x00, 0x05, 0xFF, 0xD5, 0x00, 0x06, 0xFF, 0xD5, 0x00, 0x07, 0xFF, 0xD5, 0x00, 0x08, 0xFF, 0xDE,
  0x00, 0x2E, 0xFF, 0xEF, 0x00, 0x34, 0xFF, 0xDE, 0x00, 0x35, 0xFF, 0xDE, 0x00, 0x36, 0xFF, 0xD8,
  0x00, 0x37, 0xFF, 0xD2, 0x00, 0x38, 0xFF, 0xD2, 0x00, 0x4E, 0xFF, 0xFD, 0x00, 0x72, 0xFF, 0xEF,
  0x00, 0x74, 0xFF, 0xEF, 0x00, 0x75, 0xFF, 0xEF, 0x00, 0x76, 0xFF, 0xEF, 0x00, 0x8F, 0xFF, 0xEF,
  0x00, 0x94, 0xFF, 0xEF, 0x00, 0x96, 0xFF, 0xE3, 0x00, 0x9B, 0xFF, 0xE6, 0x00, 0xB7, 0xFF, 0xE1,
  0x00, 0xB8, 0x00, 0x04, 0x00, 0xB9, 0xFF, 0xE2, 0x00, 0xBE, 0xFF, 0xCF, 0x00, 0xC7, 0xFF, 0xEF,
  0x00, 0xC8, 0xFF, 0xEF, 0x00, 0xCB, 0xFF, 0xE6, 0x00, 0x1D, 0x00, 0x01, 0xFF, 0xD9, 0x00, 0x02,
  0xFF, 0xD9, 0x00, 0x03, 0xFF, 0xD9, 0x00, 0x04, 0xFF, 0xD9, 0x00, 0x05, 0xFF, 0xD9, 0x00, 0x06,
  0xFF, 0xD9, 0x00, 0x07, 0xFF, 0xD9, 0x00, 0x08, 0xFF, 0xD1, 0x00, 0x2E, 0xFF, 0xDE, 0x00, 0x34,
  0xFF, 0xDE, 0x00, 0x35, 0xFF, 0xD8, 0x00, 0x36, 0xFF, 0xD0, 0x00, 0x37, 0xFF, 0xC5, 0x00, 0x38,
  0xFF, 0xC5, 0x00, 0x4E, 0xFF, 0xEF, 0x00, 0x8F, 0xFF, 0xE6, 0x00, 0x92, 0xFF, 0xEC, 0x00, 0x94,
  0xFF, 0xE6, 0x00, 0x96, 0xFF, 0xEC, 0x00, 0x98, 0xFF, 0xED, 0x00, 0x9B, 0xFF, 0xED, 0x00, 0xAE,
  0xFF, 0xD9, 0x00, 0xB7, 0xFF, 0xE1, 0x00, 0xB9, 0xFF, 0xD9, 0x00, 0xBA, 0xFF, 0xE5, 0x00, 0xBE,
  0xFF, 0xD8, 0x00, 0xC0, 0xFF, 0xE2, 0x00, 0xCB, 0xFF, 0xE6, 0x00, 0xE5, 0xFF, 0xEF, 0x00, 0x55,
  0x00, 0x01, 0xFF, 0xA9, 0x00, 0x02, 0xFF, 0xA9, 0x00, 0x03, 0xFF, 0xA9, 0x00, 0x04, 0xFF, 0xA9,
  0x00, 0x05, 0xFF, 0xA9, 0x00, 0x06, 0xFF, 0xA9, 0x00, 0x07, 0xFF, 0xA9, 0x00, 0x0A, 0xFF, 0xE6,
  0x00, 0x0B, 0xFF, 0xE6, 0x00, 0x14, 0xFF, 0xE6, 0x00, 0x1B, 0xFF, 0xD8, 0x00, 0x22, 0xFF, 0xE6,
  0x00, 0x23, 0xFF, 0xE6, 0x00, 0x24, 0xFF, 0xE6, 0x00, 0x25, 0xFF, 0xE6, 0x00, 0x26, 0xFF, 0xE6,
  0x00, 0x27, 0xFF, 0xE5, 0x00, 0x28, 0xFF, 0xE6, 0x00, 0x2B, 0xFF, 0xE6, 0x00, 0x34, 0x00, 0x14,
  0x00, 0x35, 0x00, 0x03, 0x00, 0x3A, 0xFF, 0xE6, 0x00, 0x3B, 0xFF, 0xDE, 0x00, 0x3C, 0xFF, 0xDE,
  0x00, 0x3D, 0xFF, 0xDE, 0x00, 0x3E, 0xFF, 0xDE, 0x00, 0x3F, 0xFF, 0xDE, 0x00, 0x40, 0xFF, 0xDE,
  0x00, 0x41, 0xFF, 0xDE, 0x00, 0x42, 0xFF, 0xDE, 0x00, 0x44, 0xFF, 0xC5, 0x00, 0x45, 0xFF, 0xC5,
  0x00, 0x46, 0xFF, 0xC5, 0x00, 0x47, 0xFF, 0xC5, 0x00, 0x48, 0xFF, 0xC5, 0x00, 0x49, 0xFF, 0xC5,
  0x00, 0x4A, 0xFF, 0xC5, 0x00, 0x4B, 0xFF, 0xC5, 0x00, 0x4C, 0xFF, 0xC5, 0x00, 0x4D, 0x00, 0x03,
  0x00, 0x4E, 0xFF, 0xD4, 0x00, 0x5B, 0xFF, 0xE6, 0x00, 0x5C, 0xFF, 0xE6, 0x00, 0x5D, 0xFF, 0xE6,
  0x00, 0x5E, 0xFF, 0xC5, 0x00, 0x5F, 0xFF, 0xC5, 0x00, 0x60, 0xFF, 0xC5, 0x00, 0x61, 0xFF, 0xC5,
  0x00, 0x62, 0xFF, 0xC5, 0x00, 0x64, 0xFF, 0xC5, 0x00, 0x65, 0xFF, 0xDE, 0x00, 0x67, 0xFF, 0xC5,
  0x00, 0x68, 0xFF, 0xE6, 0x00, 0x69, 0xFF, 0xC1, 0x00, 0x78, 0xFF, 0xC5, 0x00, 0x7F, 0xFF, 0xC5,
  0x00, 0x8D, 0xFF, 0xF2, 0x00, 0x8E, 0x00, 0x04, 0x00, 0x8F, 0xFF, 0xE6, 0x00, 0x90, 0xFF, 0xE6,
  0x00, 0x91, 0xFF, 0xC5, 0x00, 0x92, 0xFF, 0xE3, 0x00, 0x93, 0xFF, 0xE6, 0x00, 0x95, 0xFF, 0xEF,
  0x00, 0x96, 0xFF, 0xE6, 0x00, 0x98, 0xFF, 0xEB, 0x00, 0x9A, 0xFF, 0xD8, 0x00, 0xAE, 0xFF, 0xC4,
  0x00, 0xAF, 0xFF, 0xCE, 0x00, 0xB1, 0xFF, 0xDB, 0x00, 0xB5, 0xFF, 0xBE, 0x00, 0xB9, 0xFF, 0xA9,
  0x00, 0xBB, 0xFF, 0xB4, 0x00, 0xBD, 0xFF, 0xDE, 0x00, 0xBE, 0xFF, 0xC7, 0x00, 0xC5, 0xFF, 0xCF,
  0x00, 0xC7, 0x00, 0x1E, 0x00, 0xC8, 0x00, 0x1E, 0x00, 0xCB, 0xFF, 0x99, 0x00, 0xCC, 0xFF, 0xD1,
  0x00, 0xD4, 0xFF, 0xD9, 0x00, 0xD9, 0xFF, 0xE6, 0x00, 0xDB, 0xFF, 0xE6, 0x00, 0xDC, 0xFF, 0xDE,
  0x00, 0xDF, 0xFF, 0xDB, 0x00, 0x1A, 0x00, 0x01, 0xFF, 0xE2, 0x00, 0x02, 0xFF, 0xE2, 0x00, 0x03,
  0xFF, 0xE2, 0x00, 0x04, 0xFF, 0xE2, 0x00, 0x05, 0xFF, 0xE2, 0x00, 0x06, 0xFF, 0xE2, 0x00, 0x07,
  0xFF, 0xE2, 0x00, 0x08, 0xFF, 0xE3, 0x00, 0x2E, 0xFF, 0xDE, 0x00, 0x34, 0xFF, 0xDD, 0x00, 0x35,
  0xFF, 0xD8, 0x00, 0x36, 0xFF, 0xD8, 0x00, 0x37, 0xFF, 0xCF, 0x00, 0x38, 0xFF, 0xCF, 0x00, 0x72,
  0xFF, 0xEF, 0x00, 0x8E, 0xFF, 0xEC, 0x00, 0x8F, 0xFF, 0xEF, 0x00, 0x94, 0xFF, 0xE6, 0x00, 0x96,
  0xFF, 0xE3, 0x00, 0x9B, 0xFF, 0xE4, 0x00, 0xB7, 0xFF, 0xE2, 0x00, 0xB9, 0xFF, 0xDE, 0x00, 0xBA,
  0xFF, 0xD9, 0x00, 0xBE, 0xFF, 0xD5, 0x00, 0xC0, 0xFF, 0xD7, 0x00, 0xCB, 0xFF, 0xE6, 0x00, 0x18,
  0x00, 0x01, 0xFF, 0xD0, 0x00, 0x02, 0xFF, 0xD0, 0x00, 0x03, 0xFF, 0xD0, 0x00, 0x04, 0xFF, 0xD0,
  0x00, 0x05, 0xFF, 0xD0, 0x00, 0x06, 0xFF, 0xD0, 0x00, 0x07, 0xFF, 0xD0, 0x00, 0x08, 0xFF, 0xCF,
  0x00, 0x2E, 0xFF, 0xDE, 0x00, 0x34, 0xFF, 0xE2, 0x00, 0x35, 0xFF, 0xD9, 0x00, 0x36, 0xFF, 0xCD,
  0x00, 0x37, 0xFF, 0xCE, 0x00, 0x38, 0xFF, 0xCE, 0x00, 0x8E, 0xFF, 0xEF, 0x00, 0x8F, 0xFF, 0xEF,
  0x00, 0x90, 0xFF, 0xEF, 0x00, 0x94, 0xFF, 0xE6, 0x00, 0x95, 0xFF, 0xEF, 0x00, 0xAE, 0xFF, 0xE2,
  0x00, 0xB9, 0xFF, 0xCE, 0x00, 0xBA, 0xFF, 0xE2, 0x00, 0xBE, 0xFF, 0xCE, 0x00, 0xC0, 0xFF, 0xDF,
  0x00, 0x18, 0x00, 0x01, 0xFF, 0xD9, 0x00, 0x02, 0xFF, 0xD9, 0x00, 0x03, 0xFF, 0xD9, 0x00, 0x04,
  0xFF, 0xD9, 0x00, 0x05, 0xFF, 0xD9, 0x00, 0x06, 0xFF, 0xD9, 0x00, 0x07, 0xFF, 0xD9, 0x00, 0x08,
  0xFF, 0xE1, 0x00, 0x34, 0xFF, 0xEF, 0x00, 0x35, 0xFF, 0xEF, 0x00, 0x36, 0xFF, 0xD8, 0x00, 0x71,
  0xFF, 0xE3, 0x00, 0x72, 0xFF, 0xE3, 0x00, 0x74, 0xFF, 0xDE, 0x00, 0x75, 0xFF, 0xDE, 0x00, 0x76,
  0xFF, 0xDE, 0x00, 0x8F, 0xFF, 0xED, 0x00, 0x9B, 0xFF, 0xE2, 0x00, 0xB7, 0xFF, 0xE1, 0x00, 0xB9,
  0xFF, 0xDE, 0x00, 0xBE, 0xFF, 0xE2, 0x00, 0xCB, 0xFF, 0xD9, 0x00, 0xDE, 0xFF, 0xFD, 0x00, 0xDF,
  0xFF, 0xFC, 0x00, 0x1F, 0x00, 0x01, 0xFF, 0xE6, 0x00, 0x02, 0xFF, 0xE6, 0x00, 0x03, 0xFF, 0xE6,
  0x00, 0x04, 0xFF, 0xE6, 0x00, 0x05, 0xFF, 0xE6, 0x00, 0x06, 0xFF, 0xE6, 0x00, 0x07, 0xFF, 0xE6,
  0x00, 0x2E, 0xFF, 0xDB, 0x00, 0x34, 0xFF, 0xC7, 0x00, 0x35, 0xFF, 0xC5, 0x00, 0x36, 0xFF, 0xCF,
  0x00, 0x37, 0xFF, 0xBB, 0x00, 0x38, 0xFF, 0xBB, 0x00, 0x71, 0xFF, 0xD9, 0x00, 0x72, 0xFF, 0xEF,
  0x00, 0x74, 0xFF, 0xD8, 0x00, 0x75, 0xFF, 0xD8, 0x00, 0x76, 0xFF, 0xD8, 0x00, 0x8F, 0xFF, 0xDE,
  0x00, 0x94, 0xFF, 0xFC, 0x00, 0x96, 0xFF, 0xEF, 0x00, 0x9B, 0xFF, 0xDB, 0x00, 0xB4, 0xFF, 0xE2,
  0x00, 0xB7, 0xFF, 0xC8, 0x00, 0xB9, 0xFF, 0xDE, 0x00, 0xBA, 0xFF, 0xCE, 0x00, 0xBE, 0xFF, 0xE1,
  0x00, 0xC0, 0xFF, 0xFC, 0x00, 0xC7, 0xFF, 0xC4, 0x00, 0xC8, 0xFF, 0xC4, 0x00, 0xE5, 0xFF, 0xD8,
  0x00, 0x3B, 0x00, 0x01, 0xFF, 0xB7, 0x00, 0x02, 0xFF, 0xB7, 0x00, 0x03, 0xFF, 0xB7, 0x00, 0x04,
  0xFF, 0xB7, 0x00, 0x05, 0xFF, 0xB7, 0x00, 0x06, 0xFF, 0xB7, 0x00, 0x07, 0xFF, 0xB7, 0x00, 0x08,
  0xFF, 0xAD, 0x00, 0x1B, 0xFF, 0xCF, 0x00, 0x34, 0xFF, 0xEF, 0x00, 0x35, 0xFF, 0xEC, 0x00, 0x36,
  0xFF, 0xE2, 0x00, 0x37, 0xFF, 0xDE, 0x00, 0x38, 0xFF, 0xDE, 0x00, 0x39, 0xFF, 0xEB, 0x00, 0x3B,
  0xFF, 0xEB, 0x00, 0x3C, 0xFF, 0xEB, 0x00, 0x3D, 0xFF, 0xEB, 0x00, 0x3E, 0xFF, 0xEB, 0x00, 0x3F,
  0xFF, 0xEB, 0x00, 0x40, 0xFF, 0xEB, 0x00, 0x41, 0xFF, 0xEB, 0x00, 0x42, 0xFF, 0xEB, 0x00, 0x44,
  0xFF, 0xE1, 0x00, 0x45, 0xFF, 0xE1, 0x00, 0x46, 0xFF, 0xE1, 0x00, 0x47, 0xFF, 0xE1, 0x00, 0x48,
  0xFF, 0xE1, 0x00, 0x49, 0xFF, 0xE1, 0x00, 0x4A, 0xFF, 0xE1, 0x00, 0x4B, 0xFF, 0xE1, 0x00, 0x4C,
  0xFF, 0xE1, 0x00, 0x4E, 0xFF, 0xE9, 0x00, 0x5E, 0xFF, 0xE1, 0x00, 0x5F, 0xFF, 0xE1, 0x00, 0x60,
  0xFF, 0xE1, 0x00, 0x61, 0xFF, 0xE1, 0x00, 0x62, 0xFF, 0xE1, 0x00, 0x64, 0xFF, 0xE1, 0x00, 0x67,
  0xFF, 0xE1, 0x00, 0x69, 0xFF, 0xF7, 0x00, 0x78, 0xFF, 0xE1, 0x00, 0x7F, 0xFF, 0xE1, 0x00, 0x8F,
  0xFF, 0xF2, 0x00, 0x90, 0xFF, 0xEC, 0x00, 0x91, 0xFF, 0xE8, 0x00, 0x92, 0xFF, 0xEC, 0x00, 0x95,
  0xFF, 0xEC, 0x00, 0x98, 0xFF, 0xD8, 0x00, 0x9A, 0xFF, 0xE1, 0x00, 0xAE, 0xFF, 0xC7, 0x00, 0xAF,
  0xFF, 0xCB, 0x00, 0xB5, 0xFF, 0xB3, 0x00, 0xB9, 0xFF, 0xB9, 0x00, 0xBA, 0xFF, 0xEB, 0x00, 0xBB,
  0xFF, 0xC4, 0x00, 0xBE, 0xFF, 0xA3, 0x00, 0xC0, 0xFF, 0xD5, 0x00, 0xCB, 0xFF, 0xC4, 0x00, 0x01,
  0x00, 0xA2, 0x00, 0x00, 0x00, 0x0B, 0x00, 0x71, 0xFF, 0xD8, 0x00, 0x8D, 0xFF, 0xD8, 0x00, 0x8E,
  0xFF, 0xE9, 0x00, 0x93, 0xFF, 0xE2, 0x00, 0x94, 0xFF, 0xE2, 0x00, 0x96, 0xFF, 0xE2, 0x00, 0x9B,
  0xFF, 0xC1, 0x00, 0xB4, 0xFF, 0xD9, 0x00, 0xBA, 0xFF, 0xC4, 0x00, 0xC1, 0xFF, 0xCE, 0x00, 0xDF,
  0xFF, 0xC4, 0x00, 0x19, 0x00, 0x0A, 0xFF, 0xEC, 0x00, 0x0B, 0xFF, 0xEC, 0x00, 0x14, 0xFF, 0xEC,
  0x00, 0x22, 0xFF, 0xEC, 0x00, 0x23, 0xFF, 0xEC, 0x00, 0x24, 0xFF, 0xEC, 0x00, 0x25, 0xFF, 0xEC,
  0x00, 0x26, 0xFF, 0xEC, 0x00, 0x28, 0xFF, 0xEC, 0x00, 0x2B, 0xFF, 0xEC, 0x00, 0x2E, 0xFF, 0xB0,
  0x00, 0x34, 0xFF, 0xB9, 0x00, 0x35, 0xFF, 0xCD, 0x00, 0x37, 0xFF, 0xB6, 0x00, 0x38, 0xFF, 0xB6,
  0x00, 0x3A, 0xFF, 0xEC, 0x00, 0x6B, 0xFF, 0xE2, 0x00, 0x71, 0xFF, 0xCF, 0x00, 0x72, 0xFF, 0xE2,
  0x00, 0x74, 0xFF, 0xCD, 0x00, 0x75, 0xFF, 0xCD, 0x00, 0x76, 0xFF, 0xCD, 0x00, 0x9B, 0xFF, 0xC4,
  0x00, 0xBA, 0xFF, 0xCB, 0x00, 0xE5, 0xFF, 0xD4, 0x00, 0x03, 0x00, 0x34, 0xFF, 0xE2, 0x00, 0x37,
  0xFF, 0xE1, 0x00, 0x38, 0xFF, 0xE1, 0x00, 0x03, 0x00, 0x2E, 0xFF, 0xCF, 0x00, 0x37, 0xFF, 0xFD,
  0x00, 0x38, 0xFF, 0xFD, 0x00, 0x01, 0x00, 0xB7, 0xFF, 0xFA, 0x00, 0x05, 0x00, 0x2E, 0xFF, 0xD1,
  0x00, 0x34, 0xFF, 0xE1, 0x00, 0x35, 0xFF, 0xE2, 0x00, 0x37, 0xFF, 0xE1, 0x00, 0x38, 0xFF, 0xE1,
  0x00, 0x13, 0x00, 0x01, 0xFF, 0xBA, 0x00, 0x02, 0xFF, 0xBA, 0x00, 0x03, 0xFF, 0xBA, 0x00, 0x04,
  0xFF, 0xBA, 0x00, 0x05, 0xFF, 0xBA, 0x00, 0x06, 0xFF, 0xBA, 0x00, 0x07, 0xFF, 0xBA, 0x00, 0x08,
  0xFF, 0x9D, 0x00, 0x1B, 0xFF, 0xCF, 0x00, 0x36, 0xFF, 0xEC, 0x00, 0xAE, 0xFF, 0xA5, 0x00, 0xAF,
  0xFF, 0xBA, 0x00, 0xB5, 0xFF, 0x92, 0x00, 0xB9, 0xFF, 0xB9, 0x00, 0xBB, 0xFF, 0xD7, 0x00, 0xBE,
  0xFF, 0xA6, 0x00, 0xC0, 0xFF, 0xCA, 0x00, 0xC6, 0x00, 0x00, 0x00, 0xCB, 0xFF, 0xC7, 0x00, 0x1E,
  0x00, 0x2E, 0xFF, 0xC5, 0x00, 0x37, 0xFF, 0xC5, 0x00, 0x38, 0xFF, 0xC5, 0x00, 0x44, 0xFF, 0xEC,
  0x00, 0x45, 0xFF, 0xEC, 0x00, 0x46, 0xFF, 0xEC, 0x00, 0x47, 0xFF, 0xEC, 0x00, 0x48, 0xFF, 0xEC,
  0x00, 0x49, 0xFF, 0xEC, 0x00, 0x4A, 0xFF, 0xEC, 0x00, 0x4B, 0xFF, 0xEC, 0x00, 0x4C, 0xFF, 0xEC,
  0x00, 0x5E, 0xFF, 0xEC, 0x00, 0x5F, 0xFF, 0xEC, 0x00, 0x60, 0xFF, 0xEC, 0x00, 0x61, 0xFF, 0xEC,
  0x00, 0x62, 0xFF, 0xEC, 0x00, 0x64, 0xFF, 0xEC, 0x00, 0x67, 0xFF, 0xEC, 0x00, 0x71, 0xFF, 0xE6,
  0x00, 0x77, 0x00, 0x14, 0x00, 0x78, 0xFF, 0xEC, 0x00, 0x7F, 0xFF, 0xEC, 0x00, 0x93, 0xFF, 0xD9,
  0x00, 0x94, 0xFF, 0xE6, 0x00, 0x96, 0xFF, 0xE6, 0x00, 0x9B, 0xFF, 0xC5, 0x00, 0xB4, 0xFF, 0xD9,
  0x00, 0xBA, 0xFF, 0xE1, 0x00, 0xE5, 0xFF, 0xE8, 0x00, 0x30, 0x00, 0x01, 0xFF, 0xA5, 0x00, 0x02,
  0xFF, 0xA5, 0x00, 0x03, 0xFF, 0xA5, 0x00, 0x04, 0xFF, 0xA5, 0x00, 0x05, 0xFF, 0xA5, 0x00, 0x06,
  0xFF, 0xA5, 0x00, 0x07, 0xFF, 0xA5, 0x00, 0x08, 0xFF, 0x8F, 0x00, 0x1B, 0xFF, 0xBB, 0x00, 0x3B,
  0xFF, 0xF2, 0x00, 0x3C, 0xFF, 0xF2, 0x00, 0x3D, 0xFF, 0xF2, 0x00, 0x3E, 0xFF, 0xF2, 0x00, 0x3F,
  0xFF, 0xF2, 0x00, 0x40, 0xFF, 0xF2, 0x00, 0x41, 0xFF, 0xF2, 0x00, 0x42, 0xFF, 0xF2, 0x00, 0x44,
  0xFF, 0xE9, 0x00, 0x45, 0xFF, 0xE9, 0x00, 0x46, 0xFF, 0xE9, 0x00, 0x47, 0xFF, 0xE9, 0x00, 0x48,
  0xFF, 0xE9, 0x00, 0x49, 0xFF, 0xE9, 0x00, 0x4A, 0xFF, 0xE9, 0x00, 0x4B, 0xFF, 0xE9, 0x00, 0x4C,
  0xFF, 0xE9, 0x00, 0x5E, 0xFF, 0xE9, 0x00, 0x5F, 0xFF, 0xE9, 0x00, 0x60, 0xFF, 0xE9, 0x00, 0x61,
  0xFF, 0xE9, 0x00, 0x62, 0xFF, 0xE9, 0x00, 0x64, 0xFF, 0xE9, 0x00, 0x67, 0xFF, 0xE9, 0x00, 0x69,
  0xFF, 0xE3, 0x00, 0x78, 0xFF, 0xE9, 0x00, 0x7F, 0xFF, 0xE9, 0x00, 0x91, 0xFF, 0x9C, 0x00, 0x92,
  0xFF, 0xDF, 0x00, 0x93, 0xFF, 0xE1, 0x00, 0x95, 0xFF, 0xE2, 0x00, 0x98, 0xFF, 0xBB, 0x00, 0x9A,
  0xFF, 0xD2, 0x00, 0xB2, 0xFF, 0xFA, 0x00, 0xB5, 0xFF, 0xA6, 0x00, 0xB9, 0xFF, 0x98, 0x00, 0xBE,
  0xFF, 0xA0, 0x00, 0xCB, 0xFF, 0xCD, 0x00, 0xCC, 0xFF, 0xD7, 0x00, 0x60, 0x00, 0x09, 0x00, 0x39,
  0x00, 0x0A, 0xFF, 0xE2, 0x00, 0x0B, 0xFF, 0xE2, 0x00, 0x0C, 0x00, 0x39, 0x00, 0x0E, 0x00, 0x39,
  0x00, 0x0F, 0x00, 0x39, 0x00, 0x10, 0x00, 0x39, 0x00, 0x11, 0x00, 0x39, 0x00, 0x12, 0x00, 0x39,
  0x00, 0x13, 0x00, 0x39, 0x00, 0x14, 0xFF, 0xE2, 0x00, 0x15, 0x00, 0x39, 0x00, 0x16, 0x00, 0x39,
  0x00, 0x17, 0x00, 0x39, 0x00, 0x18, 0x00, 0x3C, 0x00, 0x19, 0x00, 0x2B, 0x00, 0x1A, 0x00, 0x39,
  0x00, 0x1B, 0xFF, 0xD8, 0x00, 0x1C, 0x00, 0x39, 0x00, 0x1D, 0x00, 0x39, 0x00, 0x1E, 0x00, 0x39,
  0x00, 0x1F, 0x00, 0x39, 0x00, 0x20, 0x00, 0x39, 0x00, 0x21, 0x00, 0x39, 0x00, 0x22, 0xFF, 0xE2,
  0x00, 0x23, 0xFF, 0xE2, 0x00, 0x24, 0xFF, 0xE2, 0x00, 0x25, 0xFF, 0xE2, 0x00, 0x26, 0xFF, 0xE2,
  0x00, 0x27, 0xFF, 0xE2, 0x00, 0x28, 0xFF, 0xE2, 0x00, 0x29, 0x00, 0x39, 0x00, 0x2A, 0x00, 0x39,
  0x00, 0x2B, 0xFF, 0xE2, 0x00, 0x2C, 0x00, 0x39, 0x00, 0x2E, 0x00, 0x14, 0x00, 0x34, 0x00, 0x1E,
  0x00, 0x35, 0x00, 0x03, 0x00, 0x37, 0x00, 0x15, 0x00, 0x38, 0x00, 0x15, 0x00, 0x3A, 0xFF, 0xE2,
  0x00, 0x3B, 0xFF, 0xCD, 0x00, 0x3C, 0xFF, 0xCD, 0x00, 0x3D, 0xFF, 0xCD, 0x00, 0x3E, 0xFF, 0xCD,
  0x00, 0x3F, 0xFF, 0xCD, 0x00, 0x40, 0xFF, 0xCD, 0x00, 0x41, 0xFF, 0xCD, 0x00, 0x42, 0xFF, 0xCD,
  0x00, 0x44, 0xFF, 0xD1, 0x00, 0x45, 0xFF, 0xD1, 0x00, 0x46, 0xFF, 0xD1, 0x00, 0x47, 0xFF, 0xD1,
  0x00, 0x48, 0xFF, 0xD1, 0x00, 0x49, 0xFF, 0xD1, 0x00, 0x4A, 0xFF, 0xD1, 0x00, 0x4B, 0xFF, 0xD1,
  0x00, 0x4C, 0xFF, 0xD1, 0x00, 0x4E, 0xFF, 0xDF, 0x00, 0x5B, 0xFF, 0xEE, 0x00, 0x5C, 0xFF, 0xEE,
  0x00, 0x5D, 0xFF, 0xEE, 0x00, 0x5E, 0xFF, 0xD1, 0x00, 0x5F, 0xFF, 0xD1, 0x00, 0x60, 0xFF, 0xD1,
  0x00, 0x61, 0xFF, 0xD1, 0x00, 0x62, 0xFF, 0xD1, 0x00, 0x64, 0xFF, 0xD1, 0x00, 0x67, 0xFF, 0xD1,
  0x00, 0x68, 0xFF, 0xEE, 0x00, 0x69, 0xFF, 0xE2, 0x00, 0x78, 0xFF, 0xD1, 0x00, 0x7F, 0xFF, 0xD1,
  0x00, 0x8D, 0xFF, 0xEC, 0x00, 0x90, 0xFF, 0xD9, 0x00, 0x91, 0xFF, 0xBB, 0x00, 0x92, 0xFF, 0xE2,
  0x00, 0x93, 0xFF, 0xE3, 0x00, 0x95, 0xFF, 0xDE, 0x00, 0x96, 0xFF, 0xD9, 0x00, 0x98, 0xFF, 0xE6,
  0x00, 0x9A, 0xFF, 0xCC, 0x00, 0x9B, 0xFF, 0xE3, 0x00, 0xAE, 0xFF, 0x8A, 0x00, 0xAF, 0xFF, 0xC4,
  0x00, 0xB5, 0xFF, 0xC3, 0x00, 0xB7, 0xFF, 0xFA, 0x00, 0xB9, 0xFF, 0x88, 0x00, 0xBB, 0xFF, 0x9F,
  0x00, 0xBD, 0xFF, 0xC0, 0x00, 0xBE, 0xFF, 0x6B, 0x00, 0xCB, 0xFF, 0xA0, 0x00, 0xCC, 0xFF, 0xCE,
  0x00, 0xD2, 0x00, 0x39, 0x00, 0xD3, 0x00, 0x39, 0x00, 0xD9, 0xFF, 0xC7, 0x00, 0x30, 0x00, 0x0A,
  0xFF, 0xEF, 0x00, 0x0B, 0xFF, 0xEF, 0x00, 0x14, 0xFF, 0xEF, 0x00, 0x22, 0xFF, 0xEF, 0x00, 0x23,
  0xFF, 0xEF, 0x00, 0x24, 0xFF, 0xEF, 0x00, 0x25, 0xFF, 0xEF, 0x00, 0x26, 0xFF, 0xEF, 0x00, 0x28,
  0xFF, 0xEF, 0x00, 0x2B, 0xFF, 0xEF, 0x00, 0x2E, 0xFF, 0xF9, 0x00, 0x34, 0xFF, 0xC4, 0x00, 0x35,
  0xFF, 0xC7, 0x00, 0x37, 0xFF, 0xBA, 0x00, 0x38, 0xFF, 0xBA, 0x00, 0x3A, 0xFF, 0xEF, 0x00, 0x44,
  0xFF, 0xF2, 0x00, 0x45, 0xFF, 0xF2, 0x00, 0x46, 0xFF, 0xF2, 0x00, 0x47, 0xFF, 0xF2, 0x00, 0x48,
  0xFF, 0xF2, 0x00, 0x49, 0xFF, 0xF2, 0x00, 0x4A, 0xFF, 0xF2, 0x00, 0x4B, 0xFF, 0xF2, 0x00, 0x4C,
  0xFF, 0xF2, 0x00, 0x5E, 0xFF, 0xF2, 0x00, 0x5F, 0xFF, 0xF2, 0x00, 0x60, 0xFF, 0xF2, 0x00, 0x61,
  0xFF, 0xF2, 0x00, 0x62, 0xFF, 0xF2, 0x00, 0x64, 0xFF, 0xF2, 0x00, 0x67, 0xFF, 0xF2, 0x00, 0x78,
  0xFF, 0xF2, 0x00, 0x7F, 0xFF, 0xF2, 0x00, 0x8D, 0xFF, 0xE3, 0x00, 0x93, 0xFF, 0xE1, 0x00, 0x94,
  0xFF, 0xE6, 0x00, 0x95, 0xFF, 0xD9, 0x00, 0x96, 0xFF, 0xE2, 0x00, 0x9A, 0xFF, 0xFD, 0x00, 0x9B,
  0xFF, 0xBD, 0x00, 0xAF, 0x00, 0x39, 0x00, 0xB4, 0xFF, 0xE2, 0x00, 0xBA, 0xFF, 0x77, 0x00, 0xBD,
  0xFF, 0xE2, 0x00, 0xBE, 0x00, 0x29, 0x00, 0xC7, 0xFF, 0xA5, 0x00, 0xC8, 0xFF, 0xA5, 0x00, 0x06,
  0x00, 0x71, 0xFF, 0xD8, 0x00, 0x8E, 0xFF, 0xD8, 0x00, 0x94, 0xFF, 0xD5, 0x00, 0x9B, 0xFF, 0xC7,
  0x00, 0xB4, 0xFF, 0xE2, 0x00, 0xBA, 0xFF, 0xB9, 0x00, 0x03, 0x00, 0x94, 0xFF, 0xC5, 0x00, 0xB9,
  0xFF, 0xCF, 0x00, 0xBA, 0xFF, 0xCF, 0x00, 0x25, 0x00, 0x0A, 0xFF, 0xD5, 0x00, 0x0B, 0xFF, 0xD5,
  0x00, 0x14, 0xFF, 0xD5, 0x00, 0x22, 0xFF, 0xD5, 0x00, 0x23, 0xFF, 0xD5, 0x00, 0x24, 0xFF, 0xD5,
  0x00, 0x25, 0xFF, 0xD5, 0x00, 0x26, 0xFF, 0xD5, 0x00, 0x28, 0xFF, 0xD5, 0x00, 0x2B, 0xFF, 0xD5,
  0x00, 0x2E, 0xFF, 0xC4, 0x00, 0x2F, 0xFF, 0xD8, 0x00, 0x30, 0xFF, 0xD8, 0x00, 0x31, 0xFF, 0xD8,
  0x00, 0x32, 0xFF, 0xD8, 0x00, 0x33, 0xFF, 0xD8, 0x00, 0x34, 0xFF, 0x9D, 0x00, 0x35, 0xFF, 0xBA,
  0x00, 0x37, 0xFF, 0xBA, 0x00, 0x38, 0xFF, 0xBA, 0x00, 0x3A, 0xFF, 0xD5, 0x00, 0x57, 0x00, 0x08,
  0x00, 0x8D, 0xFF, 0xC4, 0x00, 0x8E, 0xFF, 0xCD, 0x00, 0x91, 0xFF, 0xCD, 0x00, 0x92, 0xFF, 0xD5,
  0x00, 0x93, 0xFF, 0xB1, 0x00, 0x94, 0xFF, 0xDE, 0x00, 0x95, 0xFF, 0xD5, 0x00, 0x96, 0xFF, 0xBA,
  0x00, 0x98, 0xFF, 0xCF, 0x00, 0x9A, 0xFF, 0xD7, 0x00, 0x9B, 0xFF, 0x8B, 0x00, 0xB4, 0xFF, 0xCF,
  0x00, 0xB7, 0xFF, 0xA0, 0x00, 0xBA, 0xFF, 0x5A, 0x00, 0xCC, 0xFF, 0xD8, 0x00, 0x37, 0x00, 0x01,
  0xFF, 0xDE, 0x00, 0x02, 0xFF, 0xDE, 0x00, 0x03, 0xFF, 0xDE, 0x00, 0x04, 0xFF, 0xDE, 0x00, 0x05,
  0xFF, 0xDE, 0x00, 0x06, 0xFF, 0xDE, 0x00, 0x07, 0xFF, 0xDE, 0x00, 0x0A, 0xFF, 0xBD, 0x00, 0x0B,
  0xFF, 0xBD, 0x00, 0x14, 0xFF, 0xBD, 0x00, 0x22, 0xFF, 0xBD, 0x00, 0x23, 0xFF, 0xBD, 0x00, 0x24,
  0xFF, 0xBD, 0x00, 0x25, 0xFF, 0xBD, 0x00, 0x26, 0xFF, 0xBD, 0x00, 0x28, 0xFF, 0xBD, 0x00, 0x2B,
  0xFF, 0xBD, 0x00, 0x3A, 0xFF, 0xBD, 0x00, 0x3B, 0xFF, 0xD7, 0x00, 0x3C, 0xFF, 0xD7, 0x00, 0x3D,
  0xFF, 0xD7, 0x00, 0x3E, 0xFF, 0xD7, 0x00, 0x3F, 0xFF, 0xD7, 0x00, 0x40, 0xFF, 0xD7, 0x00, 0x41,
  0xFF, 0xD7, 0x00, 0x42, 0xFF, 0xD7, 0x00, 0x44, 0xFF, 0xD7, 0x00, 0x45, 0xFF, 0xD7, 0x00, 0x46,
  0xFF, 0xD7, 0x00, 0x47, 0xFF, 0xD7, 0x00, 0x48, 0xFF, 0xD7, 0x00, 0x49, 0xFF, 0xD7, 0x00, 0x4A,
  0xFF, 0xD7, 0x00, 0x4B, 0xFF, 0xD7, 0x00, 0x4C, 0xFF, 0xD7, 0x00, 0x5E, 0xFF, 0xD7, 0x00, 0x5F,
  0xFF, 0xD7, 0x00, 0x60, 0xFF, 0xD7, 0x00, 0x61, 0xFF, 0xD7, 0x00, 0x62, 0xFF, 0xD7, 0x00, 0x64,
  0xFF, 0xD7, 0x00, 0x67, 0xFF, 0xD7, 0x00, 0x69, 0xFF, 0xEC, 0x00, 0x6B, 0xFF, 0xEF, 0x00, 0x78,
  0xFF, 0xD7, 0x00, 0x7F, 0xFF, 0xD7, 0x00, 0x8D, 0xFF, 0xD9, 0x00, 0x91, 0xFF, 0xD9, 0x00, 0x93,
  0xFF, 0xE2, 0x00, 0x95, 0xFF, 0xD7, 0x00, 0x96, 0xFF, 0xE1, 0x00, 0x9A, 0xFF, 0xD8, 0x00, 0x9B,
  0xFF, 0xCD, 0x00, 0xCB, 0xFF, 0xD9, 0x00, 0xCC, 0xFF, 0xD8, 0x00, 0x1D, 0x00, 0x0A, 0xFF, 0xE1,
  0x00, 0x0B, 0xFF, 0xE1, 0x00, 0x14, 0xFF, 0xE1, 0x00, 0x22, 0xFF, 0xE1, 0x00, 0x23, 0xFF, 0xE1,
  0x00, 0x24, 0xFF, 0xE1, 0x00, 0x25, 0xFF, 0xE1, 0x00, 0x26, 0xFF, 0xE1, 0x00, 0x28, 0xFF, 0xE1,
  0x00, 0x2B, 0xFF, 0xE1, 0x00, 0x3A, 0xFF, 0xE1, 0x00, 0x44, 0xFF, 0xCE, 0x00, 0x45, 0xFF, 0xCE,
  0x00, 0x46, 0xFF, 0xCE, 0x00, 0x47, 0xFF, 0xCE, 0x00, 0x48, 0xFF, 0xCE, 0x00, 0x49, 0xFF, 0xCE,
  0x00, 0x4A, 0xFF, 0xCE, 0x00, 0x4B, 0xFF, 0xCE, 0x00, 0x4C, 0xFF, 0xCE, 0x00, 0x5E, 0xFF, 0xCE,
  0x00, 0x5F, 0xFF, 0xCE, 0x00, 0x60, 0xFF, 0xCE, 0x00, 0x61, 0xFF, 0xCE, 0x00, 0x62, 0xFF, 0xCE,
  0x00, 0x64, 0xFF, 0xCE, 0x00, 0x67, 0xFF, 0xCE, 0x00, 0x78, 0xFF, 0xCE, 0x00, 0x7F, 0xFF, 0xCE,
  0x00, 0x0E, 0x00, 0x01, 0xFF, 0xC7, 0x00, 0x02, 0xFF, 0xC7, 0x00, 0x03, 0xFF, 0xC7, 0x00, 0x04,
  0xFF, 0xC7, 0x00, 0x05, 0xFF, 0xC7, 0x00, 0x06, 0xFF, 0xC7, 0x00, 0x07, 0xFF, 0xC7, 0x00, 0x08,
  0xFF, 0xBD, 0x00, 0x2E, 0xFF, 0xE2, 0x00, 0x35, 0xFF, 0xE2, 0x00, 0x37, 0xFF, 0xCE, 0x00, 0x38,
  0xFF, 0xCE, 0x00, 0xAE, 0xFF, 0xCE, 0x00, 0xAF, 0xFF, 0xE1, 0x00, 0x01, 0x00, 0x94, 0xFF, 0xD9,
  0x00, 0x06, 0x00, 0x1B, 0xFF, 0xBA, 0x00, 0x91, 0xFF, 0xCB, 0x00, 0x92, 0xFF, 0xE2, 0x00, 0x94,
  0x00, 0x1E, 0x00, 0x9A, 0xFF, 0xD5, 0x00, 0xCB, 0xFF, 0xB0, 0x00, 0x27, 0x00, 0x01, 0xFF, 0xD3,
  0x00, 0x02, 0xFF, 0xD3, 0x00, 0x03, 0xFF, 0xD3, 0x00, 0x04, 0xFF, 0xD3, 0x00, 0x05, 0xFF, 0xD3,
  0x00, 0x06, 0xFF, 0xD3, 0x00, 0x07, 0xFF, 0xD3, 0x00, 0x08, 0xFF, 0xC4, 0x00, 0x2E, 0xFF, 0xC7,
  0x00, 0x34, 0xFF, 0xC4, 0x00, 0x35, 0xFF, 0xD7, 0x00, 0x36, 0xFF, 0xC7, 0x00, 0x37, 0xFF, 0xA7,
  0x00, 0x38, 0xFF, 0xA7, 0x00, 0x72, 0xFF, 0xEF, 0x00, 0x74, 0xFF, 0xEC, 0x00, 0x75, 0xFF, 0xEC,
  0x00, 0x76, 0xFF, 0xEC, 0x00, 0x8E, 0xFF, 0xFF, 0x00, 0x8F, 0xFF, 0xDB, 0x00, 0x90, 0xFF, 0xEC,
  0x00, 0x91, 0xFF, 0xEF, 0x00, 0x94, 0xFF, 0xC0, 0x00, 0x95, 0xFF, 0xE6, 0x00, 0x98, 0xFF, 0xEC,
  0x00, 0x9B, 0xFF, 0xEC, 0x00, 0xAE, 0xFF, 0xE2, 0x00, 0xAF, 0xFF, 0xDF, 0x00, 0xB4, 0xFF, 0xE2,
  0x00, 0xB7, 0xFF, 0xDF, 0x00, 0xB9, 0xFF, 0xCE, 0x00, 0xBA, 0xFF, 0xCE, 0x00, 0xBE, 0xFF, 0xC4,
  0x00, 0xC0, 0xFF, 0xBB, 0x00, 0xC7, 0xFF, 0xCF, 0x00, 0xC8, 0xFF, 0xCF, 0x00, 0xDE, 0xFF, 0xCF,
  0x00, 0xDF, 0xFF, 0xE2, 0x00, 0xE5, 0xFF, 0xD8, 0x00, 0x20, 0x00, 0x0A, 0xFF, 0xFD, 0x00, 0x0B,
  0xFF, 0xFD, 0x00, 0x14, 0xFF, 0xFD, 0x00, 0x22, 0xFF, 0xFD, 0x00, 0x23, 0xFF, 0xFD, 0x00, 0x24,
  0xFF, 0xFD, 0x00, 0x25, 0xFF, 0xFD, 0x00, 0x26, 0xFF, 0xFD, 0x00, 0x28, 0xFF, 0xFD, 0x00, 0x2B,
  0xFF, 0xFD, 0x00, 0x2E, 0xFF, 0xD5, 0x00, 0x34, 0xFF, 0xCD, 0x00, 0x35, 0xFF, 0xE1, 0x00, 0x37,
  0xFF, 0xC3, 0x00, 0x38, 0xFF, 0xC3, 0x00, 0x3A, 0xFF, 0xFD, 0x00, 0x71, 0xFF, 0xFD, 0x00, 0x72,
  0xFF, 0xFD, 0x00, 0x74, 0xFF, 0xFD, 0x00, 0x75, 0xFF, 0xFD, 0x00, 0x76, 0xFF, 0xFD, 0x00, 0x91,
  0xFF, 0xFC, 0x00, 0x94, 0xFF, 0xE6, 0x00, 0x96, 0xFF, 0xEC, 0x00, 0x98, 0xFF, 0xFD, 0x00, 0x9B,
  0xFF, 0xFC, 0x00, 0xB4, 0xFF, 0xD8, 0x00, 0xB7, 0xFF, 0xDA, 0x00, 0xBA, 0xFF, 0xD5, 0x00, 0xC7,
  0xFF, 0xD2, 0x00, 0xC8, 0xFF, 0xD2, 0x00, 0xE5, 0xFF, 0xE9, 0x00, 0x01, 0x00, 0x94, 0x00, 0x15,
  0x00, 0x0F, 0x00, 0x01, 0xFF, 0xDB, 0x00, 0x02, 0xFF, 0xDB, 0x00, 0x03, 0xFF, 0xDB, 0x00, 0x04,
  0xFF, 0xDB, 0x00, 0x05, 0xFF, 0xDB, 0x00, 0x06, 0xFF, 0xDB, 0x00, 0x07, 0xFF, 0xDB, 0x00, 0x2E,
  0xFF, 0xC5, 0x00, 0x34, 0xFF, 0xC7, 0x00, 0x35, 0xFF, 0xC7, 0x00, 0x37, 0xFF, 0xB9, 0x00, 0x38,
  0xFF, 0xB9, 0x00, 0x94, 0xFF, 0xCC, 0x00, 0x9B, 0xFF, 0xEF, 0x00, 0xB9, 0xFF, 0xD1, 0x00, 0x12,
  0x00, 0x01, 0xFF, 0xEB, 0x00, 0x02, 0xFF, 0xEB, 0x00, 0x03, 0xFF, 0xEB, 0x00, 0x04, 0xFF, 0xEB,
  0x00, 0x05, 0xFF, 0xEB, 0x00, 0x06, 0xFF, 0xEB, 0x00, 0x07, 0xFF, 0xEB, 0x00, 0x08, 0xFF, 0xCC,
  0x00, 0x2E, 0xFF, 0xC4, 0x00, 0x34, 0xFF, 0xBB, 0x00, 0x35, 0xFF, 0xD5, 0x00, 0x36, 0xFF, 0xD9,
  0x00, 0x37, 0xFF, 0xC4, 0x00, 0x38, 0xFF, 0xC4, 0x00, 0x74, 0xFF, 0xEF, 0x00, 0x75, 0xFF, 0xEF,
  0x00, 0x76, 0xFF, 0xEF, 0x00, 0x94, 0xFF, 0xDE, 0x00, 0x02, 0x00, 0x8E, 0xFF, 0xE6, 0x00, 0x94,
  0xFF, 0xDE, 0x00, 0x06, 0x00, 0x94, 0xFF, 0xD8, 0x00, 0x98, 0xFF, 0xFA, 0x00, 0x9B, 0xFF, 0xEF,
  0x00, 0xAE, 0xFF, 0xC4, 0x00, 0xC0, 0xFF, 0xC5, 0x00, 0xCB, 0xFF, 0xBD, 0x00, 0x04, 0x00, 0x98,
  0xFF, 0xFC, 0x00, 0x9B, 0xFF, 0xE2, 0x00, 0xC0, 0xFF, 0xD8, 0x00, 0xCB, 0xFF, 0xD8, 0x00, 0x02,
  0x08, 0x4C, 0x00, 0x04, 0x00, 0x00, 0x08, 0xEC, 0x09, 0xEC, 0x00, 0x22, 0x00, 0x1F, 0x00, 0x00,
  0x00, 0x00, 0x00, 0x00, 0x00, 0x00, 0x00, 0x00, 0x00, 0x00, 0x00, 0x00, 0x00, 0x00, 0x00, 0x00,
  0x00, 0x00, 0x00, 0x00, 0x00, 0x00, 0x00, 0x00, 0x00, 0x00, 0x00, 0x00, 0x00, 0x00, 0x00, 0x00,
  0x00, 0x00, 0x00, 0x00, 0x00, 0x00, 0x00, 0x00, 0x00, 0x00, 0x00, 0x00, 0x00, 0x00, 0x00, 0x00,
  0x00, 0x00, 0x00, 0x00, 0x00, 0x00, 0x00, 0x00, 0x00, 0x00, 0x00, 0x00, 0x00, 0x00, 0x00, 0x00,
  0x00, 0x00, 0x00, 0x00, 0x00, 0x00, 0x00, 0x00, 0x00, 0x00, 0x00, 0x00, 0x00, 0x00, 0x00, 0x00,
  0x00, 0x00, 0xFF, 0xEC, 0x00, 0x00, 0x00, 0x00, 0x00, 0x00, 0xFF, 0xEC, 0x00, 0x00, 0x00, 0x00,
  0xFF, 0xFD, 0xFF, 0xEF, 0x00, 0x00, 0x00, 0x00, 0x00, 0x00, 0x00, 0x00, 0x00, 0x00, 0x00, 0x00,
  0x00, 0x00, 0xFF, 0xD5, 0x00, 0x00, 0x00, 0x00, 0x00, 0x00, 0x00, 0x00, 0x00, 0x00, 0x00, 0x00,
  0x00, 0x00, 0x00, 0x00, 0x00, 0x00, 0x00, 0x00, 0x00, 0x00, 0xFF, 0xCE, 0x00, 0x00, 0xFF, 0xCF,
  0x00, 0x00, 0x00, 0x00, 0xFF, 0xE7, 0x00, 0x00, 0x00, 0x00, 0xFF, 0xDC, 0x00, 0x00, 0x00, 0x00,
  0x00, 0x00, 0x00, 0x00, 0x00, 0x00, 0xFF, 0xCF, 0xFF, 0xE2, 0x00, 0x00, 0x00, 0x00, 0x00, 0x00,
  0x00, 0x00, 0xFF, 0xE5, 0x00, 0x00, 0x00, 0x00, 0x00, 0x00, 0x00, 0x00, 0x00, 0x00, 0x00, 0x00,
  0x00, 0x00, 0x00, 0x00, 0x00, 0x00, 0x00, 0x00, 0x00, 0x00, 0x00, 0x00, 0x00, 0x00, 0xFF, 0xD8,
  0x00, 0x00, 0x00, 0x00, 0x00, 0x00, 0xFF, 0xED, 0x00, 0x00, 0x00, 0x00, 0xFF, 0xEB, 0xFF, 0xEC,
  0x00, 0x00, 0x00, 0x00, 0x00, 0x00, 0x00, 0x00, 0x00, 0x00, 0x00, 0x00, 0x00, 0x00, 0xFF, 0xD5,
  0x00, 0x00, 0x00, 0x00, 0x00, 0x00, 0x00, 0x00, 0x00, 0x00, 0x00, 0x00, 0x00, 0x00, 0x00, 0x00,
  0x00, 0x00, 0x00, 0x00, 0x00, 0x00, 0xFF, 0xE2, 0x00, 0x00, 0x00, 0x00, 0x00, 0x00, 0x00, 0x00,
  0x00, 0x00, 0x00, 0x00, 0x00, 0x00, 0x00, 0x00, 0x00, 0x00, 0x00, 0x00, 0x00, 0x00, 0x00, 0x00,
  0x00, 0x00, 0xFF, 0xCF, 0xFF, 0xEC, 0x00, 0x00, 0x00, 0x00, 0x00, 0x00, 0x00, 0x00, 0x00, 0x00,
  0x00, 0x00, 0x00, 0x00, 0x00, 0x00, 0x00, 0x00, 0xFF, 0xE5, 0xFF, 0xD8, 0xFF, 0xEC, 0xFF, 0xE2,
  0x00, 0x00, 0xFF, 0xF5, 0x00, 0x00, 0x00, 0x00, 0xFF, 0xB7, 0xFF, 0xC4, 0x00, 0x00, 0xFF, 0xBA,
  0x00, 0x00, 0xFF, 0xD9, 0xFF, 0xB1, 0xFF, 0xE2, 0x00, 0x00, 0xFF, 0xD6, 0x00, 0x00, 0x00, 0x00,
  0x00, 0x00, 0x00, 0x00, 0x00, 0x00, 0x00, 0x00, 0x00, 0x00, 0xFF, 0xC3, 0xFF, 0x9F, 0x00, 0x00,
  0x00, 0x00, 0x00, 0x00, 0x00, 0x00, 0x00, 0x00, 0x00, 0x00, 0x00, 0x00, 0x00, 0x00, 0x00, 0x00,
  0x00, 0x00, 0x00, 0x00, 0x00, 0x00, 0x00, 0x00, 0xFF, 0xF1, 0x00, 0x00, 0x00, 0x00, 0x00, 0x00,
  0xFF, 0xF6, 0x00, 0x00, 0x00, 0x00, 0x00, 0x00, 0xFF, 0xF2, 0x00, 0x00, 0x00, 0x00, 0x00, 0x00,
  0x00, 0x00, 0x00, 0x00, 0x00, 0x00, 0x00, 0x00, 0x00, 0x00, 0x00, 0x00, 0x00, 0x00, 0x00, 0x00,
  0x00, 0x00, 0x00, 0x00, 0x00, 0x00, 0x00, 0x00, 0x00, 0x00, 0x00, 0x00, 0x00, 0x00, 0x00, 0x00,
  0x00, 0x00, 0x00, 0x00, 0x00, 0x00, 0xFF, 0xF1, 0x00, 0x00, 0x00, 0x00, 0x00, 0x00, 0x00, 0x00,
  0x00, 0x00, 0x00, 0x00, 0x00, 0x00, 0x00, 0x00, 0x00, 0x00, 0x00, 0x00, 0x00, 0x00, 0x00, 0x00,
  0x00, 0x00, 0x00, 0x00, 0x00, 0x00, 0xFF, 0xCE, 0x00, 0x00, 0x00, 0x00, 0x00, 0x00, 0x00, 0x00,
  0x00, 0x00, 0x00, 0x00, 0x00, 0x00, 0x00, 0x00, 0x00, 0x00, 0x00, 0x00, 0x00, 0x00, 0xFF, 0xEF,
  0x00, 0x00, 0xFF, 0xE1, 0x00, 0x00, 0x00, 0x00, 0xFF, 0xFD, 0x00, 0x00, 0x00, 0x00, 0xFF, 0xEF,
  0x00, 0x00, 0x00, 0x00, 0x00, 0x00, 0x00, 0x00, 0x00, 0x00, 0xFF, 0xEC, 0x00, 0x00, 0x00, 0x00,
  0x00, 0x00, 0x00, 0x00, 0x00, 0x00, 0x00, 0x00, 0x00, 0x00, 0x00, 0x00, 0x00, 0x00, 0x00, 0x00,
  0xFF, 0xEB, 0xFF, 0xBF, 0x00, 0x00, 0xFF, 0xE2, 0x00, 0x00, 0x00, 0x00, 0x00, 0x00, 0x00, 0x00,
  0xFF, 0x9C, 0xFF, 0xC3, 0xFF, 0xE2, 0xFF, 0xBA, 0x00, 0x00, 0xFF, 0xE2, 0xFF, 0x91, 0xFF, 0xBB,
  0x00, 0x00, 0xFF, 0xCE, 0x00, 0x00, 0x00, 0x00, 0x00, 0x00, 0x00, 0x00, 0x00, 0x00, 0x00, 0x00,
  0xFF, 0xD2, 0xFF, 0xC4, 0xFF, 0x88, 0x00, 0x00, 0x00, 0x00, 0x00, 0x00, 0x00, 0x00, 0xFF, 0xA9,
  0xFF, 0xCF, 0xFF, 0xB7, 0x00, 0x00, 0xFF, 0xD9, 0xFF, 0xE5, 0xFF, 0xB7, 0x00, 0x00, 0x00, 0x00,
  0xFF, 0xEC, 0xFF, 0xD8, 0x00, 0x00, 0xFF, 0xBA, 0xFF, 0xEF, 0x00, 0x00, 0xFF, 0xC5, 0xFF, 0xAF,
  0xFF, 0xE2, 0xFF, 0xEC, 0xFF, 0xC0, 0xFF, 0x7F, 0xFF, 0xAD, 0x00, 0x00, 0x00, 0x00, 0x00, 0x00,
  0x00, 0x27, 0x00, 0x00, 0x00, 0x00, 0x00, 0x00, 0x00, 0x00, 0x00, 0x00, 0xFF, 0xD1, 0x00, 0x00,
  0xFF, 0xE1, 0x00, 0x00, 0x00, 0x00, 0x00, 0x00, 0x00, 0x00, 0x00, 0x00, 0x00, 0x00, 0x00, 0x00,
  0x00, 0x00, 0x00, 0x00, 0xFF, 0xE3, 0x00, 0x00, 0x00, 0x00, 0x00, 0x00, 0xFF, 0xE1, 0x00, 0x00,
  0x00, 0x00, 0xFF, 0xCD, 0x00, 0x00, 0xFF, 0xB9, 0x00, 0x00, 0x00, 0x00, 0x00, 0x00, 0x00, 0x00,
  0x00, 0x00, 0x00, 0x00, 0x00, 0x00, 0x00, 0x00, 0x00, 0x00, 0x00, 0x00, 0x00, 0x00, 0x00, 0x00,
  0x00, 0x00, 0x00, 0x00, 0x00, 0x00, 0x00, 0x00, 0x00, 0x00, 0xFF, 0xE2, 0x00, 0x00, 0x00, 0x00,
  0xFF, 0xEF, 0x00, 0x00, 0x00, 0x00, 0xFF, 0xEF, 0x00, 0x00, 0x00, 0x00, 0x00, 0x00, 0x00, 0x00,
  0x00, 0x00, 0x00, 0x00, 0x00, 0x00, 0x00, 0x00, 0x00, 0x00, 0x00, 0x00, 0x00, 0x00, 0xFF, 0xEC,
  0x00, 0x00, 0x00, 0x00, 0x00, 0x00, 0x00, 0x00, 0xFF, 0xCD, 0xFF, 0xE7, 0xFF, 0xCF, 0x00, 0x00,
  0xFF, 0xEF, 0xFF, 0xF2, 0xFF, 0xBA, 0x00, 0x00, 0x00, 0x00, 0x00, 0x00, 0xFF, 0xEF, 0x00, 0x00,
  0xFF, 0xD9, 0x00, 0x00, 0x00, 0x00, 0xFF, 0xD9, 0xFF, 0xD7, 0x00, 0x00, 0x00, 0x00, 0xFF, 0xC4,
  0xFF, 0x9F, 0xFF, 0xBA, 0x00, 0x00, 0x00, 0x00, 0x00, 0x00, 0x00, 0x00, 0x00, 0x00, 0x00, 0x00,
  0x00, 0x00, 0x00, 0x00, 0x00, 0x00, 0x00, 0x00, 0x00, 0x00, 0x00, 0x00, 0x00, 0x00, 0x00, 0x00,
  0x00, 0x00, 0x00, 0x00, 0x00, 0x00, 0x00, 0x00, 0x00, 0x00, 0x00, 0x00, 0x00, 0x00, 0x00, 0x00,
  0x00, 0x00, 0x00, 0x00, 0x00, 0x00, 0x00, 0x00, 0xFF, 0xF2, 0x00, 0x00, 0x00, 0x00, 0x00, 0x00,
  0x00, 0x00, 0x00, 0x00, 0x00, 0x00, 0x00, 0x00, 0x00, 0x00, 0x00, 0x00, 0x00, 0x00, 0x00, 0x00,
  0x00, 0x00, 0x00, 0x00, 0x00, 0x00, 0x00, 0x00, 0x00, 0x00, 0x00, 0x00, 0x00, 0x00, 0x00, 0x00,
  0x00, 0x00, 0x00, 0x00, 0x00, 0x00, 0x00, 0x00, 0x00, 0x00, 0x00, 0x00, 0x00, 0x00, 0x00, 0x00,
  0x00, 0x00, 0x00, 0x00, 0x00, 0x00, 0x00, 0x00, 0x00, 0x00, 0x00, 0x00, 0x00, 0x00, 0x00, 0x00,
  0x00, 0x00, 0x00, 0x00, 0x00, 0x00, 0x00, 0x00, 0x00, 0x00, 0x00, 0x00, 0x00, 0x00, 0x00, 0x00,
  0x00, 0x00, 0x00, 0x00, 0x00, 0x00, 0x00, 0x00, 0x00, 0x00, 0x00, 0x00, 0x00, 0x00, 0x00, 0x00,
  0x00, 0x00, 0x00, 0x00, 0xFF, 0xEB, 0x00, 0x00, 0x00, 0x00, 0x00, 0x00, 0xFF, 0xED, 0x00, 0x00,
  0x00, 0x00, 0x00, 0x00, 0xFF, 0xEA, 0x00, 0x00, 0x00, 0x00, 0x00, 0x00, 0x00, 0x00, 0x00, 0x00,
  0x00, 0x00, 0x00, 0x00, 0x00, 0x00, 0x00, 0x00, 0x00, 0x00, 0x00, 0x00, 0x00, 0x00, 0x00, 0x00,
  0xFF, 0xED, 0x00, 0x00, 0xFF, 0xEE, 0x00, 0x00, 0x00, 0x00, 0x00, 0x00, 0x00, 0x00, 0x00, 0x00,
  0x00, 0x00, 0x00, 0x00, 0x00, 0x00, 0x00, 0x00, 0x00, 0x00, 0x00, 0x00, 0x00, 0x00, 0x00, 0x00,
  0xFF, 0xEC, 0x00, 0x00, 0x00, 0x00, 0xFF, 0xE1, 0x00, 0x00, 0xFF, 0xDE, 0x00, 0x00, 0x00, 0x00,
  0x00, 0x00, 0x00, 0x00, 0x00, 0x00, 0x00, 0x00, 0x00, 0x00, 0x00, 0x00, 0x00, 0x00, 0xFF, 0xA6,
  0xFF, 0xDC, 0xFF, 0xB6, 0x00, 0x00, 0xFF, 0xC7, 0xFF, 0xCE, 0xFF, 0xB1, 0x00, 0x00, 0x00, 0x00,
  0xFF, 0xCE, 0xFF, 0xEF, 0x00, 0x00, 0xFF, 0xBB, 0xFF, 0xCB, 0x00, 0x00, 0xFF, 0xCE, 0xFF, 0xA6,
  0xFF, 0xDE, 0xFF, 0xD9, 0xFF, 0xCD, 0xFF, 0x9D, 0xFF, 0xB0, 0x00, 0x00, 0x00, 0x00, 0x00, 0x00,
  0x00, 0x00, 0x00, 0x00, 0x00, 0x00, 0x00, 0x00, 0x00, 0x00, 0x00, 0x00, 0x00, 0x00, 0xFF, 0xEC,
  0x00, 0x00, 0x00, 0x00, 0x00, 0x00, 0x00, 0x00, 0x00, 0x00, 0x00, 0x00, 0x00, 0x00, 0x00, 0x00,
  0x00, 0x00, 0x00, 0x00, 0x00, 0x00, 0x00, 0x00, 0x00, 0x00, 0x00, 0x00, 0x00, 0x00, 0x00, 0x00,
  0x00, 0x00, 0x00, 0x00, 0x00, 0x00, 0x00, 0x00, 0x00, 0x00, 0x00, 0x00, 0x00, 0x00, 0x00, 0x00,
  0x00, 0x00, 0x00, 0x00, 0x00, 0x00, 0x00, 0x00, 0x00, 0x00, 0x00, 0x00, 0x00, 0x00, 0x00, 0x00,
  0x00, 0x00, 0x00, 0x00, 0x00, 0x00, 0xFF, 0xE2, 0x00, 0x00, 0xFF, 0xC5, 0x00, 0x00, 0x00, 0x00,
  0xFF, 0xD9, 0x00, 0x00, 0x00, 0x00, 0xFF, 0xCE, 0x00, 0x00, 0x00, 0x00, 0x00, 0x00, 0x00, 0x00,
  0x00, 0x00, 0x00, 0x00, 0x00, 0x00, 0x00, 0x00, 0x00, 0x00, 0x00, 0x00, 0x00, 0x00, 0xFF, 0xD9,
  0x00, 0x00, 0x00, 0x00, 0x00, 0x00, 0x00, 0x00, 0xFF, 0xEC, 0x00, 0x00, 0x00, 0x00, 0x00, 0x00,
  0x00, 0x00, 0x00, 0x00, 0x00, 0x00, 0x00, 0x00, 0x00, 0x00, 0x00, 0x00, 0x00, 0x00, 0x00, 0x00,
  0x00, 0x00, 0x00, 0x00, 0x00, 0x00, 0x00, 0x00, 0x00, 0x00, 0x00, 0x00, 0x00, 0x00, 0x00, 0x00,
  0x00, 0x00, 0x00, 0x00, 0x00, 0x00, 0x00, 0x00, 0x00, 0x00, 0x00, 0x00, 0x00, 0x00, 0x00, 0x00,
  0x00, 0x00, 0x00, 0x00, 0x00, 0x00, 0xFF, 0xED, 0x00, 0x00, 0x00, 0x00, 0x00, 0x00, 0x00, 0x00,
  0x00, 0x00, 0x00, 0x00, 0x00, 0x00, 0x00, 0x00, 0x00, 0x00, 0x00, 0x00, 0x00, 0x00, 0x00, 0x00,
  0x00, 0x00, 0x00, 0x00, 0x00, 0x00, 0xFF, 0xF4, 0x00, 0x00, 0x00, 0x00, 0x00, 0x00, 0x00, 0x00,
  0xFF, 0xD8, 0x00, 0x00, 0x00, 0x00, 0x00, 0x00, 0x00, 0x00, 0x00, 0x00, 0x00, 0x00, 0x00, 0x00,
  0x00, 0x00, 0x00, 0x00, 0xFF, 0xF2, 0x00, 0x00, 0x00, 0x00, 0x00, 0x00, 0x00, 0x00, 0x00, 0x00,
  0x00, 0x00, 0x00, 0x00, 0x00, 0x00, 0x00, 0x00, 0x00, 0x00, 0x00, 0x00, 0x00, 0x00, 0x00, 0x00,
  0x00, 0x00, 0x00, 0x00, 0x00, 0x00, 0x00, 0x00, 0x00, 0x00, 0x00, 0x00, 0x00, 0x00, 0x00, 0x00,
  0x00, 0x00, 0x00, 0x00, 0x00, 0x00, 0x00, 0x00, 0x00, 0x00, 0x00, 0x00, 0x00, 0x00, 0x00, 0x00,
  0x00, 0x00, 0x00, 0x00, 0x00, 0x00, 0x00, 0x00, 0x00, 0x00, 0x00, 0x00, 0x00, 0x00, 0x00, 0x00,
  0x00, 0x00, 0x00, 0x00, 0x00, 0x00, 0x00, 0x00, 0x00, 0x00, 0x00, 0x00, 0x00, 0x00, 0x00, 0x00,
  0x00, 0x00, 0x00, 0x00, 0x00, 0x00, 0x00, 0x00, 0x00, 0x00, 0x00, 0x00, 0x00, 0x00, 0x00, 0x00,
  0x00, 0x00, 0x00, 0x00, 0x00, 0x00, 0x00, 0x00, 0x00, 0x00, 0x00, 0x00, 0x00, 0x00, 0x00, 0x00,
  0x00, 0x00, 0x00, 0x00, 0x00, 0x00, 0x00, 0x00, 0x00, 0x00, 0x00, 0x00, 0x00, 0x00, 0x00, 0x00,
  0xFF, 0xD8, 0x00, 0x00, 0x00, 0x00, 0x00, 0x00, 0x00, 0x00, 0x00, 0x00, 0x00, 0x00, 0x00, 0x00,
  0x00, 0x00, 0x00, 0x00, 0x00, 0x00, 0x00, 0x00, 0x00, 0x00, 0x00, 0x00, 0x00, 0x00, 0x00, 0x00,
  0x00, 0x00, 0x00, 0x00, 0x00, 0x00, 0x00, 0x00, 0x00, 0x00, 0x00, 0x00, 0x00, 0x00, 0xFF, 0xE2,
  0x00, 0x00, 0xFF, 0xF2, 0x00, 0x00, 0x00, 0x00, 0x00, 0x00, 0x00, 0x00, 0x00, 0x00, 0xFF, 0xE3,
  0x00, 0x00, 0x00, 0x00, 0xFF, 0xEF, 0xFF, 0xEF, 0x00, 0x00, 0x00, 0x00, 0x00, 0x00, 0x00, 0x00,
  0x00, 0x00, 0x00, 0x00, 0x00, 0x00, 0x00, 0x00, 0x00, 0x00, 0x00, 0x00, 0x00, 0x00, 0x00, 0x00,
  0x00, 0x00, 0xFF, 0xE3, 0x00, 0x00, 0x00, 0x00, 0x00, 0x00, 0x00, 0x00, 0xFF, 0xE2, 0xFF, 0xE3,
  0x00, 0x00, 0x00, 0x00, 0x00, 0x00, 0x00, 0x00, 0x00, 0x00, 0x00, 0x00, 0xFF, 0xB4, 0xFF, 0xCD,
  0x00, 0x00, 0xFF, 0xCD, 0x00, 0x00, 0xFF, 0xCF, 0xFF, 0xCE, 0x00, 0x00, 0x00, 0x00, 0xFF, 0xD8,
  0x00, 0x00, 0x00, 0x00, 0x00, 0x00, 0x00, 0x00, 0x00, 0x00, 0x00, 0x00, 0x00, 0x00, 0x00, 0x00,
  0xFF, 0xB0, 0x00, 0x00, 0x00, 0x00, 0x00, 0x00, 0x00, 0x00, 0xFF, 0xDF, 0xFF, 0xD7, 0xFF, 0xEA,
  0x00, 0x00, 0x00, 0x00, 0xFF, 0xEF, 0x00, 0x00, 0x00, 0x00, 0x00, 0x00, 0xFF, 0xCE, 0x00, 0x00,
  0x00, 0x00, 0xFF, 0xF6, 0xFF, 0xE2, 0x00, 0x00, 0xFF, 0xC4, 0x00, 0x00, 0xFF, 0xEB, 0x00, 0x00,
  0x00, 0x00, 0x00, 0x00, 0x00, 0x00, 0xFF, 0xD8, 0x00, 0x00, 0x00, 0x00, 0x00, 0x00, 0x00, 0x00,
  0x00, 0x00, 0x00, 0x00, 0x00, 0x00, 0x00, 0x00, 0x00, 0x00, 0xFF, 0xE2, 0x00, 0x00, 0xFF, 0xEC,
  0x00, 0x00, 0x00, 0x00, 0x00, 0x00, 0x00, 0x00, 0xFF, 0xAD, 0xFF, 0xD8, 0x00, 0x00, 0xFF, 0xBA,
  0x00, 0x00, 0xFF, 0xDE, 0xFF, 0xB0, 0x00, 0x00, 0x00, 0x00, 0x00, 0x00, 0x00, 0x00, 0x00, 0x00,
  0x00, 0x00, 0x00, 0x00, 0x00, 0x00, 0x00, 0x00, 0xFF, 0xB7, 0x00, 0x00, 0xFF, 0xB0, 0x00, 0x00,
  0x00, 0x00, 0x00, 0x00, 0x00, 0x00, 0x00, 0x00, 0x00, 0x00, 0x00, 0x00, 0x00, 0x00, 0x00, 0x00,
  0x00, 0x00, 0x00, 0x00, 0x00, 0x00, 0x00, 0x00, 0x00, 0x00, 0x00, 0x00, 0x00, 0x00, 0x00, 0x00,
  0x00, 0x00, 0x00, 0x00, 0x00, 0x00, 0x00, 0x00, 0x00, 0x00, 0x00, 0x00, 0x00, 0x00, 0x00, 0x00,
  0x00, 0x00, 0x00, 0x00, 0x00, 0x00, 0x00, 0x00, 0x00, 0x00, 0x00, 0x00, 0x00, 0x00, 0x00, 0x00,
  0x00, 0x00, 0x00, 0x00, 0xFF, 0xDC, 0x00, 0x00, 0xFF, 0xFC, 0x00, 0x00, 0x00, 0x00, 0x00, 0x00,
  0x00, 0x00, 0x00, 0x00, 0x00, 0x00, 0x00, 0x00, 0x00, 0x00, 0x00, 0x00, 0xFF, 0xE3, 0x00, 0x00,
  0x00, 0x00, 0x00, 0x00, 0x00, 0x00, 0x00, 0x00, 0x00, 0x00, 0x00, 0x00, 0x00, 0x00, 0x00, 0x00,
  0x00, 0x00, 0x00, 0x00, 0x00, 0x00, 0x00, 0x00, 0x00, 0x00, 0x00, 0x00, 0x00, 0x00, 0x00, 0x00,
  0x00, 0x00, 0xFF, 0xD5, 0x00, 0x00, 0x00, 0x00, 0x00, 0x00, 0x00, 0x00, 0x00, 0x00, 0xFF, 0xC3,
  0x00, 0x00, 0x00, 0x00, 0x00, 0x00, 0x00, 0x00, 0x00, 0x00, 0x00, 0x00, 0x00, 0x00, 0x00, 0x00,
  0x00, 0x00, 0xFF, 0xD8, 0x00, 0x00, 0x00, 0x00, 0x00, 0x00, 0xFF, 0xA3, 0x00, 0x00, 0x00, 0x00,
  0x00, 0x00, 0x00, 0x00, 0x00, 0x00, 0x00, 0x00, 0x00, 0x00, 0x00, 0x00, 0x00, 0x00, 0x00, 0x00,
  0xFF, 0xBF, 0xFF, 0xE5, 0xFF, 0xC8, 0x00, 0x00, 0xFF, 0xE3, 0xFF, 0xF4, 0xFF, 0x9F, 0x00, 0x00,
  0x00, 0x00, 0x00, 0x00, 0xFF, 0xE2, 0x00, 0x00, 0xFF, 0xC7, 0x00, 0x00, 0x00, 0x00, 0xFF, 0xD9,
  0xFF, 0xC3, 0xFF, 0xEC, 0x00, 0x00, 0xFF, 0xB0, 0xFF, 0x82, 0xFF, 0xB0, 0x00, 0x00, 0x00, 0x00,
  0x00, 0x00, 0x00, 0x00, 0x00, 0x00, 0x00, 0x00, 0x00, 0x00, 0x00, 0x02, 0x00, 0x1A, 0x00, 0x01,
  0x00, 0x07, 0x00, 0x00, 0x00, 0x0A, 0x00, 0x0D, 0x00, 0x07, 0x00, 0x14, 0x00, 0x1A, 0x00, 0x0B,
  0x00, 0x1C, 0x00, 0x26, 0x00, 0x12, 0x00, 0x28, 0x00, 0x28, 0x00, 0x1D, 0x00, 0x2C, 0x00, 0x35,
  0x00, 0x1E, 0x00, 0x37, 0x00, 0x39, 0x00, 0x28, 0x00, 0x3B, 0x00, 0x46, 0x00, 0x2B, 0x00, 0x48,
  0x00, 0x4C, 0x00, 0x37, 0x00, 0x4E, 0x00, 0x4F, 0x00, 0x3C, 0x00, 0x58, 0x00, 0x59, 0x00, 0x3E,
  0x00, 0x5B, 0x00, 0x62, 0x00, 0x40, 0x00, 0x64, 0x00, 0x66, 0x00, 0x48, 0x00, 0x68, 0x00, 0x69,
  0x00, 0x4B, 0x00, 0x6B, 0x00, 0x6B, 0x00, 0x4D, 0x00, 0x72, 0x00, 0x72, 0x00, 0x4E, 0x00, 0x74,
  0x00, 0x77, 0x00, 0x4F, 0x00, 0x7F, 0x00, 0x7F, 0x00, 0x53, 0x00, 0x8E, 0x00, 0x8E, 0x00, 0x54,
  0x00, 0xAE, 0x00, 0xAE, 0x00, 0x55, 0x00, 0xBB, 0x00, 0xBB, 0x00, 0x56, 0x00, 0xBD, 0x00, 0xBD,
  0x00, 0x57, 0x00, 0xC5, 0x00, 0xC5, 0x00, 0x58, 0x00, 0xC7, 0x00, 0xC8, 0x00, 0x59, 0x00, 0xD2,
  0x00, 0xD3, 0x00, 0x5B, 0x00, 0xD6, 0x00, 0xD6, 0x00, 0x5D, 0x00, 0x02, 0x00, 0x2A, 0x00, 0x01,
  0x00, 0x07, 0x00, 0x05, 0x00, 0x0A, 0x00, 0x0B, 0x00, 0x08, 0x00, 0x0C, 0x00, 0x0D, 0x00, 0x02,
  0x00, 0x14, 0x00, 0x14, 0x00, 0x19, 0x00, 0x1C, 0x00, 0x1C, 0x00, 0x1C, 0x00, 0x1D, 0x00, 0x1E,
  0x00, 0x09, 0x00, 0x22, 0x00, 0x26, 0x00, 0x02, 0x00, 0x28, 0x00, 0x28, 0x00, 0x02, 0x00, 0x2C,
  0x00, 0x2C, 0x00, 0x1A, 0x00, 0x2D, 0x00, 0x2D, 0x00, 0x0C, 0x00, 0x2E, 0x00, 0x2E, 0x00, 0x12,
  0x00, 0x2F, 0x00, 0x33, 0x00, 0x04, 0x00, 0x34, 0x00, 0x34, 0x00, 0x21, 0x00, 0x35, 0x00, 0x35,
  0x00, 0x0D, 0x00, 0x37, 0x00, 0x38, 0x00, 0x0A, 0x00, 0x39, 0x00, 0x39, 0x00, 0x13, 0x00, 0x3B,
  0x00, 0x41, 0x00, 0x06, 0x00, 0x42, 0x00, 0x42, 0x00, 0x01, 0x00, 0x43, 0x00, 0x43, 0x00, 0x03,
  0x00, 0x44, 0x00, 0x45, 0x00, 0x0E, 0x00, 0x46, 0x00, 0x46, 0x00, 0x0F, 0x00, 0x48, 0x00, 0x4C,
  0x00, 0x01, 0x00, 0x4E, 0x00, 0x4E, 0x00, 0x15, 0x00, 0x4F, 0x00, 0x4F, 0x00, 0x07, 0x00, 0x58,
  0x00, 0x58, 0x00, 0x1F, 0x00, 0x59, 0x00, 0x59, 0x00, 0x0F, 0x00, 0x5B, 0x00, 0x5D, 0x00, 0x07,
  0x00, 0x5E, 0x00, 0x62, 0x00, 0x03, 0x00, 0x64, 0x00, 0x66, 0x00, 0x03, 0x00, 0x68, 0x00, 0x68,
  0x00, 0x16, 0x00, 0x69, 0x00, 0x69, 0x00, 0x10, 0x00, 0x6B, 0x00, 0x6B, 0x00, 0x17, 0x00, 0x72,
  0x00, 0x72, 0x00, 0x11, 0x00, 0x74, 0x00, 0x76, 0x00, 0x0B, 0x00, 0x77, 0x00, 0x77, 0x00, 0x18,
  0x00, 0x7F, 0x00, 0x7F, 0x00, 0x01, 0x00, 0xAE, 0x00, 0xAE, 0x00, 0x1D, 0x00, 0xBB, 0x00, 0xBB,
  0x00, 0x1B, 0x00, 0xBD, 0x00, 0xBD, 0x00, 0x14, 0x00, 0xC5, 0x00, 0xC5, 0x00, 0x1E, 0x00, 0xC7,
  0x00, 0xC8, 0x00, 0x20, 0x00, 0xD6, 0x00, 0xD6, 0x00, 0x0C, 0x00, 0x02, 0x00, 0x33, 0x00, 0x01,
  0x00, 0x07, 0x00, 0x08, 0x00, 0x08, 0x00, 0x08, 0x00, 0x16, 0x00, 0x09, 0x00, 0x09, 0x00, 0x01,
  0x00, 0x0A, 0x00, 0x0B, 0x00, 0x03, 0x00, 0x0C, 0x00, 0x0C, 0x00, 0x01, 0x00, 0x0E, 0x00, 0x13,
  0x00, 0x01, 0x00, 0x14, 0x00, 0x14, 0x00, 0x03, 0x00, 0x15, 0x00, 0x1A, 0x00, 0x01, 0x00, 0x1C,
  0x00, 0x21, 0x00, 0x01, 0x00, 0x22, 0x00, 0x26, 0x00, 0x03, 0x00, 0x28, 0x00, 0x28, 0x00, 0x03,
  0x00, 0x29, 0x00, 0x2A, 0x00, 0x01, 0x00, 0x2B, 0x00, 0x2B, 0x00, 0x03, 0x00, 0x2C, 0x00, 0x2C,
  0x00, 0x01, 0x00, 0x2D, 0x00, 0x2D, 0x00, 0x0C, 0x00, 0x2E, 0x00, 0x2E, 0x00, 0x10, 0x00, 0x2F,
  0x00, 0x33, 0x00, 0x05, 0x00, 0x34, 0x00, 0x34, 0x00, 0x1C, 0x00, 0x35, 0x00, 0x35, 0x00, 0x0D,
  0x00, 0x37, 0x00, 0x38, 0x00, 0x0A, 0x00, 0x3A, 0x00, 0x3A, 0x00, 0x03, 0x00, 0x3B, 0x00, 0x42,
  0x00, 0x04, 0x00, 0x43, 0x00, 0x43, 0x00, 0x09, 0x00, 0x44, 0x00, 0x4C, 0x00, 0x02, 0x00, 0x4E,
  0x00, 0x4E, 0x00, 0x12, 0x00, 0x4F, 0x00, 0x4F, 0x00, 0x09, 0x00, 0x50, 0x00, 0x50, 0x00, 0x1E,
  0x00, 0x58, 0x00, 0x59, 0x00, 0x09, 0x00, 0x5B, 0x00, 0x5D, 0x00, 0x06, 0x00, 0x5E, 0x00, 0x62,
  0x00, 0x02, 0x00, 0x64, 0x00, 0x64, 0x00, 0x02, 0x00, 0x67, 0x00, 0x67, 0x00, 0x02, 0x00, 0x68,
  0x00, 0x68, 0x00, 0x06, 0x00, 0x69, 0x00, 0x69, 0x00, 0x0E, 0x00, 0x6B, 0x00, 0x6B, 0x00, 0x13,
  0x00, 0x6C, 0x00, 0x70, 0x00, 0x07, 0x00, 0x72, 0x00, 0x72, 0x00, 0x0F, 0x00, 0x74, 0x00, 0x76,
  0x00, 0x0B, 0x00, 0x77, 0x00, 0x77, 0x00, 0x14, 0x00, 0x78, 0x00, 0x78, 0x00, 0x02, 0x00, 0x7F,
  0x00, 0x7F, 0x00, 0x02, 0x00, 0x89, 0x00, 0x89, 0x00, 0x1D, 0x00, 0xAE, 0x00, 0xAE, 0x00, 0x17,
  0x00, 0xBB, 0x00, 0xBB, 0x00, 0x15, 0x00, 0xBD, 0x00, 0xBD, 0x00, 0x11, 0x00, 0xC5, 0x00, 0xC5,
  0x00, 0x18, 0x00, 0xC6, 0x00, 0xC6, 0x00, 0x19, 0x00, 0xC7, 0x00, 0xC8, 0x00, 0x1B, 0x00, 0xD2,
  0x00, 0xD3, 0x00, 0x01, 0x00, 0xD6, 0x00, 0xD6, 0x00, 0x0C, 0x00, 0xE5, 0x00, 0xE5, 0x00, 0x1A,
  0x00, 0x01, 0x00, 0x00, 0x00, 0x0A, 0x00, 0xF4, 0x02, 0x0A, 0x00, 0x02, 0x44, 0x46, 0x4C, 0x54,
  0x00, 0x0E, 0x6C, 0x61, 0x74, 0x6E, 0x00, 0x12, 0x00, 0x8A, 0x00, 0x00, 0x00, 0x34, 0x00, 0x08,
  0x41, 0x5A, 0x45, 0x20, 0x00, 0xAE, 0x43, 0x41, 0x54, 0x20, 0x00, 0x5C, 0x43, 0x52, 0x54, 0x20,
  0x00, 0xAE, 0x4B, 0x41, 0x5A, 0x20, 0x00, 0xAE, 0x4D, 0x4F, 0x4C, 0x20, 0x00, 0x86, 0x52, 0x4F,
  0x4D, 0x20, 0x00, 0x86, 0x54, 0x41, 0x54, 0x20, 0x00, 0xAE, 0x54, 0x52, 0x4B, 0x20, 0x00, 0xAE,
  0x00, 0x00, 0xFF, 0xFF, 0x00, 0x11, 0x00, 0x00, 0x00, 0x01, 0x00, 0x03, 0x00, 0x04, 0x00, 0x05,
  0x00, 0x06, 0x00, 0x09, 0x00, 0x0A, 0x00, 0x0B, 0x00, 0x0C, 0x00, 0x0D, 0x00, 0x0E, 0x00, 0x0F,
  0x00, 0x10, 0x00, 0x11, 0x00, 0x12, 0x00, 0x13, 0x00, 0x00, 0xFF, 0xFF, 0x00, 0x12, 0x00, 0x00,
  0x00, 0x01, 0x00, 0x02, 0x00, 0x04, 0x00, 0x05, 0x00, 0x06, 0x00, 0x08, 0x00, 0x09, 0x00, 0x0A,
  0x00, 0x0B, 0x00, 0x0C, 0x00, 0x0D, 0x00, 0x0E, 0x00, 0x0F, 0x00, 0x10, 0x00, 0x11, 0x00, 0x12,
  0x00, 0x13, 0x00, 0x00, 0xFF, 0xFF, 0x00, 0x11, 0x00, 0x00, 0x00, 0x01, 0x00, 0x02, 0x00, 0x04,
  0x00, 0x05, 0x00, 0x06, 0x00, 0x09, 0x00, 0x0A, 0x00, 0x0B, 0x00, 0x0C, 0x00, 0x0D, 0x00, 0x0E,
  0x00, 0x0F, 0x00, 0x10, 0x00, 0x11, 0x00, 0x12, 0x00, 0x13, 0x00, 0x00, 0xFF, 0xFF, 0x00, 0x12,
  0x00, 0x00, 0x00, 0x01, 0x00, 0x02, 0x00, 0x04, 0x00, 0x05, 0x00, 0x06, 0x00, 0x07, 0x00, 0x09,
  0x00, 0x0A, 0x00, 0x0B, 0x00, 0x0C, 0x00, 0x0D, 0x00, 0x0E, 0x00, 0x0F, 0x00, 0x10, 0x00, 0x11,
  0x00, 0x12, 0x00, 0x13, 0x00, 0x14, 0x61, 0x61, 0x6C, 0x74, 0x00, 0x7A, 0x63, 0x61, 0x6C, 0x74,
  0x00, 0x82, 0x63, 0x63, 0x6D, 0x70, 0x00, 0x88, 0x63, 0x63, 0x6D, 0x70, 0x00, 0x8E, 0x64, 0x6E,
  0x6F, 0x6D, 0x00, 0x96, 0x66, 0x72, 0x61, 0x63, 0x00, 0x9C, 0x6C, 0x69, 0x67, 0x61, 0x00, 0xA2,
  0x6C, 0x6F, 0x63, 0x6C, 0x00, 0xA8, 0x6C, 0x6F, 0x63, 0x6C, 0x00, 0xAE, 0x6E, 0x75, 0x6D, 0x72,
  0x00, 0xB4, 0x6F, 0x72, 0x64, 0x6E, 0x00, 0xBA, 0x73, 0x73, 0x30, 0x31, 0x00, 0xC0, 0x73, 0x73,
  0x30, 0x32, 0x00, 0xCA, 0x73, 0x73, 0x30, 0x33, 0x00, 0xD4, 0x73, 0x73, 0x30, 0x34, 0x00, 0xDE,
  0x73, 0x73, 0x30, 0x35, 0x00, 0xE8, 0x73, 0x73, 0x30, 0x36, 0x00, 0xF2, 0x73, 0x73, 0x30, 0x37,
  0x00, 0xFC, 0x73, 0x73, 0x30, 0x38, 0x01, 0x06, 0x73, 0x75, 0x70, 0x73, 0x01, 0x10, 0x00, 0x00,
  0x00, 0x02, 0x00, 0x00, 0x00, 0x01, 0x00, 0x00, 0x00, 0x01, 0x00, 0x0E, 0x00, 0x00, 0x00, 0x01,
  0x00, 0x02, 0x00, 0x00, 0x00, 0x02, 0x00, 0x02, 0x00, 0x02, 0x00, 0x00, 0x00, 0x01, 0x00, 0x09,
  0x00, 0x00, 0x00, 0x01, 0x00, 0x0A, 0x00, 0x00, 0x00, 0x01, 0x00, 0x0D, 0x00, 0x00, 0x00, 0x01,
  0x00, 0x03, 0x00, 0x00, 0x00, 0x01, 0x00, 0x04, 0x00, 0x00, 0x00, 0x01, 0x00, 0x08, 0x00, 0x00,
  0x00, 0x01, 0x00, 0x0B, 0x00, 0x06, 0x00, 0x01, 0x00, 0x0F, 0x00, 0x00, 0x01, 0x00, 0x00, 0x06,
  0x00, 0x01, 0x00, 0x10, 0x00, 0x00, 0x01, 0x01, 0x00, 0x06, 0x00, 0x01, 0x00, 0x11, 0x00, 0x00,
  0x01, 0x02, 0x00, 0x06, 0x00, 0x01, 0x00, 0x12, 0x00, 0x00, 0x01, 0x03, 0x00, 0x06, 0x00, 0x01,
  0x00, 0x13, 0x00, 0x00, 0x01, 0x04, 0x00, 0x06, 0x00, 0x01, 0x00, 0x14, 0x00, 0x00, 0x01, 0x05,
  0x00, 0x06, 0x00, 0x01, 0x00, 0x15, 0x00, 0x00, 0x01, 0x06, 0x00, 0x06, 0x00, 0x01, 0x00, 0x16,
  0x00, 0x00, 0x01, 0x07, 0x00, 0x00, 0x00, 0x01, 0x00, 0x07, 0x00, 0x17, 0x00, 0x30, 0x00, 0xCE,
  0x01, 0x20, 0x01, 0x46, 0x01, 0x5A, 0x01, 0x9C, 0x01, 0xBC, 0x01, 0xDC, 0x01, 0xEA, 0x01, 0xF8,
  0x02, 0x10, 0x02, 0x4C, 0x02, 0x94, 0x02, 0xB6, 0x02, 0xDE, 0x06, 0x4E, 0x06, 0x68, 0x06, 0x80,
  0x06, 0x94, 0x06, 0xAC, 0x06, 0xC4, 0x06, 0xD8, 0x06, 0xFE, 0x00, 0x01, 0x00, 0x00, 0x00, 0x01,
  0x00, 0x08, 0x00, 0x02, 0x00, 0x4C, 0x00, 0x23, 0x00, 0x8B, 0x00, 0x8C, 0x00, 0x3A, 0x00, 0x79,
  0x00, 0x7A, 0x00, 0x7B, 0x00, 0x7C, 0x00, 0x7D, 0x00, 0x7E, 0x00, 0x7F, 0x00, 0x80, 0x00, 0x55,
  0x00, 0x8C, 0x00, 0x81, 0x00, 0x82, 0x00, 0x83, 0x00, 0x84, 0x00, 0x85, 0x00, 0x86, 0x00, 0x87,
  0x00, 0x88, 0x00, 0x9A, 0x00, 0x9B, 0x00, 0xBB, 0x00, 0xBC, 0x00, 0xF0, 0x00, 0xF1, 0x00, 0xF2,
  0x00, 0xF3, 0x00, 0xF4, 0x00, 0xF5, 0x00, 0xF6, 0x00, 0xF7, 0x00, 0xF8, 0x00, 0xF9, 0x00, 0x01,
  0x00, 0x23, 0x00, 0x01, 0x00, 0x22, 0x00, 0x2B, 0x00, 0x3C, 0x00, 0x3D, 0x00, 0x3E, 0x00, 0x3F,
  0x00, 0x40, 0x00, 0x41, 0x00, 0x42, 0x00, 0x4E, 0x00, 0x50, 0x00, 0x5E, 0x00, 0x6C, 0x00, 0x6D,
  0x00, 0x6E, 0x00, 0x6F, 0x00, 0x70, 0x00, 0x74, 0x00, 0x75, 0x00, 0x76, 0x00, 0x93, 0x00, 0x96,
  0x00, 0xAF, 0x00, 0xB1, 0x00, 0xE6, 0x00, 0xE7, 0x00, 0xE8, 0x00, 0xE9, 0x00, 0xEA, 0x00, 0xEB,
  0x00, 0xEC, 0x00, 0xED, 0x00, 0xEE, 0x00, 0xEF, 0x00, 0x03, 0x00, 0x00, 0x00, 0x01, 0x00, 0x08,
  0x00, 0x01, 0x00, 0x3C, 0x00, 0x05, 0x00, 0x10, 0x00, 0x16, 0x00, 0x20, 0x00, 0x28, 0x00, 0x32,
  0x00, 0x02, 0x00, 0x78, 0x00, 0x8B, 0x00, 0x04, 0x00, 0x97, 0x00, 0x9C, 0x00, 0xA0, 0x00, 0xA8,
  0x00, 0x03, 0x00, 0x9D, 0x00, 0xA1, 0x00, 0xA9, 0x00, 0x04, 0x00, 0x98, 0x00, 0x9E, 0x00, 0xA2,
  0x00, 0xAA, 0x00, 0x04, 0x00, 0x99, 0x00, 0x9F, 0x00, 0xA3, 0x00, 0xAB, 0x00, 0x01, 0x00, 0x05,
  0x00, 0x3B, 0x00, 0x8E, 0x00, 0x8F, 0x00, 0x90, 0x00, 0x91, 0x00, 0x02, 0x00, 0x00, 0x00, 0x01,
  0x00, 0x08, 0x00, 0x01, 0x00, 0x0A, 0x00, 0x02, 0x00, 0x12, 0x00, 0x18, 0x00, 0x01, 0x00, 0x02,
  0x00, 0x89, 0x00, 0x8A, 0x00, 0x02, 0x00, 0x4D, 0x00, 0x50, 0x00, 0x02, 0x00, 0x4D, 0x00, 0x59,
  0x00, 0x01, 0x00, 0x00, 0x00, 0x01, 0x00, 0x08, 0x00, 0x01, 0x00, 0x06, 0x00, 0x05, 0x00, 0x01,
  0x00, 0x01, 0x00, 0x50, 0x00, 0x06, 0x00, 0x00, 0x00, 0x01, 0x00, 0x08, 0x00, 0x01, 0x00, 0x0A,
  0x00, 0x02, 0x00, 0x12, 0x00, 0x26, 0x00, 0x01, 0x00, 0x02, 0x00, 0x1D, 0x00, 0x59, 0x00, 0x01,
  0x00, 0x04, 0x00, 0x00, 0x00, 0x02, 0x00, 0xB6, 0x00, 0x01, 0x00, 0x1D, 0x00, 0x01, 0x00, 0x00,
  0x00, 0x06, 0x00, 0x01, 0x00, 0x04, 0x00, 0x00, 0x00, 0x02, 0x00, 0xB6, 0x00, 0x01, 0x00, 0x59,
  0x00, 0x01, 0x00, 0x00, 0x00, 0x05, 0x00, 0x04, 0x00, 0x00, 0x00, 0x01, 0x00, 0x08, 0x00, 0x01,
  0x00, 0x12, 0x00, 0x01, 0x00, 0x08, 0x00, 0x01, 0x00, 0x04, 0x00, 0x5A, 0x00, 0x02, 0x00, 0xB6,
  0x00, 0x01, 0x00, 0x01, 0x00, 0x59, 0x00, 0x04, 0x00, 0x00, 0x00, 0x01, 0x00, 0x08, 0x00, 0x01,
  0x00, 0x12, 0x00, 0x01, 0x00, 0x08, 0x00, 0x01, 0x00, 0x04, 0x00, 0x1E, 0x00, 0x02, 0x00, 0xB6,
  0x00, 0x01, 0x00, 0x01, 0x00, 0x1D, 0x00, 0x01, 0x00, 0x00, 0x00, 0x01, 0x00, 0x08, 0x00, 0x01,
  0x00, 0x22, 0x00, 0x1A, 0x00, 0x01, 0x00, 0x00, 0x00, 0x01, 0x00, 0x08, 0x00, 0x01, 0x00, 0x14,
  0x00, 0x12, 0x00, 0x01, 0x00, 0x00, 0x00, 0x01, 0x00, 0x08, 0x00, 0x01, 0x00, 0x06, 0x00, 0x0E,
  0x00, 0x02, 0x00, 0x01, 0x00, 0x8E, 0x00, 0x91, 0x00, 0x00, 0x00, 0x04, 0x00, 0x00, 0x00, 0x01,
  0x00, 0x08, 0x00, 0x01, 0x00, 0x2C, 0x00, 0x02, 0x00, 0x0A, 0x00, 0x20, 0x00, 0x02, 0x00, 0x06,
  0x00, 0x0E, 0x00, 0xA6, 0x00, 0x03, 0x00, 0xB9, 0x00, 0x91, 0x00, 0xA5, 0x00, 0x03, 0x00, 0xB9,
  0x00, 0x8F, 0x00, 0x01, 0x00, 0x04, 0x00, 0xA7, 0x00, 0x03, 0x00, 0xB9, 0x00, 0x91, 0x00, 0x01,
  0x00, 0x02, 0x00, 0x8E, 0x00, 0x90, 0x00, 0x06, 0x00, 0x00, 0x00, 0x02, 0x00, 0x0A, 0x00, 0x24,
  0x00, 0x03, 0x00, 0x01, 0x00, 0x2C, 0x00, 0x01, 0x00, 0x12, 0x00, 0x00, 0x00, 0x01, 0x00, 0x00,
  0x00, 0x0C, 0x00, 0x01, 0x00, 0x02, 0x00, 0x01, 0x00, 0x3B, 0x00, 0x03, 0x00, 0x01, 0x00, 0x12,
  0x00, 0x01, 0x00, 0x1C, 0x00, 0x00, 0x00, 0x01, 0x00, 0x00, 0x00, 0x0C, 0x00, 0x02, 0x00, 0x01,
  0x00, 0x8D, 0x00, 0x96, 0x00, 0x00, 0x00, 0x01, 0x00, 0x02, 0x00, 0x22, 0x00, 0x5E, 0x00, 0x01,
  0x00, 0x00, 0x00, 0x01, 0x00, 0x08, 0x00, 0x02, 0x00, 0x0E, 0x00, 0x04, 0x00, 0x8B, 0x00, 0x8C,
  0x00, 0x8B, 0x00, 0x8C, 0x00, 0x01, 0x00, 0x04, 0x00, 0x01, 0x00, 0x22, 0x00, 0x3B, 0x00, 0x5E,
  0x00, 0x04, 0x00, 0x08, 0x00, 0x01, 0x00, 0x08, 0x00, 0x01, 0x00, 0x1A, 0x00, 0x01, 0x00, 0x08,
  0x00, 0x02, 0x00, 0x06, 0x00, 0x0C, 0x00, 0x89, 0x00, 0x02, 0x00, 0x50, 0x00, 0x8A, 0x00, 0x02,
  0x00, 0x59, 0x00, 0x01, 0x00, 0x01, 0x00, 0x4D, 0x00, 0x04, 0x00, 0x00, 0x00, 0x01, 0x00, 0x08,
  0x00, 0x01, 0x03, 0x60, 0x00, 0x02, 0x00, 0x0A, 0x03, 0x0C, 0x00, 0x14, 0x00, 0x2A, 0x00, 0x5C,
  0x00, 0x8E, 0x00, 0xC0, 0x00, 0xF2, 0x01, 0x24, 0x01, 0x50, 0x01, 0x78, 0x01, 0x9E, 0x01, 0xC4,
  0x01, 0xE6, 0x02, 0x08, 0x02, 0x2A, 0x02, 0x4C, 0x02, 0x6E, 0x02, 0x90, 0x02, 0xAC, 0x02, 0xC4,
  0x02, 0xDA, 0x02, 0xF0, 0x00, 0xF8, 0x00, 0x18, 0x00, 0x68, 0x00, 0x68, 0x00, 0x5E, 0x00, 0x72,
  0x00, 0xBE, 0x00, 0x59, 0x00, 0x48, 0x00, 0x4D, 0x00, 0x6B, 0x00, 0xBE, 0x00, 0x68, 0x00, 0x50,
  0x00, 0x4E, 0x00, 0x4F, 0x00, 0x6B, 0x00, 0xBE, 0x00, 0x68, 0x00, 0x5E, 0x00, 0x6C, 0x00, 0x5C,
  0x00, 0x46, 0x00, 0x48, 0x00, 0x59, 0x00, 0xF1, 0x00, 0x18, 0x00, 0x68, 0x00, 0x68, 0x00, 0x5E,
  0x00, 0x72, 0x00, 0xBE, 0x00, 0x5C, 0x00, 0x5E, 0x00, 0x68, 0x00, 0x6B, 0x00, 0x4F, 0x00, 0xBE,
  0x00, 0x48, 0x00, 0x3B, 0x00, 0x69, 0x00, 0x6B, 0x00, 0xBE, 0x00, 0x68, 0x00, 0x5E, 0x00, 0x6C,
  0x00, 0x5C, 0x00, 0x46, 0x00, 0x48, 0x00, 0x59, 0x00, 0xF7, 0x00, 0x18, 0x00, 0x68, 0x00, 0x68,
  0x00, 0x5E, 0x00, 0x72, 0x00, 0xBE, 0x00, 0x5C, 0x00, 0x5E, 0x00, 0x68, 0x00, 0x6B, 0x00, 0x4F,
  0x00, 0xBE, 0x00, 0x72, 0x00, 0x48, 0x00, 0x69, 0x00, 0x6B, 0x00, 0xBE, 0x00, 0x68, 0x00, 0x5E,
  0x00, 0x6C, 0x00, 0x5C, 0x00, 0x46, 0x00, 0x48, 0x00, 0x59, 0x00, 0xF3, 0x00, 0x18, 0x00, 0x68,
  0x00, 0x68, 0x00, 0x5E, 0x00, 0x72, 0x00, 0xBE, 0x00, 0x69, 0x00, 0x5E, 0x00, 0x6C, 0x00, 0x6B,
  0x00, 0x4F, 0x00, 0xBE, 0x00, 0x48, 0x00, 0x3B, 0x00, 0x69, 0x00, 0x6B, 0x00, 0xBE, 0x00, 0x68,
  0x00, 0x5E, 0x00, 0x6C, 0x00, 0x5C, 0x00, 0x46, 0x00, 0x48, 0x00, 0x59, 0x00, 0xF5, 0x00, 0x18,
  0x00, 0x68, 0x00, 0x68, 0x00, 0x5E, 0x00, 0x72, 0x00, 0xBE, 0x00, 0x69, 0x00, 0x5E, 0x00, 0x6C,
  0x00, 0x6B, 0x00, 0x4F, 0x00, 0xBE, 0x00, 0x72, 0x00, 0x48, 0x00, 0x69, 0x00, 0x6B, 0x00, 0xBE,
  0x00, 0x68, 0x00, 0x5E, 0x00, 0x6C, 0x00, 0x5C, 0x00, 0x46, 0x00, 0x48, 0x00, 0x59, 0x00, 0xF9,
  0x00, 0x15, 0x00, 0x68, 0x00, 0x68, 0x00, 0x5E, 0x00, 0x72, 0x00, 0xBE, 0x00, 0x6C, 0x00, 0x65,
  0x00, 0xBE, 0x00, 0x46, 0x00, 0x5E, 0x00, 0x72, 0x00, 0x5C, 0x00, 0xBE, 0x00, 0x68, 0x00, 0x5E,
  0x00, 0x6C, 0x00, 0x5C, 0x00, 0x46, 0x00, 0x48, 0x00, 0x59, 0x00, 0xF2, 0x00, 0x13, 0x00, 0x68,
  0x00, 0x68, 0x00, 0x5E, 0x00, 0x72, 0x00, 0xBE, 0x00, 0x68, 0x00, 0x50, 0x00, 0x4E, 0x00, 0x4F,
  0x00, 0x6B, 0x00, 0xBE, 0x00, 0x68, 0x00, 0x5E, 0x00, 0x6C, 0x00, 0x5C, 0x00, 0x46, 0x00, 0x48,
  0x00, 0x59, 0x00, 0xF4, 0x00, 0x12, 0x00, 0x68, 0x00, 0x68, 0x00, 0x5E, 0x00, 0x72, 0x00, 0xBE,
  0x00, 0x46, 0x00, 0x5E, 0x00, 0x72, 0x00, 0x5C, 0x00, 0xBE, 0x00, 0x68, 0x00, 0x5E, 0x00, 0x6C,
  0x00, 0x5C, 0x00, 0x46, 0x00, 0x48, 0x00, 0x59, 0x00, 0xF6, 0x00, 0x12, 0x00, 0x68, 0x00, 0x68,
  0x00, 0x5E, 0x00, 0x72, 0x00, 0xBE, 0x00, 0x59, 0x00, 0x48, 0x00, 0x4D, 0x00, 0x6B, 0x00, 0xBE,
  0x00, 0x68, 0x00, 0x5E, 0x00, 0x6C, 0x00, 0x5C, 0x00, 0x46, 0x00, 0x48, 0x00, 0x59, 0x00, 0xEE,
  0x00, 0x10, 0x00, 0x68, 0x00, 0x68, 0x00, 0x5E, 0x00, 0x72, 0x00, 0xBE, 0x00, 0x59, 0x00, 0x48,
  0x00, 0x4D, 0x00, 0x6B, 0x00, 0xBE, 0x00, 0x68, 0x00, 0x50, 0x00, 0x4E, 0x00, 0x4F, 0x00, 0x6B,
  0x00, 0xE7, 0x00, 0x10, 0x00, 0x68, 0x00, 0x68, 0x00, 0x5E, 0x00, 0x72, 0x00, 0xBE, 0x00, 0x5C,
  0x00, 0x5E, 0x00, 0x68, 0x00, 0x6B, 0x00, 0x4F, 0x00, 0xBE, 0x00, 0x48, 0x00, 0x3B, 0x00, 0x69,
  0x00, 0x6B, 0x00, 0xED, 0x00, 0x10, 0x00, 0x68, 0x00, 0x68, 0x00, 0x5E, 0x00, 0x72, 0x00, 0xBE,
  0x00, 0x5C, 0x00, 0x5E, 0x00, 0x68, 0x00, 0x6B, 0x00, 0x4F, 0x00, 0xBE, 0x00, 0x72, 0x00, 0x48,
  0x00, 0x69, 0x00, 0x6B, 0x00, 0xE9, 0x00, 0x10, 0x00, 0x68, 0x00, 0x68, 0x00, 0x5E, 0x00, 0x72,
  0x00, 0xBE, 0x00, 0x69, 0x00, 0x5E, 0x00, 0x6C, 0x00, 0x6B, 0x00, 0x4F, 0x00, 0xBE, 0x00, 0x48,
  0x00, 0x3B, 0x00, 0x69, 0x00, 0x6B, 0x00, 0xEB, 0x00, 0x10, 0x00, 0x68, 0x00, 0x68, 0x00, 0x5E,
  0x00, 0x72, 0x00, 0xBE, 0x00, 0x69, 0x00, 0x5E, 0x00, 0x6C, 0x00, 0x6B, 0x00, 0x4F, 0x00, 0xBE,
  0x00, 0x72, 0x00, 0x48, 0x00, 0x69, 0x00, 0x6B, 0x00, 0xF0, 0x00, 0x10, 0x00, 0x68, 0x00, 0x68,
  0x00, 0x5E, 0x00, 0x72, 0x00, 0xBE, 0x00, 0x6C, 0x00, 0x65, 0x00, 0xBE, 0x00, 0x68, 0x00, 0x5E,
  0x00, 0x6C, 0x00, 0x5C, 0x00, 0x46, 0x00, 0x48, 0x00, 0x59, 0x00, 0xEF, 0x00, 0x0D, 0x00, 0x68,
  0x00, 0x68, 0x00, 0x5E, 0x00, 0x72, 0x00, 0xBE, 0x00, 0x6C, 0x00, 0x65, 0x00, 0xBE, 0x00, 0x46,
  0x00, 0x5E, 0x00, 0x72, 0x00, 0x5C, 0x00, 0xE8, 0x00, 0x0B, 0x00, 0x68, 0x00, 0x68, 0x00, 0x5E,
  0x00, 0x72, 0x00, 0xBE, 0x00, 0x68, 0x00, 0x50, 0x00, 0x4E, 0x00, 0x4F, 0x00, 0x6B, 0x00, 0xEA,
  0x00, 0x0A, 0x00, 0x68, 0x00, 0x68, 0x00, 0x5E, 0x00, 0x72, 0x00, 0xBE, 0x00, 0x46, 0x00, 0x5E,
  0x00, 0x72, 0x00, 0x5C, 0x00, 0xEC, 0x00, 0x0A, 0x00, 0x68, 0x00, 0x68, 0x00, 0x5E, 0x00, 0x72,
  0x00, 0xBE, 0x00, 0x59, 0x00, 0x48, 0x00, 0x4D, 0x00, 0x6B, 0x00, 0xE6, 0x00, 0x08, 0x00, 0x68,
  0x00, 0x68, 0x00, 0x5E, 0x00, 0x72, 0x00, 0xBE, 0x00, 0x6C, 0x00, 0x65, 0x00, 0x02, 0x00, 0x06,
  0x00, 0x2E, 0x00, 0xCA, 0x00, 0x13, 0x00, 0x6C, 0x00, 0x5E, 0x00, 0x6B, 0x00, 0x48, 0x00, 0xBE,
  0x00, 0x44, 0x00, 0x59, 0x00, 0x5E, 0x00, 0x69, 0x00, 0x48, 0x00, 0xBE, 0x00, 0x68, 0x00, 0x5E,
  0x00, 0x6C, 0x00, 0x5C, 0x00, 0x46, 0x00, 0x48, 0x00, 0x59, 0x00, 0xC9, 0x00, 0x12, 0x00, 0x6C,
  0x00, 0x5E, 0x00, 0x6B, 0x00, 0x48, 0x00, 0xBE, 0x00, 0x5E, 0x00, 0x65, 0x00, 0x48, 0x00, 0x5C,
  0x00, 0xBE, 0x00, 0x68, 0x00, 0x5E, 0x00, 0x6C, 0x00, 0x5C, 0x00, 0x46, 0x00, 0x48, 0x00, 0x59,
  0x00, 0x01, 0x00, 0x02, 0x00, 0x3B, 0x00, 0x67, 0x00, 0x01, 0x00, 0x00, 0x00, 0x01, 0x00, 0x08,
  0x00, 0x02, 0x00, 0x0A, 0x00, 0x02, 0x00, 0xBB, 0x00, 0xBC, 0x00, 0x01, 0x00, 0x02, 0x00, 0xAF,
  0x00, 0xB1, 0x00, 0x01, 0x00, 0x00, 0x00, 0x01, 0x00, 0x08, 0x00, 0x01, 0x00, 0x06, 0x00, 0x3D,
  0x00, 0x02, 0x00, 0x01, 0x00, 0x3B, 0x00, 0x42, 0x00, 0x00, 0x00, 0x01, 0x00, 0x00, 0x00, 0x01,
  0x00, 0x08, 0x00, 0x01, 0x00, 0x06, 0x00, 0x32, 0x00, 0x01, 0x00, 0x01, 0x00, 0x4E, 0x00, 0x01,
  0x00, 0x00, 0x00, 0x01, 0x00, 0x08, 0x00, 0x01, 0x00, 0x06, 0x00, 0x15, 0x00, 0x02, 0x00, 0x01,
  0x00, 0x6C, 0x00, 0x70, 0x00, 0x00, 0x00, 0x01, 0x00, 0x00, 0x00, 0x01, 0x00, 0x08, 0x00, 0x01,
  0x00, 0x06, 0x00, 0x12, 0x00, 0x01, 0x00, 0x03, 0x00, 0x74, 0x00, 0x75, 0x00, 0x76, 0x00, 0x01,
  0x00, 0x00, 0x00, 0x01, 0x00, 0x08, 0x00, 0x01, 0x00, 0x06, 0x00, 0x0F, 0x00, 0x01, 0x00, 0x01,
  0x00, 0x2B, 0x00, 0x01, 0x00, 0x00, 0x00, 0x01, 0x00, 0x08, 0x00, 0x02, 0x00, 0x10, 0x00, 0x05,
  0x00, 0x97, 0x00, 0x98, 0x00, 0x99, 0x00, 0x9A, 0x00, 0x9B, 0x00, 0x01, 0x00, 0x05, 0x00, 0x8E,
  0x00, 0x90, 0x00, 0x91, 0x00, 0x93, 0x00, 0x96, 0x00, 0x01, 0x00, 0x00, 0x00, 0x01, 0x00, 0x08,
  0x00, 0x01, 0x00, 0x06, 0x00, 0x0A, 0x00, 0x02, 0x00, 0x01, 0x00, 0xE6, 0x00, 0xEF, 0x00, 0x00,
  0x00, 0x01, 0x00, 0x01, 0x00, 0x08, 0x00, 0x03, 0x00, 0x00, 0x00, 0x14, 0x00, 0x03, 0x00, 0x00,
  0x00, 0x2C, 0x00, 0x02, 0x6F, 0x70, 0x73, 0x7A, 0x01, 0x08, 0x00, 0x00, 0x77, 0x67, 0x68, 0x74,
  0x01, 0x09, 0x00, 0x01, 0x69, 0x74, 0x61, 0x6C, 0x01, 0x1A, 0x00, 0x02, 0x00, 0x06, 0x00, 0x12,
  0x00, 0x22, 0x00, 0x01, 0x00, 0x00, 0x00, 0x00, 0x01, 0x14, 0x00, 0x0E, 0x00, 0x00, 0x00, 0x03,
  0x00, 0x01, 0x00, 0x02, 0x01, 0x0D, 0x01, 0x90, 0x00, 0x00, 0x02, 0xBC, 0x00, 0x00, 0x00, 0x03,
  0x00, 0x02, 0x00, 0x02, 0x01, 0x1B, 0x00, 0x00, 0x00, 0x00, 0x00, 0x01, 0x00, 0x00, 0x00, 0x00,
};

#define DMSans_Regular_subset_SIZE 33232

const unsigned char DMSans_Bold_subset[] PROGMEM = {
  0x00, 0x01, 0x00, 0x00, 0x00, 0x10, 0x01, 0x00, 0x00, 0x04, 0x00, 0x00, 0x47, 0x44, 0x45, 0x46,
  0x0B, 0x9B, 0x08, 0xBA, 0x00, 0x00, 0x50, 0xF8, 0x00, 0x00, 0x00, 0xBA, 0x47, 0x50, 0x4F, 0x53,
  0x30, 0x64, 0x04, 0x03, 0x00, 0x00, 0x51, 0xB4, 0x00, 0x00, 0x26, 0x5C, 0x47, 0x53, 0x55, 0x42,
  0x77, 0xAC, 0x7E, 0x71, 0x00, 0x00, 0x78, 0x10, 0x00, 0x00, 0x09, 0x20, 0x4F, 0x53, 0x2F, 0x32,
  0x61, 0xA6, 0x55, 0x51, 0x00, 0x00, 0x48, 0x8C, 0x00, 0x00, 0x00, 0x60, 0x53, 0x54, 0x41, 0x54,
  0x57, 0x15, 0x40, 0x5B, 0x00, 0x00, 0x81, 0x30, 0x00, 0x00, 0x00, 0x5A, 0x63, 0x6D, 0x61, 0x70,
  0x29, 0xA2, 0x2D, 0x17, 0x00, 0x00, 0x48, 0xEC, 0x00, 0x00, 0x01, 0xBC, 0x67, 0x61, 0x73, 0x70,
  0x00, 0x00, 0x00, 0x10, 0x00, 0x00, 0x50, 0xF0, 0x00, 0x00, 0x00, 0x08, 0x67, 0x6C, 0x79, 0x66,
  0xF7, 0xC9, 0x2D, 0xB1, 0x00, 0x00, 0x01, 0x0C, 0x00, 0x00, 0x40, 0xAA, 0x68, 0x65, 0x61, 0x64,
  0x24, 0xE2, 0x97, 0x5A, 0x00, 0x00, 0x43, 0xF8, 0x00, 0x00, 0x00, 0x36, 0x68, 0x68, 0x65, 0x61,
  0x08, 0x82, 0x03, 0x5F, 0x00, 0x00, 0x48, 0x68, 0x00, 0x00, 0x00, 0x24, 0x68, 0x6D, 0x74, 0x78,
  0x43, 0xB5, 0x2A, 0xF9, 0x00, 0x00, 0x44, 0x30, 0x00, 0x00, 0x04, 0x38, 0x6C, 0x6F, 0x63, 0x61,
  0xFE, 0x6C, 0xEE, 0x22, 0x00, 0x00, 0x41, 0xD8, 0x00, 0x00, 0x02, 0x1E, 0x6D, 0x61, 0x78, 0x70,
  0x01, 0x1E, 0x00, 0xC6, 0x00, 0x00, 0x41, 0xB8, 0x00, 0x00, 0x00, 0x20, 0x6E, 0x61, 0x6D, 0x65,
  0xCB, 0xC0, 0xE5, 0xA9, 0x00, 0x00, 0x4A, 0xB0, 0x00, 0x00, 0x06, 0x20, 0x70, 0x6F, 0x73, 0x74,
  0xFF, 0x9F, 0x00, 0x32, 0x00, 0x00, 0x50, 0xD0, 0x00, 0x00, 0x00, 0x20, 0x70, 0x72, 0x65, 0x70,
  0x68, 0x06, 0x8C, 0x85, 0x00, 0x00, 0x4A, 0xA8, 0x00, 0x00, 0x00, 0x07, 0x00, 0x02, 0x00, 0x16,
  0x00, 0x00, 0x02, 0xAE, 0x02, 0xBC, 0x00, 0x07, 0x00, 0x0B, 0x00, 0x00, 0x73, 0x01, 0x33, 0x13,
  0x23, 0x03, 0x31, 0x03, 0x27, 0x37, 0x21, 0x17, 0x16, 0x01, 0x00, 0x99, 0xFF, 0x8F, 0xBD, 0xBE,
  0x1D, 0x24, 0x01, 0x64, 0x23, 0x02, 0xBC, 0xFD, 0x44, 0x02, 0x22, 0xFD, 0xDE, 0x9F, 0x69, 0x69,
  0xFF, 0xFF, 0x00, 0x16, 0x00, 0x00, 0x02, 0xAE, 0x03, 0xBE, 0x06, 0x26, 0x00, 0x01, 0x00, 0x00,
  0x00, 0x07, 0x01, 0x04, 0x00, 0xED, 0x00, 0x00, 0xFF, 0xFF, 0x00, 0x16, 0x00, 0x00, 0x02, 0xAE,
  0x03, 0x99, 0x06, 0x26, 0x00, 0x01, 0x00, 0x00, 0x00, 0x07, 0x01, 0x05, 0x00, 0xCF, 0x00, 0x00,
  0xFF, 0xFF, 0x00, 0x16, 0x00, 0x00, 0x02, 0xAE, 0x03, 0x7F, 0x06, 0x26, 0x00, 0x01, 0x00, 0x00,
  0x00, 0x07, 0x01, 0x02, 0x00, 0xC7, 0x00, 0x00, 0xFF, 0xFF, 0x00, 0x16, 0x00, 0x00, 0x02, 0xAE,
  0x03, 0xBE, 0x06, 0x26, 0x00, 0x01, 0x00, 0x00, 0x00, 0x07, 0x01, 0x03, 0x00, 0xED, 0x00, 0x00,
  0xFF, 0xFF, 0x00, 0x16, 0x00, 0x00, 0x02, 0xAE, 0x03, 0xD0, 0x06, 0x26, 0x00, 0x01, 0x00, 0x00,
  0x00, 0x07, 0x01, 0x06, 0x00, 0xF0, 0x00, 0x00, 0xFF, 0xFF, 0x00, 0x16, 0x00, 0x00, 0x02, 0xAE,
  0x03, 0x70, 0x06, 0x26, 0x00, 0x01, 0x00, 0x00, 0x00, 0x07, 0x01, 0x07, 0x00, 0xB3, 0x00, 0x00,
  0x00, 0x02, 0x00, 0x16, 0x00, 0x00, 0x03, 0x7B, 0x02, 0xBC, 0x00, 0x0F, 0x00, 0x13, 0x00, 0x00,
  0x73, 0x01, 0x21, 0x15, 0x21, 0x15, 0x33, 0x15, 0x23, 0x15, 0x21, 0x15, 0x21, 0x11, 0x31, 0x01,
  0x27, 0x37, 0x21, 0x15, 0x16, 0x01, 0x78, 0x01, 0xED, 0xFE, 0xF4, 0xEE, 0xEE, 0x01, 0x0C, 0xFE,
  0x6D, 0xFE, 0xC1, 0x03, 0x38, 0x01, 0x4A, 0x02, 0xBC, 0x6B, 0xB9, 0x68, 0xC5, 0x6B, 0x02, 0x55,
  0xFD, 0xAB, 0x87, 0x68, 0x68, 0x00, 0x00, 0x03, 0x00, 0x45, 0x00, 0x00, 0x02, 0x54, 0x02, 0xBC,
  0x00, 0x13, 0x00, 0x1C, 0x00, 0x25, 0x00, 0x00, 0x73, 0x11, 0x21, 0x32, 0x16, 0x16, 0x15, 0x14,
  0x06, 0x06, 0x07, 0x37, 0x1E, 0x02, 0x15, 0x14, 0x06, 0x06, 0x23, 0x27, 0x33, 0x32, 0x36, 0x35,
  0x34, 0x26, 0x23, 0x23, 0x35, 0x33, 0x32, 0x36, 0x35, 0x34, 0x26, 0x23, 0x23, 0x45, 0x01, 0x1F,
  0x49, 0x64, 0x33, 0x2E, 0x4B, 0x2D, 0x10, 0x30, 0x4B, 0x2B, 0x36, 0x66, 0x4A, 0xA2, 0x8C, 0x37,
  0x3C, 0x3E, 0x37, 0x8A, 0x82, 0x35, 0x37, 0x37, 0x36, 0x81, 0x02, 0xBC, 0x2E, 0x51, 0x35, 0x35,
  0x48, 0x27, 0x03, 0x0B, 0x02, 0x2F, 0x4E, 0x2E, 0x38, 0x56, 0x31, 0x6E, 0x32, 0x2F, 0x2F, 0x35,
  0x65, 0x30, 0x2C, 0x2B, 0x31, 0x00, 0x00, 0x01, 0x00, 0x2E, 0xFF, 0xF4, 0x02, 0xB4, 0x02, 0xC8,
  0x00, 0x1D, 0x00, 0x00, 0x45, 0x22, 0x26, 0x26, 0x35, 0x34, 0x36, 0x36, 0x33, 0x32, 0x16, 0x17,
  0x23, 0x26, 0x26, 0x23, 0x22, 0x06, 0x06, 0x15, 0x14, 0x16, 0x16, 0x33, 0x32, 0x36, 0x37, 0x33,
  0x06, 0x06, 0x01, 0x7F, 0x69, 0x97, 0x51, 0x51, 0x97, 0x69, 0x7F, 0xA2, 0x14, 0x93, 0x0D, 0x53,
  0x43, 0x3E, 0x59, 0x30, 0x30, 0x59, 0x3E, 0x43, 0x52, 0x0D, 0x94, 0x14, 0xA2, 0x0C, 0x5B, 0xA3,
  0x6B, 0x6B, 0xA4, 0x5C, 0x7E, 0x73, 0x38, 0x3F, 0x3B, 0x6B, 0x4B, 0x4A, 0x6C, 0x3A, 0x3B, 0x35,
  0x6D, 0x7C, 0xFF, 0xFF, 0x00, 0x2E, 0xFE, 0xF6, 0x02, 0xB4, 0x02, 0xC8, 0x06, 0x26, 0x00, 0x0A,
  0x00, 0x00, 0x00, 0x07, 0x01, 0x08, 0x01, 0x18, 0xFF, 0xFD, 0x00, 0x02, 0x00, 0x45, 0x00, 0x00,
  0x02, 0x95, 0x02, 0xBC, 0x00, 0x0A, 0x00, 0x15, 0x00, 0x00, 0x73, 0x11, 0x33, 0x32, 0x16, 0x16,
  0x15, 0x14, 0x06, 0x06, 0x23, 0x27, 0x33, 0x32, 0x36, 0x36, 0x35, 0x34, 0x26, 0x26, 0x23, 0x23,
  0x45, 0xEA, 0x7A, 0x9F, 0x4D, 0x4D, 0x9E, 0x7B, 0x63, 0x5C, 0x56, 0x63, 0x2A, 0x2A, 0x63, 0x56,
  0x5C, 0x02, 0xBC, 0x57, 0x9D, 0x6A, 0x6A, 0x9D, 0x57, 0x74, 0x38, 0x69, 0x49, 0x4A, 0x69, 0x38,
  0x00, 0x03, 0x00, 0x06, 0x00, 0x00, 0x02, 0xA1, 0x02, 0xBC, 0x00, 0x03, 0x00, 0x0E, 0x00, 0x19,
  0x00, 0x00, 0x53, 0x35, 0x21, 0x15, 0x01, 0x11, 0x33, 0x32, 0x16, 0x16, 0x15, 0x14, 0x06, 0x06,
  0x23, 0x27, 0x33, 0x32, 0x36, 0x36, 0x35, 0x34, 0x26, 0x26, 0x23, 0x23, 0x06, 0x01, 0x7D, 0xFE,
  0xCD, 0xEB, 0x7A, 0x9F, 0x4D, 0x4D, 0x9F, 0x7A, 0x64, 0x5D, 0x56, 0x63, 0x2A, 0x2A, 0x63, 0x56,
  0x5D, 0x01, 0x25, 0x73, 0x73, 0xFE, 0xDB, 0x02, 0xBC, 0x57, 0x9D, 0x6A, 0x6A, 0x9D, 0x57, 0x74,
  0x38, 0x69, 0x49, 0x4A, 0x69, 0x38, 0x00, 0x01, 0x00, 0x45, 0x00, 0x00, 0x02, 0x11, 0x02, 0xBC,
  0x00, 0x0B, 0x00, 0x00, 0x73, 0x11, 0x21, 0x15, 0x21, 0x15, 0x21, 0x15, 0x21, 0x15, 0x21, 0x15,
  0x45, 0x01, 0xCC, 0xFE, 0xBB, 0x01, 0x27, 0xFE, 0xD9, 0x01, 0x45, 0x02, 0xBC, 0x6D, 0xB7, 0x69,
  0xC2, 0x6D, 0xFF, 0xFF, 0x00, 0x45, 0x00, 0x00, 0x02, 0x11, 0x03, 0xBE, 0x06, 0x26, 0x00, 0x0E,
  0x00, 0x00, 0x00, 0x07, 0x01, 0x04, 0x00, 0xB6, 0x00, 0x00, 0xFF, 0xFF, 0x00, 0x45, 0x00, 0x00,
  0x02, 0x11, 0x03, 0x99, 0x06, 0x26, 0x00, 0x0E, 0x00, 0x00, 0x00, 0x07, 0x01, 0x05, 0x00, 0x98,
  0x00, 0x00, 0xFF, 0xFF, 0x00, 0x45, 0x00, 0x00, 0x02, 0x11, 0x03, 0x7F, 0x06, 0x26, 0x00, 0x0E,
  0x00, 0x00, 0x00, 0x07, 0x01, 0x02, 0x00, 0x90, 0x00, 0x00, 0xFF, 0xFF, 0x00, 0x45, 0x00, 0x00,
  0x02, 0x11, 0x03, 0xBE, 0x06, 0x26, 0x00, 0x0E, 0x00, 0x00, 0x00, 0x07, 0x01, 0x03, 0x00, 0xB6,
  0x00, 0x00, 0x00, 0x01, 0x00, 0x45, 0x00, 0x00, 0x02, 0x0D, 0x02, 0xBC, 0x00, 0x09, 0x00, 0x00,
  0x73, 0x11, 0x21, 0x15, 0x21, 0x15, 0x21, 0x15, 0x21, 0x11, 0x45, 0x01, 0xC8, 0xFE, 0xBF, 0x01,
  0x01, 0xFE, 0xFF, 0x02, 0xBC, 0x6D, 0xBB, 0x6A, 0xFE, 0xD6, 0x00, 0x01, 0x00, 0x2E, 0xFF, 0xF4,
  0x02, 0xD1, 0x02, 0xC8, 0x00, 0x24, 0x00, 0x00, 0x45, 0x22, 0x26, 0x26, 0x35, 0x34, 0x36, 0x36,
  0x33, 0x32, 0x16, 0x17, 0x23, 0x26, 0x26, 0x23, 0x22, 0x06, 0x06, 0x15, 0x14, 0x16, 0x16, 0x33,
  0x32, 0x36, 0x37, 0x23, 0x35, 0x21, 0x11, 0x23, 0x27, 0x31, 0x0E, 0x02, 0x01, 0x78, 0x64, 0x94,
  0x52, 0x54, 0x9E, 0x6E, 0x7B, 0xA3, 0x18, 0x97, 0x0F, 0x51, 0x40, 0x44, 0x60, 0x32, 0x32, 0x5D,
  0x3F, 0x5C, 0x5F, 0x09, 0xAC, 0x01, 0x34, 0x7D, 0x0A, 0x16, 0x3B, 0x4E, 0x0C, 0x59, 0xA1, 0x6B,
  0x6C, 0xA5, 0x5E, 0x76, 0x69, 0x2E, 0x35, 0x3C, 0x6C, 0x4B, 0x4C, 0x6A, 0x37, 0x63, 0x4F, 0x65,
  0xFE, 0x7D, 0x59, 0x21, 0x2D, 0x17, 0x00, 0x03, 0x00, 0x45, 0x00, 0x00, 0x02, 0x85, 0x02, 0xBC,
  0x00, 0x03, 0x00, 0x07, 0x00, 0x0B, 0x00, 0x00, 0x61, 0x11, 0x33, 0x11, 0x21, 0x11, 0x33, 0x11,
  0x03, 0x35, 0x21, 0x15, 0x01, 0xFE, 0x87, 0xFD, 0xC0, 0x87, 0x13, 0x01, 0x5C, 0x02, 0xBC, 0xFD,
  0x44, 0x02, 0xBC, 0xFD, 0x44, 0x01, 0x2F, 0x6D, 0x6D, 0x00, 0x00, 0x01, 0x00, 0x45, 0x00, 0x00,
  0x00, 0xCC, 0x02, 0xBC, 0x00, 0x03, 0x00, 0x00, 0x73, 0x11, 0x33, 0x11, 0x45, 0x87, 0x02, 0xBC,
  0xFD, 0x44, 0xFF, 0xFF, 0x00, 0x13, 0x00, 0x00, 0x00, 0xFE, 0x03, 0xBE, 0x06, 0x26, 0x00, 0x16,
  0x00, 0x00, 0x00, 0x06, 0x01, 0x04, 0x13, 0x00, 0xFF, 0xFF, 0xFF, 0xF5, 0x00, 0x00, 0x01, 0x1C,
  0x03, 0x99, 0x06, 0x26, 0x00, 0x16, 0x00, 0x00, 0x00, 0x06, 0x01, 0x05, 0xF5, 0x00, 0xFF, 0xFF,
  0xFF, 0xED, 0x00, 0x00, 0x01, 0x24, 0x03, 0x7F, 0x06, 0x26, 0x00, 0x16, 0x00, 0x00, 0x00, 0x06,
  0x01, 0x02, 0xED, 0x00, 0xFF, 0xFF, 0x00, 0x13, 0x00, 0x00, 0x00, 0xFE, 0x03, 0xBE, 0x06, 0x26,
  0x00, 0x16, 0x00, 0x00, 0x00, 0x06, 0x01, 0x03, 0x13, 0x00, 0x00, 0x01, 0x00, 0x1D, 0xFF, 0xF4,
  0x01, 0xD8, 0x02, 0xBC, 0x00, 0x12, 0x00, 0x00, 0x45, 0x22, 0x26, 0x26, 0x35, 0x33, 0x14, 0x16,
  0x16, 0x33, 0x32, 0x36, 0x36, 0x35, 0x11, 0x33, 0x11, 0x14, 0x06, 0x01, 0x00, 0x44, 0x67, 0x38,
  0x87, 0x13, 0x27, 0x1F, 0x1E, 0x25, 0x11, 0x87, 0x75, 0x0C, 0x34, 0x65, 0x48, 0x20, 0x2F, 0x19,
  0x17, 0x2B, 0x1E, 0x01, 0xEF, 0xFE, 0x11, 0x69, 0x70, 0x00, 0x00, 0x01, 0x00, 0x45, 0x00, 0x00,
  0x02, 0x77, 0x02, 0xBC, 0x00, 0x0B, 0x00, 0x00, 0x73, 0x11, 0x33, 0x11, 0x13, 0x33, 0x01, 0x01,
  0x23, 0x03, 0x07, 0x15, 0x45, 0x87, 0xFD, 0xA6, 0xFE, 0xFF, 0x01, 0x09, 0xA5, 0xC5, 0x41, 0x02,
  0xBC, 0xFE, 0xEB, 0x01, 0x15, 0xFE, 0xEB, 0xFE, 0x59, 0x01, 0x3E, 0x46, 0xF8, 0x00, 0x00, 0x01,
  0x00, 0x45, 0x00, 0x00, 0x01, 0xFF, 0x02, 0xBC, 0x00, 0x05, 0x00, 0x00, 0x73, 0x11, 0x33, 0x11,
  0x21, 0x15, 0x45, 0x87, 0x01, 0x33, 0x02, 0xBC, 0xFD, 0xAD, 0x69, 0x00, 0xFF, 0xFF, 0x00, 0x45,
  0x00, 0x00, 0x01, 0xFF, 0x02, 0xBC, 0x06, 0x26, 0x00, 0x1D, 0x00, 0x00, 0x00, 0x07, 0x00, 0xB6,
  0x00, 0xFF, 0x00, 0x18, 0x00, 0x01, 0x00, 0x45, 0x00, 0x00, 0x03, 0x31, 0x02, 0xBC, 0x00, 0x0F,
  0x00, 0x00, 0x73, 0x11, 0x33, 0x13, 0x31, 0x13, 0x33, 0x11, 0x23, 0x11, 0x31, 0x03, 0x23, 0x03,
  0x31, 0x11, 0x45, 0xA1, 0xD6, 0xD4, 0xA1, 0x87, 0xB9, 0x6B, 0xBA, 0x02, 0xBC, 0xFE, 0x4B, 0x01,
  0xB5, 0xFD, 0x44, 0x01, 0xD6, 0xFE, 0x8C, 0x01, 0x74, 0xFE, 0x2A, 0x00, 0x00, 0x01, 0x00, 0x45,
  0x00, 0x00, 0x02, 0x95, 0x02, 0xBC, 0x00, 0x0B, 0x00, 0x00, 0x73, 0x11, 0x33, 0x01, 0x31, 0x11,
  0x33, 0x11, 0x23, 0x01, 0x31, 0x11, 0x45, 0x87, 0x01, 0x42, 0x87, 0x87, 0xFE, 0xBE, 0x02, 0xBC,
  0xFE, 0x1D, 0x01, 0xE3, 0xFD, 0x44, 0x01, 0xE2, 0xFE, 0x1E, 0xFF, 0xFF, 0x00, 0x45, 0x00, 0x00,
  0x02, 0x95, 0x03, 0x70, 0x06, 0x26, 0x00, 0x20, 0x00, 0x00, 0x00, 0x07, 0x01, 0x07, 0x00, 0xBD,
  0x00, 0x00, 0x00, 0x02, 0x00, 0x2E, 0xFF, 0xF4, 0x02, 0xE2, 0x02, 0xC8, 0x00, 0x0F, 0x00, 0x1F,
  0x00, 0x00, 0x45, 0x22, 0x26, 0x26, 0x35, 0x34, 0x36, 0x36, 0x33, 0x32, 0x16, 0x16, 0x15, 0x14,
  0x06, 0x06, 0x27, 0x32, 0x36, 0x36, 0x35, 0x34, 0x26, 0x26, 0x23, 0x22, 0x06, 0x06, 0x15, 0x14,
  0x16, 0x16, 0x01, 0x88, 0x66, 0x9C, 0x58, 0x58, 0x9C, 0x66, 0x67, 0x9C, 0x57, 0x57, 0x9C, 0x67,
  0x40, 0x5D, 0x34, 0x34, 0x5D, 0x40, 0x3F, 0x5E, 0x34, 0x34, 0x5E, 0x0C, 0x5C, 0xA3, 0x6B, 0x6B,
  0xA3, 0x5C, 0x5C, 0xA3, 0x6B, 0x6B, 0xA3, 0x5C, 0x79, 0x3B, 0x6C, 0x4A, 0x4B, 0x6B, 0x3A, 0x3A,
  0x6B, 0x4B, 0x4A, 0x6C, 0x3B, 0x00, 0xFF, 0xFF, 0x00, 0x2E, 0xFF, 0xF4, 0x02, 0xE2, 0x03, 0xBE,
  0x06, 0x26, 0x00, 0x22, 0x00, 0x00, 0x00, 0x07, 0x01, 0x04, 0x01, 0x13, 0x00, 0x00, 0xFF, 0xFF,
  0x00, 0x2E, 0xFF, 0xF4, 0x02, 0xE2, 0x03, 0x99, 0x06, 0x26, 0x00, 0x22, 0x00, 0x00, 0x00, 0x07,
  0x01, 0x05, 0x00, 0xF5, 0x00, 0x00, 0xFF, 0xFF, 0x00, 0x2E, 0xFF, 0xF4, 0x02, 0xE2, 0x03, 0x7F,
  0x06, 0x26, 0x00, 0x22, 0x00, 0x00, 0x00, 0x07, 0x01, 0x02, 0x00, 0xED, 0x00, 0x00, 0xFF, 0xFF,
  0x00, 0x2E, 0xFF, 0xF4, 0x02, 0xE2, 0x03, 0xBE, 0x06, 0x26, 0x00, 0x22, 0x00, 0x00, 0x00, 0x07,
  0x01, 0x03, 0x01, 0x13, 0x00, 0x00, 0x00, 0x03, 0x00, 0x1A, 0xFF, 0xF4, 0x02, 0xF0, 0x02, 0xC8,
  0x00, 0x03, 0x00, 0x13, 0x00, 0x23, 0x00, 0x00, 0x73, 0x01, 0x33, 0x01, 0x17, 0x22, 0x26, 0x26,
  0x35, 0x34, 0x36, 0x36, 0x33, 0x32, 0x16, 0x16, 0x15, 0x14, 0x06, 0x06, 0x27, 0x32, 0x36, 0x36,
  0x35, 0x34, 0x26, 0x26, 0x23, 0x22, 0x06, 0x06, 0x15, 0x14, 0x16, 0x16, 0x1A, 0x02, 0x57, 0x7F,
  0xFD, 0xAA, 0xED, 0x66, 0x9C, 0x58, 0x58, 0x9C, 0x66, 0x67, 0x9D, 0x57, 0x57, 0x9D, 0x67, 0x40,
  0x5E, 0x33, 0x33, 0x5E, 0x40, 0x3F, 0x5E, 0x33, 0x33, 0x5E, 0x02, 0xBC, 0xFD, 0x44, 0x0C, 0x5C,
  0xA3, 0x6B, 0x6B, 0xA3, 0x5C, 0x5C, 0xA3, 0x6B, 0x6B, 0xA3, 0x5C, 0x79, 0x3B, 0x6C, 0x4A, 0x4B,
  0x6B, 0x3A, 0x3A, 0x6B, 0x4B, 0x4A, 0x6C, 0x3B, 0xFF, 0xFF, 0x00, 0x2E, 0xFF, 0xF4, 0x02, 0xE2,
  0x03, 0x70, 0x06, 0x26, 0x00, 0x22, 0x00, 0x00, 0x00, 0x07, 0x01, 0x07, 0x00, 0xD9, 0x00, 0x00,
  0x00, 0x02, 0x00, 0x45, 0x00, 0x00, 0x02, 0x46, 0x02, 0xBC, 0x00, 0x0C, 0x00, 0x15, 0x00, 0x00,
  0x73, 0x11, 0x21, 0x32, 0x16, 0x16, 0x15, 0x14, 0x06, 0x06, 0x23, 0x23, 0x11, 0x11, 0x33, 0x32,
  0x36, 0x35, 0x34, 0x26, 0x23, 0x23, 0x45, 0x01, 0x06, 0x55, 0x70, 0x36, 0x34, 0x70, 0x57, 0x7F,
  0x77, 0x41, 0x39, 0x39, 0x41, 0x77, 0x02, 0xBC, 0x3A, 0x62, 0x3F, 0x3A, 0x62, 0x3D, 0xFE, 0xF8,
  0x01, 0x75, 0x3B, 0x31, 0x34, 0x39, 0x00, 0x02, 0x00, 0x45, 0x00, 0x00, 0x02, 0x46, 0x02, 0xBC,
  0x00, 0x0E, 0x00, 0x17, 0x00, 0x00, 0x73, 0x11, 0x33, 0x15, 0x33, 0x32, 0x16, 0x16, 0x15, 0x14,
  0x06, 0x06, 0x23, 0x23, 0x15, 0x35, 0x33, 0x32, 0x36, 0x35, 0x34, 0x26, 0x23, 0x23, 0x45, 0x87,
  0x80, 0x54, 0x70, 0x36, 0x34, 0x6F, 0x57, 0x80, 0x78, 0x40, 0x39, 0x39, 0x40, 0x78, 0x02, 0xBC,
  0x86, 0x38, 0x62, 0x3F, 0x39, 0x62, 0x3C, 0x86, 0xF3, 0x3A, 0x30, 0x33, 0x38, 0x00, 0x00, 0x03,
  0x00, 0x2E, 0xFF, 0x92, 0x02, 0xE2, 0x02, 0xC8, 0x00, 0x03, 0x00, 0x13, 0x00, 0x23, 0x00, 0x00,
  0x45, 0x03, 0x33, 0x01, 0x25, 0x22, 0x26, 0x26, 0x35, 0x34, 0x36, 0x36, 0x33, 0x32, 0x16, 0x16,
  0x15, 0x14, 0x06, 0x06, 0x27, 0x32, 0x36, 0x36, 0x35, 0x34, 0x26, 0x26, 0x23, 0x22, 0x06, 0x06,
  0x15, 0x14, 0x16, 0x16, 0x02, 0x2D, 0xFF, 0x9B, 0x01, 0x05, 0xFE, 0xBA, 0x66, 0x9C, 0x58, 0x58,
  0x9C, 0x66, 0x67, 0x9C, 0x57, 0x57, 0x9C, 0x67, 0x40, 0x5D, 0x34, 0x34, 0x5D, 0x40, 0x3F, 0x5E,
  0x34, 0x34, 0x5E, 0x6E, 0x01, 0x91, 0xFE, 0x6F, 0x62, 0x5C, 0xA3, 0x6B, 0x6B, 0xA3, 0x5C, 0x5C,
  0xA3, 0x6B, 0x6B, 0xA3, 0x5C, 0x79, 0x3B, 0x6C, 0x4A, 0x4B, 0x6B, 0x3A, 0x3A, 0x6B, 0x4B, 0x4A,
  0x6C, 0x3B, 0x00, 0x03, 0x00, 0x45, 0x00, 0x00, 0x02, 0x4A, 0x02, 0xBC, 0x00, 0x0C, 0x00, 0x10,
  0x00, 0x19, 0x00, 0x00, 0x73, 0x11, 0x21, 0x32, 0x16, 0x16, 0x15, 0x14, 0x06, 0x06, 0x23, 0x23,
  0x11, 0x33, 0x03, 0x33, 0x13, 0x01, 0x33, 0x32, 0x36, 0x35, 0x34, 0x26, 0x23, 0x23, 0x45, 0x01,
  0x05, 0x55, 0x6E, 0x36, 0x34, 0x6F, 0x57, 0x7D, 0xE4, 0x90, 0x92, 0x98, 0xFE, 0x82, 0x76, 0x3D,
  0x3A, 0x39, 0x3E, 0x76, 0x02, 0xBC, 0x3A, 0x61, 0x3B, 0x38, 0x61, 0x3B, 0xFE, 0xEE, 0x01, 0x34,
  0xFE, 0xCC, 0x01, 0x74, 0x3C, 0x31, 0x31, 0x39, 0x00, 0x01, 0x00, 0x2D, 0xFF, 0xF4, 0x02, 0x2E,
  0x02, 0xC8, 0x00, 0x32, 0x00, 0x00, 0x45, 0x22, 0x26, 0x26, 0x27, 0x33, 0x1E, 0x02, 0x33, 0x32,
  0x36, 0x36, 0x35, 0x34, 0x2E, 0x02, 0x27, 0x26, 0x26, 0x35, 0x34, 0x36, 0x36, 0x33, 0x32, 0x16,
  0x16, 0x17, 0x23, 0x2E, 0x02, 0x23, 0x26, 0x06, 0x06, 0x15, 0x14, 0x1E, 0x02, 0x17, 0x1E, 0x02,
  0x15, 0x14, 0x06, 0x06, 0x01, 0x36, 0x4C, 0x77, 0x45, 0x01, 0x8F, 0x01, 0x1E, 0x35, 0x25, 0x20,
  0x2F, 0x1A, 0x1D, 0x33, 0x43, 0x25, 0x53, 0x57, 0x3D, 0x6C, 0x45, 0x47, 0x6B, 0x3F, 0x01, 0x90,
  0x01, 0x19, 0x2C, 0x1E, 0x1A, 0x2B, 0x19, 0x19, 0x2C, 0x3C, 0x23, 0x34, 0x58, 0x34, 0x3A, 0x6D,
  0x0C, 0x34, 0x64, 0x47, 0x1F, 0x32, 0x1D, 0x15, 0x26, 0x1A, 0x1E, 0x28, 0x1C, 0x17, 0x0D, 0x1B,
  0x5A, 0x4A, 0x3F, 0x5A, 0x30, 0x31, 0x5C, 0x3E, 0x17, 0x29, 0x19, 0x01, 0x12, 0x23, 0x1A, 0x19,
  0x22, 0x19, 0x15, 0x0B, 0x12, 0x31, 0x4E, 0x40, 0x37, 0x5E, 0x3A, 0x00, 0x00, 0x01, 0x00, 0x1B,
  0x00, 0x00, 0x02, 0x3A, 0x02, 0xBC, 0x00, 0x07, 0x00, 0x00, 0x73, 0x11, 0x23, 0x35, 0x21, 0x15,
  0x23, 0x11, 0xE8, 0xCD, 0x02, 0x1F, 0xCC, 0x02, 0x4F, 0x6D, 0x6D, 0xFD, 0xB1, 0x00, 0x00, 0x01,
  0x00, 0x3F, 0xFF, 0xF4, 0x02, 0x6E, 0x02, 0xBC, 0x00, 0x15, 0x00, 0x00, 0x45, 0x22, 0x26, 0x26,
  0x35, 0x11, 0x33, 0x11, 0x14, 0x16, 0x16, 0x33, 0x32, 0x36, 0x36, 0x35, 0x11, 0x33, 0x11, 0x14,
  0x06, 0x06, 0x01, 0x54, 0x4D, 0x7E, 0x4A, 0x87, 0x22, 0x41, 0x2D, 0x2E, 0x41, 0x22, 0x87, 0x4C,
  0x81, 0x0C, 0x3E, 0x7C, 0x60, 0x01, 0xAE, 0xFE, 0x51, 0x34, 0x47, 0x22, 0x22, 0x47, 0x34, 0x01,
  0xAF, 0xFE, 0x52, 0x60, 0x7C, 0x3E, 0xFF, 0xFF, 0x00, 0x3F, 0xFF, 0xF4, 0x02, 0x6E, 0x03, 0xBE,
  0x06, 0x26, 0x00, 0x2F, 0x00, 0x00, 0x00, 0x07, 0x01, 0x04, 0x00, 0xE1, 0x00, 0x00, 0xFF, 0xFF,
  0x00, 0x3F, 0xFF, 0xF4, 0x02, 0x6E, 0x03, 0x99, 0x06, 0x26, 0x00, 0x2F, 0x00, 0x00, 0x00, 0x07,
  0x01, 0x05, 0x00, 0xC3, 0x00, 0x00, 0xFF, 0xFF, 0x00, 0x3F, 0xFF, 0xF4, 0x02, 0x6E, 0x03, 0x7F,
  0x06, 0x26, 0x00, 0x2F, 0x00, 0x00, 0x00, 0x07, 0x01, 0x02, 0x00, 0xBB, 0x00, 0x00, 0xFF, 0xFF,
  0x00, 0x3F, 0xFF, 0xF4, 0x02, 0x6E, 0x03, 0xBE, 0x06, 0x26, 0x00, 0x2F, 0x00, 0x00, 0x00, 0x07,
  0x01, 0x03, 0x00, 0xE1, 0x00, 0x00, 0x00, 0x01, 0x00, 0x0F, 0x00, 0x00, 0x02, 0xB3, 0x02, 0xBC,
  0x00, 0x07, 0x00, 0x00, 0x61, 0x03, 0x33, 0x13, 0x31, 0x13, 0x33, 0x03, 0x01, 0x0E, 0xFF, 0x90,
  0xC2, 0xC3, 0x8F, 0xFF, 0x02, 0xBC, 0xFD, 0xCE, 0x02, 0x32, 0xFD, 0x44, 0x00, 0x01, 0x00, 0x1A,
  0x00, 0x00, 0x03, 0xE1, 0x02, 0xBC, 0x00, 0x0F, 0x00, 0x00, 0x73, 0x03, 0x33, 0x13, 0x31, 0x13,
  0x33, 0x13, 0x31, 0x13, 0x33, 0x03, 0x23, 0x03, 0x31, 0x03, 0xD2, 0xB8, 0x90, 0x7A, 0x90, 0x95,
  0x8C, 0x7B, 0x91, 0xBD, 0xA1, 0x86, 0x8B, 0x02, 0xBC, 0xFD, 0xDD, 0x02, 0x23, 0xFD, 0xDD, 0x02,
  0x23, 0xFD, 0x44, 0x01, 0xFE, 0xFE, 0x02, 0x00, 0x00, 0x01, 0x00, 0x1E, 0x00, 0x00, 0x02, 0x7F,
  0x02, 0xBC, 0x00, 0x0D, 0x00, 0x00, 0x73, 0x13, 0x03, 0x33, 0x17, 0x31, 0x37, 0x33, 0x03, 0x13,
  0x23, 0x27, 0x31, 0x07, 0x21, 0xDD, 0xE0, 0x9C, 0x9A, 0x8D, 0x98, 0xDB, 0xE1, 0x9C, 0x9B, 0x8E,
  0x01, 0x63, 0x01, 0x59, 0xEF, 0xEF, 0xFE, 0xA1, 0xFE, 0xA3, 0xF3, 0xF3, 0x00, 0x01, 0x00, 0x0E,
  0x00, 0x00, 0x02, 0x6D, 0x02, 0xBC, 0x00, 0x09, 0x00, 0x00, 0x73, 0x35, 0x03, 0x33, 0x13, 0x23,
  0x13, 0x33, 0x03, 0x15, 0xFA, 0xEC, 0x99, 0xA5, 0x1B, 0xA4, 0x98, 0xEC, 0xF6, 0x01, 0xC6, 0xFE,
  0xA6, 0x01, 0x5A, 0xFE, 0x3A, 0xF6, 0xFF, 0xFF, 0x00, 0x0E, 0x00, 0x00, 0x02, 0x6D, 0x03, 0xBE,
  0x06, 0x26, 0x00, 0x37, 0x00, 0x00, 0x00, 0x07, 0x01, 0x04, 0x00, 0xC8, 0x00, 0x00, 0x00, 0x01,
  0x00, 0x31, 0x00, 0x00, 0x02, 0x11, 0x02, 0xBC, 0x00, 0x09, 0x00, 0x00, 0x73, 0x35, 0x01, 0x21,
  0x35, 0x21, 0x15, 0x01, 0x21, 0x15, 0x31, 0x01, 0x43, 0xFE, 0xBF, 0x01, 0xDC, 0xFE, 0xBC, 0x01,
  0x46, 0x68, 0x01, 0xE4, 0x70, 0x68, 0xFE, 0x1C, 0x70, 0x00, 0x00, 0x03, 0x00, 0x2E, 0xFF, 0x77,
  0x02, 0xE3, 0x02, 0xC8, 0x00, 0x03, 0x00, 0x13, 0x00, 0x23, 0x00, 0x00, 0x45, 0x27, 0x37, 0x17,
  0x25, 0x22, 0x26, 0x26, 0x35, 0x34, 0x36, 0x36, 0x33, 0x32, 0x16, 0x16, 0x15, 0x14, 0x06, 0x06,
  0x27, 0x32, 0x36, 0x36, 0x35, 0x34, 0x26, 0x26, 0x23, 0x22, 0x06, 0x06, 0x15, 0x14, 0x16, 0x16,
  0x02, 0x41, 0xC8, 0x82, 0xE8, 0xFE, 0xA5, 0x66, 0x9C, 0x58, 0x58, 0x9C, 0x66, 0x67, 0x9C, 0x57,
  0x57, 0x9C, 0x67, 0x40, 0x5D, 0x34, 0x34, 0x5D, 0x40, 0x3F, 0x5E, 0x34, 0x34, 0x5E, 0x89, 0xC4,
  0x1E, 0xE2, 0x7D, 0x5C, 0xA3, 0x6B, 0x6B, 0xA3, 0x5C, 0x5C, 0xA3, 0x6B, 0x6B, 0xA3, 0x5C, 0x79,
  0x3B, 0x6C, 0x4A, 0x4B, 0x6B, 0x3A, 0x3A, 0x6B, 0x4B, 0x4A, 0x6C, 0x3B, 0x00, 0x02, 0x00, 0x34,
  0xFF, 0xF4, 0x02, 0x0E, 0x02, 0x04, 0x00, 0x21, 0x00, 0x30, 0x00, 0x00, 0x57, 0x22, 0x26, 0x26,
  0x35, 0x34, 0x36, 0x36, 0x33, 0x33, 0x34, 0x26, 0x26, 0x23, 0x22, 0x06, 0x07, 0x23, 0x3E, 0x02,
  0x33, 0x32, 0x16, 0x16, 0x15, 0x11, 0x23, 0x27, 0x31, 0x0E, 0x03, 0x37, 0x32, 0x3E, 0x02, 0x37,
  0x35, 0x23, 0x22, 0x06, 0x06, 0x15, 0x14, 0x16, 0x16, 0xEC, 0x3F, 0x52, 0x27, 0x2F, 0x5F, 0x48,
  0x7D, 0x14, 0x2A, 0x23, 0x26, 0x35, 0x06, 0x83, 0x05, 0x3D, 0x65, 0x3E, 0x47, 0x68, 0x38, 0x72,
  0x0F, 0x0B, 0x1E, 0x28, 0x32, 0x02, 0x1A, 0x29, 0x1E, 0x11, 0x03, 0x67, 0x1F, 0x27, 0x12, 0x12,
  0x22, 0x0C, 0x29, 0x45, 0x2A, 0x2E, 0x46, 0x28, 0x25, 0x31, 0x18, 0x21, 0x22, 0x36, 0x4F, 0x2C,
  0x30, 0x5A, 0x42, 0xFE, 0xC8, 0x4D, 0x14, 0x20, 0x18, 0x0D, 0x68, 0x13, 0x21, 0x2B, 0x19, 0x01,
  0x0F, 0x1C, 0x12, 0x14, 0x1A, 0x0E, 0xFF, 0xFF, 0x00, 0x34, 0xFF, 0xF4, 0x02, 0x0E, 0x02, 0xF9,
  0x06, 0x26, 0x00, 0x3B, 0x00, 0x00, 0x00, 0x07, 0x00, 0xFD, 0x00, 0xAC, 0x00, 0x00, 0xFF, 0xFF,
  0x00, 0x34, 0xFF, 0xF4, 0x02, 0x0E, 0x02, 0xD6, 0x06, 0x26, 0x00, 0x3B, 0x00, 0x00, 0x00, 0x07,
  0x00, 0xFE, 0x00, 0x8E, 0x00, 0x00, 0xFF, 0xFF, 0x00, 0x34, 0xFF, 0xF4, 0x02, 0x0E, 0x02, 0xB9,
  0x06, 0x26, 0x00, 0x3B, 0x00, 0x00, 0x00, 0x07, 0x00, 0xFA, 0x00, 0x86, 0x00, 0x00, 0xFF, 0xFF,
  0x00, 0x34, 0xFF, 0xF4, 0x02, 0x0E, 0x02, 0xF9, 0x06, 0x26, 0x00, 0x3B, 0x00, 0x00, 0x00, 0x07,
  0x00, 0xFC, 0x00, 0xAC, 0x00, 0x00, 0xFF, 0xFF, 0x00, 0x34, 0xFF, 0xF4, 0x02, 0x0E, 0x03, 0x1D,
  0x06, 0x26, 0x00, 0x3B, 0x00, 0x00, 0x00, 0x07, 0x00, 0xFF, 0x00, 0xAE, 0x00, 0x00, 0xFF, 0xFF,
  0x00, 0x34, 0xFF, 0xF4, 0x02, 0x0E, 0x02, 0xBB, 0x06, 0x26, 0x00, 0x3B, 0x00, 0x00, 0x00, 0x06,
  0x01, 0x00, 0x6D, 0x00, 0x00, 0x03, 0x00, 0x34, 0xFF, 0xF4, 0x03, 0x84, 0x02, 0x04, 0x00, 0x35,
  0x00, 0x43, 0x00, 0x4B, 0x00, 0x00, 0x57, 0x22, 0x26, 0x26, 0x35, 0x34, 0x36, 0x36, 0x33, 0x33,
  0x34, 0x26, 0x26, 0x23, 0x22, 0x06, 0x07, 0x23, 0x3E, 0x02, 0x33, 0x32, 0x16, 0x17, 0x36, 0x36,
  0x33, 0x32, 0x16, 0x16, 0x15, 0x14, 0x06, 0x07, 0x21, 0x1E, 0x02, 0x33, 0x32, 0x36, 0x37, 0x33,
  0x0E, 0x02, 0x23, 0x22, 0x26, 0x27, 0x0E, 0x02, 0x27, 0x32, 0x36, 0x36, 0x37, 0x35, 0x23, 0x22,
  0x06, 0x06, 0x15, 0x14, 0x16, 0x16, 0x25, 0x33, 0x26, 0x26, 0x23, 0x22, 0x06, 0x06, 0xF6, 0x40,
  0x57, 0x2B, 0x2D, 0x5F, 0x47, 0x83, 0x14, 0x2A, 0x21, 0x23, 0x35, 0x06, 0x83, 0x05, 0x3C, 0x63,
  0x3D, 0x3B, 0x5B, 0x1D, 0x20, 0x5A, 0x34, 0x4A, 0x6F, 0x3F, 0x01, 0x02, 0xFE, 0x92, 0x03, 0x20,
  0x35, 0x1F, 0x29, 0x32, 0x0D, 0x87, 0x0D, 0x42, 0x61, 0x3D, 0x41, 0x6A, 0x22, 0x14, 0x3B, 0x4B,
  0x1A, 0x20, 0x33, 0x21, 0x05, 0x6B, 0x1E, 0x27, 0x12, 0x12, 0x21, 0x01, 0x21, 0xE5, 0x03, 0x3E,
  0x2D, 0x1D, 0x32, 0x22, 0x0C, 0x29, 0x46, 0x2A, 0x2E, 0x48, 0x28, 0x24, 0x2F, 0x18, 0x21, 0x20,
  0x35, 0x4E, 0x2C, 0x24, 0x21, 0x20, 0x25, 0x42, 0x70, 0x49, 0x0A, 0x18, 0x0D, 0x26, 0x35, 0x1D,
  0x26, 0x1D, 0x31, 0x51, 0x2F, 0x35, 0x2E, 0x1E, 0x2C, 0x19, 0x68, 0x20, 0x35, 0x21, 0x06, 0x0F,
  0x1C, 0x12, 0x14, 0x1B, 0x10, 0xD0, 0x32, 0x38, 0x18, 0x2E, 0x00, 0x02, 0x00, 0x42, 0xFF, 0xF4,
  0x02, 0x5D, 0x02, 0xD0, 0x00, 0x14, 0x00, 0x24, 0x00, 0x00, 0x45, 0x22, 0x26, 0x26, 0x27, 0x31,
  0x07, 0x23, 0x11, 0x33, 0x11, 0x36, 0x36, 0x33, 0x32, 0x16, 0x16, 0x15, 0x14, 0x06, 0x06, 0x27,
  0x32, 0x36, 0x36, 0x35, 0x34, 0x26, 0x26, 0x23, 0x22, 0x06, 0x06, 0x15, 0x14, 0x16, 0x16, 0x01,
  0x6C, 0x27, 0x3D, 0x2F, 0x10, 0x0F, 0x78, 0x87, 0x18, 0x4F, 0x3B, 0x46, 0x6D, 0x3F, 0x3F, 0x6C,
  0x66, 0x28, 0x3D, 0x22, 0x22, 0x3D, 0x28, 0x27, 0x3D, 0x23, 0x23, 0x3D, 0x0C, 0x14, 0x23, 0x16,
  0x41, 0x02, 0xD0, 0xFE, 0xE2, 0x23, 0x2F, 0x45, 0x77, 0x4D, 0x4B, 0x78, 0x44, 0x76, 0x25, 0x41,
  0x2B, 0x2B, 0x43, 0x25, 0x25, 0x42, 0x2B, 0x2B, 0x43, 0x24, 0x00, 0x01, 0x00, 0x32, 0xFF, 0xF4,
  0x02, 0x2D, 0x02, 0x04, 0x00, 0x1F, 0x00, 0x00, 0x45, 0x22, 0x26, 0x26, 0x35, 0x34, 0x36, 0x36,
  0x33, 0x32, 0x16, 0x17, 0x23, 0x26, 0x26, 0x23, 0x22, 0x06, 0x06, 0x15, 0x14, 0x1E, 0x02, 0x33,
  0x32, 0x36, 0x36, 0x37, 0x33, 0x06, 0x06, 0x01, 0x36, 0x4C, 0x76, 0x42, 0x42, 0x76, 0x4C, 0x61,
  0x84, 0x12, 0x8F, 0x09, 0x39, 0x27, 0x23, 0x37, 0x1F, 0x12, 0x20, 0x2D, 0x1A, 0x1A, 0x2B, 0x1E,
  0x06, 0x8F, 0x12, 0x85, 0x0C, 0x44, 0x76, 0x4C, 0x4E, 0x77, 0x45, 0x66, 0x59, 0x23, 0x28, 0x23,
  0x43, 0x2E, 0x23, 0x37, 0x27, 0x14, 0x12, 0x21, 0x18, 0x57, 0x67, 0x00, 0xFF, 0xFF, 0x00, 0x32,
  0xFE, 0xF6, 0x02, 0x2D, 0x02, 0x04, 0x06, 0x26, 0x00, 0x44, 0x00, 0x00, 0x00, 0x07, 0x01, 0x01,
  0x00, 0xD7, 0xFF, 0xFD, 0x00, 0x02, 0x00, 0x32, 0xFF, 0xF4, 0x02, 0x4D, 0x02, 0xD0, 0x00, 0x14,
  0x00, 0x24, 0x00, 0x00, 0x45, 0x22, 0x26, 0x26, 0x35, 0x34, 0x36, 0x36, 0x33, 0x32, 0x16, 0x17,
  0x11, 0x33, 0x11, 0x23, 0x27, 0x31, 0x0E, 0x02, 0x27, 0x32, 0x36, 0x36, 0x35, 0x34, 0x26, 0x26,
  0x23, 0x22, 0x06, 0x06, 0x15, 0x14, 0x16, 0x16, 0x01, 0x22, 0x45, 0x6D, 0x3E, 0x3F, 0x6F, 0x45,
  0x36, 0x52, 0x19, 0x87, 0x78, 0x0F, 0x0F, 0x2D, 0x3E, 0x0A, 0x28, 0x3D, 0x22, 0x22, 0x3D, 0x28,
  0x26, 0x3E, 0x23, 0x23, 0x3D, 0x0C, 0x44, 0x78, 0x4B, 0x4D, 0x77, 0x45, 0x28, 0x25, 0x01, 0x19,
  0xFD, 0x30, 0x45, 0x15, 0x26, 0x16, 0x76, 0x25, 0x42, 0x2B, 0x2B, 0x42, 0x25, 0x25, 0x42, 0x2A,
  0x2C, 0x42, 0x25, 0x00, 0x00, 0x03, 0x00, 0x32, 0xFF, 0xF4, 0x02, 0x4E, 0x02, 0xC5, 0x00, 0x19,
  0x00, 0x29, 0x00, 0x2D, 0x00, 0x00, 0x45, 0x22, 0x26, 0x26, 0x35, 0x34, 0x36, 0x36, 0x33, 0x32,
  0x16, 0x17, 0x2E, 0x03, 0x27, 0x33, 0x1E, 0x03, 0x15, 0x14, 0x06, 0x06, 0x27, 0x32, 0x36, 0x36,
  0x35, 0x34, 0x26, 0x26, 0x23, 0x22, 0x06, 0x06, 0x15, 0x14, 0x16, 0x16, 0x03, 0x35, 0x25, 0x15,
  0x01, 0x3D, 0x4E, 0x79, 0x44, 0x43, 0x74, 0x4C, 0x26, 0x43, 0x1C, 0x0D, 0x24, 0x2C, 0x33, 0x1D,
  0x7F, 0x33, 0x4A, 0x2F, 0x16, 0x48, 0x7B, 0x4B, 0x24, 0x3C, 0x24, 0x24, 0x3C, 0x24, 0x24, 0x3C,
  0x24, 0x24, 0x3C, 0x1D, 0x01, 0x25, 0x0C, 0x44, 0x75, 0x4A, 0x4B, 0x74, 0x42, 0x14, 0x16, 0x20,
  0x41, 0x3D, 0x37, 0x19, 0x2C, 0x67, 0x6D, 0x6B, 0x32, 0x5C, 0x87, 0x48, 0x73, 0x23, 0x40, 0x2D,
  0x2C, 0x40, 0x23, 0x23, 0x40, 0x2C, 0x2D, 0x40, 0x23, 0x01, 0xB0, 0x50, 0x5E, 0x50, 0x00, 0x01,
  0x00, 0x32, 0xFF, 0xF4, 0x02, 0x2D, 0x02, 0x04, 0x00, 0x25, 0x00, 0x00, 0x45, 0x22, 0x26, 0x26,
  0x35, 0x34, 0x36, 0x36, 0x33, 0x32, 0x16, 0x16, 0x15, 0x14, 0x14, 0x07, 0x21, 0x35, 0x21, 0x26,
  0x26, 0x23, 0x22, 0x06, 0x06, 0x15, 0x15, 0x14, 0x16, 0x16, 0x33, 0x32, 0x36, 0x37, 0x33, 0x0E,
  0x02, 0x01, 0x34, 0x4C, 0x75, 0x41, 0x41, 0x74, 0x4D, 0x4B, 0x70, 0x3E, 0x02, 0xFE, 0x67, 0x01,
  0x13, 0x03, 0x3F, 0x2F, 0x22, 0x3A, 0x21, 0x1F, 0x38, 0x25, 0x25, 0x31, 0x0C, 0x8A, 0x0E, 0x42,
  0x60, 0x0C, 0x41, 0x75, 0x4D, 0x4F, 0x79, 0x45, 0x42, 0x70, 0x47, 0x0A, 0x19, 0x0D, 0x52, 0x31,
  0x38, 0x1F, 0x40, 0x31, 0x1D, 0x29, 0x3D, 0x21, 0x20, 0x19, 0x2F, 0x4C, 0x2C, 0x00, 0xFF, 0xFF,
  0x00, 0x32, 0xFF, 0xF4, 0x02, 0x2D, 0x02, 0xF9, 0x06, 0x26, 0x00, 0x48, 0x00, 0x00, 0x00, 0x07,
  0x00, 0xFD, 0x00, 0xBC, 0x00, 0x00, 0xFF, 0xFF, 0x00, 0x32, 0xFF, 0xF4, 0x02, 0x2D, 0x02, 0xD6,
  0x06, 0x26, 0x00, 0x48, 0x00, 0x00, 0x00, 0x07, 0x00, 0xFE, 0x00, 0x9E, 0x00, 0x00, 0xFF, 0xFF,
  0x00, 0x32, 0xFF, 0xF4, 0x02, 0x2D, 0x02, 0xB9, 0x06, 0x26, 0x00, 0x48, 0x00, 0x00, 0x00, 0x07,
  0x00, 0xFA, 0x00, 0x96, 0x00, 0x00, 0xFF, 0xFF, 0x00, 0x32, 0xFF, 0xF4, 0x02, 0x2D, 0x02, 0xF9,
  0x06, 0x26, 0x00, 0x48, 0x00, 0x00, 0x00, 0x07, 0x00, 0xFC, 0x00, 0xBC, 0x00, 0x00, 0x00, 0x02,
  0x00, 0x14, 0x00, 0x00, 0x01, 0x4D, 0x02, 0xD0, 0x00, 0x0C, 0x00, 0x10, 0x00, 0x00, 0x73, 0x11,
  0x34, 0x36, 0x36, 0x33, 0x33, 0x15, 0x23, 0x22, 0x06, 0x15, 0x11, 0x03, 0x35, 0x21, 0x15, 0x59,
  0x2A, 0x4F, 0x35, 0x3E, 0x2A, 0x20, 0x1B, 0xCC, 0x01, 0x39, 0x02, 0x25, 0x3F, 0x4A, 0x22, 0x73,
  0x19, 0x1F, 0xFD, 0xDB, 0x01, 0x87, 0x71, 0x71, 0x00, 0x04, 0x00, 0x2C, 0xFF, 0x18, 0x02, 0x28,
  0x02, 0x04, 0x00, 0x2D, 0x00, 0x3D, 0x00, 0x49, 0x00, 0x4D, 0x00, 0x00, 0x45, 0x22, 0x26, 0x26,
  0x35, 0x34, 0x36, 0x36, 0x37, 0x17, 0x06, 0x06, 0x15, 0x14, 0x16, 0x16, 0x33, 0x32, 0x36, 0x36,
  0x35, 0x34, 0x26, 0x27, 0x2E, 0x03, 0x27, 0x35, 0x37, 0x17, 0x07, 0x37, 0x1E, 0x03, 0x17, 0x1E,
  0x02, 0x15, 0x14, 0x06, 0x06, 0x03, 0x22, 0x26, 0x26, 0x35, 0x34, 0x36, 0x36, 0x33, 0x32, 0x16,
  0x16, 0x15, 0x14, 0x06, 0x06, 0x27, 0x32, 0x36, 0x35, 0x34, 0x26, 0x23, 0x22, 0x06, 0x15, 0x14,
  0x16, 0x37, 0x27, 0x33, 0x15, 0x01, 0x1B, 0x48, 0x6C, 0x3B, 0x24, 0x45, 0x34, 0x33, 0x2E, 0x29,
  0x1F, 0x35, 0x21, 0x20, 0x2F, 0x1B, 0x26, 0x39, 0x33, 0x4F, 0x3C, 0x29, 0x0D, 0x6B, 0x61, 0x7E,
  0x26, 0x0B, 0x15, 0x20, 0x34, 0x28, 0x42, 0x55, 0x28, 0x31, 0x66, 0x4E, 0x3F, 0x5B, 0x31, 0x31,
  0x5B, 0x3F, 0x40, 0x5B, 0x30, 0x30, 0x5B, 0x40, 0x27, 0x30, 0x30, 0x27, 0x26, 0x31, 0x31, 0x7A,
  0x16, 0xCF, 0xE8, 0x23, 0x47, 0x34, 0x23, 0x3E, 0x33, 0x12, 0x42, 0x0F, 0x2D, 0x1A, 0x17, 0x20,
  0x0F, 0x10, 0x1F, 0x15, 0x1B, 0x22, 0x04, 0x04, 0x0F, 0x15, 0x1A, 0x0D, 0x17, 0x73, 0x1F, 0x7C,
  0x42, 0x06, 0x0B, 0x09, 0x08, 0x03, 0x06, 0x26, 0x3F, 0x2E, 0x2D, 0x4F, 0x31, 0x01, 0x7D, 0x31,
  0x53, 0x33, 0x33, 0x53, 0x32, 0x32, 0x53, 0x33, 0x33, 0x53, 0x31, 0x67, 0x28, 0x27, 0x27, 0x29,
  0x29, 0x27, 0x27, 0x28, 0x9C, 0x60, 0x50, 0x00, 0x00, 0x01, 0x00, 0x42, 0x00, 0x00, 0x02, 0x2D,
  0x02, 0xD0, 0x00, 0x16, 0x00, 0x00, 0x73, 0x11, 0x33, 0x11, 0x31, 0x36, 0x36, 0x33, 0x32, 0x16,
  0x16, 0x15, 0x11, 0x23, 0x11, 0x34, 0x26, 0x23, 0x22, 0x06, 0x06, 0x15, 0x11, 0x42, 0x87, 0x19,
  0x53, 0x37, 0x3F, 0x56, 0x2C, 0x86, 0x32, 0x36, 0x21, 0x36, 0x1F, 0x02, 0xD0, 0xFE, 0xDD, 0x28,
  0x2F, 0x35, 0x64, 0x4A, 0xFE, 0xDF, 0x01, 0x15, 0x3C, 0x41, 0x20, 0x3D, 0x2A, 0xFE, 0xF5, 0x00,
  0x00, 0x02, 0x00, 0x36, 0x00, 0x00, 0x00, 0xDD, 0x02, 0xD5, 0x00, 0x03, 0x00, 0x0F, 0x00, 0x00,
  0x73, 0x11, 0x33, 0x11, 0x03, 0x22, 0x26, 0x35, 0x34, 0x36, 0x33, 0x32, 0x16, 0x15, 0x14, 0x06,
  0x45, 0x87, 0x43, 0x24, 0x2F, 0x2F, 0x24, 0x25, 0x2F, 0x2F, 0x01, 0xF8, 0xFE, 0x08, 0x02, 0x3D,
  0x2B, 0x21, 0x21, 0x2B, 0x2B, 0x21, 0x21, 0x2B, 0x00, 0x01, 0x00, 0x42, 0x00, 0x00, 0x00, 0xC9,
  0x01, 0xF8, 0x00, 0x03, 0x00, 0x00, 0x73, 0x11, 0x33, 0x11, 0x42, 0x87, 0x01, 0xF8, 0xFE, 0x08,
  0xFF, 0xFF, 0x00, 0x10, 0x00, 0x00, 0x00, 0xFB, 0x02, 0xF9, 0x06, 0x26, 0x00, 0x51, 0x00, 0x00,
  0x00, 0x06, 0x00, 0xFD, 0x10, 0x00, 0xFF, 0xFF, 0xFF, 0xF2, 0x00, 0x00, 0x01, 0x19, 0x02, 0xD6,
  0x06, 0x26, 0x00, 0x51, 0x00, 0x00, 0x00, 0x06, 0x00, 0xFE, 0xF2, 0x00, 0xFF, 0xFF, 0xFF, 0xEA,
  0x00, 0x00, 0x01, 0x21, 0x02, 0xB9, 0x06, 0x26, 0x00, 0x51, 0x00, 0x00, 0x00, 0x06, 0x00, 0xFA,
  0xEA, 0x00, 0xFF, 0xFF, 0x00, 0x42, 0x00, 0x00, 0x00, 0xC9, 0x02, 0xBA, 0x06, 0x26, 0x00, 0x51,
  0x00, 0x00, 0x00, 0x06, 0x00, 0xFB, 0x46, 0x00, 0xFF, 0xFF, 0x00, 0x10, 0x00, 0x00, 0x00, 0xFB,
  0x02, 0xF9, 0x06, 0x26, 0x00, 0x51, 0x00, 0x00, 0x00, 0x06, 0x00, 0xFC, 0x10, 0x00, 0x00, 0x02,
  0xFF, 0xE3, 0xFF, 0x24, 0x00, 0xDE, 0x02, 0xD5, 0x00, 0x0C, 0x00, 0x18, 0x00, 0x00, 0x47, 0x35,
  0x33, 0x32, 0x36, 0x35, 0x11, 0x33, 0x11, 0x14, 0x06, 0x06, 0x23, 0x13, 0x22, 0x26, 0x35, 0x34,
  0x36, 0x33, 0x32, 0x16, 0x15, 0x14, 0x06, 0x1D, 0x29, 0x20, 0x1B, 0x87, 0x2B, 0x4E, 0x35, 0x6B,
  0x25, 0x2E, 0x2E, 0x25, 0x25, 0x2E, 0x2E, 0xDC, 0x73, 0x1A, 0x1D, 0x02, 0x2A, 0xFD, 0xD7, 0x3E,
  0x4B, 0x22, 0x03, 0x19, 0x2B, 0x21, 0x21, 0x2B, 0x2B, 0x21, 0x21, 0x2B, 0x00, 0x02, 0x00, 0x42,
  0x00, 0x00, 0x02, 0x34, 0x02, 0xD0, 0x00, 0x06, 0x00, 0x0A, 0x00, 0x00, 0x61, 0x03, 0x37, 0x33,
  0x03, 0x35, 0x01, 0x21, 0x11, 0x33, 0x11, 0x01, 0x8C, 0xD7, 0xC1, 0x9F, 0xF9, 0x01, 0x18, 0xFE,
  0x0E, 0x87, 0x01, 0x14, 0xE4, 0xFE, 0xE3, 0x6B, 0xFE, 0xBA, 0x02, 0xD0, 0xFD, 0x30, 0x00, 0x01,
  0x00, 0x42, 0x00, 0x00, 0x00, 0xC9, 0x02, 0xD0, 0x00, 0x03, 0x00, 0x00, 0x73, 0x11, 0x33, 0x11,
  0x42, 0x87, 0x02, 0xD0, 0xFD, 0x30, 0xFF, 0xFF, 0x00, 0x42, 0x00, 0x00, 0x01, 0xAB, 0x02, 0xD0,
  0x04, 0x26, 0x00, 0x59, 0x00, 0x00, 0x00, 0x07, 0x00, 0xB6, 0x00, 0xDA, 0x00, 0x00, 0x00, 0x01,
  0x00, 0x42, 0x00, 0x00, 0x03, 0x70, 0x02, 0x04, 0x00, 0x28, 0x00, 0x00, 0x73, 0x11, 0x33, 0x17,
  0x31, 0x36, 0x36, 0x33, 0x32, 0x16, 0x16, 0x17, 0x31, 0x36, 0x36, 0x33, 0x32, 0x16, 0x16, 0x15,
  0x11, 0x23, 0x11, 0x34, 0x26, 0x23, 0x22, 0x06, 0x06, 0x15, 0x11, 0x23, 0x11, 0x34, 0x26, 0x23,
  0x22, 0x06, 0x06, 0x15, 0x11, 0x42, 0x77, 0x0B, 0x18, 0x4F, 0x33, 0x26, 0x3C, 0x2F, 0x0F, 0x1C,
  0x5A, 0x35, 0x42, 0x58, 0x2D, 0x86, 0x2F, 0x31, 0x20, 0x32, 0x1B, 0x87, 0x30, 0x32, 0x1F, 0x31,
  0x1B, 0x01, 0xF8, 0x43, 0x24, 0x2B, 0x14, 0x26, 0x1D, 0x29, 0x2E, 0x35, 0x64, 0x49, 0xFE, 0xDE,
  0x01, 0x16, 0x3C, 0x40, 0x20, 0x3C, 0x2A, 0xFE, 0xF4, 0x01, 0x16, 0x3C, 0x40, 0x20, 0x3C, 0x2A,
  0xFE, 0xF4, 0x00, 0x01, 0x00, 0x42, 0x00, 0x00, 0x02, 0x2C, 0x02, 0x04, 0x00, 0x16, 0x00, 0x00,
  0x73, 0x11, 0x33, 0x17, 0x31, 0x36, 0x36, 0x33, 0x32, 0x16, 0x16, 0x15, 0x11, 0x23, 0x11, 0x34,
  0x26, 0x23, 0x22, 0x06, 0x06, 0x15, 0x11, 0x42, 0x77, 0x0A, 0x17, 0x55, 0x3B, 0x3F, 0x56, 0x2D,
  0x86, 0x33, 0x35, 0x22, 0x35, 0x1E, 0x01, 0xF8, 0x52, 0x2A, 0x34, 0x34, 0x64, 0x49, 0xFE, 0xDD,
  0x01, 0x16, 0x3C, 0x40, 0x20, 0x3B, 0x2A, 0xFE, 0xF3, 0x00, 0xFF, 0xFF, 0x00, 0x42, 0x00, 0x00,
  0x02, 0x2C, 0x02, 0xBB, 0x06, 0x26, 0x00, 0x5C, 0x00, 0x00, 0x00, 0x07, 0x01, 0x00, 0x00, 0x98,
  0x00, 0x00, 0x00, 0x02, 0x00, 0x32, 0xFF, 0xF4, 0x02, 0x30, 0x02, 0x04, 0x00, 0x0F, 0x00, 0x1F,
  0x00, 0x00, 0x45, 0x22, 0x26, 0x26, 0x35, 0x34, 0x36, 0x36, 0x33, 0x32, 0x16, 0x16, 0x15, 0x14,
  0x06, 0x06, 0x27, 0x32, 0x36, 0x36, 0x35, 0x34, 0x26, 0x26, 0x23, 0x22, 0x06, 0x06, 0x15, 0x14,
  0x16, 0x16, 0x01, 0x30, 0x48, 0x73, 0x43, 0x43, 0x74, 0x48, 0x49, 0x73, 0x43, 0x43, 0x74, 0x49,
  0x22, 0x35, 0x1F, 0x1F, 0x35, 0x21, 0x20, 0x36, 0x1F, 0x1F, 0x35, 0x0C, 0x43, 0x77, 0x4D, 0x4F,
  0x77, 0x43, 0x43, 0x77, 0x4E, 0x4E, 0x77, 0x43, 0x75, 0x20, 0x42, 0x31, 0x31, 0x41, 0x21, 0x21,
  0x41, 0x31, 0x31, 0x42, 0x20, 0x00, 0xFF, 0xFF, 0x00, 0x32, 0xFF, 0xF4, 0x02, 0x30, 0x02, 0xF9,
  0x06, 0x26, 0x00, 0x5E, 0x00, 0x00, 0x00, 0x07, 0x00, 0xFD, 0x00, 0xBC, 0x00, 0x00, 0xFF, 0xFF,
  0x00, 0x32, 0xFF, 0xF4, 0x02, 0x30, 0x02, 0xD6, 0x06, 0x26, 0x00, 0x5E, 0x00, 0x00, 0x00, 0x07,
  0x00, 0xFE, 0x00, 0x9E, 0x00, 0x00, 0xFF, 0xFF, 0x00, 0x32, 0xFF, 0xF4, 0x02, 0x30, 0x02, 0xB9,
  0x06, 0x26, 0x00, 0x5E, 0x00, 0x00, 0x00, 0x07, 0x00, 0xFA, 0x00, 0x96, 0x00, 0x00, 0xFF, 0xFF,
  0x00, 0x32, 0xFF, 0xF4, 0x02, 0x30, 0x02, 0xF9, 0x06, 0x26, 0x00, 0x5E, 0x00, 0x00, 0x00, 0x07,
  0x00, 0xFC, 0x00, 0xBC, 0x00, 0x00, 0x00, 0x03, 0x00, 0x1C, 0xFF, 0xF4, 0x02, 0x36, 0x02, 0x04,
  0x00, 0x03, 0x00, 0x13, 0x00, 0x23, 0x00, 0x00, 0x73, 0x01, 0x33, 0x01, 0x17, 0x22, 0x26, 0x26,
  0x35, 0x34, 0x36, 0x36, 0x33, 0x32, 0x16, 0x16, 0x15, 0x14, 0x06, 0x06, 0x27, 0x32, 0x36, 0x36,
  0x35, 0x34, 0x26, 0x26, 0x23, 0x22, 0x06, 0x06, 0x15, 0x14, 0x16, 0x16, 0x1C, 0x01, 0xB2, 0x68,
  0xFE, 0x4F, 0xA3, 0x48, 0x74, 0x42, 0x43, 0x74, 0x48, 0x49, 0x73, 0x43, 0x43, 0x74, 0x48, 0x21,
  0x35, 0x1F, 0x1F, 0x35, 0x21, 0x20, 0x36, 0x20, 0x20, 0x35, 0x01, 0xF8, 0xFE, 0x08, 0x0C, 0x43,
  0x77, 0x4D, 0x4F, 0x77, 0x43, 0x43, 0x77, 0x4E, 0x4E, 0x77, 0x43, 0x75, 0x20, 0x42, 0x31, 0x31,
  0x41, 0x21, 0x21, 0x41, 0x31, 0x31, 0x42, 0x20, 0xFF, 0xFF, 0x00, 0x32, 0xFF, 0xF4, 0x02, 0x30,
  0x02, 0xBB, 0x06, 0x26, 0x00, 0x5E, 0x00, 0x00, 0x00, 0x07, 0x01, 0x00, 0x00, 0x7E, 0x00, 0x00,
  0x00, 0x02, 0x00, 0x42, 0xFF, 0x24, 0x02, 0x5D, 0x02, 0x04, 0x00, 0x14, 0x00, 0x24, 0x00, 0x00,
  0x57, 0x11, 0x33, 0x17, 0x31, 0x3E, 0x02, 0x33, 0x32, 0x16, 0x16, 0x15, 0x14, 0x06, 0x06, 0x23,
  0x22, 0x26, 0x27, 0x11, 0x13, 0x32, 0x36, 0x36, 0x35, 0x34, 0x26, 0x26, 0x23, 0x22, 0x06, 0x06,
  0x15, 0x14, 0x16, 0x16, 0x42, 0x78, 0x0F, 0x10, 0x2C, 0x3D, 0x29, 0x47, 0x6C, 0x3F, 0x40, 0x6C,
  0x45, 0x38, 0x51, 0x1A, 0x83, 0x28, 0x3D, 0x22, 0x22, 0x3D, 0x28, 0x27, 0x3D, 0x23, 0x23, 0x3D,
  0xDC, 0x02, 0xD4, 0x46, 0x16, 0x25, 0x17, 0x46, 0x77, 0x4C, 0x4C, 0x77, 0x44, 0x29, 0x24, 0xFE,
  0xE3, 0x01, 0x46, 0x24, 0x42, 0x2B, 0x2B, 0x43, 0x25, 0x25, 0x42, 0x2B, 0x2B, 0x43, 0x24, 0x00,
  0x00, 0x02, 0x00, 0x42, 0xFF, 0x24, 0x02, 0x5D, 0x02, 0xD0, 0x00, 0x13, 0x00, 0x23, 0x00, 0x00,
  0x57, 0x11, 0x33, 0x11, 0x3E, 0x02, 0x33, 0x32, 0x16, 0x16, 0x15, 0x14, 0x06, 0x06, 0x23, 0x22,
  0x26, 0x27, 0x11, 0x13, 0x32, 0x36, 0x36, 0x35, 0x34, 0x26, 0x26, 0x23, 0x22, 0x06, 0x06, 0x15,
  0x14, 0x16, 0x16, 0x42, 0x87, 0x10, 0x2C, 0x3D, 0x29, 0x47, 0x6C, 0x3F, 0x40, 0x6C, 0x45, 0x38,
  0x51, 0x1A, 0x83, 0x28, 0x3D, 0x22, 0x22, 0x3D, 0x28, 0x27, 0x3D, 0x23, 0x23, 0x3D, 0xDC, 0x03,
  0xAC, 0xFE, 0xE2, 0x16, 0x25, 0x17, 0x45, 0x78, 0x4C, 0x4C, 0x77, 0x44, 0x29, 0x24, 0xFE, 0xE3,
  0x01, 0x46, 0x24, 0x42, 0x2B, 0x2B, 0x43, 0x25, 0x25, 0x42, 0x2B, 0x2B, 0x43, 0x24, 0x00, 0x02,
  0x00, 0x32, 0xFF, 0x24, 0x02, 0x4D, 0x02, 0x04, 0x00, 0x14, 0x00, 0x24, 0x00, 0x00, 0x45, 0x11,
  0x06, 0x06, 0x23, 0x22, 0x26, 0x26, 0x35, 0x34, 0x36, 0x36, 0x33, 0x32, 0x16, 0x16, 0x17, 0x31,
  0x37, 0x33, 0x11, 0x01, 0x32, 0x36, 0x36, 0x35, 0x34, 0x26, 0x26, 0x23, 0x22, 0x06, 0x06, 0x15,
  0x14, 0x16, 0x16, 0x01, 0xC6, 0x18, 0x4F, 0x3A, 0x46, 0x6E, 0x3F, 0x40, 0x6E, 0x45, 0x26, 0x3C,
  0x2F, 0x10, 0x0F, 0x78, 0xFE, 0xF5, 0x28, 0x3D, 0x22, 0x22, 0x3D, 0x28, 0x26, 0x3E, 0x23, 0x23,
  0x3D, 0xDC, 0x01, 0x22, 0x24, 0x2E, 0x45, 0x78, 0x4B, 0x4C, 0x77, 0x45, 0x13, 0x23, 0x18, 0x42,
  0xFD, 0x2C, 0x01, 0x46, 0x25, 0x42, 0x2B, 0x2B, 0x42, 0x25, 0x25, 0x42, 0x2A, 0x2C, 0x42, 0x25,
  0x00, 0x01, 0x00, 0x42, 0x00, 0x00, 0x01, 0x82, 0x02, 0x04, 0x00, 0x10, 0x00, 0x00, 0x73, 0x11,
  0x33, 0x17, 0x31, 0x3E, 0x02, 0x33, 0x15, 0x23, 0x22, 0x0E, 0x02, 0x15, 0x15, 0x42, 0x78, 0x0D,
  0x12, 0x37, 0x47, 0x2B, 0x2E, 0x1E, 0x33, 0x26, 0x14, 0x01, 0xF8, 0x5D, 0x21, 0x2E, 0x1A, 0x8F,
  0x0E, 0x1F, 0x36, 0x29, 0xE9, 0x00, 0x00, 0x01, 0x00, 0x27, 0xFF, 0xF4, 0x01, 0xE4, 0x02, 0x04,
  0x00, 0x2F, 0x00, 0x00, 0x45, 0x22, 0x26, 0x26, 0x27, 0x33, 0x1E, 0x02, 0x33, 0x32, 0x36, 0x36,
  0x35, 0x34, 0x26, 0x26, 0x27, 0x2E, 0x03, 0x35, 0x34, 0x36, 0x36, 0x33, 0x32, 0x16, 0x17, 0x23,
  0x26, 0x26, 0x23, 0x22, 0x06, 0x15, 0x14, 0x16, 0x16, 0x17, 0x1E, 0x02, 0x15, 0x14, 0x06, 0x06,
  0x01, 0x10, 0x45, 0x66, 0x3A, 0x04, 0x86, 0x05, 0x18, 0x28, 0x1C, 0x1B, 0x22, 0x11, 0x18, 0x2E,
  0x21, 0x24, 0x45, 0x36, 0x20, 0x30, 0x5C, 0x41, 0x5B, 0x6A, 0x0A, 0x7F, 0x06, 0x29, 0x22, 0x24,
  0x26, 0x19, 0x2E, 0x21, 0x3A, 0x58, 0x32, 0x34, 0x5F, 0x0C, 0x2C, 0x4E, 0x31, 0x13, 0x1F, 0x12,
  0x0F, 0x1A, 0x0E, 0x15, 0x17, 0x0E, 0x07, 0x07, 0x15, 0x20, 0x32, 0x25, 0x2D, 0x47, 0x2A, 0x52,
  0x48, 0x17, 0x1B, 0x1A, 0x15, 0x0E, 0x16, 0x0F, 0x07, 0x0C, 0x1F, 0x39, 0x36, 0x30, 0x4B, 0x2A,
  0x00, 0x01, 0x00, 0x43, 0xFF, 0xF6, 0x02, 0xA8, 0x02, 0xDC, 0x00, 0x37, 0x00, 0x00, 0x45, 0x22,
  0x26, 0x27, 0x33, 0x16, 0x16, 0x33, 0x32, 0x36, 0x35, 0x34, 0x26, 0x27, 0x26, 0x26, 0x35, 0x34,
  0x3E, 0x03, 0x35, 0x34, 0x26, 0x23, 0x22, 0x06, 0x15, 0x11, 0x23, 0x11, 0x34, 0x36, 0x36, 0x33,
  0x32, 0x16, 0x16, 0x15, 0x14, 0x0E, 0x03, 0x15, 0x14, 0x16, 0x16, 0x17, 0x16, 0x16, 0x15, 0x14,
  0x06, 0x06, 0x01, 0xDB, 0x5C, 0x74, 0x0A, 0x7E, 0x04, 0x2F, 0x27, 0x24, 0x27, 0x25, 0x35, 0x51,
  0x48, 0x19, 0x25, 0x25, 0x19, 0x3A, 0x33, 0x3D, 0x3B, 0x85, 0x3D, 0x75, 0x51, 0x4B, 0x6A, 0x38,
  0x18, 0x25, 0x25, 0x19, 0x10, 0x2A, 0x2A, 0x4B, 0x41, 0x32, 0x5C, 0x0A, 0x61, 0x59, 0x27, 0x2F,
  0x21, 0x1D, 0x1D, 0x25, 0x12, 0x1D, 0x3B, 0x2E, 0x1B, 0x25, 0x1C, 0x19, 0x20, 0x15, 0x26, 0x29,
  0x42, 0x3A, 0xFE, 0x11, 0x01, 0xFA, 0x43, 0x66, 0x39, 0x2F, 0x50, 0x31, 0x1F, 0x2B, 0x1E, 0x17,
  0x18, 0x0E, 0x0C, 0x14, 0x15, 0x0F, 0x1B, 0x4C, 0x3B, 0x32, 0x4E, 0x2B, 0x00, 0x01, 0x00, 0x1F,
  0x00, 0x00, 0x01, 0x81, 0x02, 0x81, 0x00, 0x14, 0x00, 0x00, 0x61, 0x22, 0x26, 0x26, 0x35, 0x35,
  0x23, 0x35, 0x33, 0x37, 0x33, 0x15, 0x33, 0x15, 0x23, 0x15, 0x14, 0x16, 0x33, 0x33, 0x15, 0x01,
  0x25, 0x35, 0x4F, 0x2C, 0x56, 0x56, 0x0F, 0x78, 0x85, 0x85, 0x1E, 0x24, 0x42, 0x21, 0x4D, 0x43,
  0xD6, 0x71, 0x89, 0x89, 0x71, 0xD8, 0x22, 0x1A, 0x73, 0x00, 0x00, 0x01, 0x00, 0x3C, 0xFF, 0xF4,
  0x02, 0x26, 0x01, 0xF8, 0x00, 0x16, 0x00, 0x00, 0x57, 0x22, 0x26, 0x26, 0x35, 0x11, 0x33, 0x11,
  0x14, 0x16, 0x33, 0x32, 0x36, 0x36, 0x35, 0x11, 0x33, 0x11, 0x23, 0x27, 0x31, 0x06, 0x06, 0xFE,
  0x3D, 0x57, 0x2E, 0x87, 0x33, 0x35, 0x22, 0x34, 0x1F, 0x86, 0x76, 0x0B, 0x16, 0x56, 0x0C, 0x33,
  0x63, 0x49, 0x01, 0x25, 0xFE, 0xE9, 0x3D, 0x3E, 0x1F, 0x3B, 0x2B, 0x01, 0x0D, 0xFE, 0x08, 0x52,
  0x2B, 0x33, 0xFF, 0xFF, 0x00, 0x3C, 0xFF, 0xF4, 0x02, 0x26, 0x02, 0xF9, 0x06, 0x26, 0x00, 0x6C,
  0x00, 0x00, 0x00, 0x07, 0x00, 0xFD, 0x00, 0xBA, 0x00, 0x00, 0xFF, 0xFF, 0x00, 0x3C, 0xFF, 0xF4,
  0x02, 0x26, 0x02, 0xD6, 0x06, 0x26, 0x00, 0x6C, 0x00, 0x00, 0x00, 0x07, 0x00, 0xFE, 0x00, 0x9C,
  0x00, 0x00, 0xFF, 0xFF, 0x00, 0x3C, 0xFF, 0xF4, 0x02, 0x26, 0x02, 0xB9, 0x06, 0x26, 0x00, 0x6C,
  0x00, 0x00, 0x00, 0x07, 0x00, 0xFA, 0x00, 0x95, 0x00, 0x00, 0xFF, 0xFF, 0x00, 0x3C, 0xFF, 0xF4,
  0x02, 0x26, 0x02, 0xF9, 0x06, 0x26, 0x00, 0x6C, 0x00, 0x00, 0x00, 0x07, 0x00, 0xFC, 0x00, 0xBA,
  0x00, 0x00, 0x00, 0x01, 0x00, 0x10, 0x00, 0x00, 0x02, 0x25, 0x01, 0xF8, 0x00, 0x07, 0x00, 0x00,
  0x73, 0x03, 0x33, 0x13, 0x31, 0x13, 0x33, 0x03, 0xC9, 0xB9, 0x8E, 0x7D, 0x7D, 0x8D, 0xB8, 0x01,
  0xF8, 0xFE, 0x87, 0x01, 0x79, 0xFE, 0x08, 0x00, 0x00, 0x01, 0x00, 0x11, 0x00, 0x00, 0x03, 0x23,
  0x01, 0xF8, 0x00, 0x0F, 0x00, 0x00, 0x73, 0x03, 0x33, 0x13, 0x27, 0x13, 0x33, 0x13, 0x07, 0x13,
  0x33, 0x03, 0x23, 0x03, 0x33, 0x03, 0xA5, 0x94, 0x85, 0x62, 0x19, 0x70, 0x96, 0x70, 0x1A, 0x63,
  0x85, 0x94, 0x8C, 0x77, 0x1C, 0x77, 0x01, 0xF8, 0xFE, 0x67, 0x01, 0x01, 0x98, 0xFE, 0x68, 0x01,
  0x01, 0x99, 0xFE, 0x08, 0x01, 0xA4, 0xFE, 0x5C, 0x00, 0x01, 0x00, 0x13, 0x00, 0x00, 0x02, 0x28,
  0x01, 0xF8, 0x00, 0x0D, 0x00, 0x00, 0x73, 0x37, 0x27, 0x33, 0x17, 0x31, 0x37, 0x33, 0x07, 0x17,
  0x23, 0x27, 0x31, 0x07, 0x13, 0xB5, 0xB5, 0x92, 0x79, 0x79, 0x91, 0xB5, 0xB5, 0x91, 0x79, 0x79,
  0xFC, 0xFC, 0xAD, 0xAD, 0xFC, 0xFC, 0xAE, 0xAE, 0x00, 0x01, 0x00, 0x14, 0xFF, 0x24, 0x02, 0x48,
  0x01, 0xF8, 0x00, 0x09, 0x00, 0x00, 0x57, 0x13, 0x23, 0x03, 0x33, 0x13, 0x31, 0x13, 0x33, 0x01,
  0x82, 0x7A, 0x1E, 0xCA, 0x93, 0x90, 0x82, 0x8F, 0xFE, 0xC9, 0xDC, 0x01, 0x14, 0x01, 0xC0, 0xFE,
  0xBB, 0x01, 0x45, 0xFD, 0x2C, 0x00, 0xFF, 0xFF, 0x00, 0x14, 0xFF, 0x24, 0x02, 0x48, 0x02, 0xF9,
  0x06, 0x26, 0x00, 0x74, 0x00, 0x00, 0x00, 0x07, 0x00, 0xFD, 0x00, 0xB9, 0x00, 0x00, 0xFF, 0xFF,
  0x00, 0x14, 0xFF, 0x24, 0x02, 0x48, 0x02, 0xB9, 0x06, 0x26, 0x00, 0x74, 0x00, 0x00, 0x00, 0x07,
  0x00, 0xFA, 0x00, 0x93, 0x00, 0x00, 0x00, 0x01, 0x00, 0x21, 0x00, 0x00, 0x01, 0xBF, 0x01, 0xF8,
  0x00, 0x09, 0x00, 0x00, 0x73, 0x35, 0x13, 0x23, 0x35, 0x21, 0x15, 0x01, 0x21, 0x15, 0x21, 0xFE,
  0xFB, 0x01, 0x96, 0xFF, 0x00, 0x01, 0x05, 0x6C, 0x01, 0x1C, 0x70, 0x6D, 0xFE, 0xE5, 0x70, 0x00,
  0x00, 0x02, 0x00, 0x32, 0xFF, 0xF4, 0x02, 0x4D, 0x02, 0x04, 0x00, 0x13, 0x00, 0x23, 0x00, 0x00,
  0x45, 0x22, 0x26, 0x26, 0x35, 0x34, 0x36, 0x36, 0x33, 0x32, 0x16, 0x17, 0x37, 0x33, 0x11, 0x23,
  0x27, 0x31, 0x06, 0x06, 0x27, 0x32, 0x36, 0x36, 0x35, 0x34, 0x26, 0x26, 0x23, 0x22, 0x06, 0x06,
  0x15, 0x14, 0x16, 0x16, 0x01, 0x22, 0x45, 0x6C, 0x3F, 0x3F, 0x6E, 0x45, 0x37, 0x52, 0x19, 0x09,
  0x7E, 0x7D, 0x0A, 0x17, 0x4F, 0x1E, 0x28, 0x3D, 0x22, 0x22, 0x3D, 0x28, 0x26, 0x3E, 0x23, 0x23,
  0x3D, 0x0C, 0x44, 0x78, 0x4B, 0x4D, 0x77, 0x45, 0x29, 0x25, 0x42, 0xFE, 0x08, 0x45, 0x20, 0x31,
  0x76, 0x25, 0x42, 0x2B, 0x2B, 0x42, 0x25, 0x25, 0x42, 0x2A, 0x2C, 0x42, 0x25, 0x00, 0xFF, 0xFF,
  0x00, 0x32, 0xFF, 0xF4, 0x02, 0x4D, 0x02, 0xF8, 0x06, 0x26, 0x00, 0x78, 0x00, 0x00, 0x00, 0x07,
  0x00, 0xFD, 0x00, 0xCB, 0xFF, 0xFF, 0xFF, 0xFF, 0x00, 0x32, 0xFF, 0xF4, 0x02, 0x4D, 0x02, 0xD5,
  0x06, 0x26, 0x00, 0x78, 0x00, 0x00, 0x00, 0x07, 0x00, 0xFE, 0x00, 0xAD, 0xFF, 0xFF, 0xFF, 0xFF,
  0x00, 0x32, 0xFF, 0xF4, 0x02, 0x4D, 0x02, 0xB8, 0x06, 0x26, 0x00, 0x78, 0x00, 0x00, 0x00, 0x07,
  0x00, 0xFA, 0x00, 0xA5, 0xFF, 0xFF, 0xFF, 0xFF, 0x00, 0x32, 0xFF, 0xF4, 0x02, 0x4D, 0x02, 0xF8,
  0x06, 0x26, 0x00, 0x78, 0x00, 0x00, 0x00, 0x07, 0x00, 0xFC, 0x00, 0xCB, 0xFF, 0xFF, 0xFF, 0xFF,
  0x00, 0x32, 0xFF, 0xF4, 0x02, 0x4D, 0x03, 0x1C, 0x06, 0x26, 0x00, 0x78, 0x00, 0x00, 0x00, 0x07,
  0x00, 0xFF, 0x00, 0xCE, 0xFF, 0xFF, 0xFF, 0xFF, 0x00, 0x32, 0xFF, 0xF4, 0x02, 0x4D, 0x02, 0xBA,
  0x06, 0x26, 0x00, 0x78, 0x00, 0x00, 0x00, 0x07, 0x01, 0x00, 0x00, 0x8D, 0xFF, 0xFF, 0x00, 0x03,
  0x00, 0x32, 0xFF, 0xF4, 0x03, 0xC7, 0x02, 0x04, 0x00, 0x2F, 0x00, 0x3F, 0x00, 0x47, 0x00, 0x00,
  0x45, 0x22, 0x26, 0x26, 0x35, 0x34, 0x36, 0x36, 0x33, 0x32, 0x16, 0x17, 0x37, 0x33, 0x15, 0x36,
  0x36, 0x33, 0x32, 0x16, 0x16, 0x15, 0x14, 0x14, 0x07, 0x21, 0x1E, 0x02, 0x33, 0x32, 0x36, 0x37,
  0x33, 0x0E, 0x02, 0x23, 0x22, 0x26, 0x27, 0x15, 0x23, 0x27, 0x31, 0x0E, 0x02, 0x27, 0x32, 0x36,
  0x36, 0x35, 0x34, 0x26, 0x26, 0x23, 0x22, 0x06, 0x06, 0x15, 0x14, 0x16, 0x16, 0x25, 0x33, 0x26,
  0x26, 0x23, 0x22, 0x06, 0x06, 0x01, 0x28, 0x48, 0x6F, 0x3F, 0x3F, 0x6E, 0x45, 0x35, 0x52, 0x18,
  0x0A, 0x6B, 0x1F, 0x50, 0x2E, 0x49, 0x6D, 0x3C, 0x02, 0xFE, 0x8D, 0x03, 0x20, 0x36, 0x22, 0x28,
  0x34, 0x0C, 0x88, 0x0D, 0x41, 0x60, 0x3C, 0x2F, 0x4E, 0x1E, 0x6C, 0x09, 0x15, 0x31, 0x37, 0x04,
  0x28, 0x3D, 0x22, 0x22, 0x3D, 0x28, 0x26, 0x3E, 0x23, 0x23, 0x3E, 0x01, 0x39, 0xEA, 0x03, 0x3F,
  0x2F, 0x1E, 0x32, 0x23, 0x0C, 0x44, 0x78, 0x4C, 0x4C, 0x77, 0x45, 0x27, 0x23, 0x3E, 0x31, 0x1E,
  0x1F, 0x42, 0x70, 0x47, 0x0A, 0x19, 0x0D, 0x25, 0x37, 0x1D, 0x26, 0x1D, 0x31, 0x51, 0x2F, 0x1C,
  0x19, 0x29, 0x32, 0x16, 0x1C, 0x0C, 0x76, 0x25, 0x42, 0x2B, 0x2B, 0x42, 0x25, 0x25, 0x42, 0x2B,
  0x2B, 0x42, 0x25, 0xC3, 0x31, 0x38, 0x17, 0x2E, 0x00, 0x02, 0x00, 0x32, 0xFF, 0x18, 0x02, 0x55,
  0x02, 0x04, 0x00, 0x27, 0x00, 0x37, 0x00, 0x00, 0x45, 0x22, 0x2E, 0x02, 0x27, 0x33, 0x1E, 0x02,
  0x33, 0x32, 0x36, 0x36, 0x35, 0x35, 0x0E, 0x02, 0x23, 0x22, 0x26, 0x26, 0x35, 0x34, 0x36, 0x36,
  0x33, 0x32, 0x16, 0x16, 0x17, 0x31, 0x37, 0x33, 0x11, 0x14, 0x0E, 0x02, 0x03, 0x32, 0x36, 0x36,
  0x35, 0x34, 0x26, 0x26, 0x23, 0x22, 0x06, 0x06, 0x15, 0x14, 0x16, 0x16, 0x01, 0x4C, 0x2F, 0x5A,
  0x4B, 0x31, 0x06, 0x86, 0x06, 0x24, 0x37, 0x21, 0x25, 0x3C, 0x24, 0x0E, 0x2F, 0x3F, 0x29, 0x47,
  0x70, 0x40, 0x40, 0x71, 0x46, 0x25, 0x3E, 0x32, 0x10, 0x0E, 0x79, 0x2A, 0x49, 0x5F, 0x3F, 0x2A,
  0x3D, 0x22, 0x22, 0x3D, 0x2A, 0x28, 0x3E, 0x22, 0x22, 0x3E, 0xE8, 0x16, 0x31, 0x4C, 0x34, 0x19,
  0x25, 0x14, 0x1D, 0x3E, 0x30, 0x3C, 0x17, 0x26, 0x16, 0x43, 0x75, 0x49, 0x4A, 0x74, 0x44, 0x15,
  0x23, 0x17, 0x43, 0xFE, 0x27, 0x42, 0x62, 0x42, 0x21, 0x01, 0x5D, 0x26, 0x3F, 0x28, 0x28, 0x40,
  0x24, 0x24, 0x3F, 0x29, 0x27, 0x40, 0x26, 0x00, 0x00, 0x01, 0x00, 0x3D, 0xFF, 0xF4, 0x02, 0x28,
  0x01, 0xF8, 0x00, 0x13, 0x00, 0x00, 0x45, 0x22, 0x26, 0x35, 0x11, 0x33, 0x11, 0x14, 0x16, 0x16,
  0x33, 0x32, 0x36, 0x36, 0x35, 0x11, 0x33, 0x11, 0x14, 0x06, 0x01, 0x33, 0x7B, 0x7B, 0x86, 0x17,
  0x32, 0x27, 0x27, 0x31, 0x16, 0x87, 0x7B, 0x0C, 0x7E, 0x72, 0x01, 0x14, 0xFE, 0xF6, 0x30, 0x42,
  0x21, 0x21, 0x42, 0x30, 0x01, 0x0A, 0xFE, 0xEC, 0x72, 0x7E, 0xFF, 0xFF, 0x00, 0x3D, 0xFF, 0xF4,
  0x02, 0x28, 0x02, 0xF9, 0x06, 0x26, 0x00, 0x81, 0x00, 0x00, 0x00, 0x07, 0x00, 0xFD, 0x00, 0xBD,
  0x00, 0x00, 0xFF, 0xFF, 0x00, 0x3D, 0xFF, 0xF4, 0x02, 0x28, 0x02, 0xD6, 0x06, 0x26, 0x00, 0x81,
  0x00, 0x00, 0x00, 0x07, 0x00, 0xFE, 0x00, 0x9F, 0x00, 0x00, 0xFF, 0xFF, 0x00, 0x3D, 0xFF, 0xF4,
  0x02, 0x28, 0x02, 0xB9, 0x06, 0x26, 0x00, 0x81, 0x00, 0x00, 0x00, 0x07, 0x00, 0xFA, 0x00, 0x97,
  0x00, 0x00, 0xFF, 0xFF, 0x00, 0x3D, 0xFF, 0xF4, 0x02, 0x28, 0x02, 0xF9, 0x06, 0x26, 0x00, 0x81,
  0x00, 0x00, 0x00, 0x07, 0x00, 0xFC, 0x00, 0xBD, 0x00, 0x00, 0x00, 0x01, 0x00, 0x3C, 0xFF, 0x18,
  0x02, 0x2B, 0x01, 0xF8, 0x00, 0x27, 0x00, 0x00, 0x45, 0x22, 0x2E, 0x02, 0x27, 0x33, 0x1E, 0x02,
  0x33, 0x32, 0x36, 0x36, 0x35, 0x35, 0x31, 0x06, 0x06, 0x23, 0x22, 0x26, 0x26, 0x35, 0x11, 0x33,
  0x11, 0x14, 0x16, 0x33, 0x32, 0x36, 0x36, 0x35, 0x11, 0x33, 0x11, 0x14, 0x06, 0x06, 0x01, 0x36,
  0x2A, 0x53, 0x45, 0x2D, 0x05, 0x85, 0x05, 0x1E, 0x2D, 0x1C, 0x25, 0x32, 0x1A, 0x16, 0x51, 0x3B,
  0x3E, 0x59, 0x2F, 0x87, 0x35, 0x36, 0x26, 0x34, 0x1C, 0x87, 0x41, 0x70, 0xE8, 0x16, 0x2E, 0x48,
  0x32, 0x18, 0x24, 0x14, 0x20, 0x41, 0x32, 0x31, 0x21, 0x2A, 0x33, 0x66, 0x4D, 0x01, 0x13, 0xFE,
  0xF5, 0x3F, 0x42, 0x22, 0x3D, 0x2C, 0x01, 0x01, 0xFE, 0x21, 0x55, 0x73, 0x39, 0x00, 0xFF, 0xFF,
  0x00, 0x3C, 0xFF, 0x18, 0x02, 0x2B, 0x02, 0xF9, 0x06, 0x26, 0x00, 0x86, 0x00, 0x00, 0x00, 0x07,
  0x00, 0xFD, 0x00, 0xC2, 0x00, 0x00, 0xFF, 0xFF, 0x00, 0x3C, 0xFF, 0x18, 0x02, 0x2B, 0x02, 0xB9,
  0x06, 0x26, 0x00, 0x86, 0x00, 0x00, 0x00, 0x07, 0x00, 0xFA, 0x00, 0x9C, 0x00, 0x00, 0x00, 0x02,
  0x00, 0x14, 0x00, 0x00, 0x02, 0x2E, 0x02, 0xD4, 0x00, 0x16, 0x00, 0x22, 0x00, 0x00, 0x73, 0x11,
  0x23, 0x35, 0x33, 0x35, 0x34, 0x36, 0x36, 0x33, 0x33, 0x15, 0x23, 0x22, 0x06, 0x15, 0x15, 0x21,
  0x11, 0x23, 0x11, 0x23, 0x11, 0x13, 0x22, 0x26, 0x35, 0x34, 0x36, 0x33, 0x32, 0x16, 0x15, 0x14,
  0x06, 0x59, 0x45, 0x45, 0x2A, 0x4F, 0x35, 0x37, 0x23, 0x1F, 0x1C, 0x01, 0x3D, 0x87, 0xB6, 0xFA,
  0x24, 0x2F, 0x2F, 0x24, 0x25, 0x2F, 0x2F, 0x01, 0x87, 0x71, 0x2D, 0x3F, 0x4A, 0x22, 0x73, 0x19,
  0x1E, 0x2E, 0xFE, 0x08, 0x01, 0x87, 0xFE, 0x79, 0x02, 0x3C, 0x2C, 0x21, 0x21, 0x2A, 0x2A, 0x21,
  0x21, 0x2C, 0xFF, 0xFF, 0x00, 0x14, 0x00, 0x00, 0x02, 0x3C, 0x02, 0xD0, 0x04, 0x26, 0x00, 0x4D,
  0x00, 0x00, 0x00, 0x07, 0x00, 0x59, 0x01, 0x73, 0x00, 0x00, 0x00, 0x02, 0x00, 0x34, 0x01, 0x5C,
  0x01, 0xBE, 0x02, 0xC6, 0x00, 0x13, 0x00, 0x20, 0x00, 0x00, 0x53, 0x22, 0x26, 0x26, 0x35, 0x34,
  0x36, 0x36, 0x33, 0x32, 0x16, 0x17, 0x37, 0x33, 0x11, 0x23, 0x27, 0x31, 0x06, 0x06, 0x27, 0x32,
  0x36, 0x36, 0x35, 0x34, 0x26, 0x23, 0x22, 0x06, 0x15, 0x14, 0x16, 0xDC, 0x30, 0x4C, 0x2C, 0x2C,
  0x4B, 0x2E, 0x2F, 0x3E, 0x11, 0x08, 0x5F, 0x5F, 0x08, 0x10, 0x3E, 0x0F, 0x1A, 0x29, 0x1A, 0x37,
  0x26, 0x25, 0x37, 0x37, 0x01, 0x5C, 0x2D, 0x52, 0x37, 0x37, 0x51, 0x2C, 0x21, 0x1A, 0x36, 0xFE,
  0xA0, 0x35, 0x19, 0x21, 0x51, 0x18, 0x2D, 0x1F, 0x30, 0x33, 0x33, 0x30, 0x30, 0x34, 0x00, 0x02,
  0x00, 0x32, 0x01, 0x5D, 0x01, 0xB4, 0x02, 0xC8, 0x00, 0x0F, 0x00, 0x1F, 0x00, 0x00, 0x53, 0x22,
  0x26, 0x26, 0x35, 0x34, 0x36, 0x36, 0x33, 0x32, 0x16, 0x16, 0x15, 0x14, 0x06, 0x06, 0x27, 0x32,
  0x36, 0x36, 0x35, 0x34, 0x26, 0x26, 0x23, 0x22, 0x06, 0x06, 0x15, 0x14, 0x16, 0x16, 0xF2, 0x39,
  0x56, 0x31, 0x31, 0x57, 0x39, 0x39, 0x57, 0x31, 0x31, 0x58, 0x39, 0x18, 0x28, 0x18, 0x18, 0x27,
  0x19, 0x18, 0x27, 0x17, 0x17, 0x27, 0x01, 0x5D, 0x2E, 0x52, 0x36, 0x36, 0x52, 0x2D, 0x2D, 0x52,
  0x36, 0x36, 0x52, 0x2E, 0x51, 0x17, 0x2D, 0x20, 0x22, 0x2D, 0x17, 0x17, 0x2D, 0x22, 0x20, 0x2D,
  0x17, 0x00, 0x00, 0x02, 0x00, 0x2E, 0xFF, 0xF4, 0x02, 0x92, 0x02, 0xC8, 0x00, 0x0F, 0x00, 0x1F,
  0x00, 0x00, 0x45, 0x22, 0x26, 0x26, 0x35, 0x34, 0x36, 0x36, 0x33, 0x32, 0x16, 0x16, 0x15, 0x14,
  0x06, 0x06, 0x27, 0x32, 0x36, 0x36, 0x35, 0x34, 0x26, 0x26, 0x23, 0x22, 0x06, 0x06, 0x15, 0x14,
  0x16, 0x16, 0x01, 0x60, 0x5F, 0x8A, 0x49, 0x49, 0x89, 0x60, 0x60, 0x89, 0x49, 0x49, 0x89, 0x60,
  0x32, 0x4C, 0x2B, 0x2B, 0x4C, 0x32, 0x32, 0x4C, 0x2B, 0x2B, 0x4C, 0x0C, 0x5C, 0xA3, 0x6B, 0x6B,
  0xA3, 0x5C, 0x5C, 0xA3, 0x6B, 0x6B, 0xA3, 0x5C, 0x79, 0x3B, 0x6C, 0x4A, 0x4B, 0x6B, 0x3A, 0x3A,
  0x6B, 0x4B, 0x4A, 0x6C, 0x3B, 0x00, 0x00, 0x01, 0x00, 0x1F, 0x00, 0x00, 0x01, 0x27, 0x02, 0xBC,
  0x00, 0x06, 0x00, 0x00, 0x73, 0x11, 0x07, 0x35, 0x37, 0x33, 0x11, 0x9B, 0x7C, 0xB6, 0x52, 0x02,
  0x21, 0x21, 0x6C, 0x50, 0xFD, 0x44, 0x00, 0x01, 0x00, 0x32, 0x00, 0x00, 0x02, 0x1B, 0x02, 0xC8,
  0x00, 0x1F, 0x00, 0x00, 0x73, 0x35, 0x3E, 0x03, 0x35, 0x34, 0x26, 0x26, 0x23, 0x22, 0x06, 0x06,
  0x15, 0x23, 0x3E, 0x02, 0x33, 0x32, 0x16, 0x16, 0x15, 0x14, 0x0E, 0x03, 0x07, 0x21, 0x15, 0x32,
  0x40, 0x79, 0x60, 0x38, 0x14, 0x2B, 0x23, 0x23, 0x30, 0x18, 0x83, 0x03, 0x40, 0x6C, 0x43, 0x4A,
  0x66, 0x35, 0x21, 0x3B, 0x4A, 0x50, 0x26, 0x01, 0x2D, 0x63, 0x33, 0x66, 0x65, 0x60, 0x2D, 0x1C,
  0x2F, 0x1D, 0x20, 0x35, 0x21, 0x4D, 0x68, 0x33, 0x37, 0x5E, 0x3D, 0x2E, 0x58, 0x53, 0x4C, 0x45,
  0x1E, 0x6E, 0x00, 0x01, 0x00, 0x30, 0xFF, 0xF4, 0x02, 0x1E, 0x02, 0xC8, 0x00, 0x31, 0x00, 0x00,
  0x45, 0x22, 0x26, 0x26, 0x27, 0x33, 0x1E, 0x02, 0x33, 0x32, 0x36, 0x36, 0x35, 0x34, 0x26, 0x26,
  0x23, 0x23, 0x35, 0x33, 0x32, 0x36, 0x35, 0x34, 0x26, 0x23, 0x22, 0x06, 0x07, 0x23, 0x3E, 0x02,
  0x33, 0x32, 0x16, 0x16, 0x15, 0x14, 0x06, 0x06, 0x07, 0x1E, 0x02, 0x15, 0x14, 0x06, 0x06, 0x01,
  0x2C, 0x44, 0x72, 0x44, 0x02, 0x84, 0x01, 0x1C, 0x36, 0x25, 0x23, 0x32, 0x1A, 0x23, 0x3D, 0x27,
  0x34, 0x34, 0x31, 0x43, 0x31, 0x2C, 0x30, 0x36, 0x03, 0x84, 0x03, 0x3D, 0x68, 0x45, 0x49, 0x65,
  0x34, 0x1F, 0x34, 0x1F, 0x27, 0x3B, 0x21, 0x37, 0x6D, 0x0C, 0x32, 0x66, 0x4E, 0x21, 0x35, 0x1F,
  0x1C, 0x2E, 0x1E, 0x23, 0x2F, 0x18, 0x6F, 0x2E, 0x2E, 0x26, 0x2E, 0x38, 0x29, 0x42, 0x5F, 0x32,
  0x33, 0x56, 0x32, 0x29, 0x40, 0x2A, 0x09, 0x08, 0x2D, 0x46, 0x2E, 0x39, 0x61, 0x3A, 0x00, 0x02,
  0x00, 0x2D, 0x00, 0x00, 0x02, 0x67, 0x02, 0xBC, 0x00, 0x0A, 0x00, 0x0E, 0x00, 0x00, 0x61, 0x35,
  0x21, 0x35, 0x01, 0x33, 0x11, 0x33, 0x15, 0x23, 0x15, 0x25, 0x33, 0x11, 0x31, 0x01, 0x85, 0xFE,
  0xA8, 0x01, 0x46, 0x99, 0x5B, 0x5B, 0xFE, 0xB1, 0xD1, 0x7F, 0x6B, 0x01, 0xD2, 0xFE, 0x38, 0x75,
  0x7F, 0xF4, 0x01, 0x33, 0x00, 0x01, 0x00, 0x41, 0xFF, 0xF4, 0x02, 0x3A, 0x02, 0xBC, 0x00, 0x25,
  0x00, 0x00, 0x45, 0x22, 0x26, 0x26, 0x27, 0x33, 0x16, 0x16, 0x33, 0x32, 0x36, 0x36, 0x35, 0x34,
  0x26, 0x26, 0x23, 0x22, 0x06, 0x07, 0x23, 0x13, 0x21, 0x15, 0x21, 0x07, 0x36, 0x36, 0x33, 0x32,
  0x1E, 0x02, 0x15, 0x14, 0x0E, 0x02, 0x01, 0x3F, 0x4C, 0x6F, 0x3E, 0x05, 0x84, 0x07, 0x42, 0x32,
  0x24, 0x36, 0x1E, 0x1F, 0x35, 0x22, 0x2B, 0x3D, 0x0D, 0x83, 0x3A, 0x01, 0x89, 0xFE, 0xDB, 0x1D,
  0x16, 0x4A, 0x2E, 0x39, 0x54, 0x38, 0x1C, 0x25, 0x43, 0x5B, 0x0C, 0x36, 0x5E, 0x3C, 0x27, 0x36,
  0x24, 0x3D, 0x27, 0x28, 0x3A, 0x20, 0x29, 0x1D, 0x01, 0x91, 0x76, 0x9C, 0x17, 0x1D, 0x27, 0x43,
  0x55, 0x2F, 0x37, 0x5C, 0x44, 0x25, 0x00, 0x02, 0x00, 0x32, 0xFF, 0xF4, 0x02, 0x40, 0x02, 0xC8,
  0x00, 0x23, 0x00, 0x33, 0x00, 0x00, 0x45, 0x22, 0x2E, 0x02, 0x35, 0x34, 0x36, 0x36, 0x33, 0x32,
  0x16, 0x16, 0x17, 0x23, 0x26, 0x26, 0x23, 0x22, 0x06, 0x06, 0x07, 0x14, 0x14, 0x15, 0x3E, 0x02,
  0x33, 0x32, 0x16, 0x16, 0x15, 0x14, 0x06, 0x06, 0x27, 0x32, 0x36, 0x36, 0x35, 0x34, 0x26, 0x26,
  0x23, 0x22, 0x06, 0x06, 0x15, 0x14, 0x16, 0x16, 0x01, 0x4C, 0x4F, 0x6D, 0x41, 0x1D, 0x42, 0x7C,
  0x58, 0x4A, 0x66, 0x38, 0x05, 0x7E, 0x08, 0x3A, 0x2E, 0x2B, 0x40, 0x23, 0x03, 0x10, 0x34, 0x44,
  0x26, 0x3A, 0x64, 0x3E, 0x3D, 0x6E, 0x51, 0x24, 0x37, 0x20, 0x20, 0x38, 0x24, 0x23, 0x38, 0x21,
  0x21, 0x39, 0x0C, 0x3A, 0x62, 0x79, 0x3E, 0x76, 0xAC, 0x5F, 0x39, 0x5C, 0x35, 0x2C, 0x2F, 0x34,
  0x68, 0x4F, 0x01, 0x04, 0x01, 0x1B, 0x2A, 0x18, 0x38, 0x66, 0x46, 0x3F, 0x6D, 0x41, 0x74, 0x1E,
  0x35, 0x22, 0x24, 0x34, 0x1E, 0x1E, 0x35, 0x22, 0x23, 0x35, 0x1E, 0x00, 0x00, 0x01, 0x00, 0x1D,
  0x00, 0x00, 0x01, 0xFA, 0x02, 0xBC, 0x00, 0x06, 0x00, 0x00, 0x73, 0x01, 0x21, 0x35, 0x21, 0x15,
  0x03, 0x6F, 0x01, 0x01, 0xFE, 0xAD, 0x01, 0xDD, 0xFF, 0x02, 0x49, 0x73, 0x5F, 0xFD, 0xA3, 0x00,
  0x00, 0x03, 0x00, 0x3C, 0xFF, 0xF4, 0x02, 0x3D, 0x02, 0xC8, 0x00, 0x1D, 0x00, 0x29, 0x00, 0x35,
  0x00, 0x00, 0x45, 0x22, 0x26, 0x26, 0x35, 0x34, 0x36, 0x36, 0x37, 0x26, 0x26, 0x35, 0x34, 0x36,
  0x36, 0x33, 0x32, 0x16, 0x16, 0x15, 0x14, 0x06, 0x07, 0x1E, 0x02, 0x15, 0x14, 0x06, 0x06, 0x27,
  0x32, 0x36, 0x35, 0x34, 0x26, 0x23, 0x22, 0x06, 0x15, 0x14, 0x16, 0x13, 0x32, 0x36, 0x35, 0x34,
  0x26, 0x23, 0x22, 0x06, 0x15, 0x14, 0x16, 0x01, 0x3C, 0x47, 0x75, 0x44, 0x1D, 0x34, 0x24, 0x2D,
  0x37, 0x36, 0x6A, 0x4F, 0x4F, 0x6A, 0x36, 0x37, 0x2D, 0x24, 0x35, 0x1D, 0x45, 0x74, 0x48, 0x3E,
  0x3E, 0x41, 0x3B, 0x3A, 0x43, 0x40, 0x3D, 0x33, 0x37, 0x37, 0x33, 0x32, 0x38, 0x38, 0x0C, 0x34,
  0x5E, 0x3E, 0x2B, 0x46, 0x36, 0x0E, 0x15, 0x4E, 0x31, 0x31, 0x56, 0x34, 0x34, 0x56, 0x31, 0x30,
  0x4F, 0x15, 0x0F, 0x35, 0x46, 0x2B, 0x3E, 0x5E, 0x34, 0x71, 0x3C, 0x2E, 0x33, 0x3B, 0x3B, 0x33,
  0x2E, 0x3C, 0x01, 0x3B, 0x34, 0x29, 0x2C, 0x31, 0x31, 0x2D, 0x28, 0x34, 0x00, 0x02, 0x00, 0x3A,
  0xFF, 0xF4, 0x02, 0x48, 0x02, 0xC8, 0x00, 0x23, 0x00, 0x33, 0x00, 0x00, 0x45, 0x22, 0x26, 0x26,
  0x27, 0x33, 0x16, 0x16, 0x33, 0x32, 0x36, 0x36, 0x37, 0x34, 0x34, 0x35, 0x0E, 0x02, 0x23, 0x22,
  0x26, 0x26, 0x35, 0x34, 0x36, 0x36, 0x33, 0x32, 0x1E, 0x02, 0x15, 0x14, 0x06, 0x06, 0x03, 0x32,
  0x36, 0x36, 0x35, 0x34, 0x26, 0x26, 0x23, 0x22, 0x06, 0x06, 0x15, 0x14, 0x16, 0x16, 0x01, 0x32,
  0x49, 0x66, 0x37, 0x06, 0x7E, 0x09, 0x39, 0x2E, 0x2B, 0x3F, 0x24, 0x02, 0x0E, 0x36, 0x43, 0x26,
  0x39, 0x66, 0x3E, 0x3E, 0x6E, 0x48, 0x50, 0x6C, 0x41, 0x1D, 0x41, 0x7C, 0x54, 0x24, 0x37, 0x21,
  0x21, 0x38, 0x24, 0x23, 0x38, 0x1F, 0x1F, 0x38, 0x0C, 0x39, 0x5C, 0x35, 0x2C, 0x2F, 0x33, 0x67,
  0x4C, 0x03, 0x06, 0x02, 0x1A, 0x2B, 0x18, 0x38, 0x66, 0x46, 0x40, 0x6C, 0x41, 0x3A, 0x62, 0x79,
  0x3E, 0x75, 0xAD, 0x5F, 0x01, 0x75, 0x1E, 0x35, 0x22, 0x23, 0x36, 0x1D, 0x1E, 0x34, 0x23, 0x23,
  0x35, 0x1E, 0x00, 0x02, 0x00, 0x1E, 0x00, 0x00, 0x01, 0x8B, 0x02, 0xBC, 0x00, 0x06, 0x00, 0x0A,
  0x00, 0x00, 0x73, 0x11, 0x07, 0x35, 0x37, 0x33, 0x11, 0x27, 0x21, 0x15, 0x21, 0x93, 0x75, 0xAE,
  0x52, 0xF9, 0x01, 0x66, 0xFE, 0x9A, 0x02, 0x21, 0x1B, 0x69, 0x4D, 0xFD, 0x44, 0x6A, 0x6A, 0x00,
  0x00, 0x01, 0x00, 0x30, 0xFF, 0xFA, 0x02, 0x25, 0x02, 0xBC, 0x00, 0x1F, 0x00, 0x00, 0x45, 0x22,
  0x26, 0x26, 0x27, 0x33, 0x16, 0x16, 0x33, 0x32, 0x36, 0x35, 0x34, 0x26, 0x23, 0x23, 0x35, 0x37,
  0x17, 0x21, 0x35, 0x21, 0x15, 0x07, 0x27, 0x33, 0x32, 0x16, 0x15, 0x14, 0x06, 0x06, 0x01, 0x2E,
  0x46, 0x70, 0x43, 0x05, 0x85, 0x04, 0x3C, 0x3A, 0x36, 0x3F, 0x45, 0x3C, 0x63, 0xC5, 0x2C, 0xFE,
  0xA7, 0x01, 0xB0, 0xDC, 0x3E, 0x46, 0x70, 0x81, 0x3C, 0x70, 0x06, 0x32, 0x64, 0x4D, 0x32, 0x40,
  0x3E, 0x37, 0x37, 0x40, 0x5A, 0xB8, 0x20, 0x73, 0x66, 0xCC, 0x27, 0x70, 0x66, 0x43, 0x66, 0x38,
  0x00, 0x01, 0x00, 0x2F, 0x00, 0x00, 0x02, 0x60, 0x02, 0xBC, 0x00, 0x0E, 0x00, 0x00, 0x61, 0x35,
  0x21, 0x35, 0x01, 0x33, 0x01, 0x33, 0x35, 0x37, 0x15, 0x33, 0x15, 0x23, 0x15, 0x01, 0x7E, 0xFE,
  0xB1, 0x01, 0x20, 0x90, 0xFE, 0xE0, 0xC8, 0x7E, 0x5B, 0x5B, 0x85, 0x6C, 0x01, 0xCB, 0xFE, 0x3E,
  0x9D, 0x1D, 0xBA, 0x75, 0x85, 0x00, 0x00, 0x02, 0x00, 0x32, 0xFF, 0xF4, 0x02, 0x30, 0x02, 0xBC,
  0x00, 0x15, 0x00, 0x23, 0x00, 0x00, 0x45, 0x22, 0x26, 0x26, 0x35, 0x34, 0x36, 0x37, 0x37, 0x33,
  0x03, 0x27, 0x36, 0x36, 0x33, 0x32, 0x16, 0x16, 0x15, 0x14, 0x06, 0x06, 0x27, 0x32, 0x36, 0x35,
  0x34, 0x26, 0x26, 0x23, 0x22, 0x06, 0x06, 0x15, 0x14, 0x16, 0x01, 0x32, 0x4D, 0x73, 0x40, 0x25,
  0x29, 0xA4, 0x97, 0xD2, 0x06, 0x1C, 0x33, 0x1C, 0x42, 0x66, 0x3A, 0x42, 0x73, 0x49, 0x3A, 0x44,
  0x1F, 0x38, 0x27, 0x26, 0x39, 0x1F, 0x45, 0x0C, 0x40, 0x70, 0x48, 0x36, 0x6B, 0x3C, 0xF3, 0xFE,
  0xD3, 0x2E, 0x08, 0x0D, 0x38, 0x67, 0x49, 0x49, 0x70, 0x3D, 0x74, 0x46, 0x3B, 0x27, 0x3A, 0x20,
  0x20, 0x39, 0x28, 0x3B, 0x46, 0x00, 0x00, 0x02, 0x00, 0x32, 0x00, 0x00, 0x02, 0x30, 0x02, 0xC8,
  0x00, 0x15, 0x00, 0x23, 0x00, 0x00, 0x73, 0x13, 0x17, 0x06, 0x06, 0x23, 0x22, 0x26, 0x26, 0x35,
  0x34, 0x36, 0x36, 0x33, 0x32, 0x16, 0x16, 0x15, 0x14, 0x06, 0x07, 0x07, 0x03, 0x32, 0x36, 0x36,
  0x35, 0x34, 0x26, 0x23, 0x22, 0x06, 0x15, 0x14, 0x16, 0x16, 0xA7, 0xD2, 0x06, 0x1B, 0x34, 0x1C,
  0x42, 0x66, 0x3A, 0x42, 0x73, 0x49, 0x4D, 0x73, 0x40, 0x24, 0x29, 0xA5, 0x0E, 0x26, 0x39, 0x1F,
  0x44, 0x3A, 0x3A, 0x43, 0x1E, 0x39, 0x01, 0x2D, 0x2E, 0x08, 0x0D, 0x38, 0x68, 0x48, 0x4A, 0x6F,
  0x3D, 0x40, 0x70, 0x48, 0x36, 0x6A, 0x3D, 0xF3, 0x01, 0x52, 0x20, 0x3A, 0x27, 0x3B, 0x46, 0x46,
  0x3B, 0x27, 0x3A, 0x20, 0xFF, 0xFF, 0x00, 0x17, 0x00, 0x00, 0x00, 0xC5, 0x01, 0x60, 0x06, 0x07,
  0x00, 0xA8, 0x00, 0x00, 0xFE, 0xA0, 0xFF, 0xFF, 0x00, 0x22, 0x00, 0x00, 0x01, 0x45, 0x01, 0x68,
  0x06, 0x07, 0x00, 0xA9, 0x00, 0x00, 0xFE, 0xA0, 0xFF, 0xFF, 0x00, 0x14, 0xFF, 0xFC, 0x01, 0x47,
  0x01, 0x68, 0x06, 0x07, 0x00, 0xAA, 0x00, 0x00, 0xFE, 0xA0, 0xFF, 0xFF, 0x00, 0x1A, 0x00, 0x00,
  0x01, 0x48, 0x01, 0x5C, 0x06, 0x07, 0x00, 0xAB, 0x00, 0x00, 0xFE, 0xA0, 0xFF, 0xFF, 0x00, 0x17,
  0x01, 0x60, 0x00, 0xC5, 0x02, 0xC0, 0x06, 0x06, 0x00, 0xA8, 0x00, 0x00, 0xFF, 0xFF, 0x00, 0x22,
  0x01, 0x60, 0x01, 0x45, 0x02, 0xC8, 0x06, 0x06, 0x00, 0xA9, 0x00, 0x00, 0xFF, 0xFF, 0x00, 0x14,
  0x01, 0x5C, 0x01, 0x47, 0x02, 0xC8, 0x06, 0x06, 0x00, 0xAA, 0x00, 0x00, 0xFF, 0xFF, 0x00, 0x1A,
  0x01, 0x60, 0x01, 0x48, 0x02, 0xBC, 0x06, 0x06, 0x00, 0xAB, 0x00, 0x00, 0x00, 0x01, 0xFF, 0xFC,
  0x00, 0x00, 0x02, 0x09, 0x02, 0xBC, 0x00, 0x03, 0x00, 0x00, 0x63, 0x01, 0x33, 0x01, 0x04, 0x01,
  0x89, 0x84, 0xFE, 0x76, 0x02, 0xBC, 0xFD, 0x44, 0xFF, 0xFF, 0x00, 0x17, 0x00, 0x00, 0x03, 0x46,
  0x02, 0xC0, 0x04, 0x26, 0x00, 0xA8, 0x00, 0x00, 0x00, 0x27, 0x00, 0xA4, 0x00, 0x89, 0x00, 0x00,
  0x00, 0x07, 0x00, 0xA9, 0x02, 0x00, 0xFE, 0xA0, 0xFF, 0xFF, 0x00, 0x17, 0x00, 0x00, 0x03, 0x31,
  0x02, 0xC0, 0x04, 0x26, 0x00, 0xA8, 0x00, 0x00, 0x00, 0x27, 0x00, 0xA4, 0x00, 0x89, 0x00, 0x00,
  0x00, 0x07, 0x00, 0xAB, 0x01, 0xE8, 0xFE, 0xA0, 0xFF, 0xFF, 0x00, 0x14, 0x00, 0x00, 0x03, 0x87,
  0x02, 0xC8, 0x04, 0x26, 0x00, 0xAA, 0x00, 0x00, 0x00, 0x27, 0x00, 0xA4, 0x00, 0xE0, 0x00, 0x00,
  0x00, 0x07, 0x00, 0xAB, 0x02, 0x3F, 0xFE, 0xA0, 0x00, 0x01, 0x00, 0x17, 0x01, 0x60, 0x00, 0xC5,
  0x02, 0xC0, 0x00, 0x06, 0x00, 0x00, 0x53, 0x35, 0x07, 0x35, 0x37, 0x33, 0x11, 0x5D, 0x46, 0x73,
  0x3B, 0x01, 0x60, 0xFF, 0x10, 0x40, 0x31, 0xFE, 0xA0, 0x00, 0x00, 0x01, 0x00, 0x22, 0x01, 0x60,
  0x01, 0x45, 0x02, 0xC8, 0x00, 0x19, 0x00, 0x00, 0x53, 0x35, 0x37, 0x36, 0x36, 0x35, 0x34, 0x26,
  0x23, 0x22, 0x06, 0x07, 0x23, 0x36, 0x36, 0x33, 0x32, 0x16, 0x16, 0x15, 0x14, 0x06, 0x07, 0x07,
  0x33, 0x15, 0x25, 0x76, 0x1D, 0x20, 0x15, 0x10, 0x13, 0x15, 0x03, 0x66, 0x03, 0x4F, 0x48, 0x2E,
  0x3D, 0x1E, 0x35, 0x38, 0x45, 0xB1, 0x01, 0x60, 0x4C, 0x52, 0x14, 0x29, 0x19, 0x14, 0x15, 0x18,
  0x15, 0x34, 0x44, 0x1F, 0x32, 0x1C, 0x27, 0x39, 0x20, 0x2A, 0x51, 0x00, 0x00, 0x01, 0x00, 0x14,
  0x01, 0x5C, 0x01, 0x47, 0x02, 0xC8, 0x00, 0x2B, 0x00, 0x00, 0x53, 0x22, 0x26, 0x27, 0x33, 0x1E,
  0x02, 0x33, 0x32, 0x36, 0x35, 0x34, 0x26, 0x23, 0x23, 0x35, 0x33, 0x32, 0x36, 0x35, 0x34, 0x26,
  0x23, 0x22, 0x06, 0x07, 0x23, 0x3E, 0x02, 0x33, 0x32, 0x16, 0x15, 0x14, 0x06, 0x07, 0x15, 0x16,
  0x16, 0x15, 0x14, 0x06, 0xB1, 0x4C, 0x4D, 0x04, 0x69, 0x02, 0x0C, 0x15, 0x0C, 0x15, 0x18, 0x1C,
  0x17, 0x27, 0x23, 0x18, 0x1B, 0x18, 0x15, 0x13, 0x17, 0x04, 0x61, 0x02, 0x22, 0x43, 0x33, 0x3F,
  0x50, 0x23, 0x1F, 0x21, 0x26, 0x51, 0x01, 0x5C, 0x3E, 0x35, 0x0F, 0x12, 0x08, 0x15, 0x14, 0x15,
  0x16, 0x32, 0x15, 0x15, 0x13, 0x14, 0x13, 0x12, 0x1E, 0x34, 0x1E, 0x3B, 0x2C, 0x1F, 0x27, 0x08,
  0x02, 0x0A, 0x28, 0x20, 0x2C, 0x37, 0x00, 0x02, 0x00, 0x1A, 0x01, 0x60, 0x01, 0x48, 0x02, 0xBC,
  0x00, 0x0A, 0x00, 0x0E, 0x00, 0x00, 0x53, 0x35, 0x23, 0x35, 0x37, 0x33, 0x15, 0x33, 0x15, 0x23,
  0x15, 0x27, 0x33, 0x35, 0x31, 0xBF, 0xA5, 0x9A, 0x6F, 0x25, 0x25, 0xA3, 0x47, 0x01, 0x60, 0x3D,
  0x44, 0xDB, 0xD9, 0x46, 0x3D, 0x83, 0x6B, 0x00, 0x00, 0x01, 0x00, 0x2B, 0xFF, 0xFB, 0x00, 0xD1,
  0x00, 0x97, 0x00, 0x0B, 0x00, 0x00, 0x57, 0x22, 0x26, 0x35, 0x34, 0x36, 0x33, 0x32, 0x16, 0x15,
  0x14, 0x06, 0x7F, 0x26, 0x2E, 0x2E, 0x26, 0x24, 0x2E, 0x2E, 0x05, 0x2D, 0x21, 0x21, 0x2D, 0x2D,
  0x21, 0x21, 0x2D, 0x00, 0x00, 0x01, 0x00, 0x16, 0xFF, 0x85, 0x00, 0xD1, 0x00, 0x83, 0x00, 0x03,
  0x00, 0x00, 0x57, 0x37, 0x33, 0x07, 0x16, 0x39, 0x82, 0x63, 0x7B, 0xFE, 0xFE, 0x00, 0xFF, 0xFF,
  0x00, 0x2B, 0xFF, 0xFB, 0x00, 0xD1, 0x02, 0x05, 0x04, 0x26, 0x00, 0xAE, 0x00, 0x00, 0x00, 0x07,
  0x00, 0xAE, 0x00, 0x00, 0x01, 0x6E, 0xFF, 0xFF, 0x00, 0x1F, 0xFF, 0x85, 0x00, 0xE9, 0x02, 0x05,
  0x04, 0x27, 0x00, 0xAE, 0x00, 0x18, 0x01, 0x6E, 0x00, 0x06, 0x00, 0xAF, 0x08, 0x00, 0x00, 0x02,
  0x00, 0x47, 0xFF, 0xFB, 0x00, 0xEE, 0x02, 0xBC, 0x00, 0x03, 0x00, 0x0F, 0x00, 0x00, 0x77, 0x03,
  0x33, 0x03, 0x07, 0x22, 0x26, 0x35, 0x34, 0x36, 0x33, 0x32, 0x16, 0x15, 0x14, 0x06, 0x61, 0x0F,
  0x91, 0x0F, 0x39, 0x25, 0x2F, 0x2F, 0x25, 0x25, 0x2E, 0x2E, 0xE4, 0x01, 0xD8, 0xFE, 0x28, 0xE9,
  0x2D, 0x21, 0x21, 0x2D, 0x2D, 0x21, 0x21, 0x2D, 0x00, 0x02, 0x00, 0x47, 0xFF, 0x43, 0x00, 0xEE,
  0x02, 0x04, 0x00, 0x03, 0x00, 0x0F, 0x00, 0x00, 0x53, 0x33, 0x13, 0x23, 0x13, 0x32, 0x16, 0x15,
  0x14, 0x06, 0x23, 0x22, 0x26, 0x35, 0x34, 0x36, 0x61, 0x73, 0x0F, 0x91, 0x49, 0x25, 0x2E, 0x2E,
  0x25, 0x25, 0x2F, 0x2F, 0x01, 0x1B, 0xFE, 0x28, 0x02, 0xC1, 0x2E, 0x20, 0x21, 0x2E, 0x2E, 0x21,
  0x20, 0x2E, 0x00, 0x02, 0x00, 0x20, 0xFF, 0xFB, 0x01, 0xF2, 0x02, 0xC8, 0x00, 0x1D, 0x00, 0x29,
  0x00, 0x00, 0x77, 0x27, 0x33, 0x32, 0x3E, 0x02, 0x35, 0x34, 0x26, 0x26, 0x23, 0x22, 0x06, 0x06,
  0x15, 0x23, 0x26, 0x36, 0x36, 0x33, 0x32, 0x16, 0x16, 0x15, 0x14, 0x06, 0x06, 0x0F, 0x02, 0x22,
  0x26, 0x35, 0x34, 0x36, 0x33, 0x32, 0x16, 0x15, 0x14, 0x06, 0x8F, 0x05, 0x30, 0x26, 0x42, 0x31,
  0x1C, 0x19, 0x2E, 0x1F, 0x21, 0x2E, 0x1A, 0x7F, 0x01, 0x38, 0x69, 0x49, 0x44, 0x69, 0x3B, 0x3B,
  0x69, 0x45, 0x03, 0x3B, 0x25, 0x2F, 0x2F, 0x25, 0x25, 0x2E, 0x2E, 0xE2, 0xA1, 0x0A, 0x18, 0x2D,
  0x24, 0x1F, 0x2C, 0x18, 0x19, 0x2B, 0x1E, 0x3C, 0x5E, 0x37, 0x31, 0x5E, 0x43, 0x45, 0x5A, 0x2C,
  0x01, 0x48, 0xE7, 0x2D, 0x21, 0x21, 0x2D, 0x2D, 0x21, 0x21, 0x2D, 0x00, 0x00, 0x02, 0x00, 0x28,
  0xFF, 0x37, 0x01, 0xFB, 0x02, 0x04, 0x00, 0x1D, 0x00, 0x29, 0x00, 0x00, 0x41, 0x17, 0x23, 0x22,
  0x0E, 0x02, 0x15, 0x14, 0x16, 0x16, 0x33, 0x32, 0x36, 0x36, 0x35, 0x33, 0x16, 0x06, 0x06, 0x23,
  0x22, 0x26, 0x26, 0x35, 0x34, 0x36, 0x36, 0x33, 0x37, 0x37, 0x32, 0x16, 0x15, 0x14, 0x06, 0x23,
  0x22, 0x26, 0x35, 0x34, 0x36, 0x01, 0x8C, 0x04, 0x30, 0x26, 0x42, 0x31, 0x1C, 0x1A, 0x2E, 0x1F,
  0x21, 0x2E, 0x19, 0x80, 0x01, 0x38, 0x6A, 0x49, 0x43, 0x69, 0x3C, 0x3C, 0x6A, 0x43, 0x03, 0x3B,
  0x25, 0x2F, 0x2F, 0x25, 0x24, 0x2E, 0x2E, 0x01, 0x1C, 0xA1, 0x09, 0x18, 0x2E, 0x23, 0x1E, 0x2D,
  0x18, 0x18, 0x2C, 0x1E, 0x3C, 0x5F, 0x36, 0x31, 0x5E, 0x43, 0x45, 0x59, 0x2D, 0x48, 0xE8, 0x2E,
  0x20, 0x21, 0x2E, 0x2E, 0x21, 0x20, 0x2E, 0x00, 0x00, 0x01, 0x00, 0x2B, 0x00, 0xF8, 0x00, 0xD1,
  0x01, 0x94, 0x00, 0x0B, 0x00, 0x00, 0x77, 0x22, 0x26, 0x35, 0x34, 0x36, 0x33, 0x32, 0x16, 0x15,
  0x14, 0x06, 0x7F, 0x26, 0x2E, 0x2E, 0x26, 0x24, 0x2E, 0x2E, 0xF8, 0x2D, 0x21, 0x21, 0x2D, 0x2D,
  0x21, 0x21, 0x2D, 0x00, 0x00, 0x01, 0x00, 0x46, 0x01, 0x68, 0x01, 0xBE, 0x02, 0xE1, 0x00, 0x11,
  0x00, 0x00, 0x53, 0x37, 0x07, 0x27, 0x37, 0x27, 0x37, 0x17, 0x27, 0x33, 0x07, 0x37, 0x17, 0x07,
  0x17, 0x07, 0x27, 0x17, 0xD3, 0x13, 0x6D, 0x33, 0x81, 0x80, 0x2F, 0x71, 0x15, 0x62, 0x16, 0x71,
  0x2E, 0x81, 0x82, 0x31, 0x6F, 0x15, 0x01, 0x68, 0x8C, 0x59, 0x59, 0x32, 0x31, 0x54, 0x57, 0x8D,
  0x8D, 0x57, 0x53, 0x33, 0x32, 0x57, 0x58, 0x8C, 0x00, 0x04, 0x00, 0x20, 0x00, 0x00, 0x03, 0x31,
  0x02, 0xD6, 0x00, 0x03, 0x00, 0x07, 0x00, 0x0B, 0x00, 0x0F, 0x00, 0x00, 0x61, 0x13, 0x33, 0x03,
  0x21, 0x13, 0x33, 0x03, 0x27, 0x35, 0x21, 0x15, 0x01, 0x35, 0x21, 0x15, 0x01, 0xBF, 0x98, 0x7E,
  0x97, 0xFE, 0x4C, 0x97, 0x7F, 0x97, 0xE9, 0x02, 0xDB, 0xFD, 0x5A, 0x02, 0xDC, 0x02, 0xD6, 0xFD,
  0x2A, 0x02, 0xD6, 0xFD, 0x2A, 0xAB, 0x7A, 0x7A, 0x01, 0x0A, 0x79, 0x79, 0x00, 0x01, 0x00, 0x17,
  0xFF, 0x8E, 0x01, 0x94, 0x03, 0x0B, 0x00, 0x03, 0x00, 0x00, 0x57, 0x13, 0x33, 0x03, 0x17, 0xFA,
  0x83, 0xFA, 0x72, 0x03, 0x7D, 0xFC, 0x83, 0x00, 0x00, 0x01, 0x00, 0x17, 0xFF, 0x8E, 0x01, 0x94,
  0x03, 0x0B, 0x00, 0x03, 0x00, 0x00, 0x45, 0x23, 0x03, 0x33, 0x01, 0x94, 0x83, 0xFA, 0x83, 0x72,
  0x03, 0x7D, 0x00, 0x01, 0x00, 0x2B, 0xFF, 0x99, 0x00, 0xAD, 0x00, 0x8A, 0x00, 0x0D, 0x00, 0x00,
  0x57, 0x35, 0x32, 0x36, 0x35, 0x35, 0x23, 0x35, 0x33, 0x16, 0x16, 0x15, 0x14, 0x06, 0x32, 0x1A,
  0x18, 0x39, 0x71, 0x09, 0x08, 0x3E, 0x67, 0x37, 0x1D, 0x20, 0x13, 0x6A, 0x1D, 0x36, 0x17, 0x3F,
  0x48, 0x00, 0xFF, 0xFF, 0x00, 0x29, 0xFF, 0x99, 0x00, 0xCF, 0x02, 0x05, 0x04, 0x27, 0x00, 0xAE,
  0xFF, 0xFE, 0x01, 0x6E, 0x00, 0x06, 0x00, 0xBB, 0x10, 0x00, 0xFF, 0xFF, 0x00, 0x4D, 0x00, 0xEE,
  0x01, 0xF3, 0x01, 0x5F, 0x04, 0x06, 0x00, 0xDA, 0xFE, 0x00, 0x00, 0x01, 0x00, 0x4D, 0xFF, 0x58,
  0x02, 0x88, 0xFF, 0xD9, 0x00, 0x03, 0x00, 0x00, 0x57, 0x35, 0x21, 0x15, 0x4D, 0x02, 0x3B, 0xA8,
  0x81, 0x81, 0x00, 0x01, 0x00, 0x2E, 0xFF, 0x6F, 0x01, 0x75, 0x03, 0x2B, 0x00, 0x13, 0x00, 0x00,
  0x57, 0x2E, 0x02, 0x35, 0x34, 0x36, 0x36, 0x37, 0x33, 0x15, 0x0E, 0x02, 0x15, 0x14, 0x16, 0x16,
  0x17, 0x15, 0xEF, 0x38, 0x58, 0x31, 0x31, 0x58, 0x38, 0x86, 0x3C, 0x57, 0x30, 0x30, 0x58, 0x3B,
  0x91, 0x39, 0x93, 0xB0, 0x62, 0x63, 0xAF, 0x94, 0x38, 0x0D, 0x3F, 0x96, 0xA5, 0x57, 0x57, 0xA5,
  0x95, 0x40, 0x0D, 0x00, 0x00, 0x01, 0x00, 0x1F, 0xFF, 0x6F, 0x01, 0x67, 0x03, 0x2B, 0x00, 0x13,
  0x00, 0x00, 0x57, 0x23, 0x35, 0x3E, 0x02, 0x35, 0x34, 0x26, 0x26, 0x27, 0x35, 0x33, 0x1E, 0x02,
  0x15, 0x14, 0x06, 0x06, 0xA6, 0x87, 0x3C, 0x58, 0x2F, 0x2F, 0x58, 0x3C, 0x87, 0x38, 0x57, 0x32,
  0x32, 0x57, 0x91, 0x0D, 0x40, 0x95, 0xA5, 0x57, 0x57, 0xA5, 0x96, 0x3F, 0x0D, 0x38, 0x94, 0xAF,
  0x63, 0x62, 0xB0, 0x93, 0x00, 0x01, 0x00, 0x57, 0xFF, 0x4F, 0x01, 0x97, 0x03, 0x2B, 0x00, 0x31,
  0x00, 0x00, 0x45, 0x22, 0x26, 0x35, 0x34, 0x36, 0x36, 0x35, 0x34, 0x26, 0x26, 0x27, 0x35, 0x3E,
  0x02, 0x35, 0x34, 0x26, 0x26, 0x35, 0x34, 0x36, 0x33, 0x33, 0x15, 0x23, 0x22, 0x06, 0x15, 0x14,
  0x16, 0x16, 0x15, 0x14, 0x06, 0x07, 0x15, 0x16, 0x16, 0x15, 0x14, 0x06, 0x06, 0x15, 0x14, 0x16,
  0x33, 0x33, 0x15, 0x01, 0x56, 0x4E, 0x61, 0x0A, 0x0B, 0x13, 0x2C, 0x26, 0x26, 0x2C, 0x13, 0x0B,
  0x0A, 0x61, 0x4E, 0x41, 0x28, 0x23, 0x23, 0x0A, 0x09, 0x34, 0x39, 0x39, 0x34, 0x09, 0x0A, 0x23,
  0x23, 0x28, 0xB1, 0x56, 0x53, 0x21, 0x38, 0x39, 0x22, 0x18, 0x27, 0x19, 0x04, 0x6C, 0x04, 0x18,
  0x27, 0x18, 0x22, 0x39, 0x38, 0x21, 0x53, 0x55, 0x70, 0x20, 0x24, 0x19, 0x34, 0x3B, 0x25, 0x35,
  0x4A, 0x0C, 0x02, 0x0C, 0x4B, 0x35, 0x25, 0x3B, 0x33, 0x1A, 0x23, 0x22, 0x70, 0x00, 0x00, 0x01,
  0x00, 0x3F, 0xFF, 0x4F, 0x01, 0x80, 0x03, 0x2B, 0x00, 0x31, 0x00, 0x00, 0x57, 0x23, 0x35, 0x33,
  0x32, 0x36, 0x35, 0x34, 0x26, 0x26, 0x35, 0x34, 0x36, 0x37, 0x35, 0x26, 0x26, 0x35, 0x34, 0x36,
  0x36, 0x35, 0x34, 0x26, 0x23, 0x23, 0x35, 0x33, 0x32, 0x16, 0x15, 0x14, 0x06, 0x06, 0x15, 0x14,
  0x16, 0x16, 0x17, 0x15, 0x0E, 0x02, 0x15, 0x14, 0x16, 0x16, 0x15, 0x14, 0x06, 0x81, 0x42, 0x28,
  0x24, 0x22, 0x09, 0x09, 0x34, 0x38, 0x38, 0x34, 0x09, 0x09, 0x22, 0x24, 0x28, 0x42, 0x4E, 0x60,
  0x0A, 0x0B, 0x13, 0x2D, 0x26, 0x26, 0x2D, 0x13, 0x0B, 0x0A, 0x60, 0xB1, 0x70, 0x22, 0x23, 0x1A,
  0x33, 0x3B, 0x25, 0x35, 0x4B, 0x0C, 0x02, 0x0C, 0x4A, 0x35, 0x25, 0x3B, 0x34, 0x19, 0x24, 0x20,
  0x70, 0x55, 0x53, 0x21, 0x38, 0x39, 0x22, 0x18, 0x27, 0x18, 0x04, 0x6C, 0x04, 0x19, 0x27, 0x18,
  0x22, 0x39, 0x38, 0x21, 0x53, 0x56, 0x00, 0x01, 0x00, 0x45, 0xFF, 0x53, 0x01, 0x42, 0x03, 0x2B,
  0x00, 0x07, 0x00, 0x00, 0x57, 0x11, 0x33, 0x15, 0x23, 0x11, 0x33, 0x15, 0x45, 0xFD, 0x7F, 0x7F,
  0xAD, 0x03, 0xD8, 0x6D, 0xFD, 0x03, 0x6E, 0x00, 0x00, 0x01, 0x00, 0x37, 0xFF, 0x53, 0x01, 0x34,
  0x03, 0x2B, 0x00, 0x07, 0x00, 0x00, 0x45, 0x23, 0x35, 0x33, 0x11, 0x23, 0x35, 0x33, 0x01, 0x34,
  0xFD, 0x7F, 0x7F, 0xFD, 0xAD, 0x6E, 0x02, 0xFD, 0x6D, 0x00, 0x00, 0x02, 0x00, 0x2A, 0x00, 0x78,
  0x01, 0xD0, 0x01, 0xD6, 0x00, 0x05, 0x00, 0x0B, 0x00, 0x00, 0x65, 0x27, 0x37, 0x33, 0x07, 0x17,
  0x21, 0x27, 0x37, 0x33, 0x07, 0x17, 0x01, 0x51, 0x5A, 0x5A, 0x7F, 0x5D, 0x5D, 0xFE, 0xB3, 0x59,
  0x59, 0x7F, 0x5C, 0x5C, 0x78, 0xAF, 0xAF, 0xAF, 0xAF, 0xAF, 0xAF, 0xAF, 0xAF, 0x00, 0x00, 0x02,
  0x00, 0x32, 0x00, 0x78, 0x01, 0xD8, 0x01, 0xD6, 0x00, 0x05, 0x00, 0x0B, 0x00, 0x00, 0x77, 0x23,
  0x37, 0x27, 0x33, 0x17, 0x17, 0x23, 0x37, 0x27, 0x33, 0x17, 0xB1, 0x7F, 0x5C, 0x5C, 0x7F, 0x59,
  0x75, 0x7F, 0x5C, 0x5C, 0x7F, 0x59, 0x78, 0xAF, 0xAF, 0xAF, 0xAF, 0xAF, 0xAF, 0xAF, 0x00, 0x02,
  0x00, 0x28, 0x02, 0x19, 0x01, 0x47, 0x02, 0xF3, 0x00, 0x03, 0x00, 0x07, 0x00, 0x00, 0x53, 0x27,
  0x33, 0x07, 0x21, 0x27, 0x33, 0x07, 0xDF, 0x0C, 0x74, 0x0C, 0xFE, 0xFA, 0x0D, 0x74, 0x0C, 0x02,
  0x19, 0xDA, 0xDA, 0xDA, 0xDA, 0x00, 0x00, 0x01, 0x00, 0x28, 0x02, 0x19, 0x00, 0x9D, 0x02, 0xF3,
  0x00, 0x03, 0x00, 0x00, 0x53, 0x27, 0x33, 0x07, 0x35, 0x0D, 0x75, 0x0D, 0x02, 0x19, 0xDA, 0xDA,
  0x00, 0x03, 0x00, 0x14, 0xFF, 0xF4, 0x02, 0xE8, 0x02, 0xC8, 0x00, 0x13, 0x00, 0x22, 0x00, 0x31,
  0x00, 0x00, 0x45, 0x32, 0x3E, 0x02, 0x35, 0x34, 0x2E, 0x02, 0x23, 0x22, 0x0E, 0x02, 0x15, 0x14,
  0x1E, 0x02, 0x13, 0x15, 0x22, 0x06, 0x15, 0x15, 0x33, 0x15, 0x23, 0x26, 0x26, 0x35, 0x34, 0x36,
  0x36, 0x33, 0x15, 0x22, 0x06, 0x15, 0x15, 0x33, 0x15, 0x23, 0x26, 0x26, 0x35, 0x34, 0x36, 0x36,
  0x01, 0x7E, 0x4B, 0x83, 0x64, 0x38, 0x38, 0x64, 0x83, 0x4B, 0x4B, 0x83, 0x64, 0x38, 0x38, 0x64,
  0x83, 0x37, 0x1D, 0x1B, 0x3F, 0x7C, 0x09, 0x09, 0x1E, 0x3C, 0xE2, 0x1D, 0x1B, 0x3F, 0x7C, 0x0A,
  0x08, 0x1E, 0x3C, 0x0C, 0x38, 0x64, 0x83, 0x4B, 0x4B, 0x83, 0x64, 0x38, 0x38, 0x64, 0x83, 0x4B,
  0x4B, 0x83, 0x64, 0x38, 0x01, 0xF0, 0x3B, 0x21, 0x23, 0x16, 0x74, 0x21, 0x3A, 0x1A, 0x2F, 0x42,
  0x23, 0x3B, 0x21, 0x23, 0x16, 0x74, 0x21, 0x3A, 0x1A, 0x2F, 0x42, 0x23, 0x00, 0x03, 0x00, 0x14,
  0xFF, 0xF4, 0x02, 0xE8, 0x02, 0xC8, 0x00, 0x13, 0x00, 0x22, 0x00, 0x31, 0x00, 0x00, 0x41, 0x22,
  0x0E, 0x02, 0x15, 0x14, 0x1E, 0x02, 0x33, 0x32, 0x3E, 0x02, 0x35, 0x34, 0x2E, 0x02, 0x03, 0x35,
  0x32, 0x36, 0x35, 0x35, 0x23, 0x35, 0x33, 0x16, 0x16, 0x15, 0x14, 0x06, 0x06, 0x23, 0x35, 0x32,
  0x36, 0x35, 0x35, 0x23, 0x35, 0x33, 0x16, 0x16, 0x15, 0x14, 0x06, 0x06, 0x01, 0x7E, 0x4B, 0x83,
  0x64, 0x38, 0x38, 0x64, 0x83, 0x4B, 0x4B, 0x83, 0x64, 0x38, 0x38, 0x64, 0x83, 0x37, 0x1D, 0x1B,
  0x3F, 0x7C, 0x0A, 0x08, 0x1E, 0x3C, 0xE2, 0x1E, 0x1B, 0x40, 0x7D, 0x09, 0x08, 0x1D, 0x3C, 0x02,
  0xC8, 0x38, 0x64, 0x83, 0x4B, 0x4B, 0x83, 0x64, 0x38, 0x38, 0x64, 0x83, 0x4B, 0x4B, 0x83, 0x64,
  0x38, 0xFE, 0x10, 0x3B, 0x21, 0x23, 0x16, 0x74, 0x20, 0x3B, 0x1A, 0x2F, 0x42, 0x23, 0x3B, 0x21,
  0x23, 0x16, 0x74, 0x20, 0x3B, 0x1A, 0x2F, 0x42, 0x23, 0x00, 0x00, 0x02, 0x00, 0x4C, 0xFF, 0x2A,
  0x03, 0xCB, 0x02, 0x90, 0x00, 0x44, 0x00, 0x54, 0x00, 0x00, 0x45, 0x22, 0x26, 0x26, 0x35, 0x34,
  0x3E, 0x02, 0x33, 0x32, 0x16, 0x16, 0x15, 0x14, 0x0E, 0x02, 0x23, 0x22, 0x26, 0x37, 0x37, 0x17,
  0x06, 0x06, 0x23, 0x22, 0x26, 0x35, 0x34, 0x3E, 0x02, 0x33, 0x32, 0x16, 0x17, 0x07, 0x37, 0x33,
  0x03, 0x06, 0x16, 0x33, 0x32, 0x3E, 0x02, 0x35, 0x34, 0x26, 0x26, 0x23, 0x22, 0x0E, 0x02, 0x15,
  0x14, 0x16, 0x16, 0x33, 0x32, 0x36, 0x37, 0x17, 0x06, 0x06, 0x03, 0x32, 0x36, 0x36, 0x37, 0x36,
  0x26, 0x26, 0x23, 0x22, 0x0E, 0x02, 0x15, 0x14, 0x16, 0x01, 0xBC, 0x6E, 0xA6, 0x5C, 0x4B, 0x8B,
  0xBD, 0x71, 0x74, 0xA9, 0x5E, 0x1F, 0x3B, 0x57, 0x39, 0x45, 0x41, 0x09, 0x03, 0x14, 0x18, 0x67,
  0x3F, 0x4A, 0x54, 0x21, 0x3E, 0x56, 0x33, 0x3A, 0x41, 0x07, 0x15, 0x15, 0x6E, 0x2E, 0x07, 0x12,
  0x20, 0x1C, 0x29, 0x1C, 0x0D, 0x45, 0x81, 0x5A, 0x58, 0x91, 0x6B, 0x3B, 0x44, 0x7E, 0x57, 0x2E,
  0x59, 0x25, 0x16, 0x30, 0x69, 0x0E, 0x22, 0x39, 0x24, 0x02, 0x02, 0x13, 0x27, 0x1D, 0x1D, 0x2E,
  0x21, 0x12, 0x29, 0xD6, 0x56, 0xA0, 0x6B, 0x6F, 0xBC, 0x8C, 0x4E, 0x58, 0x9C, 0x67, 0x3D, 0x70,
  0x59, 0x34, 0x50, 0x42, 0x20, 0x36, 0x3A, 0x44, 0x5B, 0x4E, 0x37, 0x64, 0x4E, 0x2E, 0x39, 0x35,
  0x0F, 0x75, 0xFE, 0xF6, 0x25, 0x2F, 0x28, 0x42, 0x4E, 0x25, 0x51, 0x75, 0x3F, 0x40, 0x72, 0x96,
  0x57, 0x56, 0x7A, 0x3F, 0x12, 0x11, 0x58, 0x14, 0x14, 0x01, 0x32, 0x27, 0x42, 0x2A, 0x1E, 0x2F,
  0x1B, 0x1A, 0x2D, 0x39, 0x1F, 0x29, 0x33, 0x00, 0x00, 0x02, 0x00, 0x28, 0xFF, 0xF5, 0x02, 0xF5,
  0x02, 0xC8, 0x00, 0x17, 0x00, 0x38, 0x00, 0x00, 0x61, 0x01, 0x26, 0x26, 0x35, 0x34, 0x36, 0x36,
  0x33, 0x32, 0x16, 0x16, 0x07, 0x23, 0x34, 0x26, 0x23, 0x22, 0x06, 0x15, 0x14, 0x16, 0x17, 0x01,
  0x05, 0x22, 0x26, 0x26, 0x35, 0x34, 0x36, 0x36, 0x37, 0x37, 0x17, 0x07, 0x06, 0x06, 0x15, 0x14,
  0x16, 0x16, 0x33, 0x32, 0x36, 0x37, 0x36, 0x36, 0x37, 0x37, 0x33, 0x07, 0x06, 0x06, 0x07, 0x06,
  0x06, 0x02, 0x54, 0xFE, 0x84, 0x2E, 0x26, 0x30, 0x5D, 0x41, 0x41, 0x59, 0x2F, 0x01, 0x81, 0x2A,
  0x1F, 0x22, 0x29, 0x1E, 0x1F, 0x01, 0xB3, 0xFE, 0x2F, 0x4D, 0x71, 0x3E, 0x2A, 0x54, 0x3E, 0x33,
  0x3B, 0x2E, 0x3D, 0x3B, 0x1E, 0x3A, 0x27, 0x36, 0x56, 0x28, 0x12, 0x24, 0x12, 0x15, 0x89, 0x22,
  0x19, 0x34, 0x1C, 0x39, 0x87, 0x01, 0x7A, 0x2E, 0x4B, 0x2A, 0x30, 0x4E, 0x2D, 0x30, 0x4E, 0x31,
  0x24, 0x24, 0x25, 0x1E, 0x18, 0x34, 0x20, 0xFE, 0x4E, 0x0B, 0x35, 0x60, 0x41, 0x32, 0x57, 0x43,
  0x14, 0x10, 0x54, 0x0F, 0x14, 0x44, 0x2D, 0x1F, 0x33, 0x1E, 0x30, 0x35, 0x18, 0x3C, 0x25, 0x2B,
  0x45, 0x34, 0x56, 0x21, 0x47, 0x40, 0x00, 0x01, 0x00, 0x20, 0xFF, 0x9C, 0x02, 0x48, 0x02, 0xBC,
  0x00, 0x10, 0x00, 0x00, 0x45, 0x11, 0x23, 0x22, 0x26, 0x26, 0x35, 0x34, 0x36, 0x36, 0x33, 0x21,
  0x11, 0x23, 0x11, 0x23, 0x11, 0x01, 0x1F, 0x12, 0x53, 0x69, 0x31, 0x32, 0x69, 0x52, 0x01, 0x3B,
  0x72, 0x46, 0x64, 0x01, 0x7D, 0x3A, 0x5F, 0x38, 0x39, 0x5F, 0x3A, 0xFC, 0xE0, 0x02, 0xB8, 0xFD,
  0x48, 0x00, 0x00, 0x02, 0x00, 0x2D, 0xFF, 0x18, 0x02, 0x3B, 0x02, 0xC8, 0x00, 0x3D, 0x00, 0x54,
  0x00, 0x00, 0x45, 0x22, 0x26, 0x26, 0x27, 0x33, 0x1E, 0x02, 0x33, 0x16, 0x36, 0x35, 0x34, 0x2E,
  0x02, 0x27, 0x2E, 0x02, 0x35, 0x34, 0x36, 0x37, 0x26, 0x26, 0x35, 0x34, 0x36, 0x36, 0x33, 0x32,
  0x16, 0x16, 0x17, 0x23, 0x2E, 0x02, 0x23, 0x26, 0x06, 0x15, 0x14, 0x1E, 0x02, 0x17, 0x1E, 0x02,
  0x15, 0x14, 0x06, 0x07, 0x16, 0x16, 0x15, 0x14, 0x06, 0x06, 0x13, 0x36, 0x36, 0x35, 0x34, 0x2E,
  0x02, 0x27, 0x26, 0x26, 0x27, 0x06, 0x06, 0x15, 0x14, 0x1E, 0x03, 0x17, 0x16, 0x16, 0x01, 0x30,
  0x46, 0x6C, 0x3E, 0x02, 0x91, 0x01, 0x18, 0x2C, 0x1E, 0x29, 0x35, 0x19, 0x2C, 0x3B, 0x23, 0x34,
  0x58, 0x34, 0x1C, 0x1B, 0x0D, 0x0E, 0x3D, 0x6C, 0x44, 0x48, 0x6B, 0x3F, 0x01, 0x90, 0x01, 0x18,
  0x2C, 0x1F, 0x28, 0x36, 0x19, 0x2C, 0x3C, 0x23, 0x34, 0x58, 0x34, 0x1C, 0x1C, 0x0E, 0x0D, 0x3D,
  0x6B, 0x21, 0x0A, 0x0A, 0x17, 0x2C, 0x3C, 0x24, 0x12, 0x1B, 0x0B, 0x0A, 0x0A, 0x0F, 0x1C, 0x28,
  0x33, 0x1D, 0x0F, 0x1C, 0xE8, 0x31, 0x5C, 0x3E, 0x17, 0x29, 0x19, 0x01, 0x28, 0x27, 0x19, 0x20,
  0x16, 0x13, 0x0C, 0x11, 0x34, 0x4F, 0x3C, 0x27, 0x47, 0x1C, 0x13, 0x2F, 0x1D, 0x3F, 0x5A, 0x30,
  0x31, 0x5C, 0x3E, 0x17, 0x29, 0x19, 0x01, 0x28, 0x27, 0x19, 0x20, 0x16, 0x14, 0x0B, 0x12, 0x33,
  0x4E, 0x3D, 0x27, 0x47, 0x1C, 0x13, 0x2F, 0x1D, 0x3D, 0x5B, 0x31, 0x01, 0x73, 0x0A, 0x1C, 0x10,
  0x1A, 0x24, 0x1B, 0x18, 0x0D, 0x06, 0x0B, 0x05, 0x0A, 0x1B, 0x11, 0x14, 0x1E, 0x19, 0x14, 0x14,
  0x0B, 0x05, 0x0B, 0x00, 0x00, 0x03, 0x00, 0x2B, 0xFF, 0xFA, 0x02, 0xE6, 0x02, 0xC5, 0x00, 0x0F,
  0x00, 0x2D, 0x00, 0x3D, 0x00, 0x00, 0x45, 0x22, 0x26, 0x26, 0x35, 0x34, 0x36, 0x36, 0x33, 0x32,
  0x16, 0x16, 0x15, 0x14, 0x06, 0x06, 0x27, 0x22, 0x26, 0x26, 0x35, 0x34, 0x36, 0x36, 0x33, 0x32,
  0x16, 0x17, 0x23, 0x26, 0x26, 0x23, 0x22, 0x06, 0x06, 0x15, 0x14, 0x16, 0x16, 0x33, 0x32, 0x36,
  0x37, 0x33, 0x06, 0x06, 0x07, 0x32, 0x36, 0x36, 0x35, 0x34, 0x26, 0x26, 0x23, 0x22, 0x06, 0x06,
  0x15, 0x14, 0x16, 0x16, 0x01, 0x89, 0x68, 0x9D, 0x59, 0x59, 0x9D, 0x68, 0x68, 0x9D, 0x58, 0x58,
  0x9D, 0x68, 0x3D, 0x65, 0x39, 0x39, 0x65, 0x3D, 0x4E, 0x71, 0x11, 0x76, 0x0A, 0x31, 0x22, 0x1E,
  0x2F, 0x1C, 0x1C, 0x2F, 0x1E, 0x25, 0x2D, 0x0B, 0x76, 0x11, 0x71, 0x4E, 0x5C, 0x86, 0x48, 0x49,
  0x85, 0x5C, 0x5C, 0x86, 0x48, 0x48, 0x86, 0x06, 0x5C, 0xA2, 0x68, 0x69, 0xA1, 0x5B, 0x5B, 0xA1,
  0x69, 0x68, 0xA2, 0x5C, 0x82, 0x37, 0x67, 0x46, 0x47, 0x66, 0x37, 0x54, 0x4B, 0x1F, 0x23, 0x1E,
  0x3C, 0x2D, 0x2D, 0x3C, 0x1E, 0x23, 0x1F, 0x48, 0x57, 0x52, 0x4F, 0x8B, 0x5C, 0x5E, 0x8A, 0x4D,
  0x4D, 0x8A, 0x5E, 0x5C, 0x8C, 0x4E, 0x00, 0x05, 0x00, 0x2C, 0x01, 0x23, 0x01, 0xD1, 0x02, 0xC8,
  0x00, 0x0F, 0x00, 0x13, 0x00, 0x23, 0x00, 0x2E, 0x00, 0x37, 0x00, 0x00, 0x53, 0x22, 0x26, 0x26,
  0x35, 0x34, 0x36, 0x36, 0x33, 0x32, 0x16, 0x16, 0x15, 0x14, 0x06, 0x06, 0x27, 0x27, 0x33, 0x17,
  0x07, 0x32, 0x36, 0x36, 0x35, 0x34, 0x26, 0x26, 0x23, 0x22, 0x06, 0x06, 0x15, 0x14, 0x16, 0x16,
  0x27, 0x35, 0x33, 0x32, 0x16, 0x15, 0x14, 0x06, 0x23, 0x23, 0x15, 0x27, 0x33, 0x32, 0x36, 0x35,
  0x34, 0x26, 0x23, 0x23, 0xFF, 0x3D, 0x60, 0x36, 0x36, 0x60, 0x3D, 0x3E, 0x5E, 0x36, 0x36, 0x5E,
  0x1D, 0x38, 0x41, 0x3E, 0x68, 0x31, 0x47, 0x27, 0x27, 0x47, 0x31, 0x30, 0x48, 0x27, 0x27, 0x48,
  0x26, 0x68, 0x23, 0x29, 0x29, 0x23, 0x2A, 0x01, 0x23, 0x09, 0x0C, 0x0C, 0x09, 0x23, 0x01, 0x23,
  0x37, 0x5E, 0x3D, 0x3E, 0x5F, 0x36, 0x36, 0x5F, 0x3E, 0x3D, 0x5E, 0x37, 0x6A, 0x60, 0x60, 0x3A,
  0x29, 0x4A, 0x2F, 0x31, 0x49, 0x29, 0x29, 0x49, 0x31, 0x2F, 0x4A, 0x29, 0x3A, 0xD5, 0x24, 0x1F,
  0x1F, 0x25, 0x4E, 0x7B, 0x09, 0x0A, 0x0B, 0x08, 0x00, 0x02, 0x00, 0x25, 0x01, 0xA7, 0x01, 0x45,
  0x02, 0xC8, 0x00, 0x0F, 0x00, 0x1B, 0x00, 0x00, 0x53, 0x22, 0x26, 0x26, 0x35, 0x34, 0x36, 0x36,
  0x33, 0x32, 0x16, 0x16, 0x15, 0x14, 0x06, 0x06, 0x27, 0x32, 0x36, 0x35, 0x34, 0x26, 0x23, 0x22,
  0x06, 0x15, 0x14, 0x16, 0xB5, 0x26, 0x42, 0x28, 0x29, 0x42, 0x26, 0x27, 0x41, 0x27, 0x28, 0x41,
  0x27, 0x14, 0x24, 0x23, 0x14, 0x14, 0x24, 0x23, 0x01, 0xA7, 0x23, 0x41, 0x2B, 0x2D, 0x42, 0x23,
  0x23, 0x42, 0x2D, 0x2B, 0x41, 0x23, 0x55, 0x1E, 0x1E, 0x1E, 0x1D, 0x1E, 0x1D, 0x1E, 0x1E, 0x00,
  0x00, 0x01, 0x00, 0x45, 0xFF, 0x9C, 0x00, 0xCC, 0x02, 0xD0, 0x00, 0x03, 0x00, 0x00, 0x57, 0x11,
  0x33, 0x11, 0x45, 0x87, 0x64, 0x03, 0x34, 0xFC, 0xCC, 0x00, 0x00, 0x02, 0x00, 0x45, 0xFF, 0x9C,
  0x00, 0xCC, 0x02, 0xD0, 0x00, 0x03, 0x00, 0x07, 0x00, 0x00, 0x53, 0x11, 0x33, 0x11, 0x03, 0x11,
  0x33, 0x11, 0x45, 0x87, 0x87, 0x87, 0x01, 0x8B, 0x01, 0x45, 0xFE, 0xBB, 0xFE, 0x11, 0x01, 0x45,
  0xFE, 0xBB, 0x00, 0x03, 0x00, 0x32, 0xFF, 0x98, 0x02, 0x2D, 0x02, 0x60, 0x00, 0x03, 0x00, 0x07,
  0x00, 0x27, 0x00, 0x00, 0x57, 0x35, 0x33, 0x15, 0x03, 0x35, 0x33, 0x15, 0x03, 0x22, 0x26, 0x26,
  0x35, 0x34, 0x36, 0x36, 0x33, 0x32, 0x16, 0x17, 0x23, 0x26, 0x26, 0x23, 0x22, 0x06, 0x06, 0x15,
  0x14, 0x1E, 0x02, 0x33, 0x32, 0x36, 0x36, 0x37, 0x33, 0x06, 0x06, 0xF8, 0x7C, 0x7C, 0x7C, 0x3E,
  0x4C, 0x76, 0x42, 0x42, 0x76, 0x4C, 0x61, 0x84, 0x12, 0x8F, 0x09, 0x39, 0x27, 0x23, 0x37, 0x1F,
  0x12, 0x20, 0x2D, 0x1A, 0x1A, 0x2B, 0x1E, 0x06, 0x8F, 0x12, 0x85, 0x68, 0xAC, 0xAC, 0x02, 0x1C,
  0xAC, 0xAC, 0xFE, 0x40, 0x44, 0x76, 0x4C, 0x4E, 0x77, 0x45, 0x66, 0x59, 0x23, 0x28, 0x23, 0x43,
  0x2E, 0x23, 0x37, 0x27, 0x14, 0x12, 0x21, 0x18, 0x57, 0x67, 0x00, 0x06, 0x00, 0x3F, 0x00, 0x4E,
  0x01, 0xF2, 0x02, 0x07, 0x00, 0x0F, 0x00, 0x13, 0x00, 0x17, 0x00, 0x27, 0x00, 0x2B, 0x00, 0x2F,
  0x00, 0x00, 0x65, 0x22, 0x26, 0x26, 0x35, 0x34, 0x36, 0x36, 0x33, 0x32, 0x16, 0x16, 0x15, 0x14,
  0x06, 0x06, 0x07, 0x27, 0x37, 0x17, 0x17, 0x27, 0x37, 0x17, 0x27, 0x32, 0x36, 0x36, 0x35, 0x34,
  0x26, 0x26, 0x23, 0x22, 0x06, 0x06, 0x15, 0x14, 0x16, 0x16, 0x27, 0x27, 0x37, 0x17, 0x17, 0x27,
  0x37, 0x17, 0x01, 0x18, 0x38, 0x57, 0x32, 0x33, 0x58, 0x37, 0x38, 0x58, 0x32, 0x33, 0x58, 0xDA,
  0x37, 0x5C, 0x42, 0xDD, 0x5B, 0x3B, 0x58, 0xD9, 0x14, 0x26, 0x18, 0x18, 0x25, 0x16, 0x15, 0x25,
  0x18, 0x17, 0x26, 0x6B, 0x59, 0x37, 0x60, 0xBA, 0x36, 0x60, 0x38, 0x76, 0x2C, 0x51, 0x37, 0x37,
  0x50, 0x2B, 0x2B, 0x50, 0x37, 0x37, 0x51, 0x2C, 0x28, 0x39, 0x5C, 0x2E, 0x67, 0x5B, 0x36, 0x58,
  0x45, 0x13, 0x29, 0x21, 0x22, 0x29, 0x13, 0x13, 0x29, 0x22, 0x21, 0x29, 0x13, 0xA9, 0x59, 0x39,
  0x60, 0x3A, 0x39, 0x61, 0x39, 0x00, 0x00, 0x02, 0x00, 0x2D, 0xFF, 0xA9, 0x02, 0x2E, 0x03, 0x18,
  0x00, 0x03, 0x00, 0x36, 0x00, 0x00, 0x45, 0x11, 0x33, 0x11, 0x27, 0x22, 0x26, 0x26, 0x27, 0x33,
  0x1E, 0x02, 0x33, 0x32, 0x36, 0x36, 0x35, 0x34, 0x2E, 0x02, 0x27, 0x26, 0x26, 0x35, 0x34, 0x36,
  0x36, 0x33, 0x32, 0x16, 0x16, 0x17, 0x23, 0x2E, 0x02, 0x23, 0x26, 0x06, 0x06, 0x15, 0x14, 0x1E,
  0x02, 0x17, 0x1E, 0x02, 0x15, 0x14, 0x06, 0x06, 0x01, 0x0C, 0x42, 0x18, 0x4C, 0x77, 0x45, 0x01,
  0x8F, 0x01, 0x1E, 0x35, 0x25, 0x20, 0x2F, 0x1A, 0x1D, 0x33, 0x43, 0x25, 0x53, 0x57, 0x3D, 0x6C,
  0x45, 0x47, 0x6B, 0x3F, 0x01, 0x90, 0x01, 0x19, 0x2C, 0x1E, 0x1A, 0x2B, 0x19, 0x19, 0x2C, 0x3C,
  0x23, 0x34, 0x58, 0x34, 0x3A, 0x6D, 0x57, 0x03, 0x6F, 0xFC, 0x91, 0x4B, 0x34, 0x64, 0x47, 0x1F,
  0x32, 0x1D, 0x15, 0x26, 0x1A, 0x1E, 0x28, 0x1C, 0x17, 0x0D, 0x1B, 0x5A, 0x4A, 0x3F, 0x5A, 0x30,
  0x31, 0x5C, 0x3E, 0x17, 0x29, 0x19, 0x01, 0x12, 0x23, 0x1A, 0x19, 0x22, 0x19, 0x15, 0x0B, 0x12,
  0x31, 0x4E, 0x40, 0x37, 0x5E, 0x3A, 0x00, 0x02, 0x00, 0x29, 0x00, 0x00, 0x02, 0x3A, 0x02, 0xC8,
  0x00, 0x24, 0x00, 0x28, 0x00, 0x00, 0x73, 0x35, 0x3E, 0x02, 0x35, 0x34, 0x2E, 0x02, 0x35, 0x34,
  0x36, 0x36, 0x33, 0x32, 0x16, 0x16, 0x17, 0x23, 0x26, 0x26, 0x23, 0x22, 0x06, 0x06, 0x15, 0x14,
  0x1E, 0x02, 0x15, 0x14, 0x06, 0x07, 0x21, 0x15, 0x01, 0x35, 0x21, 0x15, 0x4C, 0x1A, 0x24, 0x13,
  0x10, 0x16, 0x0F, 0x3A, 0x68, 0x44, 0x4C, 0x65, 0x35, 0x03, 0x7D, 0x01, 0x36, 0x33, 0x1C, 0x30,
  0x1C, 0x10, 0x15, 0x0F, 0x1F, 0x26, 0x01, 0x63, 0xFD, 0xEF, 0x01, 0x92, 0x4E, 0x1A, 0x36, 0x40,
  0x2A, 0x1C, 0x36, 0x39, 0x3E, 0x22, 0x42, 0x5F, 0x34, 0x3B, 0x62, 0x3D, 0x2E, 0x3D, 0x18, 0x2F,
  0x24, 0x19, 0x37, 0x39, 0x3D, 0x1F, 0x29, 0x51, 0x23, 0x6C, 0x01, 0x29, 0x5B, 0x5B, 0x00, 0x04,
  0x00, 0x16, 0x00, 0x00, 0x02, 0x75, 0x02, 0xBC, 0x00, 0x03, 0x00, 0x07, 0x00, 0x0B, 0x00, 0x15,
  0x00, 0x00, 0x77, 0x35, 0x21, 0x15, 0x25, 0x23, 0x35, 0x33, 0x17, 0x37, 0x33, 0x15, 0x01, 0x35,
  0x03, 0x33, 0x13, 0x23, 0x13, 0x33, 0x03, 0x15, 0x3A, 0x02, 0x17, 0xFE, 0xCA, 0xE1, 0xDD, 0x75,
  0x04, 0xC1, 0xFE, 0xB1, 0xEC, 0x99, 0xA5, 0x1B, 0xA4, 0x98, 0xEC, 0x97, 0x5C, 0x5C, 0xA8, 0x5C,
  0x5C, 0x5C, 0x5C, 0xFE, 0xC1, 0xF6, 0x01, 0xC6, 0xFE, 0xA6, 0x01, 0x5A, 0xFE, 0x3A, 0xF6, 0x00,
  0x00, 0x02, 0x00, 0x2D, 0x00, 0x3D, 0x02, 0x15, 0x02, 0x05, 0x00, 0x03, 0x00, 0x07, 0x00, 0x00,
  0x77, 0x11, 0x33, 0x11, 0x25, 0x35, 0x21, 0x15, 0xE8, 0x73, 0xFE, 0xD2, 0x01, 0xE8, 0x3D, 0x01,
  0xC8, 0xFE, 0x38, 0xAC, 0x71, 0x71, 0x00, 0x01, 0x00, 0x4F, 0x00, 0xEE, 0x01, 0xF5, 0x01, 0x5F,
  0x00, 0x03, 0x00, 0x00, 0x77, 0x35, 0x21, 0x15, 0x4F, 0x01, 0xA6, 0xEE, 0x71, 0x71, 0x00, 0x01,
  0x00, 0x56, 0x00, 0x57, 0x01, 0xEC, 0x01, 0xED, 0x00, 0x0B, 0x00, 0x00, 0x77, 0x27, 0x37, 0x27,
  0x37, 0x17, 0x37, 0x17, 0x07, 0x17, 0x07, 0x27, 0xA6, 0x50, 0x7C, 0x79, 0x4F, 0x7A, 0x7B, 0x4F,
  0x7B, 0x79, 0x4F, 0x7A, 0x57, 0x4F, 0x7C, 0x79, 0x4F, 0x79, 0x7C, 0x4F, 0x7C, 0x79, 0x50, 0x7A,
  0x00, 0x03, 0x00, 0x48, 0x00, 0x1F, 0x01, 0xFB, 0x02, 0x28, 0x00, 0x03, 0x00, 0x0F, 0x00, 0x1B,
  0x00, 0x00, 0x77, 0x35, 0x21, 0x15, 0x07, 0x22, 0x26, 0x35, 0x34, 0x36, 0x33, 0x32, 0x16, 0x15,
  0x14, 0x06, 0x03, 0x22, 0x26, 0x35, 0x34, 0x36, 0x33, 0x32, 0x16, 0x15, 0x14, 0x06, 0x48, 0x01,
  0xB3, 0xD8, 0x26, 0x2E, 0x2E, 0x26, 0x24, 0x2E, 0x2E, 0x24, 0x26, 0x2E, 0x2E, 0x26, 0x24, 0x2E,
  0x2E, 0xE9, 0x71, 0x71, 0xCA, 0x2D, 0x20, 0x22, 0x2D, 0x2D, 0x22, 0x20, 0x2D, 0x01, 0x6D, 0x2D,
  0x21, 0x21, 0x2D, 0x2D, 0x21, 0x21, 0x2D, 0x00, 0x00, 0x02, 0x00, 0x4B, 0x00, 0x77, 0x01, 0xF8,
  0x01, 0xCD, 0x00, 0x03, 0x00, 0x07, 0x00, 0x00, 0x53, 0x35, 0x21, 0x15, 0x05, 0x35, 0x21, 0x15,
  0x4B, 0x01, 0xAD, 0xFE, 0x53, 0x01, 0xAD, 0x01, 0x57, 0x76, 0x76, 0xE0, 0x76, 0x76, 0x00, 0x01,
  0x00, 0x5E, 0x00, 0x36, 0x01, 0xE5, 0x01, 0xF8, 0x00, 0x06, 0x00, 0x00, 0x77, 0x37, 0x27, 0x33,
  0x17, 0x31, 0x07, 0x5E, 0xDD, 0xDD, 0xAB, 0xDC, 0xDC, 0x36, 0xE0, 0xE2, 0xE2, 0xE0, 0x00, 0x01,
  0x00, 0x5F, 0x00, 0x36, 0x01, 0xE5, 0x01, 0xF8, 0x00, 0x06, 0x00, 0x00, 0x65, 0x23, 0x27, 0x31,
  0x37, 0x33, 0x07, 0x01, 0xE5, 0xAA, 0xDC, 0xDC, 0xAA, 0xDD, 0x36, 0xE0, 0xE2, 0xE2, 0x00, 0x03,
  0x00, 0x2A, 0x00, 0x00, 0x02, 0x19, 0x02, 0x14, 0x00, 0x03, 0x00, 0x07, 0x00, 0x0B, 0x00, 0x00,
  0x73, 0x35, 0x21, 0x15, 0x25, 0x11, 0x33, 0x11, 0x25, 0x35, 0x21, 0x15, 0x2A, 0x01, 0xEF, 0xFE,
  0xCF, 0x73, 0xFE, 0xCF, 0x01, 0xEF, 0x67, 0x67, 0xA9, 0x01, 0x6B, 0xFE, 0x95, 0x7D, 0x71, 0x71,
  0x00, 0x01, 0x00, 0x1D, 0x00, 0xE0, 0x02, 0x25, 0x01, 0x9C, 0x00, 0x19, 0x00, 0x00, 0x65, 0x22,
  0x2E, 0x02, 0x23, 0x22, 0x06, 0x07, 0x23, 0x3E, 0x02, 0x33, 0x32, 0x1E, 0x02, 0x33, 0x32, 0x36,
  0x37, 0x33, 0x0E, 0x02, 0x01, 0x79, 0x20, 0x31, 0x2A, 0x27, 0x16, 0x1A, 0x20, 0x05, 0x65, 0x0A,
  0x2F, 0x47, 0x2B, 0x20, 0x32, 0x2A, 0x27, 0x16, 0x1A, 0x21, 0x04, 0x65, 0x08, 0x30, 0x47, 0xE0,
  0x15, 0x1B, 0x14, 0x23, 0x20, 0x41, 0x53, 0x27, 0x15, 0x1A, 0x15, 0x23, 0x20, 0x41, 0x52, 0x28,
  0x00, 0x01, 0xFF, 0xF8, 0x00, 0xC6, 0x02, 0x4C, 0x01, 0xB6, 0x00, 0x05, 0x00, 0x00, 0x65, 0x35,
  0x21, 0x35, 0x21, 0x15, 0x01, 0xC5, 0xFE, 0x33, 0x02, 0x54, 0xC6, 0x88, 0x68, 0xF0, 0x00, 0x01,
  0x00, 0x23, 0x00, 0xC8, 0x02, 0x82, 0x02, 0xBC, 0x00, 0x07, 0x00, 0x00, 0x77, 0x13, 0x33, 0x13,
  0x23, 0x03, 0x31, 0x03, 0x23, 0xEF, 0x81, 0xEF, 0x88, 0xA7, 0xA8, 0xC8, 0x01, 0xF4, 0xFE, 0x0C,
  0x01, 0x5C, 0xFE, 0xA4, 0x00, 0x01, 0x00, 0x42, 0xFF, 0x24, 0x02, 0x2E, 0x01, 0xF0, 0x00, 0x17,
  0x00, 0x00, 0x57, 0x11, 0x33, 0x11, 0x14, 0x16, 0x33, 0x32, 0x36, 0x36, 0x35, 0x11, 0x33, 0x11,
  0x23, 0x27, 0x31, 0x06, 0x06, 0x23, 0x22, 0x26, 0x27, 0x15, 0x42, 0x87, 0x32, 0x37, 0x22, 0x35,
  0x1E, 0x87, 0x76, 0x0B, 0x17, 0x56, 0x3C, 0x11, 0x1D, 0x0D, 0xDC, 0x02, 0xCC, 0xFE, 0xF6, 0x3E,
  0x42, 0x21, 0x3E, 0x2B, 0x01, 0x00, 0xFE, 0x10, 0x53, 0x2B, 0x34, 0x07, 0x07, 0xDE, 0x00, 0x05,
  0x00, 0x2A, 0xFF, 0xF4, 0x03, 0x5C, 0x02, 0xC8, 0x00, 0x03, 0x00, 0x13, 0x00, 0x23, 0x00, 0x33,
  0x00, 0x43, 0x00, 0x00, 0x73, 0x01, 0x33, 0x01, 0x05, 0x22, 0x26, 0x26, 0x35, 0x34, 0x36, 0x36,
  0x33, 0x32, 0x16, 0x16, 0x15, 0x14, 0x06, 0x06, 0x27, 0x32, 0x36, 0x36, 0x35, 0x34, 0x26, 0x26,
  0x23, 0x22, 0x06, 0x06, 0x15, 0x14, 0x16, 0x16, 0x01, 0x22, 0x26, 0x26, 0x35, 0x34, 0x36, 0x36,
  0x33, 0x32, 0x16, 0x16, 0x15, 0x14, 0x06, 0x06, 0x27, 0x32, 0x36, 0x36, 0x35, 0x34, 0x26, 0x26,
  0x23, 0x22, 0x06, 0x06, 0x15, 0x14, 0x16, 0x16, 0xBB, 0x01, 0x89, 0x83, 0xFE, 0x77, 0x01, 0x71,
  0x31, 0x4F, 0x2E, 0x2E, 0x4F, 0x31, 0x31, 0x4E, 0x2E, 0x2E, 0x4E, 0x32, 0x14, 0x1E, 0x12, 0x11,
  0x1F, 0x14, 0x13, 0x1F, 0x12, 0x12, 0x1F, 0xFE, 0x3D, 0x30, 0x4F, 0x2F, 0x2F, 0x4F, 0x31, 0x31,
  0x4D, 0x2F, 0x2F, 0x4E, 0x31, 0x13, 0x1F, 0x12, 0x12, 0x1F, 0x13, 0x13, 0x1F, 0x12, 0x12, 0x1F,
  0x02, 0xBC, 0xFD, 0x44, 0x0C, 0x2B, 0x51, 0x37, 0x38, 0x50, 0x2B, 0x2B, 0x50, 0x38, 0x37, 0x51,
  0x2B, 0x5D, 0x14, 0x26, 0x1C, 0x1D, 0x27, 0x14, 0x14, 0x27, 0x1D, 0x1C, 0x26, 0x14, 0x01, 0x10,
  0x2C, 0x50, 0x37, 0x39, 0x4F, 0x2C, 0x2C, 0x4F, 0x39, 0x37, 0x50, 0x2C, 0x5D, 0x14, 0x26, 0x1C,
  0x1E, 0x26, 0x14, 0x14, 0x27, 0x1D, 0x1C, 0x26, 0x14, 0x00, 0x00, 0x01, 0x00, 0x22, 0x00, 0x00,
  0x03, 0x4C, 0x02, 0xBC, 0x00, 0x09, 0x00, 0x00, 0x53, 0x01, 0x33, 0x01, 0x07, 0x25, 0x11, 0x23,
  0x11, 0x05, 0x22, 0x01, 0x6D, 0x50, 0x01, 0x6D, 0x55, 0xFF, 0x00, 0x80, 0xFF, 0x00, 0x01, 0x5A,
  0x01, 0x62, 0xFE, 0x9E, 0x55, 0xFB, 0xFE, 0x00, 0x02, 0x00, 0xFB, 0x00, 0x00, 0x01, 0x00, 0x2B,
  0x00, 0x39, 0x02, 0x64, 0x02, 0x74, 0x00, 0x09, 0x00, 0x00, 0x77, 0x27, 0x01, 0x21, 0x35, 0x21,
  0x17, 0x11, 0x23, 0x11, 0x84, 0x59, 0x01, 0x6C, 0xFE, 0x97, 0x01, 0xFE, 0x38, 0x75, 0x39, 0x5A,
  0x01, 0x6B, 0x76, 0x39, 0xFE, 0x01, 0x01, 0x68, 0x00, 0x01, 0x00, 0x29, 0xFF, 0xE9, 0x02, 0xE5,
  0x02, 0xCD, 0x00, 0x09, 0x00, 0x00, 0x53, 0x35, 0x21, 0x27, 0x37, 0x01, 0x15, 0x01, 0x27, 0x37,
  0x29, 0x01, 0xFF, 0xFA, 0x55, 0x01, 0x62, 0xFE, 0x9E, 0x55, 0xFA, 0x01, 0x1F, 0x78, 0xE1, 0x55,
  0xFE, 0xB6, 0x4F, 0xFE, 0xB5, 0x55, 0xE1, 0x00, 0x00, 0x01, 0x00, 0x2B, 0x00, 0x38, 0x02, 0x64,
  0x02, 0x73, 0x00, 0x09, 0x00, 0x00, 0x53, 0x01, 0x11, 0x33, 0x11, 0x07, 0x21, 0x35, 0x21, 0x01,
  0x84, 0x01, 0x6B, 0x75, 0x38, 0xFE, 0x02, 0x01, 0x69, 0xFE, 0x94, 0x02, 0x73, 0xFE, 0x95, 0x01,
  0x68, 0xFE, 0x01, 0x39, 0x76, 0x01, 0x6B, 0x00, 0x00, 0x01, 0x00, 0x28, 0x00, 0x00, 0x03, 0x52,
  0x02, 0xBC, 0x00, 0x09, 0x00, 0x00, 0x53, 0x37, 0x05, 0x11, 0x33, 0x11, 0x25, 0x17, 0x01, 0x23,
  0x28, 0x55, 0x01, 0x00, 0x80, 0x01, 0x00, 0x55, 0xFE, 0x93, 0x50, 0x01, 0x62, 0x55, 0xFB, 0x02,
  0x00, 0xFE, 0x00, 0xFB, 0x55, 0xFE, 0x9E, 0x00, 0x00, 0x01, 0x00, 0x2E, 0x00, 0x38, 0x02, 0x67,
  0x02, 0x73, 0x00, 0x09, 0x00, 0x00, 0x41, 0x17, 0x01, 0x21, 0x15, 0x21, 0x27, 0x11, 0x33, 0x11,
  0x02, 0x0E, 0x59, 0xFE, 0x94, 0x01, 0x69, 0xFE, 0x02, 0x38, 0x76, 0x02, 0x73, 0x5A, 0xFE, 0x95,
  0x76, 0x39, 0x01, 0xFF, 0xFE, 0x98, 0x00, 0x01, 0x00, 0x27, 0xFF, 0xE9, 0x02, 0xE3, 0x02, 0xCD,
  0x00, 0x09, 0x00, 0x00, 0x41, 0x21, 0x17, 0x07, 0x01, 0x35, 0x01, 0x17, 0x07, 0x21, 0x02, 0xE3,
  0xFE, 0x01, 0xFA, 0x55, 0xFE, 0x9E, 0x01, 0x62, 0x55, 0xFA, 0x01, 0xFF, 0x01, 0x1F, 0xE1, 0x55,
  0x01, 0x4B, 0x4F, 0x01, 0x4A, 0x55, 0xE1, 0x00, 0x00, 0x01, 0x00, 0x2E, 0x00, 0x2D, 0x02, 0x67,
  0x02, 0x68, 0x00, 0x09, 0x00, 0x00, 0x65, 0x01, 0x11, 0x23, 0x11, 0x37, 0x21, 0x15, 0x21, 0x01,
  0x02, 0x0E, 0xFE, 0x96, 0x76, 0x38, 0x01, 0xFE, 0xFE, 0x97, 0x01, 0x6C, 0x2D, 0x01, 0x6B, 0xFE,
  0x98, 0x01, 0xFF, 0x39, 0x76, 0xFE, 0x95, 0x00, 0x00, 0x01, 0x00, 0x28, 0xFF, 0xF3, 0x03, 0x90,
  0x02, 0xC0, 0x00, 0x0F, 0x00, 0x00, 0x53, 0x35, 0x01, 0x17, 0x07, 0x21, 0x27, 0x37, 0x01, 0x15,
  0x01, 0x27, 0x37, 0x21, 0x17, 0x07, 0x28, 0x01, 0x26, 0x55, 0xD4, 0x02, 0x1A, 0xD4, 0x55, 0x01,
  0x26, 0xFE, 0xDA, 0x55, 0xD7, 0xFD, 0xE0, 0xD7, 0x55, 0x01, 0x32, 0x50, 0x01, 0x3E, 0x48, 0xE0,
  0xE0, 0x48, 0xFE, 0xC2, 0x50, 0xFE, 0xC1, 0x48, 0xE5, 0xE5, 0x48, 0x00, 0x00, 0x01, 0x00, 0x29,
  0x00, 0x00, 0x03, 0x06, 0x02, 0xBE, 0x00, 0x0F, 0x00, 0x00, 0x77, 0x37, 0x17, 0x11, 0x07, 0x27,
  0x25, 0x33, 0x05, 0x07, 0x27, 0x11, 0x37, 0x17, 0x05, 0x23, 0x29, 0x47, 0xEB, 0xEB, 0x47, 0x01,
  0x46, 0x51, 0x01, 0x46, 0x46, 0xEB, 0xEB, 0x46, 0xFE, 0xBA, 0x51, 0xD8, 0x55, 0x9A, 0x01, 0x97,
  0x99, 0x54, 0xD9, 0xD9, 0x54, 0x98, 0xFE, 0x6C, 0x98, 0x55, 0xD8, 0x00, 0x00, 0x02, 0x00, 0x14,
  0xFF, 0xF4, 0x02, 0xE8, 0x02, 0xC8, 0x00, 0x13, 0x00, 0x1D, 0x00, 0x00, 0x45, 0x22, 0x2E, 0x02,
  0x35, 0x34, 0x3E, 0x02, 0x33, 0x32, 0x1E, 0x02, 0x15, 0x14, 0x0E, 0x02, 0x27, 0x33, 0x35, 0x17,
  0x37, 0x27, 0x23, 0x07, 0x17, 0x37, 0x01, 0x7E, 0x4B, 0x83, 0x64, 0x38, 0x38, 0x64, 0x83, 0x4B,
  0x4B, 0x83, 0x64, 0x38, 0x38, 0x64, 0x83, 0x77, 0x59, 0x6C, 0x39, 0xB7, 0x35, 0xB7, 0x39, 0x6C,
  0x0C, 0x38, 0x64, 0x83, 0x4B, 0x4B, 0x83, 0x64, 0x38, 0x38, 0x63, 0x83, 0x4C, 0x4B, 0x83, 0x64,
  0x38, 0xB1, 0xF0, 0x6A, 0x3A, 0xB3, 0xB4, 0x3A, 0x6B, 0x00, 0x00, 0x02, 0x00, 0x14, 0xFF, 0xF4,
  0x02, 0xE8, 0x02, 0xC8, 0x00, 0x13, 0x00, 0x1D, 0x00, 0x00, 0x45, 0x22, 0x2E, 0x02, 0x35, 0x34,
  0x3E, 0x02, 0x33, 0x32, 0x1E, 0x02, 0x15, 0x14, 0x0E, 0x02, 0x27, 0x37, 0x15, 0x33, 0x11, 0x27,
  0x21, 0x15, 0x33, 0x07, 0x01, 0x7E, 0x4B, 0x83, 0x64, 0x38, 0x38, 0x64, 0x83, 0x4B, 0x4B, 0x83,
  0x64, 0x38, 0x38, 0x64, 0x83, 0xAB, 0xAC, 0x4E, 0x25, 0xFE, 0xF7, 0xA4, 0xAB, 0x0C, 0x38, 0x64,
  0x83, 0x4B, 0x4B, 0x83, 0x64, 0x38, 0x38, 0x63, 0x84, 0x4B, 0x4B, 0x83, 0x64, 0x38, 0xD1, 0xA9,
  0xA5, 0x01, 0x0A, 0x25, 0x4F, 0xA9, 0x00, 0x02, 0x00, 0x14, 0xFF, 0xF4, 0x02, 0xE8, 0x02, 0xC8,
  0x00, 0x13, 0x00, 0x1D, 0x00, 0x00, 0x45, 0x22, 0x2E, 0x02, 0x35, 0x34, 0x3E, 0x02, 0x33, 0x32,
  0x1E, 0x02, 0x15, 0x14, 0x0E, 0x02, 0x27, 0x37, 0x35, 0x27, 0x07, 0x17, 0x23, 0x15, 0x33, 0x07,
  0x01, 0x7E, 0x4B, 0x83, 0x64, 0x38, 0x38, 0x64, 0x83, 0x4B, 0x4B, 0x83, 0x64, 0x38, 0x38, 0x63,
  0x84, 0x46, 0xB5, 0xB5, 0x39, 0x70, 0xF6, 0xF6, 0x70, 0x0C, 0x38, 0x64, 0x83, 0x4B, 0x4B, 0x83,
  0x64, 0x38, 0x38, 0x64, 0x83, 0x4B, 0x4B, 0x83, 0x64, 0x38, 0x9A, 0xB6, 0x35, 0xB5, 0x38, 0x6D,
  0x55, 0x6E, 0x00, 0x02, 0x00, 0x14, 0xFF, 0xF4, 0x02, 0xE8, 0x02, 0xC8, 0x00, 0x13, 0x00, 0x1D,
  0x00, 0x00, 0x41, 0x32, 0x1E, 0x02, 0x15, 0x14, 0x0E, 0x02, 0x23, 0x22, 0x2E, 0x02, 0x35, 0x34,
  0x3E, 0x02, 0x07, 0x07, 0x17, 0x23, 0x15, 0x21, 0x37, 0x11, 0x23, 0x15, 0x01, 0x7E, 0x4B, 0x83,
  0x64, 0x38, 0x38, 0x64, 0x83, 0x4B, 0x4B, 0x83, 0x64, 0x38, 0x38, 0x64, 0x83, 0x15, 0x3B, 0xAB,
  0xA4, 0x01, 0x09, 0x25, 0x4E, 0x02, 0xC8, 0x38, 0x64, 0x83, 0x4B, 0x4B, 0x84, 0x63, 0x38, 0x38,
  0x64, 0x83, 0x4B, 0x4B, 0x83, 0x64, 0x38, 0xD1, 0x3B, 0xA9, 0x4F, 0x25, 0x01, 0x0A, 0xA5, 0x00,
  0x00, 0x02, 0x00, 0x14, 0xFF, 0xF4, 0x02, 0xE8, 0x02, 0xC8, 0x00, 0x13, 0x00, 0x1D, 0x00, 0x00,
  0x41, 0x32, 0x1E, 0x02, 0x15, 0x14, 0x0E, 0x02, 0x23, 0x22, 0x2E, 0x02, 0x35, 0x34, 0x3E, 0x02,
  0x17, 0x15, 0x27, 0x07, 0x17, 0x33, 0x37, 0x27, 0x07, 0x35, 0x01, 0x7E, 0x4B, 0x83, 0x64, 0x38,
  0x38, 0x64, 0x83, 0x4B, 0x4B, 0x83, 0x64, 0x38, 0x38, 0x64, 0x83, 0x1F, 0x6C, 0x39, 0xB7, 0x35,
  0xB7, 0x39, 0x6C, 0x02, 0xC8, 0x38, 0x64, 0x83, 0x4B, 0x4C, 0x83, 0x63, 0x38, 0x38, 0x64, 0x83,
  0x4B, 0x4B, 0x83, 0x64, 0x38, 0xB1, 0xF0, 0x6B, 0x3A, 0xB4, 0xB3, 0x3A, 0x6A, 0xF0, 0x00, 0x02,
  0x00, 0x14, 0xFF, 0xF4, 0x02, 0xE8, 0x02, 0xC8, 0x00, 0x13, 0x00, 0x1D, 0x00, 0x00, 0x41, 0x32,
  0x1E, 0x02, 0x15, 0x14, 0x0E, 0x02, 0x23, 0x22, 0x2E, 0x02, 0x35, 0x34, 0x3E, 0x02, 0x17, 0x07,
  0x35, 0x23, 0x11, 0x17, 0x21, 0x35, 0x23, 0x37, 0x01, 0x7E, 0x4B, 0x83, 0x64, 0x38, 0x38, 0x64,
  0x83, 0x4B, 0x4B, 0x83, 0x64, 0x38, 0x38, 0x64, 0x83, 0xAB, 0xAC, 0x4E, 0x25, 0x01, 0x09, 0xA4,
  0xAB, 0x02, 0xC8, 0x38, 0x64, 0x83, 0x4B, 0x4B, 0x83, 0x64, 0x38, 0x38, 0x63, 0x84, 0x4B, 0x4B,
  0x83, 0x64, 0x38, 0xD1, 0xA9, 0xA5, 0xFE, 0xF6, 0x25, 0x4F, 0xA9, 0x00, 0x00, 0x02, 0x00, 0x14,
  0xFF, 0xF4, 0x02, 0xE8, 0x02, 0xC8, 0x00, 0x13, 0x00, 0x1D, 0x00, 0x00, 0x45, 0x22, 0x2E, 0x02,
  0x35, 0x34, 0x3E, 0x02, 0x33, 0x32, 0x1E, 0x02, 0x15, 0x14, 0x0E, 0x02, 0x27, 0x37, 0x27, 0x33,
  0x35, 0x23, 0x37, 0x27, 0x07, 0x15, 0x01, 0x7E, 0x4B, 0x84, 0x63, 0x38, 0x38, 0x64, 0x83, 0x4B,
  0x4B, 0x83, 0x64, 0x38, 0x38, 0x64, 0x83, 0x50, 0x39, 0x70, 0xF6, 0xF6, 0x70, 0x39, 0xB5, 0x0C,
  0x38, 0x64, 0x83, 0x4B, 0x4B, 0x83, 0x64, 0x38, 0x38, 0x64, 0x83, 0x4B, 0x4B, 0x83, 0x64, 0x38,
  0x9A, 0x38, 0x6E, 0x55, 0x6D, 0x38, 0xB5, 0x35, 0x00, 0x02, 0x00, 0x14, 0xFF, 0xF4, 0x02, 0xE8,
  0x02, 0xC8, 0x00, 0x13, 0x00, 0x1D, 0x00, 0x00, 0x45, 0x22, 0x2E, 0x02, 0x35, 0x34, 0x3E, 0x02,
  0x33, 0x32, 0x1E, 0x02, 0x15, 0x14, 0x0E, 0x02, 0x37, 0x37, 0x27, 0x33, 0x35, 0x21, 0x07, 0x11,
  0x33, 0x35, 0x01, 0x7E, 0x4B, 0x83, 0x64, 0x38, 0x38, 0x64, 0x83, 0x4B, 0x4B, 0x83, 0x64, 0x38,
  0x38, 0x64, 0x83, 0x15, 0x3B, 0xAB, 0xA4, 0xFE, 0xF7, 0x25, 0x4E, 0x0C, 0x38, 0x64, 0x83, 0x4B,
  0x4B, 0x84, 0x63, 0x38, 0x38, 0x64, 0x83, 0x4B, 0x4B, 0x83, 0x64, 0x38, 0xD1, 0x3B, 0xA9, 0x4F,
  0x25, 0xFE, 0xF6, 0xA5, 0x00, 0x02, 0x00, 0x14, 0xFF, 0xF4, 0x02, 0xE8, 0x02, 0xC8, 0x00, 0x13,
  0x00, 0x23, 0x00, 0x00, 0x45, 0x22, 0x2E, 0x02, 0x35, 0x34, 0x3E, 0x02, 0x33, 0x32, 0x1E, 0x02,
  0x15, 0x14, 0x0E, 0x02, 0x27, 0x37, 0x27, 0x33, 0x07, 0x17, 0x37, 0x35, 0x27, 0x07, 0x17, 0x23,
  0x37, 0x27, 0x07, 0x15, 0x01, 0x7E, 0x4B, 0x83, 0x64, 0x38, 0x38, 0x64, 0x83, 0x4B, 0x4B, 0x83,
  0x64, 0x38, 0x38, 0x64, 0x83, 0xA9, 0x40, 0x59, 0xF3, 0x59, 0x40, 0x8E, 0x8E, 0x40, 0x59, 0xF3,
  0x59, 0x40, 0x8F, 0x0C, 0x38, 0x64, 0x83, 0x4B, 0x4B, 0x83, 0x64, 0x38, 0x38, 0x63, 0x84, 0x4B,
  0x4B, 0x83, 0x64, 0x38, 0xA0, 0x32, 0x6C, 0x6C, 0x32, 0xB0, 0x35, 0xAE, 0x30, 0x6D, 0x6D, 0x30,
  0xAE, 0x35, 0x00, 0x02, 0x00, 0x14, 0xFF, 0xF4, 0x02, 0xE8, 0x02, 0xC8, 0x00, 0x13, 0x00, 0x23,
  0x00, 0x00, 0x45, 0x22, 0x2E, 0x02, 0x35, 0x34, 0x3E, 0x02, 0x33, 0x32, 0x1E, 0x02, 0x15, 0x14,
  0x0E, 0x02, 0x27, 0x33, 0x37, 0x27, 0x07, 0x35, 0x17, 0x37, 0x27, 0x23, 0x07, 0x17, 0x37, 0x15,
  0x27, 0x07, 0x01, 0x7E, 0x4B, 0x83, 0x64, 0x38, 0x38, 0x64, 0x83, 0x4B, 0x4B, 0x83, 0x64, 0x38,
  0x38, 0x63, 0x84, 0x64, 0x35, 0xAD, 0x2F, 0x6D, 0x6D, 0x2F, 0xAD, 0x35, 0xAF, 0x30, 0x6D, 0x6D,
  0x30, 0x0C, 0x38, 0x64, 0x83, 0x4B, 0x4B, 0x83, 0x64, 0x38, 0x38, 0x64, 0x83, 0x4B, 0x4B, 0x83,
  0x64, 0x38, 0x7D, 0x8E, 0x3F, 0x59, 0xF2, 0x59, 0x3F, 0x8E, 0x8D, 0x40, 0x59, 0xF2, 0x59, 0x40,
  0x00, 0x02, 0x00, 0x00, 0x02, 0x3A, 0x01, 0x37, 0x02, 0xB9, 0x00, 0x0B, 0x00, 0x17, 0x00, 0x00,
  0x53, 0x22, 0x26, 0x35, 0x34, 0x36, 0x33, 0x32, 0x16, 0x15, 0x14, 0x06, 0x33, 0x22, 0x26, 0x35,
  0x34, 0x36, 0x33, 0x32, 0x16, 0x15, 0x14, 0x06, 0x3F, 0x1A, 0x25, 0x25, 0x1A, 0x1C, 0x25, 0x25,
  0x9C, 0x1B, 0x25, 0x25, 0x1B, 0x1B, 0x25, 0x25, 0x02, 0x3A, 0x24, 0x1B, 0x1B, 0x25, 0x25, 0x1B,
  0x1B, 0x24, 0x24, 0x1B, 0x1B, 0x25, 0x25, 0x1B, 0x1B, 0x24, 0x00, 0x01, 0x00, 0x00, 0x02, 0x3B,
  0x00, 0x80, 0x02, 0xBA, 0x00, 0x0B, 0x00, 0x00, 0x53, 0x22, 0x26, 0x35, 0x34, 0x36, 0x33, 0x32,
  0x16, 0x15, 0x14, 0x06, 0x3F, 0x1A, 0x25, 0x25, 0x1A, 0x1C, 0x25, 0x25, 0x02, 0x3B, 0x25, 0x1A,
  0x1B, 0x25, 0x25, 0x1B, 0x1A, 0x25, 0x00, 0x01, 0x00, 0x00, 0x02, 0x23, 0x00, 0xEB, 0x02, 0xF9,
  0x00, 0x04, 0x00, 0x00, 0x53, 0x27, 0x37, 0x31, 0x17, 0xDE, 0xDE, 0x0F, 0xDC, 0x02, 0x23, 0x6F,
  0x67, 0x7D, 0x00, 0x01, 0x00, 0x00, 0x02, 0x23, 0x00, 0xEB, 0x02, 0xF9, 0x00, 0x04, 0x00, 0x00,
  0x53, 0x27, 0x37, 0x31, 0x17, 0x0C, 0x0C, 0xDB, 0x10, 0x02, 0x23, 0x59, 0x7D, 0x67, 0x00, 0x01,
  0x00, 0x00, 0x02, 0x26, 0x01, 0x27, 0x02, 0xD6, 0x00, 0x05, 0x00, 0x00, 0x51, 0x35, 0x37, 0x17,
  0x15, 0x27, 0x94, 0x93, 0x93, 0x02, 0x26, 0x60, 0x50, 0x50, 0x60, 0x52, 0x00, 0x02, 0x00, 0x00,
  0x02, 0x3A, 0x00, 0xE7, 0x03, 0x1D, 0x00, 0x0B, 0x00, 0x17, 0x00, 0x00, 0x53, 0x22, 0x26, 0x35,
  0x34, 0x36, 0x33, 0x32, 0x16, 0x15, 0x14, 0x06, 0x27, 0x32, 0x36, 0x35, 0x34, 0x26, 0x23, 0x22,
  0x06, 0x15, 0x14, 0x16, 0x73, 0x2F, 0x44, 0x44, 0x2F, 0x30, 0x44, 0x44, 0x30, 0x16, 0x1E, 0x1E,
  0x16, 0x15, 0x1E, 0x1E, 0x02, 0x3A, 0x3C, 0x35, 0x35, 0x3D, 0x3D, 0x35, 0x35, 0x3C, 0x3C, 0x1D,
  0x18, 0x19, 0x1C, 0x1C, 0x19, 0x18, 0x1D, 0x00, 0x00, 0x01, 0x00, 0x00, 0x02, 0x3A, 0x01, 0x67,
  0x02, 0xBB, 0x00, 0x15, 0x00, 0x00, 0x53, 0x22, 0x26, 0x26, 0x23, 0x22, 0x06, 0x07, 0x23, 0x36,
  0x36, 0x33, 0x32, 0x16, 0x16, 0x33, 0x32, 0x36, 0x37, 0x33, 0x06, 0x06, 0xEF, 0x1D, 0x29, 0x22,
  0x15, 0x10, 0x17, 0x04, 0x47, 0x0B, 0x3F, 0x2E, 0x1D, 0x28, 0x23, 0x15, 0x11, 0x17, 0x03, 0x47,
  0x0A, 0x3F, 0x02, 0x3A, 0x16, 0x17, 0x16, 0x17, 0x43, 0x3E, 0x17, 0x17, 0x16, 0x17, 0x43, 0x3D,
  0x00, 0x01, 0x00, 0x00, 0xFE, 0xF8, 0x01, 0x0A, 0x00, 0x07, 0x00, 0x14, 0x00, 0x00, 0x51, 0x35,
  0x33, 0x32, 0x36, 0x35, 0x34, 0x26, 0x23, 0x23, 0x35, 0x33, 0x15, 0x36, 0x16, 0x16, 0x15, 0x14,
  0x06, 0x06, 0x23, 0x73, 0x19, 0x1A, 0x1A, 0x19, 0x3E, 0x54, 0x21, 0x3B, 0x25, 0x25, 0x3B, 0x23,
  0xFE, 0xF8, 0x4D, 0x11, 0x12, 0x12, 0x10, 0x7D, 0x37, 0x01, 0x16, 0x2F, 0x26, 0x25, 0x31, 0x18,
  0x00, 0x02, 0x00, 0x00, 0x02, 0xFF, 0x01, 0x37, 0x03, 0x7F, 0x00, 0x0B, 0x00, 0x17, 0x00, 0x00,
  0x53, 0x22, 0x26, 0x35, 0x34, 0x36, 0x33, 0x32, 0x16, 0x15, 0x14, 0x06, 0x33, 0x22, 0x26, 0x35,
  0x34, 0x36, 0x33, 0x32, 0x16, 0x15, 0x14, 0x06, 0x3F, 0x1A, 0x25, 0x25, 0x1A, 0x1C, 0x25, 0x25,
  0x9C, 0x1B, 0x25, 0x25, 0x1B, 0x1B, 0x25, 0x25, 0x02, 0xFF, 0x25, 0x1B, 0x1B, 0x25, 0x25, 0x1B,
  0x1B, 0x25, 0x25, 0x1B, 0x1B, 0x25, 0x25, 0x1B, 0x1B, 0x25, 0x00, 0x01, 0x00, 0x00, 0x02, 0xE7,
  0x00, 0xEB, 0x03, 0xBE, 0x00, 0x04, 0x00, 0x00, 0x53, 0x27, 0x37, 0x31, 0x17, 0xDE, 0xDE, 0x0F,
  0xDC, 0x02, 0xE7, 0x70, 0x67, 0x7E, 0x00, 0x01, 0x00, 0x00, 0x02, 0xE7, 0x00, 0xEB, 0x03, 0xBE,
  0x00, 0x04, 0x00, 0x00, 0x53, 0x27, 0x37, 0x31, 0x17, 0x0C, 0x0C, 0xDB, 0x10, 0x02, 0xE7, 0x59,
  0x7E, 0x67, 0x00, 0x01, 0x00, 0x00, 0x02, 0xE9, 0x01, 0x27, 0x03, 0x99, 0x00, 0x05, 0x00, 0x00,
  0x51, 0x35, 0x37, 0x17, 0x15, 0x27, 0x94, 0x93, 0x93, 0x02, 0xE9, 0x61, 0x4F, 0x4F, 0x61, 0x53,
  0x00, 0x02, 0x00, 0x00, 0x02, 0xED, 0x00, 0xE7, 0x03, 0xD0, 0x00, 0x0B, 0x00, 0x17, 0x00, 0x00,
  0x53, 0x22, 0x26, 0x35, 0x34, 0x36, 0x33, 0x32, 0x16, 0x15, 0x14, 0x06, 0x27, 0x32, 0x36, 0x35,
  0x34, 0x26, 0x23, 0x22, 0x06, 0x15, 0x14, 0x16, 0x73, 0x2F, 0x44, 0x44, 0x2F, 0x30, 0x44, 0x44,
  0x30, 0x16, 0x1E, 0x1E, 0x16, 0x15, 0x1E, 0x1E, 0x02, 0xED, 0x3D, 0x35, 0x35, 0x3C, 0x3C, 0x35,
  0x35, 0x3D, 0x3C, 0x1E, 0x18, 0x19, 0x1C, 0x1C, 0x19, 0x18, 0x1E, 0x00, 0x00, 0x01, 0x00, 0x00,
  0x02, 0xEF, 0x01, 0x67, 0x03, 0x70, 0x00, 0x15, 0x00, 0x00, 0x53, 0x22, 0x26, 0x26, 0x23, 0x22,
  0x06, 0x07, 0x23, 0x36, 0x36, 0x33, 0x32, 0x16, 0x16, 0x33, 0x32, 0x36, 0x37, 0x33, 0x06, 0x06,
  0xEF, 0x1D, 0x29, 0x22, 0x15, 0x10, 0x17, 0x04, 0x47, 0x0B, 0x3F, 0x2E, 0x1D, 0x28, 0x23, 0x15,
  0x11, 0x17, 0x03, 0x47, 0x0A, 0x3F, 0x02, 0xEF, 0x17, 0x17, 0x16, 0x17, 0x43, 0x3D, 0x17, 0x17,
  0x17, 0x16, 0x42, 0x3E, 0x00, 0x01, 0x00, 0x00, 0xFE, 0xF8, 0x01, 0x0A, 0x00, 0x07, 0x00, 0x14,
  0x00, 0x00, 0x51, 0x35, 0x33, 0x32, 0x36, 0x35, 0x34, 0x26, 0x23, 0x23, 0x35, 0x33, 0x15, 0x36,
  0x16, 0x16, 0x15, 0x14, 0x06, 0x06, 0x23, 0x73, 0x19, 0x1A, 0x1A, 0x19, 0x3E, 0x54, 0x21, 0x3B,
  0x25, 0x25, 0x3B, 0x23, 0xFE, 0xF8, 0x4D, 0x11, 0x12, 0x12, 0x10, 0x7D, 0x37, 0x01, 0x16, 0x2F,
  0x26, 0x25, 0x31, 0x18, 0x00, 0x02, 0x00, 0x0E, 0x02, 0x33, 0x01, 0x45, 0x02, 0xB3, 0x00, 0x0B,
  0x00, 0x17, 0x00, 0x00, 0x41, 0x22, 0x26, 0x35, 0x34, 0x36, 0x33, 0x32, 0x16, 0x15, 0x14, 0x06,
  0x23, 0x22, 0x26, 0x35, 0x34, 0x36, 0x33, 0x32, 0x16, 0x15, 0x14, 0x06, 0x01, 0x05, 0x1B, 0x24,
  0x24, 0x1B, 0x1B, 0x25, 0x25, 0xD3, 0x1A, 0x25, 0x25, 0x1A, 0x1C, 0x25, 0x25, 0x02, 0x33, 0x25,
  0x1B, 0x1B, 0x25, 0x25, 0x1B, 0x1B, 0x25, 0x25, 0x1B, 0x1B, 0x25, 0x25, 0x1B, 0x1B, 0x25, 0x00,
  0xFF, 0xFF, 0x00, 0x00, 0x02, 0x23, 0x00, 0xEB, 0x02, 0xF9, 0x04, 0x06, 0x00, 0xFC, 0x00, 0x00,
  0x00, 0x01, 0x00, 0x00, 0x02, 0x23, 0x00, 0xEB, 0x02, 0xF9, 0x00, 0x04, 0x00, 0x00, 0x53, 0x27,
  0x37, 0x31, 0x17, 0x0C, 0x0C, 0xDB, 0x10, 0x02, 0x23, 0x59, 0x7D, 0x67, 0x00, 0x01, 0x00, 0x0B,
  0x02, 0x41, 0x01, 0x86, 0x02, 0xA0, 0x00, 0x03, 0x00, 0x00, 0x53, 0x35, 0x21, 0x15, 0x0B, 0x01,
  0x7B, 0x02, 0x41, 0x5F, 0x5F, 0x00, 0x00, 0x01, 0x00, 0x00, 0xFE, 0xF8, 0x01, 0x0A, 0x00, 0x07,
  0x00, 0x14, 0x00, 0x00, 0x51, 0x35, 0x33, 0x32, 0x36, 0x35, 0x34, 0x26, 0x23, 0x23, 0x35, 0x33,
  0x15, 0x36, 0x16, 0x16, 0x15, 0x14, 0x06, 0x06, 0x23, 0x73, 0x19, 0x1A, 0x1A, 0x19, 0x3E, 0x54,
  0x21, 0x3B, 0x25, 0x25, 0x3B, 0x23, 0xFE, 0xF8, 0x4D, 0x11, 0x12, 0x12, 0x10, 0x7D, 0x37, 0x01,
  0x16, 0x2F, 0x26, 0x25, 0x31, 0x18, 0x00, 0x00, 0x00, 0x01, 0x00, 0x00, 0x01, 0x0E, 0x00, 0x64,
  0x00, 0x07, 0x00, 0x60, 0x00, 0x05, 0x00, 0x01, 0x00, 0x00, 0x00, 0x00, 0x00, 0x00, 0x00, 0x00,
  0x00, 0x00, 0x00, 0x00, 0x00, 0x03, 0x00, 0x01, 0x00, 0x00, 0x00, 0x00, 0x00, 0x1A, 0x00, 0x26,
  0x00, 0x32, 0x00, 0x3E, 0x00, 0x4A, 0x00, 0x56, 0x00, 0x62, 0x00, 0x85, 0x00, 0xBD, 0x00, 0xEB,
  0x00, 0xF7, 0x01, 0x1A, 0x01, 0x45, 0x01, 0x5B, 0x01, 0x67, 0x01, 0x73, 0x01, 0x7F, 0x01, 0x8B,
  0x01, 0x9F, 0x01, 0xD5, 0x01, 0xEF, 0x01, 0xFB, 0x02, 0x06, 0x02, 0x11, 0x02, 0x1C, 0x02, 0x27,
  0x02, 0x47, 0x02, 0x61, 0x02, 0x70, 0x02, 0x7C, 0x02, 0x98, 0x02, 0xAF, 0x02, 0xBB, 0x02, 0xED,
  0x02, 0xF9, 0x03, 0x05, 0x03, 0x11, 0x03, 0x1D, 0x03, 0x56, 0x03, 0x62, 0x03, 0x85, 0x03, 0xA9,
  0x03, 0xE3, 0x04, 0x0E, 0x04, 0x58, 0x04, 0x69, 0x04, 0x8D, 0x04, 0x99, 0x04, 0xA5, 0x04, 0xB1,
  0x04, 0xBD, 0x04, 0xD0, 0x04, 0xEE, 0x05, 0x08, 0x05, 0x1D, 0x05, 0x29, 0x05, 0x3F, 0x05, 0x78,
  0x05, 0xBD, 0x05, 0xC9, 0x05, 0xD5, 0x05, 0xE1, 0x05, 0xED, 0x05, 0xF9, 0x06, 0x04, 0x06, 0x6F,
  0x06, 0xA7, 0x06, 0xD8, 0x06, 0xE4, 0x07, 0x1C, 0x07, 0x61, 0x07, 0x99, 0x07, 0xA5, 0x07, 0xB1,
  0x07, 0xBD, 0x07, 0xC9, 0x07, 0xE6, 0x08, 0x56, 0x08, 0x7A, 0x08, 0x96, 0x08, 0xA2, 0x08, 0xAD,
  0x08, 0xB8, 0x08, 0xC3, 0x08, 0xCE, 0x08, 0xD9, 0x09, 0x00, 0x09, 0x19, 0x09, 0x25, 0x09, 0x31,
  0x09, 0x6B, 0x09, 0x8F, 0x09, 0x9B, 0x09, 0xCD, 0x09, 0xD9, 0x09, 0xE5, 0x09, 0xF1, 0x09, 0xFD,
  0x0A, 0x36, 0x0A, 0x42, 0x0A, 0x7A, 0x0A, 0xB1, 0x0A, 0xEA, 0x0B, 0x05, 0x0B, 0x4A, 0x0B, 0x98,
  0x0B, 0xB7, 0x0B, 0xDB, 0x0B, 0xE7, 0x0B, 0xF3, 0x0B, 0xFF, 0x0C, 0x0B, 0x0C, 0x1E, 0x0C, 0x3E,
  0x0C, 0x56, 0x0C, 0x6D, 0x0C, 0x79, 0x0C, 0x85, 0x0C, 0x9A, 0x0C, 0xD1, 0x0C, 0xDD, 0x0C, 0xE9,
  0x0C, 0xF5, 0x0D, 0x01, 0x0D, 0x0D, 0x0D, 0x19, 0x0D, 0x7E, 0x0D, 0xCE, 0x0D, 0xEF, 0x0D, 0xFB,
  0x0E, 0x07, 0x0E, 0x13, 0x0E, 0x1F, 0x0E, 0x59, 0x0E, 0x65, 0x0E, 0x71, 0x0E, 0xA3, 0x0E, 0xAF,
  0x0E, 0xE1, 0x0F, 0x13, 0x0F, 0x45, 0x0F, 0x55, 0x0F, 0x83, 0x0F, 0xC9, 0x0F, 0xE4, 0x10, 0x1D,
  0x10, 0x68, 0x10, 0x7A, 0x10, 0xC8, 0x11, 0x13, 0x11, 0x2A, 0x11, 0x5A, 0x11, 0x75, 0x11, 0xAD,
  0x11, 0xE4, 0x11, 0xED, 0x11, 0xF6, 0x11, 0xFF, 0x12, 0x08, 0x12, 0x10, 0x12, 0x18, 0x12, 0x20,
  0x12, 0x28, 0x12, 0x36, 0x12, 0x46, 0x12, 0x56, 0x12, 0x66, 0x12, 0x77, 0x12, 0xA0, 0x12, 0xDD,
  0x12, 0xF6, 0x12, 0xF6, 0x12, 0xF6, 0x13, 0x0C, 0x13, 0x19, 0x13, 0x25, 0x13, 0x31, 0x13, 0x4E,
  0x13, 0x6B, 0x13, 0xA8, 0x13, 0xE6, 0x13, 0xFC, 0x14, 0x1E, 0x14, 0x40, 0x14, 0x4E, 0x14, 0x5B,
  0x14, 0x73, 0x14, 0x7F, 0x14, 0x87, 0x14, 0x93, 0x14, 0xB4, 0x14, 0xD4, 0x15, 0x19, 0x15, 0x5D,
  0x15, 0x6E, 0x15, 0x7F, 0x15, 0x99, 0x15, 0xB1, 0x15, 0xC5, 0x15, 0xD2, 0x16, 0x18, 0x16, 0x5F,
  0x16, 0xD6, 0x17, 0x2D, 0x17, 0x4B, 0x17, 0xC4, 0x18, 0x1D, 0x18, 0x6E, 0x18, 0x9A, 0x18, 0xA7,
  0x18, 0xBB, 0x18, 0xF7, 0x19, 0x45, 0x19, 0x95, 0x19, 0xD1, 0x19, 0xFA, 0x1A, 0x0D, 0x1A, 0x19,
  0x1A, 0x32, 0x1A, 0x5E, 0x1A, 0x71, 0x1A, 0x81, 0x1A, 0x91, 0x1A, 0xAA, 0x1A, 0xD2, 0x1A, 0xE1,
  0x1A, 0xF4, 0x1B, 0x19, 0x1B, 0x7F, 0x1B, 0x98, 0x1B, 0xAE, 0x1B, 0xC6, 0x1B, 0xDE, 0x1B, 0xF6,
  0x1C, 0x0D, 0x1C, 0x26, 0x1C, 0x3E, 0x1C, 0x60, 0x1C, 0x80, 0x1C, 0xAF, 0x1C, 0xDD, 0x1D, 0x0B,
  0x1D, 0x3A, 0x1D, 0x69, 0x1D, 0x98, 0x1D, 0xC6, 0x1D, 0xF4, 0x1E, 0x2B, 0x1E, 0x62, 0x1E, 0x87,
  0x1E, 0x9D, 0x1E, 0xAB, 0x1E, 0xB9, 0x1E, 0xC8, 0x1E, 0xEE, 0x1F, 0x12, 0x1F, 0x32, 0x1F, 0x57,
  0x1F, 0x65, 0x1F, 0x73, 0x1F, 0x82, 0x1F, 0xA8, 0x1F, 0xCC, 0x1F, 0xEC, 0x20, 0x12, 0x20, 0x1A,
  0x20, 0x28, 0x20, 0x35, 0x20, 0x55, 0x00, 0x00, 0x00, 0x01, 0x00, 0x00, 0x00, 0x04, 0x01, 0x06,
  0x40, 0xC1, 0x29, 0x47, 0x5F, 0x0F, 0x3C, 0xF5, 0x00, 0x03, 0x03, 0xE8, 0x00, 0x00, 0x00, 0x00,
  0xE0, 0x79, 0x20, 0x70, 0x00, 0x00, 0x00, 0x00, 0xE0, 0xAF, 0x32, 0x47, 0xFF, 0xC9, 0xFE, 0xE8,
  0x04, 0xD6, 0x03, 0xD2, 0x00, 0x01, 0x00, 0x06, 0x00, 0x02, 0x00, 0x00, 0x00, 0x00, 0x00, 0x00,
  0x02, 0x1A, 0x00, 0x45, 0x02, 0xC5, 0x00, 0x16, 0x02, 0xC5, 0x00, 0x16, 0x02, 0xC5, 0x00, 0x16,
  0x02, 0xC5, 0x00, 0x16, 0x02, 0xC5, 0x00, 0x16, 0x02, 0xC5, 0x00, 0x16, 0x02, 0xC5, 0x00, 0x16,
  0x03, 0xB1, 0x00, 0x16, 0x02, 0x7E, 0x00, 0x45, 0x02, 0xE2, 0x00, 0x2E, 0x02, 0xE2, 0x00, 0x2E,
  0x02, 0xC3, 0x00, 0x45, 0x02, 0xCF, 0x00, 0x06, 0x02, 0x47, 0x00, 0x45, 0x02, 0x47, 0x00, 0x45,
  0x02, 0x47, 0x00, 0x45, 0x02, 0x47, 0x00, 0x45, 0x02, 0x47, 0x00, 0x45, 0x02, 0x2C, 0x00, 0x45,
  0x03, 0x0A, 0x00, 0x2E, 0x02, 0xCA, 0x00, 0x45, 0x01, 0x10, 0x00, 0x45, 0x01, 0x10, 0x00, 0x13,
  0x01, 0x10, 0xFF, 0xF5, 0x01, 0x10, 0xFF, 0xED, 0x01, 0x10, 0x00, 0x13, 0x02, 0x1D, 0x00, 0x1D,
  0x02, 0x8D, 0x00, 0x45, 0x02, 0x2E, 0x00, 0x45, 0x02, 0x2E, 0x00, 0x45, 0x03, 0x76, 0x00, 0x45,
  0x02, 0xD9, 0x00, 0x45, 0x02, 0xD9, 0x00, 0x45, 0x03, 0x10, 0x00, 0x2E, 0x03, 0x10, 0x00, 0x2E,
  0x03, 0x10, 0x00, 0x2E, 0x03, 0x10, 0x00, 0x2E, 0x03, 0x10, 0x00, 0x2E, 0x03, 0x09, 0x00, 0x1A,
  0x03, 0x10, 0x00, 0x2E, 0x02, 0x66, 0x00, 0x45, 0x02, 0x66, 0x00, 0x45, 0x03, 0x10, 0x00, 0x2E,
  0x02, 0x77, 0x00, 0x45, 0x02, 0x5C, 0x00, 0x2D, 0x02, 0x55, 0x00, 0x1B, 0x02, 0xAD, 0x00, 0x3F,
  0x02, 0xAD, 0x00, 0x3F, 0x02, 0xAD, 0x00, 0x3F, 0x02, 0xAD, 0x00, 0x3F, 0x02, 0xAD, 0x00, 0x3F,
  0x02, 0xC2, 0x00, 0x0F, 0x03, 0xFA, 0x00, 0x1A, 0x02, 0x9E, 0x00, 0x1E, 0x02, 0x7B, 0x00, 0x0E,
  0x02, 0x7B, 0x00, 0x0E, 0x02, 0x41, 0x00, 0x31, 0x03, 0x10, 0x00, 0x2E, 0x02, 0x4A, 0x00, 0x34,
  0x02, 0x4A, 0x00, 0x34, 0x02, 0x4A, 0x00, 0x34, 0x02, 0x4A, 0x00, 0x34, 0x02, 0x4A, 0x00, 0x34,
  0x02, 0x4A, 0x00, 0x34, 0x02, 0x4A, 0x00, 0x34, 0x03, 0xB0, 0x00, 0x34, 0x02, 0x8F, 0x00, 0x42,
  0x02, 0x5F, 0x00, 0x32, 0x02, 0x5F, 0x00, 0x32, 0x02, 0x8F, 0x00, 0x32, 0x02, 0x80, 0x00, 0x32,
  0x02, 0x5A, 0x00, 0x32, 0x02, 0x5A, 0x00, 0x32, 0x02, 0x5A, 0x00, 0x32, 0x02, 0x5A, 0x00, 0x32,
  0x02, 0x5A, 0x00, 0x32, 0x01, 0x73, 0x00, 0x14, 0x02, 0x54, 0x00, 0x2C, 0x02, 0x6A, 0x00, 0x42,
  0x01, 0x12, 0x00, 0x36, 0x01, 0x0B, 0x00, 0x42, 0x01, 0x0B, 0x00, 0x10, 0x01, 0x0B, 0xFF, 0xF2,
  0x01, 0x0B, 0xFF, 0xEA, 0x01, 0x0B, 0x00, 0x42, 0x01, 0x0B, 0x00, 0x10, 0x01, 0x12, 0xFF, 0xE3,
  0x02, 0x42, 0x00, 0x42, 0x01, 0x0B, 0x00, 0x42, 0x01, 0xC9, 0x00, 0x42, 0x03, 0xAD, 0x00, 0x42,
  0x02, 0x69, 0x00, 0x42, 0x02, 0x69, 0x00, 0x42, 0x02, 0x62, 0x00, 0x32, 0x02, 0x62, 0x00, 0x32,
  0x02, 0x62, 0x00, 0x32, 0x02, 0x62, 0x00, 0x32, 0x02, 0x62, 0x00, 0x32, 0x02, 0x52, 0x00, 0x1C,
  0x02, 0x62, 0x00, 0x32, 0x02, 0x8F, 0x00, 0x42, 0x02, 0x8F, 0x00, 0x42, 0x02, 0x8F, 0x00, 0x32,
  0x01, 0x99, 0x00, 0x42, 0x02, 0x14, 0x00, 0x27, 0x02, 0xC7, 0x00, 0x43, 0x01, 0xB1, 0x00, 0x1F,
  0x02, 0x68, 0x00, 0x3C, 0x02, 0x68, 0x00, 0x3C, 0x02, 0x68, 0x00, 0x3C, 0x02, 0x68, 0x00, 0x3C,
  0x02, 0x68, 0x00, 0x3C, 0x02, 0x35, 0x00, 0x10, 0x03, 0x34, 0x00, 0x11, 0x02, 0x3B, 0x00, 0x13,
  0x02, 0x5C, 0x00, 0x14, 0x02, 0x5C, 0x00, 0x14, 0x02, 0x5C, 0x00, 0x14, 0x01, 0xEA, 0x00, 0x21,
  0x02, 0x8F, 0x00, 0x32, 0x02, 0x8F, 0x00, 0x32, 0x02, 0x8F, 0x00, 0x32, 0x02, 0x8F, 0x00, 0x32,
  0x02, 0x8F, 0x00, 0x32, 0x02, 0x8F, 0x00, 0x32, 0x02, 0x8F, 0x00, 0x32, 0x03, 0xF4, 0x00, 0x32,
  0x02, 0x97, 0x00, 0x32, 0x02, 0x64, 0x00, 0x3D, 0x02, 0x64, 0x00, 0x3D, 0x02, 0x64, 0x00, 0x3D,
  0x02, 0x64, 0x00, 0x3D, 0x02, 0x64, 0x00, 0x3D, 0x02, 0x6D, 0x00, 0x3C, 0x02, 0x6D, 0x00, 0x3C,
  0x02, 0x6D, 0x00, 0x3C, 0x02, 0x62, 0x00, 0x14, 0x02, 0x7E, 0x00, 0x14, 0x01, 0xFA, 0x00, 0x34,
  0x01, 0xE6, 0x00, 0x32, 0x02, 0xC0, 0x00, 0x2E, 0x01, 0x6C, 0x00, 0x1F, 0x02, 0x41, 0x00, 0x32,
  0x02, 0x5B, 0x00, 0x30, 0x02, 0x8A, 0x00, 0x2D, 0x02, 0x6E, 0x00, 0x41, 0x02, 0x7A, 0x00, 0x32,
  0x02, 0x19, 0x00, 0x1D, 0x02, 0x79, 0x00, 0x3C, 0x02, 0x7B, 0x00, 0x3A, 0x01, 0xA9, 0x00, 0x1E,
  0x02, 0x5F, 0x00, 0x30, 0x02, 0x8F, 0x00, 0x2F, 0x02, 0x62, 0x00, 0x32, 0x02, 0x62, 0x00, 0x32,
  0x00, 0xED, 0x00, 0x17, 0x01, 0x69, 0x00, 0x22, 0x01, 0x64, 0x00, 0x14, 0x01, 0x5E, 0x00, 0x1A,
  0x00, 0xED, 0x00, 0x17, 0x01, 0x69, 0x00, 0x22, 0x01, 0x64, 0x00, 0x14, 0x01, 0x5E, 0x00, 0x1A,
  0x02, 0x00, 0xFF, 0xFC, 0x03, 0x69, 0x00, 0x17, 0x03, 0x46, 0x00, 0x17, 0x03, 0x9D, 0x00, 0x14,
  0x00, 0xED, 0x00, 0x17, 0x01, 0x69, 0x00, 0x22, 0x01, 0x64, 0x00, 0x14, 0x01, 0x5E, 0x00, 0x1A,
  0x00, 0xEB, 0x00, 0x00, 0x00, 0xEB, 0x00, 0x00, 0x00, 0xFC, 0x00, 0x2B, 0x00, 0xF6, 0x00, 0x16,
  0x00, 0xFE, 0x00, 0x2B, 0x01, 0x16, 0x00, 0x1F, 0x01, 0x35, 0x00, 0x47, 0x01, 0x35, 0x00, 0x47,
  0x02, 0x1A, 0x00, 0x20, 0x02, 0x1A, 0x00, 0x28, 0x00, 0xFC, 0x00, 0x2B, 0x02, 0x01, 0x00, 0x46,
  0x03, 0x59, 0x00, 0x20, 0x01, 0xAB, 0x00, 0x17, 0x01, 0xAB, 0x00, 0x17, 0x00, 0xD6, 0x00, 0x2B,
  0x00, 0xFC, 0x00, 0x29, 0x02, 0x40, 0x00, 0x4D, 0x02, 0xD5, 0x00, 0x4D, 0x01, 0x95, 0x00, 0x2E,
  0x01, 0x95, 0x00, 0x1F, 0x01, 0xD6, 0x00, 0x57, 0x01, 0xD6, 0x00, 0x3F, 0x01, 0x79, 0x00, 0x45,
  0x01, 0x79, 0x00, 0x37, 0x02, 0x02, 0x00, 0x2A, 0x02, 0x02, 0x00, 0x32, 0x01, 0x6F, 0x00, 0x28,
  0x00, 0xC5, 0x00, 0x28, 0x02, 0xFC, 0x00, 0x14, 0x02, 0xFC, 0x00, 0x14, 0x04, 0x16, 0x00, 0x4C,
  0x03, 0x0D, 0x00, 0x28, 0x02, 0x8C, 0x00, 0x20, 0x02, 0x69, 0x00, 0x2D, 0x03, 0x11, 0x00, 0x2B,
  0x01, 0xFE, 0x00, 0x2C, 0x01, 0x6B, 0x00, 0x25, 0x01, 0x10, 0x00, 0x45, 0x01, 0x10, 0x00, 0x45,
  0x02, 0x5F, 0x00, 0x32, 0x02, 0x30, 0x00, 0x3F, 0x02, 0x5C, 0x00, 0x2D, 0x02, 0x73, 0x00, 0x29,
  0x02, 0x8A, 0x00, 0x16, 0x02, 0x43, 0x00, 0x2D, 0x02, 0x43, 0x00, 0x4F, 0x02, 0x43, 0x00, 0x56,
  0x02, 0x43, 0x00, 0x48, 0x02, 0x43, 0x00, 0x4B, 0x02, 0x43, 0x00, 0x5E, 0x02, 0x43, 0x00, 0x5F,
  0x02, 0x43, 0x00, 0x2A, 0x02, 0x43, 0x00, 0x1D, 0x02, 0x43, 0xFF, 0xF8, 0x02, 0xA5, 0x00, 0x23,
  0x02, 0x70, 0x00, 0x42, 0x03, 0x86, 0x00, 0x2A, 0x03, 0x6E, 0x00, 0x22, 0x02, 0x8C, 0x00, 0x2B,
  0x03, 0x0C, 0x00, 0x29, 0x02, 0x92, 0x00, 0x2B, 0x03, 0x7A, 0x00, 0x28, 0x02, 0x92, 0x00, 0x2E,
  0x03, 0x0C, 0x00, 0x27, 0x02, 0x92, 0x00, 0x2E, 0x03, 0xB8, 0x00, 0x28, 0x03, 0x2F, 0x00, 0x29,
  0x02, 0xFC, 0x00, 0x14, 0x02, 0xFC, 0x00, 0x14, 0x02, 0xFC, 0x00, 0x14, 0x02, 0xFC, 0x00, 0x14,
  0x02, 0xFC, 0x00, 0x14, 0x02, 0xFC, 0x00, 0x14, 0x02, 0xFC, 0x00, 0x14, 0x02, 0xFC, 0x00, 0x14,
  0x02, 0xFC, 0x00, 0x14, 0x02, 0xFC, 0x00, 0x14, 0x00, 0x00, 0x00, 0x00, 0x00, 0x00, 0x00, 0x00,
  0x00, 0x00, 0x00, 0x00, 0x00, 0x00, 0x00, 0x00, 0x00, 0x00, 0x00, 0x00, 0x00, 0x00, 0x00, 0x00,
  0x00, 0x00, 0x00, 0x00, 0x00, 0x00, 0x00, 0x00, 0x00, 0x00, 0x00, 0x00, 0x00, 0x00, 0x00, 0x00,
  0x00, 0x00, 0x00, 0x00, 0x00, 0x00, 0x00, 0x00, 0x00, 0x00, 0x00, 0x00, 0x00, 0x00, 0x00, 0x00,
  0x00, 0x00, 0x00, 0x00, 0x01, 0x53, 0x00, 0x0E, 0x00, 0xEB, 0x00, 0x00, 0x00, 0xEB, 0x00, 0x00,
  0x01, 0x91, 0x00, 0x0B, 0x01, 0x0A, 0x00, 0x00, 0x00, 0x01, 0x00, 0x00, 0x03, 0xE0, 0xFE, 0xCA,
  0x00, 0x00, 0x05, 0x00, 0xFF, 0xC9, 0xFE, 0x86, 0x04, 0xD6, 0x00, 0x01, 0x00, 0x00, 0x00, 0x00,
  0x00, 0x00, 0x00, 0x00, 0x00, 0x00, 0x00, 0x00, 0x00, 0x00, 0x01, 0x0E, 0x00, 0x04, 0x02, 0x4A,
  0x02, 0xBC, 0x00, 0x05, 0x00, 0x00, 0x02, 0x8A, 0x02, 0x58, 0x00, 0x00, 0x00, 0x4B, 0x02, 0x8A,
  0x02, 0x58, 0x00, 0x00, 0x01, 0x5E, 0x00, 0x32, 0x01, 0x2F, 0x00, 0x00, 0x00, 0x00, 0x00, 0x00,
  0x00, 0x00, 0x00, 0x00, 0x00, 0x00, 0x00, 0x00, 0x00, 0x03, 0x00, 0x00, 0x00, 0x00, 0x00, 0x00,
  0x00, 0x00, 0x00, 0x00, 0x00, 0x00, 0x47, 0x4F, 0x4F, 0x47, 0x00, 0xA0, 0x00, 0x20, 0x00, 0xFF,
  0x03, 0xE0, 0xFE, 0xCA, 0x00, 0x00, 0x03, 0xF4, 0x01, 0x36, 0x00, 0x00, 0x00, 0x01, 0x00, 0x00,
  0x00, 0x00, 0x01, 0xF8, 0x02, 0xBC, 0x00, 0x00, 0x00, 0x20, 0x00, 0x18, 0x00, 0x00, 0x00, 0x02,
  0x00, 0x00, 0x00, 0x03, 0x00, 0x00, 0x00, 0x14, 0x00, 0x03, 0x00, 0x01, 0x00, 0x00, 0x00, 0x14,
  0x00, 0x04, 0x01, 0xA8, 0x00, 0x00, 0x00, 0x0C, 0x00, 0x08, 0x00, 0x02, 0x00, 0x04, 0x00, 0x2F,
  0x00, 0x39, 0x00, 0x7E, 0x00, 0xAC, 0x00, 0xFF, 0xFF, 0xFF, 0x00, 0x00, 0x00, 0x20, 0x00, 0x30,
  0x00, 0x3A, 0x00, 0xA0, 0x00, 0xAE, 0xFF, 0xFF, 0x00, 0x00, 0x00, 0x5D, 0x00, 0x00, 0x00, 0x00,
  0x00, 0x00, 0x00, 0x01, 0x00, 0x0C, 0x00, 0x00, 0x00, 0x28, 0x00, 0xB0, 0x00, 0xC8, 0x00, 0x00,
  0x00, 0xAC, 0x00, 0xB2, 0x00, 0xC7, 0x00, 0xB8, 0x00, 0xD6, 0x00, 0xE5, 0x00, 0xCC, 0x00, 0xC8,
  0x00, 0xBF, 0x00, 0xC0, 0x00, 0xB7, 0x00, 0xD9, 0x00, 0xAF, 0x00, 0xBD, 0x00, 0xAE, 0x00, 0xB9,
  0x00, 0xB0, 0x00, 0xB1, 0x00, 0xDF, 0x00, 0xDD, 0x00, 0xDE, 0x00, 0xB4, 0x00, 0xCB, 0x00, 0x01,
  0x00, 0x09, 0x00, 0x0A, 0x00, 0x0C, 0x00, 0x0E, 0x00, 0x13, 0x00, 0x14, 0x00, 0x15, 0x00, 0x16,
  0x00, 0x1B, 0x00, 0x1C, 0x00, 0x1D, 0x00, 0x1F, 0x00, 0x20, 0x00, 0x22, 0x00, 0x29, 0x00, 0x2B,
  0x00, 0x2C, 0x00, 0x2D, 0x00, 0x2E, 0x00, 0x2F, 0x00, 0x34, 0x00, 0x35, 0x00, 0x36, 0x00, 0x37,
  0x00, 0x39, 0x00, 0xC3, 0x00, 0xBA, 0x00, 0xC4, 0x00, 0xE3, 0x00, 0xBE, 0x01, 0x0A, 0x00, 0x3B,
  0x00, 0x43, 0x00, 0x44, 0x00, 0x46, 0x00, 0x48, 0x00, 0x4D, 0x00, 0x4E, 0x00, 0x4F, 0x00, 0x50,
  0x00, 0x57, 0x00, 0x58, 0x00, 0x59, 0x00, 0x5B, 0x00, 0x5C, 0x00, 0x5E, 0x00, 0x65, 0x00, 0x67,
  0x00, 0x68, 0x00, 0x69, 0x00, 0x6B, 0x00, 0x6C, 0x00, 0x71, 0x00, 0x72, 0x00, 0x73, 0x00, 0x74,
  0x00, 0x77, 0x00, 0xC1, 0x00, 0xD2, 0x00, 0xC2, 0x00, 0xE1, 0x00, 0xAD, 0x00, 0xB3, 0x00, 0xD4,
  0x00, 0xD7, 0x00, 0xD5, 0x00, 0xD8, 0x00, 0xD3, 0x00, 0xCE, 0x01, 0x09, 0x00, 0xCF, 0x00, 0x8B,
  0x00, 0xC5, 0x00, 0xE2, 0x00, 0xD0, 0x01, 0x0C, 0x00, 0xD1, 0x00, 0xE0, 0x00, 0xA9, 0x00, 0xAA,
  0x01, 0x0B, 0x00, 0xE4, 0x00, 0xCD, 0x00, 0xB6, 0x01, 0x0D, 0x00, 0xA8, 0x00, 0x8C, 0x00, 0xC6,
  0x00, 0xA6, 0x00, 0xA5, 0x00, 0xA7, 0x00, 0xB5, 0x00, 0x05, 0x00, 0x02, 0x00, 0x03, 0x00, 0x07,
  0x00, 0x04, 0x00, 0x06, 0x00, 0x08, 0x00, 0x0B, 0x00, 0x12, 0x00, 0x0F, 0x00, 0x10, 0x00, 0x11,
  0x00, 0x1A, 0x00, 0x17, 0x00, 0x18, 0x00, 0x19, 0x00, 0x0D, 0x00, 0x21, 0x00, 0x26, 0x00, 0x23,
  0x00, 0x24, 0x00, 0x28, 0x00, 0x25, 0x00, 0xDB, 0x00, 0x27, 0x00, 0x33, 0x00, 0x30, 0x00, 0x31,
  0x00, 0x32, 0x00, 0x38, 0x00, 0x2A, 0x00, 0x6A, 0x00, 0x3F, 0x00, 0x3C, 0x00, 0x3D, 0x00, 0x41,
  0x00, 0x3E, 0x00, 0x40, 0x00, 0x42, 0x00, 0x45, 0x00, 0x4C, 0x00, 0x49, 0x00, 0x4A, 0x00, 0x4B,
  0x00, 0x56, 0x00, 0x52, 0x00, 0x53, 0x00, 0x54, 0x00, 0x47, 0x00, 0x5D, 0x00, 0x62, 0x00, 0x5F,
  0x00, 0x60, 0x00, 0x64, 0x00, 0x61, 0x00, 0xDC, 0x00, 0x63, 0x00, 0x70, 0x00, 0x6D, 0x00, 0x6E,
  0x00, 0x6F, 0x00, 0x75, 0x00, 0x66, 0x00, 0x76, 0xB8, 0x01, 0xFF, 0x85, 0xB0, 0x04, 0x8D, 0x00,
  0x00, 0x00, 0x00, 0x1C, 0x01, 0x56, 0x00, 0x03, 0x00, 0x01, 0x04, 0x09, 0x00, 0x00, 0x00, 0xA8,
  0x00, 0x00, 0x00, 0x03, 0x00, 0x01, 0x04, 0x09, 0x00, 0x01, 0x00, 0x0E, 0x00, 0xA8, 0x00, 0x03,
  0x00, 0x01, 0x04, 0x09, 0x00, 0x02, 0x00, 0x08, 0x00, 0xB6, 0x00, 0x03, 0x00, 0x01, 0x04, 0x09,
  0x00, 0x03, 0x00, 0x2C, 0x00, 0xBE, 0x00, 0x03, 0x00, 0x01, 0x04, 0x09, 0x00, 0x04, 0x00, 0x18,
  0x00, 0xEA, 0x00, 0x03, 0x00, 0x01, 0x04, 0x09, 0x00, 0x05, 0x00, 0x3A, 0x01, 0x02, 0x00, 0x03,
  0x00, 0x01, 0x04, 0x09, 0x00, 0x06, 0x00, 0x16, 0x01, 0x3C, 0x00, 0x03, 0x00, 0x01, 0x04, 0x09,
  0x00, 0x08, 0x00, 0x20, 0x01, 0x52, 0x00, 0x03, 0x00, 0x01, 0x04, 0x09, 0x00, 0x09, 0x00, 0x3E,
  0x01, 0x72, 0x00, 0x03, 0x00, 0x01, 0x04, 0x09, 0x00, 0x0B, 0x00, 0x40, 0x01, 0xB0, 0x00, 0x03,
  0x00, 0x01, 0x04, 0x09, 0x00, 0x0C, 0x00, 0x42, 0x01, 0xF0, 0x00, 0x03, 0x00, 0x01, 0x04, 0x09,
  0x00, 0x0D, 0x01, 0x22, 0x02, 0x32, 0x00, 0x03, 0x00, 0x01, 0x04, 0x09, 0x00, 0x0E, 0x00, 0x36,
  0x03, 0x54, 0x00, 0x03, 0x00, 0x01, 0x04, 0x09, 0x00, 0x19, 0x00, 0x0C, 0x03, 0x8A, 0x00, 0x03,
  0x00, 0x01, 0x04, 0x09, 0x01, 0x00, 0x00, 0x2E, 0x03, 0x96, 0x00, 0x03, 0x00, 0x01, 0x04, 0x09,
  0x01, 0x01, 0x00, 0x1A, 0x03, 0xC4, 0x00, 0x03, 0x00, 0x01, 0x04, 0x09, 0x01, 0x02, 0x00, 0x1A,
  0x03, 0xDE, 0x00, 0x03, 0x00, 0x01, 0x04, 0x09, 0x01, 0x03, 0x00, 0x1A, 0x03, 0xF8, 0x00, 0x03,
  0x00, 0x01, 0x04, 0x09, 0x01, 0x04, 0x00, 0x1A, 0x04, 0x12, 0x00, 0x03, 0x00, 0x01, 0x04, 0x09,
  0x01, 0x05, 0x00, 0x1A, 0x04, 0x2C, 0x00, 0x03, 0x00, 0x01, 0x04, 0x09, 0x01, 0x06, 0x00, 0x26,
  0x04, 0x46, 0x00, 0x03, 0x00, 0x01, 0x04, 0x09, 0x01, 0x07, 0x00, 0x1C, 0x04, 0x6C, 0x00, 0x03,
  0x00, 0x01, 0x04, 0x09, 0x01, 0x08, 0x00, 0x18, 0x04, 0x88, 0x00, 0x03, 0x00, 0x01, 0x04, 0x09,
  0x01, 0x09, 0x00, 0x0C, 0x04, 0xA0, 0x00, 0x03, 0x00, 0x01, 0x04, 0x09, 0x01, 0x10, 0x00, 0x08,
  0x00, 0xB6, 0x00, 0x03, 0x00, 0x01, 0x04, 0x09, 0x01, 0x14, 0x00, 0x08, 0x04, 0xAC, 0x00, 0x03,
  0x00, 0x01, 0x04, 0x09, 0x01, 0x1A, 0x00, 0x0C, 0x04, 0xB4, 0x00, 0x03, 0x00, 0x01, 0x04, 0x09,
  0x01, 0x1B, 0x00, 0x0A, 0x04, 0xC0, 0x00, 0x43, 0x00, 0x6F, 0x00, 0x70, 0x00, 0x79, 0x00, 0x72,
  0x00, 0x69, 0x00, 0x67, 0x00, 0x68, 0x00, 0x74, 0x00, 0x20, 0x00, 0x32, 0x00, 0x30, 0x00, 0x31,
  0x00, 0x34, 0x00, 0x20, 0x00, 0x54, 0x00, 0x68, 0x00, 0x65, 0x00, 0x20, 0x00, 0x44, 0x00, 0x4D,
  0x00, 0x20, 0x00, 0x53, 0x00, 0x61, 0x00, 0x6E, 0x00, 0x73, 0x00, 0x20, 0x00, 0x50, 0x00, 0x72,
  0x00, 0x6F, 0x00, 0x6A, 0x00, 0x65, 0x00, 0x63, 0x00, 0x74, 0x00, 0x20, 0x00, 0x41, 0x00, 0x75,
  0x00, 0x74, 0x00, 0x68, 0x00, 0x6F, 0x00, 0x72, 0x00, 0x73, 0x00, 0x20, 0x00, 0x28, 0x00, 0x68,
  0x00, 0x74, 0x00, 0x74, 0x00, 0x70, 0x00, 0x73, 0x00, 0x3A, 0x00, 0x2F, 0x00, 0x2F, 0x00, 0x67,
  0x00, 0x69, 0x00, 0x74, 0x00, 0x68, 0x00, 0x75, 0x00, 0x62, 0x00, 0x2E, 0x00, 0x63, 0x00, 0x6F,
  0x00, 0x6D, 0x00, 0x2F, 0x00, 0x67, 0x00, 0x6F, 0x00, 0x6F, 0x00, 0x67, 0x00, 0x6C, 0x00, 0x65,
  0x00, 0x66, 0x00, 0x6F, 0x00, 0x6E, 0x00, 0x74, 0x00, 0x73, 0x00, 0x2F, 0x00, 0x64, 0x00, 0x6D,
  0x00, 0x2D, 0x00, 0x66, 0x00, 0x6F, 0x00, 0x6E, 0x00, 0x74, 0x00, 0x73, 0x00, 0x29, 0x00, 0x44,
  0x00, 0x4D, 0x00, 0x20, 0x00, 0x53, 0x00, 0x61, 0x00, 0x6E, 0x00, 0x73, 0x00, 0x42, 0x00, 0x6F,
  0x00, 0x6C, 0x00, 0x64, 0x00, 0x34, 0x00, 0x2E, 0x00, 0x30, 0x00, 0x30, 0x00, 0x34, 0x00, 0x3B,
  0x00, 0x47, 0x00, 0x4F, 0x00, 0x4F, 0x00, 0x47, 0x00, 0x3B, 0x00, 0x44, 0x00, 0x4D, 0x00, 0x53,
  0x00, 0x61, 0x00, 0x6E, 0x00, 0x73, 0x00, 0x2D, 0x00, 0x42, 0x00, 0x6F, 0x00, 0x6C, 0x00, 0x64,
  0x00, 0x44, 0x00, 0x4D, 0x00, 0x20, 0x00, 0x53, 0x00, 0x61, 0x00, 0x6E, 0x00, 0x73, 0x00, 0x20,
  0x00, 0x42, 0x00, 0x6F, 0x00, 0x6C, 0x00, 0x64, 0x00, 0x56, 0x00, 0x65, 0x00, 0x72, 0x00, 0x73,
  0x00, 0x69, 0x00, 0x6F, 0x00, 0x6E, 0x00, 0x20, 0x00, 0x34, 0x00, 0x2E, 0x00, 0x30, 0x00, 0x30,
  0x00, 0x34, 0x00, 0x3B, 0x00, 0x67, 0x00, 0x66, 0x00, 0x74, 0x00, 0x6F, 0x00, 0x6F, 0x00, 0x6C,
  0x00, 0x73, 0x00, 0x5B, 0x00, 0x30, 0x00, 0x2E, 0x00, 0x39, 0x00, 0x2E, 0x00, 0x33, 0x00, 0x30,
  0x00, 0x5D, 0x00, 0x44, 0x00, 0x4D, 0x00, 0x53, 0x00, 0x61, 0x00, 0x6E, 0x00, 0x73, 0x00, 0x2D,
  0x00, 0x42, 0x00, 0x6F, 0x00, 0x6C, 0x00, 0x64, 0x00, 0x43, 0x00, 0x6F, 0x00, 0x6C, 0x00, 0x6F,
  0x00, 0x70, 0x00, 0x68, 0x00, 0x6F, 0x00, 0x6E, 0x00, 0x20, 0x00, 0x46, 0x00, 0x6F, 0x00, 0x75,
  0x00, 0x6E, 0x00, 0x64, 0x00, 0x72, 0x00, 0x79, 0x00, 0x43, 0x00, 0x6F, 0x00, 0x6C, 0x00, 0x6F,
  0x00, 0x70, 0x00, 0x68, 0x00, 0x6F, 0x00, 0x6E, 0x00, 0x20, 0x00, 0x46, 0x00, 0x6F, 0x00, 0x75,
  0x00, 0x6E, 0x00, 0x64, 0x00, 0x72, 0x00, 0x79, 0x00, 0x2C, 0x00, 0x20, 0x00, 0x4A, 0x00, 0x6F,
  0x00, 0x6E, 0x00, 0x6E, 0x00, 0x79, 0x00, 0x20, 0x00, 0x50, 0x00, 0x69, 0x00, 0x6E, 0x00, 0x68,
  0x00, 0x6F, 0x00, 0x72, 0x00, 0x6E, 0x00, 0x68, 0x00, 0x74, 0x00, 0x74, 0x00, 0x70, 0x00, 0x73,
  0x00, 0x3A, 0x00, 0x2F, 0x00, 0x2F, 0x00, 0x77, 0x00, 0x77, 0x00, 0x77, 0x00, 0x2E, 0x00, 0x63,
  0x00, 0x6F, 0x00, 0x6C, 0x00, 0x6F, 0x00, 0x70, 0x00, 0x68, 0x00, 0x6F, 0x00, 0x6E, 0x00, 0x2D,
  0x00, 0x66, 0x00, 0x6F, 0x00, 0x75, 0x00, 0x6E, 0x00, 0x64, 0x00, 0x72, 0x00, 0x79, 0x00, 0x2E,
  0x00, 0x6F, 0x00, 0x72, 0x00, 0x67, 0x00, 0x68, 0x00, 0x74, 0x00, 0x74, 0x00, 0x70, 0x00, 0x73,
  0x00, 0x3A, 0x00, 0x2F, 0x00, 0x2F, 0x00, 0x77, 0x00, 0x77, 0x00, 0x77, 0x00, 0x2E, 0x00, 0x69,
  0x00, 0x6E, 0x00, 0x64, 0x00, 0x69, 0x00, 0x61, 0x00, 0x6E, 0x00, 0x74, 0x00, 0x79, 0x00, 0x70,
  0x00, 0x65, 0x00, 0x66, 0x00, 0x6F, 0x00, 0x75, 0x00, 0x6E, 0x00, 0x64, 0x00, 0x72, 0x00, 0x79,
  0x00, 0x2E, 0x00, 0x63, 0x00, 0x6F, 0x00, 0x6D, 0x00, 0x54, 0x00, 0x68, 0x00, 0x69, 0x00, 0x73,
  0x00, 0x20, 0x00, 0x46, 0x00, 0x6F, 0x00, 0x6E, 0x00, 0x74, 0x00, 0x20, 0x00, 0x53, 0x00, 0x6F,
  0x00, 0x66, 0x00, 0x74, 0x00, 0x77, 0x00, 0x61, 0x00, 0x72, 0x00, 0x65, 0x00, 0x20, 0x00, 0x69,
  0x00, 0x73, 0x00, 0x20, 0x00, 0x6C, 0x00, 0x69, 0x00, 0x63, 0x00, 0x65, 0x00, 0x6E, 0x00, 0x73,
  0x00, 0x65, 0x00, 0x64, 0x00, 0x20, 0x00, 0x75, 0x00, 0x6E, 0x00, 0x64, 0x00, 0x65, 0x00, 0x72,
  0x00, 0x20, 0x00, 0x74, 0x00, 0x68, 0x00, 0x65, 0x00, 0x20, 0x00, 0x53, 0x00, 0x49, 0x00, 0x4C,
  0x00, 0x20, 0x00, 0x4F, 0x00, 0x70, 0x00, 0x65, 0x00, 0x6E, 0x00, 0x20, 0x00, 0x46, 0x00, 0x6F,
  0x00, 0x6E, 0x00, 0x74, 0x00, 0x20, 0x00, 0x4C, 0x00, 0x69, 0x00, 0x63, 0x00, 0x65, 0x00, 0x6E,
  0x00, 0x73, 0x00, 0x65, 0x00, 0x2C, 0x00, 0x20, 0x00, 0x56, 0x00, 0x65, 0x00, 0x72, 0x00, 0x73,
  0x00, 0x69, 0x00, 0x6F, 0x00, 0x6E, 0x00, 0x20, 0x00, 0x31, 0x00, 0x2E, 0x00, 0x31, 0x00, 0x2E,
  0x00, 0x20, 0x00, 0x54, 0x00, 0x68, 0x00, 0x69, 0x00, 0x73, 0x00, 0x20, 0x00, 0x6C, 0x00, 0x69,
  0x00, 0x63, 0x00, 0x65, 0x00, 0x6E, 0x00, 0x73, 0x00, 0x65, 0x00, 0x20, 0x00, 0x69, 0x00, 0x73,
  0x00, 0x20, 0x00, 0x61, 0x00, 0x76, 0x00, 0x61, 0x00, 0x69, 0x00, 0x6C, 0x00, 0x61, 0x00, 0x62,
  0x00, 0x6C, 0x00, 0x65, 0x00, 0x20, 0x00, 0x77, 0x00, 0x69, 0x00, 0x74, 0x00, 0x68, 0x00, 0x20,
  0x00, 0x61, 0x00, 0x20, 0x00, 0x46, 0x00, 0x41, 0x00, 0x51, 0x00, 0x20, 0x00, 0x61, 0x00, 0x74,
  0x00, 0x3A, 0x00, 0x20, 0x00, 0x68, 0x00, 0x74, 0x00, 0x74, 0x00, 0x70, 0x00, 0x73, 0x00, 0x3A,
  0x00, 0x2F, 0x00, 0x2F, 0x00, 0x73, 0x00, 0x63, 0x00, 0x72, 0x00, 0x69, 0x00, 0x70, 0x00, 0x74,
  0x00, 0x73, 0x00, 0x2E, 0x00, 0x73, 0x00, 0x69, 0x00, 0x6C, 0x00, 0x2E, 0x00, 0x6F, 0x00, 0x72,
  0x00, 0x67, 0x00, 0x2F, 0x00, 0x4F, 0x00, 0x46, 0x00, 0x4C, 0x00, 0x68, 0x00, 0x74, 0x00, 0x74,
  0x00, 0x70, 0x00, 0x73, 0x00, 0x3A, 0x00, 0x2F, 0x00, 0x2F, 0x00, 0x73, 0x00, 0x63, 0x00, 0x72,
  0x00, 0x69, 0x00, 0x70, 0x00, 0x74, 0x00, 0x73, 0x00, 0x2E, 0x00, 0x73, 0x00, 0x69, 0x00, 0x6C,
  0x00, 0x2E, 0x00, 0x6F, 0x00, 0x72, 0x00, 0x67, 0x00, 0x2F, 0x00, 0x4F, 0x00, 0x46, 0x00, 0x4C,
  0x00, 0x44, 0x00, 0x4D, 0x00, 0x53, 0x00, 0x61, 0x00, 0x6E, 0x00, 0x73, 0x00, 0x41, 0x00, 0x6C,
  0x00, 0x74, 0x00, 0x65, 0x00, 0x72, 0x00, 0x6E, 0x00, 0x61, 0x00, 0x74, 0x00, 0x69, 0x00, 0x76,
  0x00, 0x65, 0x00, 0x20, 0x00, 0x50, 0x00, 0x75, 0x00, 0x6E, 0x00, 0x63, 0x00, 0x74, 0x00, 0x75,
  0x00, 0x61, 0x00, 0x74, 0x00, 0x69, 0x00, 0x6F, 0x00, 0x6E, 0x00, 0x41, 0x00, 0x6C, 0x00, 0x74,
  0x00, 0x65, 0x00, 0x72, 0x00, 0x6E, 0x00, 0x61, 0x00, 0x74, 0x00, 0x69, 0x00, 0x76, 0x00, 0x65,
  0x00, 0x20, 0x00, 0x61, 0x00, 0x41, 0x00, 0x6C, 0x00, 0x74, 0x00, 0x65, 0x00, 0x72, 0x00, 0x6E,
  0x00, 0x61, 0x00, 0x74, 0x00, 0x69, 0x00, 0x76, 0x00, 0x65, 0x00, 0x20, 0x00, 0x67, 0x00, 0x41,
  0x00, 0x6C, 0x00, 0x74, 0x00, 0x65, 0x00, 0x72, 0x00, 0x6E, 0x00, 0x61, 0x00, 0x74, 0x00, 0x69,
  0x00, 0x76, 0x00, 0x65, 0x00, 0x20, 0x00, 0x75, 0x00, 0x41, 0x00, 0x6C, 0x00, 0x74, 0x00, 0x65,
  0x00, 0x72, 0x00, 0x6E, 0x00, 0x61, 0x00, 0x74, 0x00, 0x69, 0x00, 0x76, 0x00, 0x65, 0x00, 0x20,
  0x00, 0x79, 0x00, 0x41, 0x00, 0x6C, 0x00, 0x74, 0x00, 0x65, 0x00, 0x72, 0x00, 0x6E, 0x00, 0x61,
  0x00, 0x74, 0x00, 0x69, 0x00, 0x76, 0x00, 0x65, 0x00, 0x20, 0x00, 0x51, 0x00, 0x41, 0x00, 0x6C,
  0x00, 0x74, 0x00, 0x65, 0x00, 0x72, 0x00, 0x6E, 0x00, 0x61, 0x00, 0x74, 0x00, 0x69, 0x00, 0x76,
  0x00, 0x65, 0x00, 0x20, 0x00, 0x4E, 0x00, 0x75, 0x00, 0x6D, 0x00, 0x62, 0x00, 0x65, 0x00, 0x72,
  0x00, 0x73, 0x00, 0x52, 0x00, 0x6F, 0x00, 0x75, 0x00, 0x6E, 0x00, 0x64, 0x00, 0x65, 0x00, 0x6C,
  0x00, 0x20, 0x00, 0x47, 0x00, 0x6C, 0x00, 0x79, 0x00, 0x70, 0x00, 0x68, 0x00, 0x73, 0x00, 0x4F,
  0x00, 0x70, 0x00, 0x74, 0x00, 0x69, 0x00, 0x63, 0x00, 0x61, 0x00, 0x6C, 0x00, 0x20, 0x00, 0x73,
  0x00, 0x69, 0x00, 0x7A, 0x00, 0x65, 0x00, 0x57, 0x00, 0x65, 0x00, 0x69, 0x00, 0x67, 0x00, 0x68,
  0x00, 0x74, 0x00, 0x31, 0x00, 0x34, 0x00, 0x70, 0x00, 0x74, 0x00, 0x49, 0x00, 0x74, 0x00, 0x61,
  0x00, 0x6C, 0x00, 0x69, 0x00, 0x63, 0x00, 0x52, 0x00, 0x6F, 0x00, 0x6D, 0x00, 0x61, 0x00, 0x6E,
  0x00, 0x03, 0x00, 0x00, 0x00, 0x00, 0x00, 0x00, 0xFF, 0x9C, 0x00, 0x32, 0x00, 0x00, 0x00, 0x00,
  0x00, 0x00, 0x00, 0x00, 0x00, 0x00, 0x00, 0x00, 0x00, 0x00, 0x00, 0x00, 0x00, 0x00, 0x00, 0x00,
  0x00, 0x01, 0x00, 0x01, 0xFF, 0xFF, 0x00, 0x0F, 0x00, 0x01, 0x00, 0x00, 0x00, 0x0C, 0x00, 0x00,
  0x00, 0x9A, 0x00, 0x00, 0x00, 0x02, 0x00, 0x17, 0x00, 0x01, 0x00, 0x08, 0x00, 0x01, 0x00, 0x0A,
  0x00, 0x12, 0x00, 0x01, 0x00, 0x14, 0x00, 0x14, 0x00, 0x01, 0x00, 0x16, 0x00, 0x1A, 0x00, 0x01,
  0x00, 0x1C, 0x00, 0x1E, 0x00, 0x01, 0x00, 0x20, 0x00, 0x28, 0x00, 0x01, 0x00, 0x2B, 0x00, 0x33,
  0x00, 0x01, 0x00, 0x35, 0x00, 0x35, 0x00, 0x01, 0x00, 0x37, 0x00, 0x42, 0x00, 0x01, 0x00, 0x44,
  0x00, 0x46, 0x00, 0x01, 0x00, 0x48, 0x00, 0x4C, 0x00, 0x01, 0x00, 0x4E, 0x00, 0x50, 0x00, 0x01,
  0x00, 0x52, 0x00, 0x56, 0x00, 0x01, 0x00, 0x58, 0x00, 0x5A, 0x00, 0x01, 0x00, 0x5C, 0x00, 0x64,
  0x00, 0x01, 0x00, 0x68, 0x00, 0x69, 0x00, 0x01, 0x00, 0x6B, 0x00, 0x70, 0x00, 0x01, 0x00, 0x72,
  0x00, 0x72, 0x00, 0x01, 0x00, 0x74, 0x00, 0x88, 0x00, 0x01, 0x00, 0x89, 0x00, 0x8A, 0x00, 0x02,
  0x00, 0xD4, 0x00, 0xD4, 0x00, 0x01, 0x00, 0xD6, 0x00, 0xD6, 0x00, 0x01, 0x00, 0xD8, 0x00, 0xD8,
  0x00, 0x01, 0x00, 0x08, 0x00, 0x02, 0x00, 0x10, 0x00, 0x18, 0x00, 0x01, 0x00, 0x02, 0x00, 0x89,
  0x00, 0x8A, 0x00, 0x01, 0x00, 0x04, 0x00, 0x01, 0x01, 0x31, 0x00, 0x01, 0x00, 0x04, 0x00, 0x01,
  0x01, 0x3F, 0x00, 0x00, 0x00, 0x01, 0x00, 0x00, 0x00, 0x0A, 0x00, 0x24, 0x00, 0x32, 0x00, 0x02,
  0x44, 0x46, 0x4C, 0x54, 0x00, 0x0E, 0x6C, 0x61, 0x74, 0x6E, 0x00, 0x0E, 0x00, 0x04, 0x00, 0x00,
  0x00, 0x00, 0xFF, 0xFF, 0x00, 0x01, 0x00, 0x00, 0x00, 0x01, 0x6B, 0x65, 0x72, 0x6E, 0x00, 0x08,
  0x00, 0x00, 0x00, 0x01, 0x00, 0x00, 0x00, 0x01, 0x00, 0x04, 0x00, 0x02, 0x00, 0x08, 0x00, 0x02,
  0x00, 0x0A, 0x1B, 0x04, 0x00, 0x01, 0x01, 0x06, 0x00, 0x04, 0x00, 0x00, 0x00, 0x7E, 0x01, 0xB8,
  0x01, 0xB8, 0x01, 0xB8, 0x01, 0xB8, 0x01, 0xB8, 0x01, 0xB8, 0x01, 0xB8, 0x02, 0x12, 0x02, 0x50,
  0x02, 0x50, 0x02, 0x5A, 0x03, 0xEA, 0x02, 0x94, 0x03, 0x52, 0x03, 0x74, 0x03, 0xA6, 0x03, 0xA6,
  0x03, 0xEA, 0x03, 0xEA, 0x03, 0xEA, 0x03, 0xEA, 0x03, 0xEA, 0x03, 0xDC, 0x03, 0xEA, 0x04, 0x10,
  0x04, 0xEA, 0x05, 0x28, 0x05, 0x3E, 0x05, 0xA8, 0x05, 0xA8, 0x05, 0xA8, 0x05, 0xA8, 0x05, 0xA8,
  0x05, 0xB2, 0x06, 0x14, 0x06, 0x7A, 0x07, 0x74, 0x07, 0x74, 0x0B, 0x5E, 0x07, 0xDE, 0x07, 0xDE,
  0x07, 0xDE, 0x07, 0xDE, 0x07, 0xDE, 0x07, 0xDE, 0x07, 0xDE, 0x0B, 0x64, 0x09, 0x0A, 0x07, 0xF8,
  0x07, 0xF8, 0x0B, 0x64, 0x0B, 0x64, 0x0B, 0x64, 0x0B, 0x64, 0x0B, 0x64, 0x08, 0x16, 0x08, 0x94,
  0x08, 0xF6, 0x08, 0xA2, 0x08, 0xEC, 0x08, 0xF6, 0x08, 0xF6, 0x08, 0xF6, 0x09, 0x0A, 0x09, 0x0A,
  0x09, 0x0A, 0x09, 0x0A, 0x09, 0x0A, 0x09, 0x04, 0x09, 0x0A, 0x09, 0x0A, 0x09, 0x0A, 0x09, 0x3C,
  0x09, 0x46, 0x09, 0x64, 0x09, 0x96, 0x09, 0xFC, 0x0A, 0x06, 0x0A, 0xAC, 0x0A, 0xC6, 0x0B, 0x30,
  0x0B, 0x30, 0x0B, 0x30, 0x0B, 0x5E, 0x0B, 0x64, 0x0B, 0x7E, 0x0B, 0xDC, 0x0C, 0x9A, 0x0C, 0xF8,
  0x0D, 0x2A, 0x0D, 0xA4, 0x0E, 0x1A, 0x0F, 0x70, 0x0F, 0xDA, 0x10, 0x3C, 0x10, 0x9E, 0x11, 0x1C,
  0x12, 0x0A, 0x12, 0x10, 0x12, 0x3E, 0x12, 0xA4, 0x12, 0xB2, 0x12, 0xC0, 0x12, 0xC6, 0x12, 0xDC,
  0x13, 0x2A, 0x13, 0xA4, 0x14, 0x66, 0x15, 0xE8, 0x16, 0xAA, 0x16, 0xC4, 0x16, 0xD2, 0x17, 0x68,
  0x18, 0x46, 0x18, 0xBC, 0x18, 0xF6, 0x18, 0xFC, 0x18, 0xFC, 0x19, 0x16, 0x19, 0xB4, 0x1A, 0x36,
  0x1A, 0x3C, 0x1A, 0x7A, 0x1A, 0xC4, 0x1A, 0xCE, 0x1A, 0xE8, 0x00, 0x02, 0x00, 0x1D, 0x00, 0x01,
  0x00, 0x07, 0x00, 0x00, 0x00, 0x09, 0x00, 0x0D, 0x00, 0x07, 0x00, 0x13, 0x00, 0x13, 0x00, 0x0C,
  0x00, 0x1B, 0x00, 0x1E, 0x00, 0x0D, 0x00, 0x22, 0x00, 0x2A, 0x00, 0x11, 0x00, 0x2C, 0x00, 0x2C,
  0x00, 0x1A, 0x00, 0x2E, 0x00, 0x39, 0x00, 0x1B, 0x00, 0x3B, 0x00, 0x45, 0x00, 0x27, 0x00, 0x48,
  0x00, 0x4F, 0x00, 0x32, 0x00, 0x57, 0x00, 0x58, 0x00, 0x3A, 0x00, 0x5B, 0x00, 0x6B, 0x00, 0x3C,
  0x00, 0x71, 0x00, 0x77, 0x00, 0x4D, 0x00, 0x7F, 0x00, 0x7F, 0x00, 0x54, 0x00, 0x8D, 0x00, 0x8D,
  0x00, 0x55, 0x00, 0x8F, 0x00, 0x96, 0x00, 0x56, 0x00, 0x98, 0x00, 0x98, 0x00, 0x5E, 0x00, 0x9A,
  0x00, 0x9B, 0x00, 0x5F, 0x00, 0xA8, 0x00, 0xA8, 0x00, 0x61, 0x00, 0xAE, 0x00, 0xB5, 0x00, 0x62,
  0x00, 0xB7, 0x00, 0xB7, 0x00, 0x6A, 0x00, 0xB9, 0x00, 0xBB, 0x00, 0x6B, 0x00, 0xBD, 0x00, 0xBF,
  0x00, 0x6E, 0x00, 0xC1, 0x00, 0xC2, 0x00, 0x71, 0x00, 0xC5, 0x00, 0xC5, 0x00, 0x73, 0x00, 0xC7,
  0x00, 0xC8, 0x00, 0x74, 0x00, 0xCB, 0x00, 0xCC, 0x00, 0x76, 0x00, 0xD8, 0x00, 0xD9, 0x00, 0x78,
  0x00, 0xDB, 0x00, 0xDC, 0x00, 0x7A, 0x00, 0xDE, 0x00, 0xDF, 0x00, 0x7C, 0x00, 0x16, 0x00, 0x4D,
  0xFF, 0xF9, 0x00, 0x71, 0xFF, 0xC8, 0x00, 0x8D, 0xFF, 0xD8, 0x00, 0x8E, 0xFF, 0xE2, 0x00, 0x90,
  0xFF, 0xEC, 0x00, 0x91, 0xFF, 0xF1, 0x00, 0x92, 0xFF, 0xDE, 0x00, 0x93, 0xFF, 0xE2, 0x00, 0x94,
  0xFF, 0xF5, 0x00, 0x95, 0xFF, 0xE8, 0x00, 0x96, 0xFF, 0xDE, 0x00, 0x98, 0xFF, 0xE8, 0x00, 0x9A,
  0xFF, 0xE8, 0x00, 0x9B, 0xFF, 0xBF, 0x00, 0xB4, 0xFF, 0xDE, 0x00, 0xB7, 0xFF, 0xA0, 0x00, 0xBA,
  0xFF, 0xC4, 0x00, 0xC0, 0xFF, 0xF2, 0x00, 0xC1, 0xFF, 0xD1, 0x00, 0xCB, 0xFF, 0xF9, 0x00, 0xD9,
  0xFF, 0xE5, 0x00, 0xDB, 0xFF, 0xE6, 0x00, 0x0F, 0x00, 0x01, 0xFF, 0xFB, 0x00, 0x02, 0xFF, 0xFB,
  0x00, 0x03, 0xFF, 0xFB, 0x00, 0x04, 0xFF, 0xFB, 0x00, 0x05, 0xFF, 0xFB, 0x00, 0x06, 0xFF, 0xFB,
  0x00, 0x07, 0xFF, 0xFB, 0x00, 0x08, 0xFF, 0xE5, 0x00, 0x2E, 0xFF, 0xF9, 0x00, 0x34, 0xFF, 0xEB,
  0x00, 0x35, 0xFF, 0xEC, 0x00, 0x36, 0xFF, 0xEB, 0x00, 0x37, 0xFF, 0xE2, 0x00, 0x38, 0xFF, 0xE2,
  0x00, 0x96, 0xFF, 0xF7, 0x00, 0x02, 0x00, 0x36, 0xFF, 0xEC, 0x00, 0xC0, 0xFF, 0xE2, 0x00, 0x0E,
  0x00, 0x36, 0xFF, 0xCD, 0x00, 0x6C, 0x00, 0x00, 0x00, 0x6D, 0x00, 0x00, 0x00, 0x6E, 0x00, 0x00,
  0x00, 0x6F, 0x00, 0x00, 0x00, 0x70, 0x00, 0x00, 0x00, 0x8F, 0xFF, 0xF9, 0x00, 0x94, 0xFF, 0xE2,
  0x00, 0xAF, 0xFF, 0xD8, 0x00, 0xB9, 0xFF, 0xD2, 0x00, 0xBA, 0xFF, 0xF5, 0x00, 0xBE, 0xFF, 0xEE,
  0x00, 0xC0, 0xFF, 0xC7, 0x00, 0xC2, 0xFF, 0xDC, 0x00, 0x2F, 0x00, 0x01, 0xFF, 0xB4, 0x00, 0x02,
  0xFF, 0xB4, 0x00, 0x03, 0xFF, 0xB4, 0x00, 0x04, 0xFF, 0xB4, 0x00, 0x05, 0xFF, 0xB4, 0x00, 0x06,
  0xFF, 0xB4, 0x00, 0x07, 0xFF, 0xB4, 0x00, 0x08, 0xFF, 0x88, 0x00, 0x1B, 0xFF, 0xD1, 0x00, 0x3B,
  0xFF, 0xD5, 0x00, 0x3C, 0xFF, 0xD5, 0x00, 0x3D, 0xFF, 0xD5, 0x00, 0x3E, 0xFF, 0xD5, 0x00, 0x3F,
  0xFF, 0xD5, 0x00, 0x40, 0xFF, 0xD5, 0x00, 0x41, 0xFF, 0xD5, 0x00, 0x42, 0xFF, 0xD5, 0x00, 0x44,
  0xFF, 0xE6, 0x00, 0x45, 0xFF, 0xE6, 0x00, 0x46, 0xFF, 0xE6, 0x00, 0x47, 0xFF, 0xE6, 0x00, 0x48,
  0xFF, 0xE6, 0x00, 0x49, 0xFF, 0xE6, 0x00, 0x4A, 0xFF, 0xE6, 0x00, 0x4B, 0xFF, 0xE6, 0x00, 0x4C,
  0xFF, 0xE6, 0x00, 0x4E, 0x00, 0x00, 0x00, 0x5E, 0xFF, 0xE6, 0x00, 0x5F, 0xFF, 0xE6, 0x00, 0x60,
  0xFF, 0xE6, 0x00, 0x61, 0xFF, 0xE6, 0x00, 0x62, 0xFF, 0xE6, 0x00, 0x64, 0xFF, 0xE6, 0x00, 0x67,
  0xFF, 0xE6, 0x00, 0x69, 0xFF, 0xEC, 0x00, 0x78, 0xFF, 0xE6, 0x00, 0x7F, 0xFF, 0xE6, 0x00, 0x95,
  0xFF, 0xF9, 0x00, 0x98, 0xFF, 0xF5, 0x00, 0x9A, 0xFF, 0xE2, 0x00, 0xAE, 0xFF, 0xC4, 0x00, 0xAF,
  0xFF, 0xC4, 0x00, 0xBB, 0xFF, 0xD2, 0x00, 0xBE, 0xFF, 0xD8, 0x00, 0xCB, 0xFF, 0xD8, 0x00, 0xCC,
  0xFF, 0xEC, 0x00, 0xDB, 0xFF, 0xEC, 0x00, 0x08, 0x00, 0x01, 0xFF, 0xE2, 0x00, 0x02, 0xFF, 0xE2,
  0x00, 0x03, 0xFF, 0xE2, 0x00, 0x04, 0xFF, 0xE2, 0x00, 0x05, 0xFF, 0xE2, 0x00, 0x06, 0xFF, 0xE2,
  0x00, 0x07, 0xFF, 0xE2, 0x00, 0xAE, 0xFF, 0xEC, 0x00, 0x0C, 0x00, 0x71, 0xFF, 0xE2, 0x00, 0x8D,
  0xFF, 0xE5, 0x00, 0x90, 0xFF, 0xEC, 0x00, 0x91, 0xFF, 0xE6, 0x00, 0x93, 0xFF, 0xDD, 0x00, 0x95,
  0xFF, 0xE2, 0x00, 0x96, 0xFF, 0xE8, 0x00, 0x9A, 0xFF, 0xD8, 0x00, 0x9B, 0xFF, 0xDF, 0x00, 0xB4,
  0xFF, 0xF1, 0x00, 0xCC, 0xFF, 0xF2, 0x00, 0xD9, 0xFF, 0xCE, 0x00, 0x0D, 0x00, 0x71, 0xFF, 0xC7,
  0x00, 0x8D, 0xFF, 0xDE, 0x00, 0x8E, 0xFF, 0xDC, 0x00, 0x91, 0xFF, 0xF2, 0x00, 0x92, 0xFF, 0xE8,
  0x00, 0x93, 0xFF, 0xE6, 0x00, 0x94, 0xFF, 0xD4, 0x00, 0x96, 0xFF, 0xD1, 0x00, 0x9B, 0xFF, 0xD1,
  0x00, 0xB4, 0xFF, 0xE8, 0x00, 0xB7, 0xFF, 0x99, 0x00, 0xBA, 0xFF, 0xD8, 0x00, 0xD9, 0xFF, 0xD1,
  0x00, 0x03, 0x00, 0xAE, 0xFF, 0xF2, 0x00, 0xB9, 0xFF, 0xD2, 0x00, 0xBE, 0xFF, 0xD8, 0x00, 0x09,
  0x00, 0x36, 0xFF, 0xCD, 0x00, 0x8F, 0xFF, 0xF9, 0x00, 0x94, 0xFF, 0xE2, 0x00, 0xAF, 0xFF, 0xD8,
  0x00, 0xB9, 0xFF, 0xD2, 0x00, 0xBA, 0xFF, 0xF5, 0x00, 0xBE, 0xFF, 0xEE, 0x00, 0xC0, 0xFF, 0xC7,
  0x00, 0xC2, 0xFF, 0xDC, 0x00, 0x36, 0x00, 0x01, 0xFF, 0xB7, 0x00, 0x02, 0xFF, 0xB7, 0x00, 0x03,
  0xFF, 0xB7, 0x00, 0x04, 0xFF, 0xB7, 0x00, 0x05, 0xFF, 0xB7, 0x00, 0x06, 0xFF, 0xB7, 0x00, 0x07,
  0xFF, 0xB7, 0x00, 0x08, 0xFF, 0x8E, 0x00, 0x1B, 0xFF, 0xBD, 0x00, 0x36, 0xFF, 0xE2, 0x00, 0x37,
  0xFF, 0xFB, 0x00, 0x38, 0xFF, 0xFB, 0x00, 0x39, 0xFF, 0xEC, 0x00, 0x3B, 0xFF, 0xDF, 0x00, 0x3C,
  0xFF, 0xDF, 0x00, 0x3D, 0xFF, 0xDF, 0x00, 0x3E, 0xFF, 0xDF, 0x00, 0x3F, 0xFF, 0xDF, 0x00, 0x40,
  0xFF, 0xDF, 0x00, 0x41, 0xFF, 0xDF, 0x00, 0x42, 0xFF, 0xDF, 0x00, 0x44, 0xFF, 0xE7, 0x00, 0x45,
  0xFF, 0xE7, 0x00, 0x46, 0xFF, 0xE7, 0x00, 0x47, 0xFF, 0xE7, 0x00, 0x48, 0xFF, 0xE7, 0x00, 0x49,
  0xFF, 0xE7, 0x00, 0x4A, 0xFF, 0xE7, 0x00, 0x4B, 0xFF, 0xE7, 0x00, 0x4C, 0xFF, 0xE7, 0x00, 0x4E,
  0xFF, 0xD8, 0x00, 0x5E, 0xFF, 0xE7, 0x00, 0x5F, 0xFF, 0xE7, 0x00, 0x60, 0xFF, 0xE7, 0x00, 0x61,
  0xFF, 0xE7, 0x00, 0x62, 0xFF, 0xE7, 0x00, 0x64, 0xFF, 0xE7, 0x00, 0x67, 0xFF, 0xE7, 0x00, 0x78,
  0xFF, 0xE7, 0x00, 0x7F, 0xFF, 0xE7, 0x00, 0x91, 0xFF, 0xD1, 0x00, 0x92, 0xFF, 0xF9, 0x00, 0x95,
  0xFF, 0xFB, 0x00, 0x98, 0xFF, 0xE5, 0x00, 0x9A, 0xFF, 0xE8, 0x00, 0xAE, 0xFF, 0xBA, 0x00, 0xAF,
  0xFF, 0xA3, 0x00, 0xB9, 0xFF, 0xB6, 0x00, 0xBB, 0xFF, 0xC4, 0x00, 0xBE, 0xFF, 0xBD, 0x00, 0xC0,
  0xFF, 0xE2, 0x00, 0xCB, 0xFF, 0xDB, 0x00, 0xCC, 0xFF, 0xDE, 0x00, 0xD9, 0xFF, 0xF9, 0x00, 0x0F,
  0x00, 0x01, 0xFF, 0xD4, 0x00, 0x02, 0xFF, 0xD4, 0x00, 0x03, 0xFF, 0xD4, 0x00, 0x04, 0xFF, 0xD4,
  0x00, 0x05, 0xFF, 0xD4, 0x00, 0x06, 0xFF, 0xD4, 0x00, 0x07, 0xFF, 0xD4, 0x00, 0x2E, 0xFF, 0xCA,
  0x00, 0x34, 0xFF, 0xD4, 0x00, 0x35, 0xFF, 0xD8, 0x00, 0x36, 0xFF, 0xBA, 0x00, 0x37, 0xFF, 0xC0,
  0x00, 0x38, 0xFF, 0xC0, 0x00, 0xAE, 0xFF, 0xD1, 0x00, 0xC0, 0xFF, 0xDE, 0x00, 0x05, 0x00, 0x91,
  0xFF, 0xE8, 0x00, 0x92, 0xFF, 0xEC, 0x00, 0x95, 0xFF, 0xF9, 0x00, 0x98, 0xFF, 0xFC, 0x00, 0xD9,
  0xFF, 0xF9, 0x00, 0x1A, 0x00, 0x1B, 0xFF, 0xA3, 0x00, 0x63, 0xFF, 0xA6, 0x00, 0x65, 0xFF, 0xD4,
  0x00, 0x71, 0xFF, 0xC4, 0x00, 0x73, 0xFF, 0xDB, 0x00, 0x8D, 0xFF, 0xE5, 0x00, 0x8F, 0xFF, 0xF8,
  0x00, 0x90, 0xFF, 0xF7, 0x00, 0x91, 0xFF, 0xC4, 0x00, 0x95, 0xFF, 0xF2, 0x00, 0x96, 0xFF, 0xF9,
  0x00, 0x98, 0xFF, 0xF7, 0x00, 0x9A, 0xFF, 0xCE, 0x00, 0xAF, 0xFF, 0xB0, 0x00, 0xB1, 0xFF, 0xC8,
  0x00, 0xB3, 0xFF, 0xDB, 0x00, 0xB4, 0x00, 0x14, 0x00, 0xB5, 0xFF, 0xA9, 0x00, 0xB9, 0xFF, 0xBE,
  0x00, 0xBA, 0x00, 0x13, 0x00, 0xBE, 0xFF, 0xC4, 0x00, 0xC1, 0xFF, 0xE2, 0x00, 0xCB, 0xFF, 0xA9,
  0x00, 0xCC, 0xFF, 0xCE, 0x00, 0xD9, 0xFF, 0xCA, 0x00, 0xDB, 0xFF, 0xC4, 0x00, 0x02, 0x00, 0xB9,
  0xFF, 0xE2, 0x00, 0xBE, 0xFF, 0xD8, 0x00, 0x18, 0x00, 0x1B, 0xFF, 0xC4, 0x00, 0x71, 0xFF, 0xF9,
  0x00, 0x8D, 0xFF, 0xDE, 0x00, 0x8F, 0xFF, 0xF5, 0x00, 0x90, 0xFF, 0xF9, 0x00, 0x91, 0xFF, 0xB9,
  0x00, 0x92, 0xFF, 0xF5, 0x00, 0x93, 0xFF, 0xF2, 0x00, 0x94, 0x00, 0x14, 0x00, 0x95, 0xFF, 0xE0,
  0x00, 0x96, 0xFF, 0xEB, 0x00, 0x98, 0xFF, 0xF9, 0x00, 0x9A, 0xFF, 0xC7, 0x00, 0x9B, 0xFF, 0xF9,
  0x00, 0xAF, 0xFF, 0xB4, 0x00, 0xB0, 0xFF, 0xE2, 0x00, 0xB3, 0xFF, 0xDC, 0x00, 0xB9, 0xFF, 0xB6,
  0x00, 0xBA, 0x00, 0x1A, 0x00, 0xBE, 0xFF, 0xA2, 0x00, 0xCB, 0xFF, 0xA0, 0x00, 0xCC, 0xFF, 0xC4,
  0x00, 0xD9, 0xFF, 0xD1, 0x00, 0xDB, 0xFF, 0xC0, 0x00, 0x19, 0x00, 0x1B, 0xFF, 0xD8, 0x00, 0x27,
  0xFF, 0xEC, 0x00, 0x63, 0xFF, 0xCA, 0x00, 0x71, 0xFF, 0xF9, 0x00, 0x8D, 0xFF, 0xD8, 0x00, 0x8F,
  0xFF, 0xF5, 0x00, 0x90, 0xFF, 0xEB, 0x00, 0x91, 0xFF, 0xCE, 0x00, 0x92, 0xFF, 0xF2, 0x00, 0x93,
  0xFF, 0xD8, 0x00, 0x95, 0xFF, 0xD8, 0x00, 0x96, 0xFF, 0xE6, 0x00, 0x98, 0xFF, 0xF5, 0x00, 0x9A,
  0xFF, 0xCE, 0x00, 0x9B, 0xFF, 0xEC, 0x00, 0xAF, 0xFF, 0xC4, 0x00, 0xB1, 0xFF, 0xDC, 0x00, 0xB3,
  0xFF, 0xE2, 0x00, 0xB9, 0xFF, 0xC4, 0x00, 0xBE, 0xFF, 0xBA, 0x00, 0xC1, 0xFF, 0xE2, 0x00, 0xCB,
  0xFF, 0xB0, 0x00, 0xCC, 0xFF, 0xCE, 0x00, 0xD9, 0xFF, 0xD1, 0x00, 0xDB, 0xFF, 0xEE, 0x00, 0x3E,
  0x00, 0x0A, 0xFF, 0xCD, 0x00, 0x0B, 0xFF, 0xCD, 0x00, 0x14, 0xFF, 0xCD, 0x00, 0x22, 0xFF, 0xCD,
  0x00, 0x23, 0xFF, 0xCD, 0x00, 0x24, 0xFF, 0xCD, 0x00, 0x25, 0xFF, 0xCD, 0x00, 0x26, 0xFF, 0xCD,
  0x00, 0x28, 0xFF, 0xCD, 0x00, 0x2B, 0xFF, 0xCD, 0x00, 0x3A, 0xFF, 0xCD, 0x00, 0x3B, 0xFF, 0xE6,
  0x00, 0x3C, 0xFF, 0xE6, 0x00, 0x3D, 0xFF, 0xE6, 0x00, 0x3E, 0xFF, 0xE6, 0x00, 0x3F, 0xFF, 0xE6,
  0x00, 0x40, 0xFF, 0xE6, 0x00, 0x41, 0xFF, 0xE6, 0x00, 0x42, 0xFF, 0xE6, 0x00, 0x44, 0xFF, 0xDC,
  0x00, 0x45, 0xFF, 0xDC, 0x00, 0x46, 0xFF, 0xDC, 0x00, 0x47, 0xFF, 0xDC, 0x00, 0x48, 0xFF, 0xDC,
  0x00, 0x49, 0xFF, 0xDC, 0x00, 0x4A, 0xFF, 0xDC, 0x00, 0x4B, 0xFF, 0xDC, 0x00, 0x4C, 0xFF, 0xDC,
  0x00, 0x4E, 0x00, 0x00, 0x00, 0x5E, 0xFF, 0xDC, 0x00, 0x5F, 0xFF, 0xDC, 0x00, 0x60, 0xFF, 0xDC,
  0x00, 0x61, 0xFF, 0xDC, 0x00, 0x62, 0xFF, 0xDC, 0x00, 0x64, 0xFF, 0xDC, 0x00, 0x67, 0xFF, 0xDC,
  0x00, 0x69, 0xFF, 0xED, 0x00, 0x6C, 0xFF, 0xDF, 0x00, 0x6D, 0xFF, 0xDF, 0x00, 0x6E, 0xFF, 0xDF,
  0x00, 0x6F, 0xFF, 0xDF, 0x00, 0x70, 0xFF, 0xDF, 0x00, 0x71, 0xFF, 0xE2, 0x00, 0x72, 0xFF, 0xE2,
  0x00, 0x74, 0xFF, 0xE6, 0x00, 0x75, 0xFF, 0xE6, 0x00, 0x76, 0xFF, 0xE6, 0x00, 0x78, 0xFF, 0xDC,
  0x00, 0x7F, 0xFF, 0xDC, 0x00, 0x8D, 0xFF, 0xD2, 0x00, 0x90, 0xFF, 0xEC, 0x00, 0x91, 0xFF, 0xCE,
  0x00, 0x92, 0xFF, 0xD2, 0x00, 0x93, 0xFF, 0xDE, 0x00, 0x95, 0xFF, 0xD8, 0x00, 0x96, 0xFF, 0xD8,
  0x00, 0x98, 0xFF, 0xE2, 0x00, 0x9A, 0xFF, 0xDC, 0x00, 0x9B, 0xFF, 0xDB, 0x00, 0xB4, 0xFF, 0xE6,
  0x00, 0xCB, 0xFF, 0xF5, 0x00, 0xDB, 0xFF, 0xDE, 0x00, 0x1A, 0x00, 0x1B, 0xFF, 0xAA, 0x00, 0x27,
  0xFF, 0xD3, 0x00, 0x71, 0xFF, 0xDD, 0x00, 0x8D, 0xFF, 0xD8, 0x00, 0x8F, 0xFF, 0xF5, 0x00, 0x90,
  0xFF, 0xDB, 0x00, 0x91, 0xFF, 0xA7, 0x00, 0x92, 0xFF, 0xDB, 0x00, 0x93, 0xFF, 0xD4, 0x00, 0x95,
  0xFF, 0xD4, 0x00, 0x96, 0xFF, 0xDE, 0x00, 0x98, 0xFF, 0xF9, 0x00, 0x9A, 0xFF, 0xAD, 0x00, 0x9B,
  0xFF, 0xE9, 0x00, 0xAF, 0xFF, 0xB1, 0x00, 0xB0, 0xFF, 0xDC, 0x00, 0xB1, 0xFF, 0xC8, 0x00, 0xB3,
  0xFF, 0xDC, 0x00, 0xB5, 0xFF, 0xAC, 0x00, 0xB9, 0xFF, 0xBE, 0x00, 0xBE, 0xFF, 0xBA, 0x00, 0xC1,
  0xFF, 0xCE, 0x00, 0xCB, 0xFF, 0x92, 0x00, 0xCC, 0xFF, 0xBA, 0x00, 0xD9, 0xFF, 0xB4, 0x00, 0xDB,
  0xFF, 0xC4, 0x00, 0x06, 0x00, 0x43, 0x00, 0x00, 0x00, 0x71, 0xFF, 0xF1, 0x00, 0x94, 0xFF, 0xF5,
  0x00, 0x9B, 0xFF, 0xF3, 0x00, 0xB7, 0xFF, 0xD5, 0x00, 0xBA, 0xFF, 0xD2, 0x00, 0x07, 0x00, 0x71,
  0xFF, 0xEF, 0x00, 0x94, 0xFF, 0xF9, 0x00, 0x9B, 0xFF, 0xE6, 0x00, 0xB4, 0xFF, 0xE2, 0x00, 0xB7,
  0xFF, 0xDF, 0x00, 0xBA, 0xFF, 0xCB, 0x00, 0xC0, 0xFF, 0xED, 0x00, 0x1F, 0x00, 0x3B, 0xFF, 0xEC,
  0x00, 0x3C, 0xFF, 0xEC, 0x00, 0x3D, 0xFF, 0xEC, 0x00, 0x3E, 0xFF, 0xEC, 0x00, 0x3F, 0xFF, 0xEC,
  0x00, 0x40, 0xFF, 0xEC, 0x00, 0x41, 0xFF, 0xEC, 0x00, 0x42, 0xFF, 0xEC, 0x00, 0x44, 0xFF, 0xEC,
  0x00, 0x45, 0xFF, 0xEC, 0x00, 0x46, 0xFF, 0xEC, 0x00, 0x47, 0xFF, 0xEC, 0x00, 0x48, 0xFF, 0xEC,
  0x00, 0x49, 0xFF, 0xEC, 0x00, 0x4A, 0xFF, 0xEC, 0x00, 0x4B, 0xFF, 0xEC, 0x00, 0x4C, 0xFF, 0xEC,
  0x00, 0x4E, 0xFF, 0xD8, 0x00, 0x5E, 0xFF, 0xEC, 0x00, 0x5F, 0xFF, 0xEC, 0x00, 0x60, 0xFF, 0xEC,
  0x00, 0x61, 0xFF, 0xEC, 0x00, 0x62, 0xFF, 0xEC, 0x00, 0x64, 0xFF, 0xEC, 0x00, 0x67, 0xFF, 0xEC,
  0x00, 0x69, 0xFF, 0xF0, 0x00, 0x78, 0xFF, 0xEC, 0x00, 0x7F, 0xFF, 0xEC, 0x00, 0x91, 0xFF, 0xEC,
  0x00, 0xAE, 0xFF, 0xE2, 0x00, 0xCB, 0xFF, 0xE5, 0x00, 0x03, 0x00, 0x57, 0x00, 0x14, 0x00, 0x71,
  0x00, 0x0D, 0x00, 0xBA, 0x00, 0x00, 0x00, 0x12, 0x00, 0x44, 0x00, 0x00, 0x00, 0x45, 0x00, 0x00,
  0x00, 0x46, 0x00, 0x00, 0x00, 0x47, 0x00, 0x00, 0x00, 0x48, 0x00, 0x00, 0x00, 0x49, 0x00, 0x00,
  0x00, 0x4A, 0x00, 0x00, 0x00, 0x4B, 0x00, 0x00, 0x00, 0x4C, 0x00, 0x00, 0x00, 0x5E, 0x00, 0x00,
  0x00, 0x5F, 0x00, 0x00, 0x00, 0x60, 0x00, 0x00, 0x00, 0x61, 0x00, 0x00, 0x00, 0x62, 0x00, 0x00,
  0x00, 0x64, 0x00, 0x00, 0x00, 0x67, 0x00, 0x00, 0x00, 0x78, 0x00, 0x00, 0x00, 0x7F, 0x00, 0x00,
  0x00, 0x02, 0x00, 0x50, 0x00, 0x00, 0x00, 0x69, 0xFF, 0xE8, 0x00, 0x03, 0x00, 0x71, 0xFF, 0xFC,
  0x00, 0xB7, 0xFF, 0xDF, 0x00, 0xBA, 0xFF, 0xD8, 0x00, 0x01, 0x00, 0x71, 0xFF, 0xF7, 0x00, 0x0C,
  0x00, 0x71, 0xFF, 0xE9, 0x00, 0x73, 0xFF, 0xE6, 0x00, 0x8E, 0xFF, 0xD8, 0x00, 0x94, 0xFF, 0xC0,
  0x00, 0x96, 0xFF, 0xF9, 0x00, 0x9B, 0xFF, 0xEC, 0x00, 0xB4, 0xFF, 0xE2, 0x00, 0xB7, 0xFF, 0xCF,
  0x00, 0xB9, 0xFF, 0xF0, 0x00, 0xBA, 0xFF, 0xB6, 0x00, 0xC0, 0xFF, 0xD2, 0x00, 0xC2, 0xFF, 0xCE,
  0x00, 0x02, 0x00, 0x57, 0x00, 0x20, 0x00, 0xBA, 0xFF, 0xDE, 0x00, 0x07, 0x00, 0x63, 0xFF, 0xF8,
  0x00, 0x69, 0x00, 0x00, 0x00, 0x8F, 0x00, 0x20, 0x00, 0x90, 0x00, 0x0D, 0x00, 0x9B, 0x00, 0x1E,
  0x00, 0xAF, 0xFF, 0xDC, 0x00, 0xB0, 0x00, 0x07, 0x00, 0x0C, 0x00, 0x71, 0xFF, 0xE9, 0x00, 0x74,
  0xFF, 0xE6, 0x00, 0x75, 0xFF, 0xE6, 0x00, 0x76, 0xFF, 0xE6, 0x00, 0x8E, 0xFF, 0xF9, 0x00, 0x94,
  0xFF, 0xDB, 0x00, 0x96, 0xFF, 0xEC, 0x00, 0x9B, 0xFF, 0xEC, 0x00, 0xB4, 0xFF, 0xE8, 0x00, 0xB7,
  0xFF, 0xD9, 0x00, 0xBA, 0xFF, 0xCE, 0x00, 0xC0, 0xFF, 0xF3, 0x00, 0x19, 0x00, 0x44, 0xFF, 0xFB,
  0x00, 0x45, 0xFF, 0xFB, 0x00, 0x46, 0xFF, 0xFB, 0x00, 0x47, 0xFF, 0xFB, 0x00, 0x48, 0xFF, 0xFB,
  0x00, 0x49, 0xFF, 0xFB, 0x00, 0x4A, 0xFF, 0xFB, 0x00, 0x4B, 0xFF, 0xFB, 0x00, 0x4C, 0xFF, 0xFB,
  0x00, 0x5E, 0xFF, 0xFB, 0x00, 0x5F, 0xFF, 0xFB, 0x00, 0x60, 0xFF, 0xFB, 0x00, 0x61, 0xFF, 0xFB,
  0x00, 0x62, 0xFF, 0xFB, 0x00, 0x64, 0xFF, 0xFB, 0x00, 0x67, 0xFF, 0xFB, 0x00, 0x71, 0xFF, 0xD4,
  0x00, 0x74, 0xFF, 0xE1, 0x00, 0x75, 0xFF, 0xE1, 0x00, 0x76, 0xFF, 0xE1, 0x00, 0x78, 0xFF, 0xFB,
  0x00, 0x7F, 0xFF, 0xFB, 0x00, 0x94, 0xFF, 0xDE, 0x00, 0x9B, 0xFF, 0xD4, 0x00, 0xB7, 0xFF, 0xC4,
  0x00, 0x02, 0x00, 0x8F, 0x00, 0x1E, 0x00, 0xAF, 0x00, 0x16, 0x00, 0x29, 0x00, 0x3B, 0xFF, 0xE2,
  0x00, 0x3C, 0xFF, 0xE2, 0x00, 0x3D, 0xFF, 0xE2, 0x00, 0x3E, 0xFF, 0xE2, 0x00, 0x3F, 0xFF, 0xE2,
  0x00, 0x40, 0xFF, 0xE2, 0x00, 0x41, 0xFF, 0xE2, 0x00, 0x42, 0xFF, 0xE2, 0x00, 0x44, 0xFF, 0xE9,
  0x00, 0x45, 0xFF, 0xE9, 0x00, 0x46, 0xFF, 0xE9, 0x00, 0x47, 0xFF, 0xE9, 0x00, 0x48, 0xFF, 0xE9,
  0x00, 0x49, 0xFF, 0xE9, 0x00, 0x4A, 0xFF, 0xE9, 0x00, 0x4B, 0xFF, 0xE9, 0x00, 0x4C, 0xFF, 0xE9,
  0x00, 0x4D, 0x00, 0x14, 0x00, 0x4E, 0xFF, 0xE6, 0x00, 0x5E, 0xFF, 0xE9, 0x00, 0x5F, 0xFF, 0xE9,
  0x00, 0x60, 0xFF, 0xE9, 0x00, 0x61, 0xFF, 0xE9, 0x00, 0x62, 0xFF, 0xE9, 0x00, 0x63, 0xFF, 0xF7,
  0x00, 0x64, 0xFF, 0xE9, 0x00, 0x67, 0xFF, 0xE9, 0x00, 0x69, 0xFF, 0xEE, 0x00, 0x6B, 0x00, 0x0D,
  0x00, 0x78, 0xFF, 0xE9, 0x00, 0x7F, 0xFF, 0xE9, 0x00, 0x8F, 0x00, 0x0D, 0x00, 0x91, 0xFF, 0xEC,
  0x00, 0x98, 0xFF, 0xF7, 0x00, 0x9A, 0xFF, 0xEC, 0x00, 0xAE, 0xFF, 0xD8, 0x00, 0xAF, 0xFF, 0xCE,
  0x00, 0xB5, 0xFF, 0xDB, 0x00, 0xBB, 0xFF, 0xD5, 0x00, 0xCB, 0xFF, 0xD4, 0x00, 0xCC, 0xFF, 0xF0,
  0x00, 0x06, 0x00, 0x91, 0xFF, 0xF9, 0x00, 0x95, 0xFF, 0xF9, 0x00, 0x98, 0xFF, 0xF9, 0x00, 0xAF,
  0xFF, 0xE2, 0x00, 0xB5, 0xFF, 0xF5, 0x00, 0xCB, 0xFF, 0xD8, 0x00, 0x1A, 0x00, 0x3B, 0xFF, 0xF3,
  0x00, 0x3C, 0xFF, 0xF3, 0x00, 0x3D, 0xFF, 0xF3, 0x00, 0x3E, 0xFF, 0xF3, 0x00, 0x3F, 0xFF, 0xF3,
  0x00, 0x40, 0xFF, 0xF3, 0x00, 0x41, 0xFF, 0xF3, 0x00, 0x42, 0xFF, 0xF3, 0x00, 0x44, 0xFF, 0xE6,
  0x00, 0x45, 0xFF, 0xE6, 0x00, 0x46, 0xFF, 0xE6, 0x00, 0x47, 0xFF, 0xE6, 0x00, 0x48, 0xFF, 0xE6,
  0x00, 0x49, 0xFF, 0xE6, 0x00, 0x4A, 0xFF, 0xE6, 0x00, 0x4B, 0xFF, 0xE6, 0x00, 0x4C, 0xFF, 0xE6,
  0x00, 0x5E, 0xFF, 0xE6, 0x00, 0x5F, 0xFF, 0xE6, 0x00, 0x60, 0xFF, 0xE6, 0x00, 0x61, 0xFF, 0xE6,
  0x00, 0x62, 0xFF, 0xE6, 0x00, 0x64, 0xFF, 0xE6, 0x00, 0x67, 0xFF, 0xE6, 0x00, 0x78, 0xFF, 0xE6,
  0x00, 0x7F, 0xFF, 0xE6, 0x00, 0x0B, 0x00, 0x63, 0xFF, 0xEF, 0x00, 0x91, 0xFF, 0xE2, 0x00, 0x94,
  0x00, 0x13, 0x00, 0x98, 0xFF, 0xF2, 0x00, 0x9A, 0xFF, 0xEC, 0x00, 0xAF, 0xFF, 0xBE, 0x00, 0xB5,
  0xFF, 0xCA, 0x00, 0xB9, 0xFF, 0xD8, 0x00, 0xCB, 0xFF, 0xCA, 0x00, 0xCC, 0xFF, 0xF3, 0x00, 0xDB,
  0xFF, 0xF9, 0x00, 0x01, 0x00, 0x91, 0xFF, 0xF5, 0x00, 0x06, 0x00, 0x71, 0xFF, 0xEC, 0x00, 0x73,
  0xFF, 0xDD, 0x00, 0x94, 0xFF, 0xDE, 0x00, 0xB4, 0xFF, 0xEC, 0x00, 0xB7, 0xFF, 0xDF, 0x00, 0xBA,
  0xFF, 0xC8, 0x00, 0x17, 0x00, 0x01, 0xFF, 0xD8, 0x00, 0x02, 0xFF, 0xD8, 0x00, 0x03, 0xFF, 0xD8,
  0x00, 0x04, 0xFF, 0xD8, 0x00, 0x05, 0xFF, 0xD8, 0x00, 0x06, 0xFF, 0xD8, 0x00, 0x07, 0xFF, 0xD8,
  0x00, 0x08, 0xFF, 0xE1, 0x00, 0x2E, 0xFF, 0xE5, 0x00, 0x34, 0xFF, 0xDE, 0x00, 0x35, 0xFF, 0xD8,
  0x00, 0x36, 0xFF, 0xD2, 0x00, 0x37, 0xFF, 0xD8, 0x00, 0x38, 0xFF, 0xD8, 0x00, 0x8F, 0xFF, 0xFC,
  0x00, 0x94, 0xFF, 0xFA, 0x00, 0x98, 0xFF, 0xF9, 0x00, 0xAE, 0xFF, 0xD8, 0x00, 0xAF, 0xFF, 0xE2,
  0x00, 0xB9, 0xFF, 0xD8, 0x00, 0xBA, 0xFF, 0xDE, 0x00, 0xBE, 0xFF, 0xC4, 0x00, 0xC0, 0xFF, 0xDE,
  0x00, 0x2F, 0x00, 0x0A, 0xFF, 0xFC, 0x00, 0x0B, 0xFF, 0xFC, 0x00, 0x14, 0xFF, 0xFC, 0x00, 0x22,
  0xFF, 0xFC, 0x00, 0x23, 0xFF, 0xFC, 0x00, 0x24, 0xFF, 0xFC, 0x00, 0x25, 0xFF, 0xFC, 0x00, 0x26,
  0xFF, 0xFC, 0x00, 0x28, 0xFF, 0xFC, 0x00, 0x2B, 0xFF, 0xFC, 0x00, 0x2E, 0xFF, 0xF7, 0x00, 0x34,
  0xFF, 0xF2, 0x00, 0x35, 0xFF, 0xF5, 0x00, 0x37, 0xFF, 0xEE, 0x00, 0x38, 0xFF, 0xEE, 0x00, 0x3A,
  0xFF, 0xFC, 0x00, 0x44, 0xFF, 0xF9, 0x00, 0x45, 0xFF, 0xF9, 0x00, 0x46, 0xFF, 0xF9, 0x00, 0x47,
  0xFF, 0xF9, 0x00, 0x48, 0xFF, 0xF9, 0x00, 0x49, 0xFF, 0xF9, 0x00, 0x4A, 0xFF, 0xF9, 0x00, 0x4B,
  0xFF, 0xF9, 0x00, 0x4C, 0xFF, 0xF9, 0x00, 0x4D, 0x00, 0x0D, 0x00, 0x5E, 0xFF, 0xF9, 0x00, 0x5F,
  0xFF, 0xF9, 0x00, 0x60, 0xFF, 0xF9, 0x00, 0x61, 0xFF, 0xF9, 0x00, 0x62, 0xFF, 0xF9, 0x00, 0x64,
  0xFF, 0xF9, 0x00, 0x67, 0xFF, 0xF9, 0x00, 0x71, 0x00, 0x0D, 0x00, 0x73, 0x00, 0x0D, 0x00, 0x78,
  0xFF, 0xF9, 0x00, 0x7F, 0xFF, 0xF9, 0x00, 0x8D, 0xFF, 0xFC, 0x00, 0x91, 0xFF, 0xF9, 0x00, 0x94,
  0xFF, 0xF9, 0x00, 0x95, 0xFF, 0xF9, 0x00, 0x96, 0xFF, 0xFC, 0x00, 0x9A, 0xFF, 0xF5, 0x00, 0xB8,
  0x00, 0x13, 0x00, 0xD9, 0xFF, 0xF5, 0x00, 0xDB, 0xFF, 0xF9, 0x00, 0xDC, 0xFF, 0xF5, 0x00, 0x17,
  0x00, 0x01, 0xFF, 0xDE, 0x00, 0x02, 0xFF, 0xDE, 0x00, 0x03, 0xFF, 0xDE, 0x00, 0x04, 0xFF, 0xDE,
  0x00, 0x05, 0xFF, 0xDE, 0x00, 0x06, 0xFF, 0xDE, 0x00, 0x07, 0xFF, 0xDE, 0x00, 0x08, 0xFF, 0xE8,
  0x00, 0x2E, 0xFF, 0xF2, 0x00, 0x34, 0xFF, 0xE5, 0x00, 0x35, 0xFF, 0xDC, 0x00, 0x36, 0xFF, 0xD8,
  0x00, 0x37, 0xFF, 0xD4, 0x00, 0x38, 0xFF, 0xD4, 0x00, 0x8E, 0xFF, 0xF9, 0x00, 0x94, 0xFF, 0xF9,
  0x00, 0x96, 0xFF, 0xE8, 0x00, 0x9B, 0xFF, 0xF5, 0x00, 0xB7, 0xFF, 0xEC, 0x00, 0xB9, 0xFF, 0xDB,
  0x00, 0xBA, 0xFF, 0xDE, 0x00, 0xCB, 0xFF, 0xE8, 0x00, 0xE5, 0xFF, 0xF9, 0x00, 0x0C, 0x00, 0x2E,
  0xFF, 0xD8, 0x00, 0x34, 0xFF, 0xE5, 0x00, 0x35, 0xFF, 0xE6, 0x00, 0x37, 0xFF, 0xE2, 0x00, 0x38,
  0xFF, 0xE2, 0x00, 0x74, 0xFF, 0xE6, 0x00, 0x75, 0xFF, 0xE6, 0x00, 0x76, 0xFF, 0xE6, 0x00, 0x9B,
  0xFF, 0xE6, 0x00, 0xB7, 0xFF, 0xCB, 0x00, 0xCC, 0x00, 0x22, 0x00, 0xE5, 0xFF, 0xED, 0x00, 0x1E,
  0x00, 0x01, 0xFF, 0xD8, 0x00, 0x02, 0xFF, 0xD8, 0x00, 0x03, 0xFF, 0xD8, 0x00, 0x04, 0xFF, 0xD8,
  0x00, 0x05, 0xFF, 0xD8, 0x00, 0x06, 0xFF, 0xD8, 0x00, 0x07, 0xFF, 0xD8, 0x00, 0x08, 0xFF, 0xF2,
  0x00, 0x2E, 0xFF, 0xF9, 0x00, 0x34, 0xFF, 0xF2, 0x00, 0x35, 0xFF, 0xF2, 0x00, 0x36, 0xFF, 0xD8,
  0x00, 0x37, 0xFF, 0xE1, 0x00, 0x38, 0xFF, 0xE1, 0x00, 0x4E, 0xFF, 0xF3, 0x00, 0x72, 0xFF, 0xF9,
  0x00, 0x74, 0xFF, 0xF9, 0x00, 0x75, 0xFF, 0xF9, 0x00, 0x76, 0xFF, 0xF9, 0x00, 0x8F, 0xFF, 0xF9,
  0x00, 0x94, 0xFF, 0xF9, 0x00, 0x96, 0xFF, 0xE8, 0x00, 0x9B, 0xFF, 0xF5, 0x00, 0xB7, 0xFF, 0xDC,
  0x00, 0xB8, 0x00, 0x13, 0x00, 0xB9, 0xFF, 0xE2, 0x00, 0xBE, 0xFF, 0xD4, 0x00, 0xC7, 0xFF, 0xF9,
  0x00, 0xC8, 0xFF, 0xF9, 0x00, 0xCB, 0xFF, 0xF5, 0x00, 0x1D, 0x00, 0x01, 0xFF, 0xDE, 0x00, 0x02,
  0xFF, 0xDE, 0x00, 0x03, 0xFF, 0xDE, 0x00, 0x04, 0xFF, 0xDE, 0x00, 0x05, 0xFF, 0xDE, 0x00, 0x06,
  0xFF, 0xDE, 0x00, 0x07, 0xFF, 0xDE, 0x00, 0x08, 0xFF, 0xDB, 0x00, 0x2E, 0xFF, 0xF2, 0x00, 0x34,
  0xFF, 0xF2, 0x00, 0x35, 0xFF, 0xD8, 0x00, 0x36, 0xFF, 0xD6, 0x00, 0x37, 0xFF, 0xCA, 0x00, 0x38,
  0xFF, 0xCA, 0x00, 0x4E, 0xFF, 0xF9, 0x00, 0x8F, 0xFF, 0xF5, 0x00, 0x92, 0xFF, 0xEC, 0x00, 0x94,
  0xFF, 0xF5, 0x00, 0x96, 0xFF, 0xEC, 0x00, 0x98, 0xFF, 0xF8, 0x00, 0x9B, 0xFF, 0xF0, 0x00, 0xAE,
  0xFF, 0xDE, 0x00, 0xB7, 0xFF, 0xDC, 0x00, 0xB9, 0xFF, 0xDE, 0x00, 0xBA, 0xFF, 0xEF, 0x00, 0xBE,
  0xFF, 0xD8, 0x00, 0xC0, 0xFF, 0xE2, 0x00, 0xCB, 0xFF, 0xF5, 0x00, 0xE5, 0xFF, 0xF9, 0x00, 0x55,
  0x00, 0x01, 0xFF, 0xB3, 0x00, 0x02, 0xFF, 0xB3, 0x00, 0x03, 0xFF, 0xB3, 0x00, 0x04, 0xFF, 0xB3,
  0x00, 0x05, 0xFF, 0xB3, 0x00, 0x06, 0xFF, 0xB3, 0x00, 0x07, 0xFF, 0xB3, 0x00, 0x0A, 0xFF, 0xF5,
  0x00, 0x0B, 0xFF, 0xF5, 0x00, 0x14, 0xFF, 0xF5, 0x00, 0x1B, 0xFF, 0xD8, 0x00, 0x22, 0xFF, 0xF5,
  0x00, 0x23, 0xFF, 0xF5, 0x00, 0x24, 0xFF, 0xF5, 0x00, 0x25, 0xFF, 0xF5, 0x00, 0x26, 0xFF, 0xF5,
  0x00, 0x27, 0xFF, 0xEF, 0x00, 0x28, 0xFF, 0xF5, 0x00, 0x2B, 0xFF, 0xF5, 0x00, 0x34, 0x00, 0x14,
  0x00, 0x35, 0x00, 0x0D, 0x00, 0x3A, 0xFF, 0xF5, 0x00, 0x3B, 0xFF, 0xF2, 0x00, 0x3C, 0xFF, 0xF2,
  0x00, 0x3D, 0xFF, 0xF2, 0x00, 0x3E, 0xFF, 0xF2, 0x00, 0x3F, 0xFF, 0xF2, 0x00, 0x40, 0xFF, 0xF2,
  0x00, 0x41, 0xFF, 0xF2, 0x00, 0x42, 0xFF, 0xF2, 0x00, 0x44, 0xFF, 0xD0, 0x00, 0x45, 0xFF, 0xD0,
  0x00, 0x46, 0xFF, 0xD0, 0x00, 0x47, 0xFF, 0xD0, 0x00, 0x48, 0xFF, 0xD0, 0x00, 0x49, 0xFF, 0xD0,
  0x00, 0x4A, 0xFF, 0xD0, 0x00, 0x4B, 0xFF, 0xD0, 0x00, 0x4C, 0xFF, 0xD0, 0x00, 0x4D, 0x00, 0x0D,
  0x00, 0x4E, 0xFF, 0xC5, 0x00, 0x5B, 0xFF, 0xF5, 0x00, 0x5C, 0xFF, 0xF5, 0x00, 0x5D, 0xFF, 0xF5,
  0x00, 0x5E, 0xFF, 0xD0, 0x00, 0x5F, 0xFF, 0xD0, 0x00, 0x60, 0xFF, 0xD0, 0x00, 0x61, 0xFF, 0xD0,
  0x00, 0x62, 0xFF, 0xD0, 0x00, 0x64, 0xFF, 0xD0, 0x00, 0x65, 0xFF, 0xF2, 0x00, 0x67, 0xFF, 0xD0,
  0x00, 0x68, 0xFF, 0xF5, 0x00, 0x69, 0xFF, 0xDA, 0x00, 0x78, 0xFF, 0xD0, 0x00, 0x7F, 0xFF, 0xD0,
  0x00, 0x8D, 0xFF, 0xFA, 0x00, 0x8E, 0x00, 0x13, 0x00, 0x8F, 0xFF, 0xF5, 0x00, 0x90, 0xFF, 0xF5,
  0x00, 0x91, 0xFF, 0xCA, 0x00, 0x92, 0xFF, 0xE8, 0x00, 0x93, 0xFF, 0xF5, 0x00, 0x95, 0xFF, 0xF9,
  0x00, 0x96, 0xFF, 0xF5, 0x00, 0x98, 0xFF, 0xF7, 0x00, 0x9A, 0xFF, 0xDE, 0x00, 0xAE, 0xFF, 0xC4,
  0x00, 0xAF, 0xFF, 0xCE, 0x00, 0xB1, 0xFF, 0xE5, 0x00, 0xB5, 0xFF, 0xCD, 0x00, 0xB9, 0xFF, 0xB3,
  0x00, 0xBB, 0xFF, 0xC3, 0x00, 0xBD, 0xFF, 0xF2, 0x00, 0xBE, 0xFF, 0xD1, 0x00, 0xC5, 0xFF, 0xD4,
  0x00, 0xC7, 0x00, 0x1E, 0x00, 0xC8, 0x00, 0x1E, 0x00, 0xCB, 0xFF, 0xB2, 0x00, 0xCC, 0xFF, 0xDB,
  0x00, 0xD4, 0xFF, 0xDE, 0x00, 0xD9, 0xFF, 0xF5, 0x00, 0xDB, 0xFF, 0xF5, 0x00, 0xDC, 0xFF, 0xF2,
  0x00, 0xDF, 0xFF, 0xE5, 0x00, 0x1A, 0x00, 0x01, 0xFF, 0xE8, 0x00, 0x02, 0xFF, 0xE8, 0x00, 0x03,
  0xFF, 0xE8, 0x00, 0x04, 0xFF, 0xE8, 0x00, 0x05, 0xFF, 0xE8, 0x00, 0x06, 0xFF, 0xE8, 0x00, 0x07,
  0xFF, 0xE8, 0x00, 0x08, 0xFF, 0xE8, 0x00, 0x2E, 0xFF, 0xF2, 0x00, 0x34, 0xFF, 0xE0, 0x00, 0x35,
  0xFF, 0xD8, 0x00, 0x36, 0xFF, 0xD8, 0x00, 0x37, 0xFF, 0xD4, 0x00, 0x38, 0xFF, 0xD4, 0x00, 0x72,
  0xFF, 0xF9, 0x00, 0x8E, 0xFF, 0xEC, 0x00, 0x8F, 0xFF, 0xF9, 0x00, 0x94, 0xFF, 0xF5, 0x00, 0x96,
  0xFF, 0xE8, 0x00, 0x9B, 0xFF, 0xE3, 0x00, 0xB7, 0xFF, 0xE2, 0x00, 0xB9, 0xFF, 0xF2, 0x00, 0xBA,
  0xFF, 0xDE, 0x00, 0xBE, 0xFF, 0xCB, 0x00, 0xC0, 0xFF, 0xD2, 0x00, 0xCB, 0xFF, 0xF5, 0x00, 0x18,
  0x00, 0x01, 0xFF, 0xD1, 0x00, 0x02, 0xFF, 0xD1, 0x00, 0x03, 0xFF, 0xD1, 0x00, 0x04, 0xFF, 0xD1,
  0x00, 0x05, 0xFF, 0xD1, 0x00, 0x06, 0xFF, 0xD1, 0x00, 0x07, 0xFF, 0xD1, 0x00, 0x08, 0xFF, 0xD4,
  0x00, 0x2E, 0xFF, 0xF2, 0x00, 0x34, 0xFF, 0xE2, 0x00, 0x35, 0xFF, 0xDC, 0x00, 0x36, 0xFF, 0xC8,
  0x00, 0x37, 0xFF, 0xCE, 0x00, 0x38, 0xFF, 0xCE, 0x00, 0x8E, 0xFF, 0xF9, 0x00, 0x8F, 0xFF, 0xF9,
  0x00, 0x90, 0xFF, 0xF9, 0x00, 0x94, 0xFF, 0xF5, 0x00, 0x95, 0xFF, 0xF9, 0x00, 0xAE, 0xFF, 0xE2,
  0x00, 0xB9, 0xFF, 0xCE, 0x00, 0xBA, 0xFF, 0xE2, 0x00, 0xBE, 0xFF, 0xCE, 0x00, 0xC0, 0xFF, 0xD5,
  0x00, 0x18, 0x00, 0x01, 0xFF, 0xDE, 0x00, 0x02, 0xFF, 0xDE, 0x00, 0x03, 0xFF, 0xDE, 0x00, 0x04,
  0xFF, 0xDE, 0x00, 0x05, 0xFF, 0xDE, 0x00, 0x06, 0xFF, 0xDE, 0x00, 0x07, 0xFF, 0xDE, 0x00, 0x08,
  0xFF, 0xDC, 0x00, 0x34, 0xFF, 0xF9, 0x00, 0x35, 0xFF, 0xF9, 0x00, 0x36, 0xFF, 0xD8, 0x00, 0x71,
  0xFF, 0xE8, 0x00, 0x72, 0xFF, 0xE8, 0x00, 0x74, 0xFF, 0xF2, 0x00, 0x75, 0xFF, 0xF2, 0x00, 0x76,
  0xFF, 0xF2, 0x00, 0x8F, 0xFF, 0xF8, 0x00, 0x9B, 0xFF, 0xE2, 0x00, 0xB7, 0xFF, 0xDC, 0x00, 0xB9,
  0xFF, 0xF2, 0x00, 0xBE, 0xFF, 0xE2, 0x00, 0xCB, 0xFF, 0xDE, 0x00, 0xDE, 0xFF, 0xF3, 0x00, 0xDF,
  0xFF, 0xED, 0x00, 0x1F, 0x00, 0x01, 0xFF, 0xF5, 0x00, 0x02, 0xFF, 0xF5, 0x00, 0x03, 0xFF, 0xF5,
  0x00, 0x04, 0xFF, 0xF5, 0x00, 0x05, 0xFF, 0xF5, 0x00, 0x06, 0xFF, 0xF5, 0x00, 0x07, 0xFF, 0xF5,
  0x00, 0x2E, 0xFF, 0xE5, 0x00, 0x34, 0xFF, 0xD1, 0x00, 0x35, 0xFF, 0xCA, 0x00, 0x36, 0xFF, 0xD4,
  0x00, 0x37, 0xFF, 0xC0, 0x00, 0x38, 0xFF, 0xC0, 0x00, 0x71, 0xFF, 0xDE, 0x00, 0x72, 0xFF, 0xF9,
  0x00, 0x74, 0xFF, 0xD8, 0x00, 0x75, 0xFF, 0xD8, 0x00, 0x76, 0xFF, 0xD8, 0x00, 0x8F, 0xFF, 0xF2,
  0x00, 0x94, 0xFF, 0xED, 0x00, 0x96, 0xFF, 0xF9, 0x00, 0x9B, 0xFF, 0xDF, 0x00, 0xB4, 0xFF, 0xE2,
  0x00, 0xB7, 0xFF, 0xB4, 0x00, 0xB9, 0xFF, 0xF2, 0x00, 0xBA, 0xFF, 0xCE, 0x00, 0xBE, 0xFF, 0xDC,
  0x00, 0xC0, 0xFF, 0xED, 0x00, 0xC7, 0xFF, 0xC4, 0x00, 0xC8, 0xFF, 0xC4, 0x00, 0xE5, 0xFF, 0xD8,
  0x00, 0x3B, 0x00, 0x01, 0xFF, 0xB9, 0x00, 0x02, 0xFF, 0xB9, 0x00, 0x03, 0xFF, 0xB9, 0x00, 0x04,
  0xFF, 0xB9, 0x00, 0x05, 0xFF, 0xB9, 0x00, 0x06, 0xFF, 0xB9, 0x00, 0x07, 0xFF, 0xB9, 0x00, 0x08,
  0xFF, 0xA3, 0x00, 0x1B, 0xFF, 0xD4, 0x00, 0x34, 0xFF, 0xF9, 0x00, 0x35, 0xFF, 0xEC, 0x00, 0x36,
  0xFF, 0xE2, 0x00, 0x37, 0xFF, 0xF2, 0x00, 0x38, 0xFF, 0xF2, 0x00, 0x39, 0xFF, 0xE6, 0x00, 0x3B,
  0xFF, 0xE6, 0x00, 0x3C, 0xFF, 0xE6, 0x00, 0x3D, 0xFF, 0xE6, 0x00, 0x3E, 0xFF, 0xE6, 0x00, 0x3F,
  0xFF, 0xE6, 0x00, 0x40, 0xFF, 0xE6, 0x00, 0x41, 0xFF, 0xE6, 0x00, 0x42, 0xFF, 0xE6, 0x00, 0x44,
  0xFF, 0xDC, 0x00, 0x45, 0xFF, 0xDC, 0x00, 0x46, 0xFF, 0xDC, 0x00, 0x47, 0xFF, 0xDC, 0x00, 0x48,
  0xFF, 0xDC, 0x00, 0x49, 0xFF, 0xDC, 0x00, 0x4A, 0xFF, 0xDC, 0x00, 0x4B, 0xFF, 0xDC, 0x00, 0x4C,
  0xFF, 0xDC, 0x00, 0x4E, 0xFF, 0xDF, 0x00, 0x5E, 0xFF, 0xDC, 0x00, 0x5F, 0xFF, 0xDC, 0x00, 0x60,
  0xFF, 0xDC, 0x00, 0x61, 0xFF, 0xDC, 0x00, 0x62, 0xFF, 0xDC, 0x00, 0x64, 0xFF, 0xDC, 0x00, 0x67,
  0xFF, 0xDC, 0x00, 0x69, 0xFF, 0xFC, 0x00, 0x78, 0xFF, 0xDC, 0x00, 0x7F, 0xFF, 0xDC, 0x00, 0x8F,
  0xFF, 0xFA, 0x00, 0x90, 0xFF, 0xEC, 0x00, 0x91, 0xFF, 0xE8, 0x00, 0x92, 0xFF, 0xEC, 0x00, 0x95,
  0xFF, 0xEC, 0x00, 0x98, 0xFF, 0xD8, 0x00, 0x9A, 0xFF, 0xDD, 0x00, 0xAE, 0xFF, 0xAE, 0x00, 0xAF,
  0xFF, 0xC1, 0x00, 0xB5, 0xFF, 0xBD, 0x00, 0xB9, 0xFF, 0xB4, 0x00, 0xBA, 0xFF, 0xE6, 0x00, 0xBB,
  0xFF, 0xC4, 0x00, 0xBE, 0xFF, 0x99, 0x00, 0xC0, 0xFF, 0xCB, 0x00, 0xCB, 0xFF, 0xC4, 0x00, 0x01,
  0x00, 0xA2, 0x00, 0x00, 0x00, 0x0B, 0x00, 0x71, 0xFF, 0xD8, 0x00, 0x8D, 0xFF, 0xD8, 0x00, 0x8E,
  0xFF, 0xDF, 0x00, 0x93, 0xFF, 0xE2, 0x00, 0x94, 0xFF, 0xE2, 0x00, 0x96, 0xFF, 0xE2, 0x00, 0x9B,
  0xFF, 0xB7, 0x00, 0xB4, 0xFF, 0xDE, 0x00, 0xBA, 0xFF, 0xC4, 0x00, 0xC1, 0xFF, 0xCE, 0x00, 0xDF,
  0xFF, 0xC4, 0x00, 0x19, 0x00, 0x0A, 0xFF, 0xEC, 0x00, 0x0B, 0xFF, 0xEC, 0x00, 0x14, 0xFF, 0xEC,
  0x00, 0x22, 0xFF, 0xEC, 0x00, 0x23, 0xFF, 0xEC, 0x00, 0x24, 0xFF, 0xEC, 0x00, 0x25, 0xFF, 0xEC,
  0x00, 0x26, 0xFF, 0xEC, 0x00, 0x28, 0xFF, 0xEC, 0x00, 0x2B, 0xFF, 0xEC, 0x00, 0x2E, 0xFF, 0xB0,
  0x00, 0x34, 0xFF, 0xB4, 0x00, 0x35, 0xFF, 0xC8, 0x00, 0x37, 0xFF, 0xA7, 0x00, 0x38, 0xFF, 0xA7,
  0x00, 0x3A, 0xFF, 0xEC, 0x00, 0x6B, 0xFF, 0xE2, 0x00, 0x71, 0xFF, 0xD4, 0x00, 0x72, 0xFF, 0xE2,
  0x00, 0x74, 0xFF, 0xC8, 0x00, 0x75, 0xFF, 0xC8, 0x00, 0x76, 0xFF, 0xC8, 0x00, 0x9B, 0xFF, 0xC4,
  0x00, 0xBA, 0xFF, 0xC1, 0x00, 0xE5, 0xFF, 0xC5, 0x00, 0x03, 0x00, 0x34, 0xFF, 0xE2, 0x00, 0x37,
  0xFF, 0xDC, 0x00, 0x38, 0xFF, 0xDC, 0x00, 0x03, 0x00, 0x2E, 0xFF, 0xD4, 0x00, 0x37, 0xFF, 0xF3,
  0x00, 0x38, 0xFF, 0xF3, 0x00, 0x01, 0x00, 0xB7, 0xFF, 0xE6, 0x00, 0x05, 0x00, 0x2E, 0xFF, 0xDB,
  0x00, 0x34, 0xFF, 0xDC, 0x00, 0x35, 0xFF, 0xE2, 0x00, 0x37, 0xFF, 0xDC, 0x00, 0x38, 0xFF, 0xDC,
  0x00, 0x13, 0x00, 0x01, 0xFF, 0xBA, 0x00, 0x02, 0xFF, 0xBA, 0x00, 0x03, 0xFF, 0xBA, 0x00, 0x04,
  0xFF, 0xBA, 0x00, 0x05, 0xFF, 0xBA, 0x00, 0x06, 0xFF, 0xBA, 0x00, 0x07, 0xFF, 0xBA, 0x00, 0x08,
  0xFF, 0xA2, 0x00, 0x1B, 0xFF, 0xD4, 0x00, 0x36, 0xFF, 0xEC, 0x00, 0xAE, 0xFF, 0xA0, 0x00, 0xAF,
  0xFF, 0xBA, 0x00, 0xB5, 0xFF, 0x92, 0x00, 0xB9, 0xFF, 0xB4, 0x00, 0xBB, 0xFF, 0xD2, 0x00, 0xBE,
  0xFF, 0xA6, 0x00, 0xC0, 0xFF, 0xBB, 0x00, 0xC6, 0x00, 0x00, 0x00, 0xCB, 0xFF, 0xD1, 0x00, 0x1E,
  0x00, 0x2E, 0xFF, 0xCA, 0x00, 0x37, 0xFF, 0xCA, 0x00, 0x38, 0xFF, 0xCA, 0x00, 0x44, 0xFF, 0xEC,
  0x00, 0x45, 0xFF, 0xEC, 0x00, 0x46, 0xFF, 0xEC, 0x00, 0x47, 0xFF, 0xEC, 0x00, 0x48, 0xFF, 0xEC,
  0x00, 0x49, 0xFF, 0xEC, 0x00, 0x4A, 0xFF, 0xEC, 0x00, 0x4B, 0xFF, 0xEC, 0x00, 0x4C, 0xFF, 0xEC,
  0x00, 0x5E, 0xFF, 0xEC, 0x00, 0x5F, 0xFF, 0xEC, 0x00, 0x60, 0xFF, 0xEC, 0x00, 0x61, 0xFF, 0xEC,
  0x00, 0x62, 0xFF, 0xEC, 0x00, 0x64, 0xFF, 0xEC, 0x00, 0x67, 0xFF, 0xEC, 0x00, 0x71, 0xFF, 0xF5,
  0x00, 0x77, 0x00, 0x14, 0x00, 0x78, 0xFF, 0xEC, 0x00, 0x7F, 0xFF, 0xEC, 0x00, 0x93, 0xFF, 0xDE,
  0x00, 0x94, 0xFF, 0xF5, 0x00, 0x96, 0xFF, 0xF5, 0x00, 0x9B, 0xFF, 0xCA, 0x00, 0xB4, 0xFF, 0xDE,
  0x00, 0xBA, 0xFF, 0xDC, 0x00, 0xE5, 0xFF, 0xE7, 0x00, 0x30, 0x00, 0x01, 0xFF, 0xA0, 0x00, 0x02,
  0xFF, 0xA0, 0x00, 0x03, 0xFF, 0xA0, 0x00, 0x04, 0xFF, 0xA0, 0x00, 0x05, 0xFF, 0xA0, 0x00, 0x06,
  0xFF, 0xA0, 0x00, 0x07, 0xFF, 0xA0, 0x00, 0x08, 0xFF, 0x85, 0x00, 0x1B, 0xFF, 0xC0, 0x00, 0x3B,
  0xFF, 0xE3, 0x00, 0x3C, 0xFF, 0xE3, 0x00, 0x3D, 0xFF, 0xE3, 0x00, 0x3E, 0xFF, 0xE3, 0x00, 0x3F,
  0xFF, 0xE3, 0x00, 0x40, 0xFF, 0xE3, 0x00, 0x41, 0xFF, 0xE3, 0x00, 0x42, 0xFF, 0xE3, 0x00, 0x44,
  0xFF, 0xDF, 0x00, 0x45, 0xFF, 0xDF, 0x00, 0x46, 0xFF, 0xDF, 0x00, 0x47, 0xFF, 0xDF, 0x00, 0x48,
  0xFF, 0xDF, 0x00, 0x49, 0xFF, 0xDF, 0x00, 0x4A, 0xFF, 0xDF, 0x00, 0x4B, 0xFF, 0xDF, 0x00, 0x4C,
  0xFF, 0xDF, 0x00, 0x5E, 0xFF, 0xDF, 0x00, 0x5F, 0xFF, 0xDF, 0x00, 0x60, 0xFF, 0xDF, 0x00, 0x61,
  0xFF, 0xDF, 0x00, 0x62, 0xFF, 0xDF, 0x00, 0x64, 0xFF, 0xDF, 0x00, 0x67, 0xFF, 0xDF, 0x00, 0x69,
  0xFF, 0xE8, 0x00, 0x78, 0xFF, 0xDF, 0x00, 0x7F, 0xFF, 0xDF, 0x00, 0x91, 0xFF, 0x9C, 0x00, 0x92,
  0xFF, 0xD5, 0x00, 0x93, 0xFF, 0xDC, 0x00, 0x95, 0xFF, 0xE2, 0x00, 0x98, 0xFF, 0xC0, 0x00, 0x9A,
  0xFF, 0xBE, 0x00, 0xB2, 0xFF, 0xE6, 0x00, 0xB5, 0xFF, 0xA6, 0x00, 0xB9, 0xFF, 0x89, 0x00, 0xBE,
  0xFF, 0xAF, 0x00, 0xCB, 0xFF, 0xC8, 0x00, 0xCC, 0xFF, 0xD2, 0x00, 0x60, 0x00, 0x09, 0x00, 0x2F,
  0x00, 0x0A, 0xFF, 0xE2, 0x00, 0x0B, 0xFF, 0xE2, 0x00, 0x0C, 0x00, 0x2F, 0x00, 0x0E, 0x00, 0x2F,
  0x00, 0x0F, 0x00, 0x2F, 0x00, 0x10, 0x00, 0x2F, 0x00, 0x11, 0x00, 0x2F, 0x00, 0x12, 0x00, 0x2F,
  0x00, 0x13, 0x00, 0x2F, 0x00, 0x14, 0xFF, 0xE2, 0x00, 0x15, 0x00, 0x2F, 0x00, 0x16, 0x00, 0x2F,
  0x00, 0x17, 0x00, 0x2F, 0x00, 0x18, 0x00, 0x3C, 0x00, 0x19, 0x00, 0x35, 0x00, 0x1A, 0x00, 0x2F,
  0x00, 0x1B, 0xFF, 0xD8, 0x00, 0x1C, 0x00, 0x2F, 0x00, 0x1D, 0x00, 0x2F, 0x00, 0x1E, 0x00, 0x2F,
  0x00, 0x1F, 0x00, 0x2F, 0x00, 0x20, 0x00, 0x2F, 0x00, 0x21, 0x00, 0x2F, 0x00, 0x22, 0xFF, 0xE2,
  0x00, 0x23, 0xFF, 0xE2, 0x00, 0x24, 0xFF, 0xE2, 0x00, 0x25, 0xFF, 0xE2, 0x00, 0x26, 0xFF, 0xE2,
  0x00, 0x27, 0xFF, 0xE2, 0x00, 0x28, 0xFF, 0xE2, 0x00, 0x29, 0x00, 0x2F, 0x00, 0x2A, 0x00, 0x2F,
  0x00, 0x2B, 0xFF, 0xE2, 0x00, 0x2C, 0x00, 0x2F, 0x00, 0x2E, 0x00, 0x14, 0x00, 0x34, 0x00, 0x1E,
  0x00, 0x35, 0x00, 0x0D, 0x00, 0x37, 0x00, 0x1A, 0x00, 0x38, 0x00, 0x1A, 0x00, 0x3A, 0xFF, 0xE2,
  0x00, 0x3B, 0xFF, 0xC8, 0x00, 0x3C, 0xFF, 0xC8, 0x00, 0x3D, 0xFF, 0xC8, 0x00, 0x3E, 0xFF, 0xC8,
  0x00, 0x3F, 0xFF, 0xC8, 0x00, 0x40, 0xFF, 0xC8, 0x00, 0x41, 0xFF, 0xC8, 0x00, 0x42, 0xFF, 0xC8,
  0x00, 0x44, 0xFF, 0xCE, 0x00, 0x45, 0xFF, 0xCE, 0x00, 0x46, 0xFF, 0xCE, 0x00, 0x47, 0xFF, 0xCE,
  0x00, 0x48, 0xFF, 0xCE, 0x00, 0x49, 0xFF, 0xCE, 0x00, 0x4A, 0xFF, 0xCE, 0x00, 0x4B, 0xFF, 0xCE,
  0x00, 0x4C, 0xFF, 0xCE, 0x00, 0x4E, 0xFF, 0xD5, 0x00, 0x5B, 0xFF, 0xED, 0x00, 0x5C, 0xFF, 0xED,
  0x00, 0x5D, 0xFF, 0xED, 0x00, 0x5E, 0xFF, 0xCE, 0x00, 0x5F, 0xFF, 0xCE, 0x00, 0x60, 0xFF, 0xCE,
  0x00, 0x61, 0xFF, 0xCE, 0x00, 0x62, 0xFF, 0xCE, 0x00, 0x64, 0xFF, 0xCE, 0x00, 0x67, 0xFF, 0xCE,
  0x00, 0x68, 0xFF, 0xED, 0x00, 0x69, 0xFF, 0xE2, 0x00, 0x78, 0xFF, 0xCE, 0x00, 0x7F, 0xFF, 0xCE,
  0x00, 0x8D, 0xFF, 0xEC, 0x00, 0x90, 0xFF, 0xDE, 0x00, 0x91, 0xFF, 0xC0, 0x00, 0x92, 0xFF, 0xE2,
  0x00, 0x93, 0xFF, 0xE8, 0x00, 0x95, 0xFF, 0xF2, 0x00, 0x96, 0xFF, 0xDE, 0x00, 0x98, 0xFF, 0xF5,
  0x00, 0x9A, 0xFF, 0xEA, 0x00, 0x9B, 0xFF, 0xE8, 0x00, 0xAE, 0xFF, 0x89, 0x00, 0xAF, 0xFF, 0xC4,
  0x00, 0xB5, 0xFF, 0xBE, 0x00, 0xB7, 0xFF, 0xE6, 0x00, 0xB9, 0xFF, 0x88, 0x00, 0xBB, 0xFF, 0xA9,
  0x00, 0xBD, 0xFF, 0xC8, 0x00, 0xBE, 0xFF, 0x70, 0x00, 0xCB, 0xFF, 0xAF, 0x00, 0xCC, 0xFF, 0xCE,
  0x00, 0xD2, 0x00, 0x2F, 0x00, 0xD3, 0x00, 0x2F, 0x00, 0xD9, 0xFF, 0xD1, 0x00, 0x30, 0x00, 0x0A,
  0xFF, 0xF9, 0x00, 0x0B, 0xFF, 0xF9, 0x00, 0x14, 0xFF, 0xF9, 0x00, 0x22, 0xFF, 0xF9, 0x00, 0x23,
  0xFF, 0xF9, 0x00, 0x24, 0xFF, 0xF9, 0x00, 0x25, 0xFF, 0xF9, 0x00, 0x26, 0xFF, 0xF9, 0x00, 0x28,
  0xFF, 0xF9, 0x00, 0x2B, 0xFF, 0xF9, 0x00, 0x2E, 0xFF, 0xE0, 0x00, 0x34, 0xFF, 0xC4, 0x00, 0x35,
  0xFF, 0xD1, 0x00, 0x37, 0xFF, 0xBA, 0x00, 0x38, 0xFF, 0xBA, 0x00, 0x3A, 0xFF, 0xF9, 0x00, 0x44,
  0xFF, 0xE3, 0x00, 0x45, 0xFF, 0xE3, 0x00, 0x46, 0xFF, 0xE3, 0x00, 0x47, 0xFF, 0xE3, 0x00, 0x48,
  0xFF, 0xE3, 0x00, 0x49, 0xFF, 0xE3, 0x00, 0x4A, 0xFF, 0xE3, 0x00, 0x4B, 0xFF, 0xE3, 0x00, 0x4C,
  0xFF, 0xE3, 0x00, 0x5E, 0xFF, 0xE3, 0x00, 0x5F, 0xFF, 0xE3, 0x00, 0x60, 0xFF, 0xE3, 0x00, 0x61,
  0xFF, 0xE3, 0x00, 0x62, 0xFF, 0xE3, 0x00, 0x64, 0xFF, 0xE3, 0x00, 0x67, 0xFF, 0xE3, 0x00, 0x78,
  0xFF, 0xE3, 0x00, 0x7F, 0xFF, 0xE3, 0x00, 0x8D, 0xFF, 0xE8, 0x00, 0x93, 0xFF, 0xDC, 0x00, 0x94,
  0xFF, 0xF5, 0x00, 0x95, 0xFF, 0xDE, 0x00, 0x96, 0xFF, 0xE2, 0x00, 0x9A, 0xFF, 0xF3, 0x00, 0x9B,
  0xFF, 0xC7, 0x00, 0xAF, 0x00, 0x2F, 0x00, 0xB4, 0xFF, 0xE2, 0x00, 0xBA, 0xFF, 0x81, 0x00, 0xBD,
  0xFF, 0xE2, 0x00, 0xBE, 0x00, 0x2E, 0x00, 0xC7, 0xFF, 0xA0, 0x00, 0xC8, 0xFF, 0xA0, 0x00, 0x06,
  0x00, 0x71, 0xFF, 0xD8, 0x00, 0x8E, 0xFF, 0xD8, 0x00, 0x94, 0xFF, 0xEE, 0x00, 0x9B, 0xFF, 0xD1,
  0x00, 0xB4, 0xFF, 0xE2, 0x00, 0xBA, 0xFF, 0xB4, 0x00, 0x03, 0x00, 0x94, 0xFF, 0xCA, 0x00, 0xB9,
  0xFF, 0xD4, 0x00, 0xBA, 0xFF, 0xD4, 0x00, 0x25, 0x00, 0x0A, 0xFF, 0xEE, 0x00, 0x0B, 0xFF, 0xEE,
  0x00, 0x14, 0xFF, 0xEE, 0x00, 0x22, 0xFF, 0xEE, 0x00, 0x23, 0xFF, 0xEE, 0x00, 0x24, 0xFF, 0xEE,
  0x00, 0x25, 0xFF, 0xEE, 0x00, 0x26, 0xFF, 0xEE, 0x00, 0x28, 0xFF, 0xEE, 0x00, 0x2B, 0xFF, 0xEE,
  0x00, 0x2E, 0xFF, 0xC4, 0x00, 0x2F, 0xFF, 0xD8, 0x00, 0x30, 0xFF, 0xD8, 0x00, 0x31, 0xFF, 0xD8,
  0x00, 0x32, 0xFF, 0xD8, 0x00, 0x33, 0xFF, 0xD8, 0x00, 0x34, 0xFF, 0xA2, 0x00, 0x35, 0xFF, 0xBA,
  0x00, 0x37, 0xFF, 0xBA, 0x00, 0x38, 0xFF, 0xBA, 0x00, 0x3A, 0xFF, 0xEE, 0x00, 0x57, 0x00, 0x26,
  0x00, 0x8D, 0xFF, 0xC4, 0x00, 0x8E, 0xFF, 0xC8, 0x00, 0x91, 0xFF, 0xC8, 0x00, 0x92, 0xFF, 0xCB,
  0x00, 0x93, 0xFF, 0xB6, 0x00, 0x94, 0xFF, 0xF2, 0x00, 0x95, 0xFF, 0xCB, 0x00, 0x96, 0xFF, 0xBA,
  0x00, 0x98, 0xFF, 0xD4, 0x00, 0x9A, 0xFF, 0xD2, 0x00, 0x9B, 0xFF, 0x95, 0x00, 0xB4, 0xFF, 0xD4,
  0x00, 0xB7, 0xFF, 0xAF, 0x00, 0xBA, 0xFF, 0x69, 0x00, 0xCC, 0xFF, 0xD8, 0x00, 0x37, 0x00, 0x01,
  0xFF, 0xF2, 0x00, 0x02, 0xFF, 0xF2, 0x00, 0x03, 0xFF, 0xF2, 0x00, 0x04, 0xFF, 0xF2, 0x00, 0x05,
  0xFF, 0xF2, 0x00, 0x06, 0xFF, 0xF2, 0x00, 0x07, 0xFF, 0xF2, 0x00, 0x0A, 0xFF, 0xC7, 0x00, 0x0B,
  0xFF, 0xC7, 0x00, 0x14, 0xFF, 0xC7, 0x00, 0x22, 0xFF, 0xC7, 0x00, 0x23, 0xFF, 0xC7, 0x00, 0x24,
  0xFF, 0xC7, 0x00, 0x25, 0xFF, 0xC7, 0x00, 0x26, 0xFF, 0xC7, 0x00, 0x28, 0xFF, 0xC7, 0x00, 0x2B,
  0xFF, 0xC7, 0x00, 0x3A, 0xFF, 0xC7, 0x00, 0x3B, 0xFF, 0xD2, 0x00, 0x3C, 0xFF, 0xD2, 0x00, 0x3D,
  0xFF, 0xD2, 0x00, 0x3E, 0xFF, 0xD2, 0x00, 0x3F, 0xFF, 0xD2, 0x00, 0x40, 0xFF, 0xD2, 0x00, 0x41,
  0xFF, 0xD2, 0x00, 0x42, 0xFF, 0xD2, 0x00, 0x44, 0xFF, 0xD2, 0x00, 0x45, 0xFF, 0xD2, 0x00, 0x46,
  0xFF, 0xD2, 0x00, 0x47, 0xFF, 0xD2, 0x00, 0x48, 0xFF, 0xD2, 0x00, 0x49, 0xFF, 0xD2, 0x00, 0x4A,
  0xFF, 0xD2, 0x00, 0x4B, 0xFF, 0xD2, 0x00, 0x4C, 0xFF, 0xD2, 0x00, 0x5E, 0xFF, 0xD2, 0x00, 0x5F,
  0xFF, 0xD2, 0x00, 0x60, 0xFF, 0xD2, 0x00, 0x61, 0xFF, 0xD2, 0x00, 0x62, 0xFF, 0xD2, 0x00, 0x64,
  0xFF, 0xD2, 0x00, 0x67, 0xFF, 0xD2, 0x00, 0x69, 0xFF, 0xEC, 0x00, 0x6B, 0xFF, 0xF9, 0x00, 0x78,
  0xFF, 0xD2, 0x00, 0x7F, 0xFF, 0xD2, 0x00, 0x8D, 0xFF, 0xDE, 0x00, 0x91, 0xFF, 0xDE, 0x00, 0x93,
  0xFF, 0xE2, 0x00, 0x95, 0xFF, 0xD2, 0x00, 0x96, 0xFF, 0xDC, 0x00, 0x9A, 0xFF, 0xD8, 0x00, 0x9B,
  0xFF, 0xC8, 0x00, 0xCB, 0xFF, 0xDE, 0x00, 0xCC, 0xFF, 0xD8, 0x00, 0x1D, 0x00, 0x0A, 0xFF, 0xDC,
  0x00, 0x0B, 0xFF, 0xDC, 0x00, 0x14, 0xFF, 0xDC, 0x00, 0x22, 0xFF, 0xDC, 0x00, 0x23, 0xFF, 0xDC,
  0x00, 0x24, 0xFF, 0xDC, 0x00, 0x25, 0xFF, 0xDC, 0x00, 0x26, 0xFF, 0xDC, 0x00, 0x28, 0xFF, 0xDC,
  0x00, 0x2B, 0xFF, 0xDC, 0x00, 0x3A, 0xFF, 0xDC, 0x00, 0x44, 0xFF, 0xCE, 0x00, 0x45, 0xFF, 0xCE,
  0x00, 0x46, 0xFF, 0xCE, 0x00, 0x47, 0xFF, 0xCE, 0x00, 0x48, 0xFF, 0xCE, 0x00, 0x49, 0xFF, 0xCE,
  0x00, 0x4A, 0xFF, 0xCE, 0x00, 0x4B, 0xFF, 0xCE, 0x00, 0x4C, 0xFF, 0xCE, 0x00, 0x5E, 0xFF, 0xCE,
  0x00, 0x5F, 0xFF, 0xCE, 0x00, 0x60, 0xFF, 0xCE, 0x00, 0x61, 0xFF, 0xCE, 0x00, 0x62, 0xFF, 0xCE,
  0x00, 0x64, 0xFF, 0xCE, 0x00, 0x67, 0xFF, 0xCE, 0x00, 0x78, 0xFF, 0xCE, 0x00, 0x7F, 0xFF, 0xCE,
  0x00, 0x0E, 0x00, 0x01, 0xFF, 0xD1, 0x00, 0x02, 0xFF, 0xD1, 0x00, 0x03, 0xFF, 0xD1, 0x00, 0x04,
  0xFF, 0xD1, 0x00, 0x05, 0xFF, 0xD1, 0x00, 0x06, 0xFF, 0xD1, 0x00, 0x07, 0xFF, 0xD1, 0x00, 0x08,
  0xFF, 0xC7, 0x00, 0x2E, 0xFF, 0xE2, 0x00, 0x35, 0xFF, 0xE2, 0x00, 0x37, 0xFF, 0xCE, 0x00, 0x38,
  0xFF, 0xCE, 0x00, 0xAE, 0xFF, 0xCE, 0x00, 0xAF, 0xFF, 0xDC, 0x00, 0x01, 0x00, 0x94, 0xFF, 0xDE,
  0x00, 0x06, 0x00, 0x1B, 0xFF, 0xBA, 0x00, 0x91, 0xFF, 0xC1, 0x00, 0x92, 0xFF, 0xE2, 0x00, 0x94,
  0x00, 0x1E, 0x00, 0x9A, 0xFF, 0xCB, 0x00, 0xCB, 0xFF, 0xB0, 0x00, 0x27, 0x00, 0x01, 0xFF, 0xD6,
  0x00, 0x02, 0xFF, 0xD6, 0x00, 0x03, 0xFF, 0xD6, 0x00, 0x04, 0xFF, 0xD6, 0x00, 0x05, 0xFF, 0xD6,
  0x00, 0x06, 0xFF, 0xD6, 0x00, 0x07, 0xFF, 0xD6, 0x00, 0x08, 0xFF, 0xC4, 0x00, 0x2E, 0xFF, 0xD1,
  0x00, 0x34, 0xFF, 0xC4, 0x00, 0x35, 0xFF, 0xD2, 0x00, 0x36, 0xFF, 0xD1, 0x00, 0x37, 0xFF, 0xAC,
  0x00, 0x38, 0xFF, 0xAC, 0x00, 0x72, 0xFF, 0xF9, 0x00, 0x74, 0xFF, 0xEC, 0x00, 0x75, 0xFF, 0xEC,
  0x00, 0x76, 0xFF, 0xEC, 0x00, 0x8E, 0xFF, 0xFA, 0x00, 0x8F, 0xFF, 0xE5, 0x00, 0x90, 0xFF, 0xEC,
  0x00, 0x91, 0xFF, 0xF9, 0x00, 0x94, 0xFF, 0xD4, 0x00, 0x95, 0xFF, 0xF5, 0x00, 0x98, 0xFF, 0xEC,
  0x00, 0x9B, 0xFF, 0xEC, 0x00, 0xAE, 0xFF, 0xE2, 0x00, 0xAF, 0xFF, 0xD5, 0x00, 0xB4, 0xFF, 0xE2,
  0x00, 0xB7, 0xFF, 0xD5, 0x00, 0xB9, 0xFF, 0xCE, 0x00, 0xBA, 0xFF, 0xCE, 0x00, 0xBE, 0xFF, 0xC4,
  0x00, 0xC0, 0xFF, 0xC0, 0x00, 0xC7, 0xFF, 0xD4, 0x00, 0xC8, 0xFF, 0xD4, 0x00, 0xDE, 0xFF, 0xD4,
  0x00, 0xDF, 0xFF, 0xE2, 0x00, 0xE5, 0xFF, 0xD8, 0x00, 0x20, 0x00, 0x0A, 0xFF, 0xF3, 0x00, 0x0B,
  0xFF, 0xF3, 0x00, 0x14, 0xFF, 0xF3, 0x00, 0x22, 0xFF, 0xF3, 0x00, 0x23, 0xFF, 0xF3, 0x00, 0x24,
  0xFF, 0xF3, 0x00, 0x25, 0xFF, 0xF3, 0x00, 0x26, 0xFF, 0xF3, 0x00, 0x28, 0xFF, 0xF3, 0x00, 0x2B,
  0xFF, 0xF3, 0x00, 0x2E, 0xFF, 0xCB, 0x00, 0x34, 0xFF, 0xC8, 0x00, 0x35, 0xFF, 0xDC, 0x00, 0x37,
  0xFF, 0xBE, 0x00, 0x38, 0xFF, 0xBE, 0x00, 0x3A, 0xFF, 0xF3, 0x00, 0x71, 0xFF, 0xF3, 0x00, 0x72,
  0xFF, 0xF3, 0x00, 0x74, 0xFF, 0xF3, 0x00, 0x75, 0xFF, 0xF3, 0x00, 0x76, 0xFF, 0xF3, 0x00, 0x91,
  0xFF, 0xED, 0x00, 0x94, 0xFF, 0xF5, 0x00, 0x96, 0xFF, 0xEC, 0x00, 0x98, 0xFF, 0xF3, 0x00, 0x9B,
  0xFF, 0xED, 0x00, 0xB4, 0xFF, 0xD8, 0x00, 0xB7, 0xFF, 0xBC, 0x00, 0xBA, 0xFF, 0xCB, 0x00, 0xC7,
  0xFF, 0xBE, 0x00, 0xC8, 0xFF, 0xBE, 0x00, 0xE5, 0xFF, 0xDF, 0x00, 0x01, 0x00, 0x94, 0x00, 0x1A,
  0x00, 0x0F, 0x00, 0x01, 0xFF, 0xE5, 0x00, 0x02, 0xFF, 0xE5, 0x00, 0x03, 0xFF, 0xE5, 0x00, 0x04,
  0xFF, 0xE5, 0x00, 0x05, 0xFF, 0xE5, 0x00, 0x06, 0xFF, 0xE5, 0x00, 0x07, 0xFF, 0xE5, 0x00, 0x2E,
  0xFF, 0xCA, 0x00, 0x34, 0xFF, 0xD1, 0x00, 0x35, 0xFF, 0xD1, 0x00, 0x37, 0xFF, 0xB4, 0x00, 0x38,
  0xFF, 0xB4, 0x00, 0x94, 0xFF, 0xEA, 0x00, 0x9B, 0xFF, 0xF9, 0x00, 0xB9, 0xFF, 0xDB, 0x00, 0x12,
  0x00, 0x01, 0xFF, 0xE6, 0x00, 0x02, 0xFF, 0xE6, 0x00, 0x03, 0xFF, 0xE6, 0x00, 0x04, 0xFF, 0xE6,
  0x00, 0x05, 0xFF, 0xE6, 0x00, 0x06, 0xFF, 0xE6, 0x00, 0x07, 0xFF, 0xE6, 0x00, 0x08, 0xFF, 0xEA,
  0x00, 0x2E, 0xFF, 0xC4, 0x00, 0x34, 0xFF, 0xC0, 0x00, 0x35, 0xFF, 0xEE, 0x00, 0x36, 0xFF, 0xDE,
  0x00, 0x37, 0xFF, 0xC4, 0x00, 0x38, 0xFF, 0xC4, 0x00, 0x74, 0xFF, 0xF9, 0x00, 0x75, 0xFF, 0xF9,
  0x00, 0x76, 0xFF, 0xF9, 0x00, 0x94, 0xFF, 0xF2, 0x00, 0x02, 0x00, 0x8E, 0xFF, 0xF5, 0x00, 0x94,
  0xFF, 0xF2, 0x00, 0x06, 0x00, 0x94, 0xFF, 0xD8, 0x00, 0x98, 0xFF, 0xE6, 0x00, 0x9B, 0xFF, 0xF9,
  0x00, 0xAE, 0xFF, 0xC4, 0x00, 0xC0, 0xFF, 0xCA, 0x00, 0xCB, 0xFF, 0xC7, 0x00, 0x04, 0x00, 0x98,
  0xFF, 0xED, 0x00, 0x9B, 0xFF, 0xE2, 0x00, 0xC0, 0xFF, 0xD8, 0x00, 0xCB, 0xFF, 0xD8, 0x00, 0x02,
  0x08, 0x4C, 0x00, 0x04, 0x00, 0x00, 0x08, 0xEC, 0x09, 0xEC, 0x00, 0x22, 0x00, 0x1F, 0x00, 0x00,
  0x00, 0x00, 0x00, 0x00, 0x00, 0x00, 0x00, 0x00, 0x00, 0x00, 0x00, 0x00, 0x00, 0x00, 0x00, 0x00,
  0x00, 0x00, 0x00, 0x00, 0x00, 0x00, 0x00, 0x00, 0x00, 0x00, 0x00, 0x00, 0x00, 0x00, 0x00, 0x00,
  0x00, 0x00, 0x00, 0x00, 0x00, 0x00, 0x00, 0x00, 0x00, 0x00, 0x00, 0x00, 0x00, 0x00, 0x00, 0x00,
  0x00, 0x00, 0x00, 0x00, 0x00, 0x00, 0x00, 0x00, 0x00, 0x00, 0x00, 0x00, 0x00, 0x00, 0x00, 0x00,
  0x00, 0x00, 0x00, 0x00, 0x00, 0x00, 0x00, 0x00, 0x00, 0x00, 0x00, 0x00, 0x00, 0x00, 0x00, 0x00,
  0x00, 0x00, 0xFF, 0xE7, 0x00, 0x00, 0x00, 0x00, 0x00, 0x00, 0xFF, 0xEC, 0x00, 0x00, 0x00, 0x00,
  0xFF, 0xF3, 0xFF, 0xF9, 0x00, 0x00, 0x00, 0x00, 0x00, 0x00, 0x00, 0x00, 0x00, 0x00, 0x00, 0x00,
  0x00, 0x00, 0xFF, 0xCB, 0x00, 0x00, 0x00, 0x00, 0x00, 0x00, 0x00, 0x00, 0x00, 0x00, 0x00, 0x00,
  0x00, 0x00, 0x00, 0x00, 0x00, 0x00, 0x00, 0x00, 0x00, 0x00, 0xFF, 0xD4, 0x00, 0x00, 0xFF, 0xD3,
  0x00, 0x00, 0x00, 0x00, 0xFF, 0xE2, 0x00, 0x00, 0x00, 0x00, 0xFF, 0xE9, 0x00, 0x00, 0x00, 0x00,
  0x00, 0x00, 0x00, 0x00, 0x00, 0x00, 0xFF, 0xD4, 0xFF, 0xE2, 0x00, 0x00, 0x00, 0x00, 0x00, 0x00,
  0x00, 0x00, 0xFF, 0xE9, 0x00, 0x00, 0x00, 0x00, 0x00, 0x00, 0x00, 0x00, 0x00, 0x00, 0x00, 0x00,
  0x00, 0x00, 0x00, 0x00, 0x00, 0x00, 0x00, 0x00, 0x00, 0x00, 0x00, 0x00, 0x00, 0x00, 0xFF, 0xD2,
  0x00, 0x00, 0x00, 0x00, 0x00, 0x00, 0xFF, 0xEF, 0x00, 0x00, 0x00, 0x00, 0xFF, 0xE0, 0xFF, 0xEC,
  0x00, 0x00, 0x00, 0x00, 0x00, 0x00, 0x00, 0x00, 0x00, 0x00, 0x00, 0x00, 0x00, 0x00, 0xFF, 0xCB,
  0x00, 0x00, 0x00, 0x00, 0x00, 0x00, 0x00, 0x00, 0x00, 0x00, 0x00, 0x00, 0x00, 0x00, 0x00, 0x00,
  0x00, 0x00, 0x00, 0x00, 0x00, 0x00, 0xFF, 0xE2, 0x00, 0x00, 0x00, 0x00, 0x00, 0x00, 0x00, 0x00,
  0x00, 0x00, 0x00, 0x00, 0x00, 0x00, 0x00, 0x00, 0x00, 0x00, 0x00, 0x00, 0x00, 0x00, 0x00, 0x00,
  0x00, 0x00, 0xFF, 0xD4, 0xFF, 0xEC, 0x00, 0x00, 0x00, 0x00, 0x00, 0x00, 0x00, 0x00, 0x00, 0x00,
  0x00, 0x00, 0x00, 0x00, 0x00, 0x00, 0x00, 0x00, 0xFF, 0xE9, 0xFF, 0xD8, 0xFF, 0xEC, 0xFF, 0xE2,
  0x00, 0x00, 0xFF, 0xF7, 0x00, 0x00, 0x00, 0x00, 0xFF, 0xAD, 0xFF, 0xC4, 0x00, 0x00, 0xFF, 0xBA,
  0x00, 0x00, 0xFF, 0xDE, 0xFF, 0xB6, 0xFF, 0xE2, 0x00, 0x00, 0xFF, 0xCE, 0x00, 0x00, 0x00, 0x00,
  0x00, 0x00, 0x00, 0x00, 0x00, 0x00, 0x00, 0x00, 0x00, 0x00, 0xFF, 0xBE, 0xFF, 0xA9, 0x00, 0x00,
  0x00, 0x00, 0x00, 0x00, 0x00, 0x00, 0x00, 0x00, 0x00, 0x00, 0x00, 0x00, 0x00, 0x00, 0x00, 0x00,
  0x00, 0x00, 0x00, 0x00, 0x00, 0x00, 0x00, 0x00, 0xFF, 0xEE, 0x00, 0x00, 0x00, 0x00, 0x00, 0x00,
  0xFF, 0xFC, 0x00, 0x00, 0x00, 0x00, 0x00, 0x00, 0xFF, 0xFA, 0x00, 0x00, 0x00, 0x00, 0x00, 0x00,
  0x00, 0x00, 0x00, 0x00, 0x00, 0x00, 0x00, 0x00, 0x00, 0x00, 0x00, 0x00, 0x00, 0x00, 0x00, 0x00,
  0x00, 0x00, 0x00, 0x00, 0x00, 0x00, 0x00, 0x00, 0x00, 0x00, 0x00, 0x00, 0x00, 0x00, 0x00, 0x00,
  0x00, 0x00, 0x00, 0x00, 0x00, 0x00, 0xFF, 0xEE, 0x00, 0x00, 0x00, 0x00, 0x00, 0x00, 0x00, 0x00,
  0x00, 0x00, 0x00, 0x00, 0x00, 0x00, 0x00, 0x00, 0x00, 0x00, 0x00, 0x00, 0x00, 0x00, 0x00, 0x00,
  0x00, 0x00, 0x00, 0x00, 0x00, 0x00, 0xFF, 0xCE, 0x00, 0x00, 0x00, 0x00, 0x00, 0x00, 0x00, 0x00,
  0x00, 0x00, 0x00, 0x00, 0x00, 0x00, 0x00, 0x00, 0x00, 0x00, 0x00, 0x00, 0x00, 0x00, 0xFF, 0xF9,
  0x00, 0x00, 0xFF, 0xDC, 0x00, 0x00, 0x00, 0x00, 0xFF, 0xF3, 0x00, 0x00, 0x00, 0x00, 0xFF, 0xF9,
  0x00, 0x00, 0x00, 0x00, 0x00, 0x00, 0x00, 0x00, 0x00, 0x00, 0xFF, 0xEC, 0x00, 0x00, 0x00, 0x00,
  0x00, 0x00, 0x00, 0x00, 0x00, 0x00, 0x00, 0x00, 0x00, 0x00, 0x00, 0x00, 0x00, 0x00, 0x00, 0x00,
  0xFF, 0xE9, 0xFF, 0xC2, 0x00, 0x00, 0xFF, 0xE2, 0x00, 0x00, 0x00, 0x00, 0x00, 0x00, 0x00, 0x00,
  0xFF, 0x9C, 0xFF, 0xBE, 0xFF, 0xE2, 0xFF, 0xBA, 0x00, 0x00, 0xFF, 0xE2, 0xFF, 0x8C, 0xFF, 0xC0,
  0x00, 0x00, 0xFF, 0xCE, 0x00, 0x00, 0x00, 0x00, 0x00, 0x00, 0x00, 0x00, 0x00, 0x00, 0x00, 0x00,
  0xFF, 0xBE, 0xFF, 0xC4, 0xFF, 0x88, 0x00, 0x00, 0x00, 0x00, 0x00, 0x00, 0x00, 0x00, 0xFF, 0xA6,
  0xFF, 0xD3, 0xFF, 0xAD, 0x00, 0x00, 0xFF, 0xDE, 0xFF, 0xE3, 0xFF, 0xAD, 0x00, 0x00, 0x00, 0x00,
  0xFF, 0xEC, 0xFF, 0xD8, 0x00, 0x00, 0xFF, 0xBA, 0xFF, 0xF9, 0x00, 0x00, 0xFF, 0xCA, 0xFF, 0xAA,
  0xFF, 0xE2, 0xFF, 0xEC, 0xFF, 0xB1, 0xFF, 0x84, 0xFF, 0xA3, 0x00, 0x00, 0x00, 0x00, 0x00, 0x00,
  0x00, 0x22, 0x00, 0x00, 0x00, 0x00, 0x00, 0x00, 0x00, 0x00, 0x00, 0x00, 0xFF, 0xD5, 0x00, 0x00,
  0xFF, 0xD7, 0x00, 0x00, 0x00, 0x00, 0x00, 0x00, 0x00, 0x00, 0x00, 0x00, 0x00, 0x00, 0x00, 0x00,
  0x00, 0x00, 0x00, 0x00, 0xFF, 0xE8, 0x00, 0x00, 0x00, 0x00, 0x00, 0x00, 0xFF, 0xDC, 0x00, 0x00,
  0x00, 0x00, 0xFF, 0xC8, 0x00, 0x00, 0xFF, 0xB4, 0x00, 0x00, 0x00, 0x00, 0x00, 0x00, 0x00, 0x00,
  0x00, 0x00, 0x00, 0x00, 0x00, 0x00, 0x00, 0x00, 0x00, 0x00, 0x00, 0x00, 0x00, 0x00, 0x00, 0x00,
  0x00, 0x00, 0x00, 0x00, 0x00, 0x00, 0x00, 0x00, 0x00, 0x00, 0xFF, 0xE2, 0x00, 0x00, 0x00, 0x00,
  0xFF, 0xF9, 0x00, 0x00, 0x00, 0x00, 0xFF, 0xF9, 0x00, 0x00, 0x00, 0x00, 0x00, 0x00, 0x00, 0x00,
  0x00, 0x00, 0x00, 0x00, 0x00, 0x00, 0x00, 0x00, 0x00, 0x00, 0x00, 0x00, 0x00, 0x00, 0xFF, 0xEC,
  0x00, 0x00, 0x00, 0x00, 0x00, 0x00, 0x00, 0x00, 0xFF, 0xCA, 0xFF, 0xE2, 0xFF, 0xC5, 0x00, 0x00,
  0xFF, 0xF9, 0xFF, 0xFA, 0xFF, 0xBA, 0x00, 0x00, 0x00, 0x00, 0x00, 0x00, 0xFF, 0xF9, 0x00, 0x00,
  0xFF, 0xDE, 0x00, 0x00, 0x00, 0x00, 0xFF, 0xDE, 0xFF, 0xD2, 0x00, 0x00, 0x00, 0x00, 0xFF, 0xC4,
  0xFF, 0xA9, 0xFF, 0xBA, 0x00, 0x00, 0x00, 0x00, 0x00, 0x00, 0x00, 0x00, 0x00, 0x00, 0x00, 0x00,
  0x00, 0x00, 0x00, 0x00, 0x00, 0x00, 0x00, 0x00, 0x00, 0x00, 0x00, 0x00, 0x00, 0x00, 0x00, 0x00,
  0x00, 0x00, 0x00, 0x00, 0x00, 0x00, 0x00, 0x00, 0x00, 0x00, 0x00, 0x00, 0x00, 0x00, 0x00, 0x00,
  0x00, 0x00, 0x00, 0x00, 0x00, 0x00, 0x00, 0x00, 0xFF, 0xFA, 0x00, 0x00, 0x00, 0x00, 0x00, 0x00,
  0x00, 0x00, 0x00, 0x00, 0x00, 0x00, 0x00, 0x00, 0x00, 0x00, 0x00, 0x00, 0x00, 0x00, 0x00, 0x00,
  0x00, 0x00, 0x00, 0x00, 0x00, 0x00, 0x00, 0x00, 0x00, 0x00, 0x00, 0x00, 0x00, 0x00, 0x00, 0x00,
  0x00, 0x00, 0x00, 0x00, 0x00, 0x00, 0x00, 0x00, 0x00, 0x00, 0x00, 0x00, 0x00, 0x00, 0x00, 0x00,
  0x00, 0x00, 0x00, 0x00, 0x00, 0x00, 0x00, 0x00, 0x00, 0x00, 0x00, 0x00, 0x00, 0x00, 0x00, 0x00,
  0x00, 0x00, 0x00, 0x00, 0x00, 0x00, 0x00, 0x00, 0x00, 0x00, 0x00, 0x00, 0x00, 0x00, 0x00, 0x00,
  0x00, 0x00, 0x00, 0x00, 0x00, 0x00, 0x00, 0x00, 0x00, 0x00, 0x00, 0x00, 0x00, 0x00, 0x00, 0x00,
  0x00, 0x00, 0x00, 0x00, 0xFF, 0xE6, 0x00, 0x00, 0x00, 0x00, 0x00, 0x00, 0xFF, 0xF1, 0x00, 0x00,
  0x00, 0x00, 0x00, 0x00, 0xFF, 0xF1, 0x00, 0x00, 0x00, 0x00, 0x00, 0x00, 0x00, 0x00, 0x00, 0x00,
  0x00, 0x00, 0x00, 0x00, 0x00, 0x00, 0x00, 0x00, 0x00, 0x00, 0x00, 0x00, 0x00, 0x00, 0x00, 0x00,
  0xFF, 0xEF, 0x00, 0x00, 0xFF, 0xE6, 0x00, 0x00, 0x00, 0x00, 0x00, 0x00, 0x00, 0x00, 0x00, 0x00,
  0x00, 0x00, 0x00, 0x00, 0x00, 0x00, 0x00, 0x00, 0x00, 0x00, 0x00, 0x00, 0x00, 0x00, 0x00, 0x00,
  0xFF, 0xEC, 0x00, 0x00, 0x00, 0x00, 0xFF, 0xDC, 0x00, 0x00, 0xFF, 0xF2, 0x00, 0x00, 0x00, 0x00,
  0x00, 0x00, 0x00, 0x00, 0x00, 0x00, 0x00, 0x00, 0x00, 0x00, 0x00, 0x00, 0x00, 0x00, 0xFF, 0xA6,
  0xFF, 0xE9, 0xFF, 0xA9, 0x00, 0x00, 0xFF, 0xD1, 0xFF, 0xCE, 0xFF, 0xB6, 0x00, 0x00, 0x00, 0x00,
  0xFF, 0xCE, 0xFF, 0xF9, 0x00, 0x00, 0xFF, 0xC0, 0xFF, 0xC7, 0x00, 0x00, 0xFF, 0xCE, 0xFF, 0xA6,
  0xFF, 0xF2, 0xFF, 0xDE, 0xFF, 0xC8, 0xFF, 0xA2, 0xFF, 0xB0, 0x00, 0x00, 0x00, 0x00, 0x00, 0x00,
  0x00, 0x00, 0x00, 0x00, 0x00, 0x00, 0x00, 0x00, 0x00, 0x00, 0x00, 0x00, 0x00, 0x00, 0xFF, 0xEC,
  0x00, 0x00, 0x00, 0x00, 0x00, 0x00, 0x00, 0x00, 0x00, 0x00, 0x00, 0x00, 0x00, 0x00, 0x00, 0x00,
  0x00, 0x00, 0x00, 0x00, 0x00, 0x00, 0x00, 0x00, 0x00, 0x00, 0x00, 0x00, 0x00, 0x00, 0x00, 0x00,
  0x00, 0x00, 0x00, 0x00, 0x00, 0x00, 0x00, 0x00, 0x00, 0x00, 0x00, 0x00, 0x00, 0x00, 0x00, 0x00,
  0x00, 0x00, 0x00, 0x00, 0x00, 0x00, 0x00, 0x00, 0x00, 0x00, 0x00, 0x00, 0x00, 0x00, 0x00, 0x00,
  0x00, 0x00, 0x00, 0x00, 0x00, 0x00, 0xFF, 0xE2, 0x00, 0x00, 0xFF, 0xCA, 0x00, 0x00, 0x00, 0x00,
  0xFF, 0xDE, 0x00, 0x00, 0x00, 0x00, 0xFF, 0xCE, 0x00, 0x00, 0x00, 0x00, 0x00, 0x00, 0x00, 0x00,
  0x00, 0x00, 0x00, 0x00, 0x00, 0x00, 0x00, 0x00, 0x00, 0x00, 0x00, 0x00, 0x00, 0x00, 0xFF, 0xDE,
  0x00, 0x00, 0x00, 0x00, 0x00, 0x00, 0x00, 0x00, 0xFF, 0xEC, 0x00, 0x00, 0x00, 0x00, 0x00, 0x00,
  0x00, 0x00, 0x00, 0x00, 0x00, 0x00, 0x00, 0x00, 0x00, 0x00, 0x00, 0x00, 0x00, 0x00, 0x00, 0x00,
  0x00, 0x00, 0x00, 0x00, 0x00, 0x00, 0x00, 0x00, 0x00, 0x00, 0x00, 0x00, 0x00, 0x00, 0x00, 0x00,
  0x00, 0x00, 0x00, 0x00, 0x00, 0x00, 0x00, 0x00, 0x00, 0x00, 0x00, 0x00, 0x00, 0x00, 0x00, 0x00,
  0x00, 0x00, 0x00, 0x00, 0x00, 0x00, 0xFF, 0xF8, 0x00, 0x00, 0x00, 0x00, 0x00, 0x00, 0x00, 0x00,
  0x00, 0x00, 0x00, 0x00, 0x00, 0x00, 0x00, 0x00, 0x00, 0x00, 0x00, 0x00, 0x00, 0x00, 0x00, 0x00,
  0x00, 0x00, 0x00, 0x00, 0x00, 0x00, 0xFF, 0xF4, 0x00, 0x00, 0x00, 0x00, 0x00, 0x00, 0x00, 0x00,
  0xFF, 0xD8, 0x00, 0x00, 0x00, 0x00, 0x00, 0x00, 0x00, 0x00, 0x00, 0x00, 0x00, 0x00, 0x00, 0x00,
  0x00, 0x00, 0x00, 0x00, 0xFF, 0xF3, 0x00, 0x00, 0x00, 0x00, 0x00, 0x00, 0x00, 0x00, 0x00, 0x00,
  0x00, 0x00, 0x00, 0x00, 0x00, 0x00, 0x00, 0x00, 0x00, 0x00, 0x00, 0x00, 0x00, 0x00, 0x00, 0x00,
  0x00, 0x00, 0x00, 0x00, 0x00, 0x00, 0x00, 0x00, 0x00, 0x00, 0x00, 0x00, 0x00, 0x00, 0x00, 0x00,
  0x00, 0x00, 0x00, 0x00, 0x00, 0x00, 0x00, 0x00, 0x00, 0x00, 0x00, 0x00, 0x00, 0x00, 0x00, 0x00,
  0x00, 0x00, 0x00, 0x00, 0x00, 0x00, 0x00, 0x00, 0x00, 0x00, 0x00, 0x00, 0x00, 0x00, 0x00, 0x00,
  0x00, 0x00, 0x00, 0x00, 0x00, 0x00, 0x00, 0x00, 0x00, 0x00, 0x00, 0x00, 0x00, 0x00, 0x00, 0x00,
  0x00, 0x00, 0x00, 0x00, 0x00, 0x00, 0x00, 0x00, 0x00, 0x00, 0x00, 0x00, 0x00, 0x00, 0x00, 0x00,
  0x00, 0x00, 0x00, 0x00, 0x00, 0x00, 0x00, 0x00, 0x00, 0x00, 0x00, 0x00, 0x00, 0x00, 0x00, 0x00,
  0x00, 0x00, 0x00, 0x00, 0x00, 0x00, 0x00, 0x00, 0x00, 0x00, 0x00, 0x00, 0x00, 0x00, 0x00, 0x00,
  0xFF, 0xD8, 0x00, 0x00, 0x00, 0x00, 0x00, 0x00, 0x00, 0x00, 0x00, 0x00, 0x00, 0x00, 0x00, 0x00,
  0x00, 0x00, 0x00, 0x00, 0x00, 0x00, 0x00, 0x00, 0x00, 0x00, 0x00, 0x00, 0x00, 0x00, 0x00, 0x00,
  0x00, 0x00, 0x00, 0x00, 0x00, 0x00, 0x00, 0x00, 0x00, 0x00, 0x00, 0x00, 0x00, 0x00, 0xFF, 0xE2,
  0x00, 0x00, 0xFF, 0xEC, 0x00, 0x00, 0x00, 0x00, 0x00, 0x00, 0x00, 0x00, 0x00, 0x00, 0xFF, 0xE8,
  0x00, 0x00, 0x00, 0x00, 0xFF, 0xF9, 0xFF, 0xF9, 0x00, 0x00, 0x00, 0x00, 0x00, 0x00, 0x00, 0x00,
  0x00, 0x00, 0x00, 0x00, 0x00, 0x00, 0x00, 0x00, 0x00, 0x00, 0x00, 0x00, 0x00, 0x00, 0x00, 0x00,
  0x00, 0x00, 0xFF, 0xE8, 0x00, 0x00, 0x00, 0x00, 0x00, 0x00, 0x00, 0x00, 0xFF, 0xE2, 0xFF, 0xE8,
  0x00, 0x00, 0x00, 0x00, 0x00, 0x00, 0x00, 0x00, 0x00, 0x00, 0x00, 0x00, 0xFF, 0xA0, 0xFF, 0xC8,
  0x00, 0x00, 0xFF, 0xC8, 0x00, 0x00, 0xFF, 0xD4, 0xFF, 0xCE, 0x00, 0x00, 0x00, 0x00, 0xFF, 0xD8,
  0x00, 0x00, 0x00, 0x00, 0x00, 0x00, 0x00, 0x00, 0x00, 0x00, 0x00, 0x00, 0x00, 0x00, 0x00, 0x00,
  0xFF, 0xB0, 0x00, 0x00, 0x00, 0x00, 0x00, 0x00, 0x00, 0x00, 0xFF, 0xD5, 0xFF, 0xCC, 0xFF, 0xDC,
  0x00, 0x00, 0x00, 0x00, 0xFF, 0xF9, 0x00, 0x00, 0x00, 0x00, 0x00, 0x00, 0xFF, 0xCE, 0x00, 0x00,
  0x00, 0x00, 0xFF, 0xFC, 0xFF, 0xE2, 0x00, 0x00, 0xFF, 0xC4, 0x00, 0x00, 0xFF, 0xE6, 0x00, 0x00,
  0x00, 0x00, 0x00, 0x00, 0x00, 0x00, 0xFF, 0xD8, 0x00, 0x00, 0x00, 0x00, 0x00, 0x00, 0x00, 0x00,
  0x00, 0x00, 0x00, 0x00, 0x00, 0x00, 0x00, 0x00, 0x00, 0x00, 0xFF, 0xE2, 0x00, 0x00, 0xFF, 0xEC,
  0x00, 0x00, 0x00, 0x00, 0x00, 0x00, 0x00, 0x00, 0xFF, 0xA3, 0xFF, 0xD8, 0x00, 0x00, 0xFF, 0xBA,
  0x00, 0x00, 0xFF, 0xF2, 0xFF, 0xB0, 0x00, 0x00, 0x00, 0x00, 0x00, 0x00, 0x00, 0x00, 0x00, 0x00,
  0x00, 0x00, 0x00, 0x00, 0x00, 0x00, 0x00, 0x00, 0xFF, 0xAD, 0x00, 0x00, 0xFF, 0xB0, 0x00, 0x00,
  0x00, 0x00, 0x00, 0x00, 0x00, 0x00, 0x00, 0x00, 0x00, 0x00, 0x00, 0x00, 0x00, 0x00, 0x00, 0x00,
  0x00, 0x00, 0x00, 0x00, 0x00, 0x00, 0x00, 0x00, 0x00, 0x00, 0x00, 0x00, 0x00, 0x00, 0x00, 0x00,
  0x00, 0x00, 0x00, 0x00, 0x00, 0x00, 0x00, 0x00, 0x00, 0x00, 0x00, 0x00, 0x00, 0x00, 0x00, 0x00,
  0x00, 0x00, 0x00, 0x00, 0x00, 0x00, 0x00, 0x00, 0x00, 0x00, 0x00, 0x00, 0x00, 0x00, 0x00, 0x00,
  0x00, 0x00, 0x00, 0x00, 0xFF, 0xD6, 0x00, 0x00, 0xFF, 0xED, 0x00, 0x00, 0x00, 0x00, 0x00, 0x00,
  0x00, 0x00, 0x00, 0x00, 0x00, 0x00, 0x00, 0x00, 0x00, 0x00, 0x00, 0x00, 0xFF, 0xE8, 0x00, 0x00,
  0x00, 0x00, 0x00, 0x00, 0x00, 0x00, 0x00, 0x00, 0x00, 0x00, 0x00, 0x00, 0x00, 0x00, 0x00, 0x00,
  0x00, 0x00, 0x00, 0x00, 0x00, 0x00, 0x00, 0x00, 0x00, 0x00, 0x00, 0x00, 0x00, 0x00, 0x00, 0x00,
  0x00, 0x00, 0xFF, 0xCB, 0x00, 0x00, 0x00, 0x00, 0x00, 0x00, 0x00, 0x00, 0x00, 0x00, 0xFF, 0xBE,
  0x00, 0x00, 0x00, 0x00, 0x00, 0x00, 0x00, 0x00, 0x00, 0x00, 0x00, 0x00, 0x00, 0x00, 0x00, 0x00,
  0x00, 0x00, 0xFF, 0xD8, 0x00, 0x00, 0x00, 0x00, 0x00, 0x00, 0xFF, 0x99, 0x00, 0x00, 0x00, 0x00,
  0x00, 0x00, 0x00, 0x00, 0x00, 0x00, 0x00, 0x00, 0x00, 0x00, 0x00, 0x00, 0x00, 0x00, 0x00, 0x00,
  0xFF, 0xC4, 0xFF, 0xE9, 0xFF, 0xC0, 0x00, 0x00, 0xFF, 0xE7, 0xFF, 0xFB, 0xFF, 0xA9, 0x00, 0x00,
  0x00, 0x00, 0x00, 0x00, 0xFF, 0xE2, 0x00, 0x00, 0xFF, 0xD1, 0x00, 0x00, 0x00, 0x00, 0xFF, 0xDE,
  0xFF, 0xBE, 0xFF, 0xEC, 0x00, 0x00, 0xFF, 0xB0, 0xFF, 0x91, 0xFF, 0xB0, 0x00, 0x00, 0x00, 0x00,
  0x00, 0x00, 0x00, 0x00, 0x00, 0x00, 0x00, 0x00, 0x00, 0x00, 0x00, 0x02, 0x00, 0x1A, 0x00, 0x01,
  0x00, 0x07, 0x00, 0x00, 0x00, 0x0A, 0x00, 0x0D, 0x00, 0x07, 0x00, 0x14, 0x00, 0x1A, 0x00, 0x0B,
  0x00, 0x1C, 0x00, 0x26, 0x00, 0x12, 0x00, 0x28, 0x00, 0x28, 0x00, 0x1D, 0x00, 0x2C, 0x00, 0x35,
  0x00, 0x1E, 0x00, 0x37, 0x00, 0x39, 0x00, 0x28, 0x00, 0x3B, 0x00, 0x46, 0x00, 0x2B, 0x00, 0x48,
  0x00, 0x4C, 0x00, 0x37, 0x00, 0x4E, 0x00, 0x4F, 0x00, 0x3C, 0x00, 0x58, 0x00, 0x59, 0x00, 0x3E,
  0x00, 0x5B, 0x00, 0x62, 0x00, 0x40, 0x00, 0x64, 0x00, 0x66, 0x00, 0x48, 0x00, 0x68, 0x00, 0x69,
  0x00, 0x4B, 0x00, 0x6B, 0x00, 0x6B, 0x00, 0x4D, 0x00, 0x72, 0x00, 0x72, 0x00, 0x4E, 0x00, 0x74,
  0x00, 0x77, 0x00, 0x4F, 0x00, 0x7F, 0x00, 0x7F, 0x00, 0x53, 0x00, 0x8E, 0x00, 0x8E, 0x00, 0x54,
  0x00, 0xAE, 0x00, 0xAE, 0x00, 0x55, 0x00, 0xBB, 0x00, 0xBB, 0x00, 0x56, 0x00, 0xBD, 0x00, 0xBD,
  0x00, 0x57, 0x00, 0xC5, 0x00, 0xC5, 0x00, 0x58, 0x00, 0xC7, 0x00, 0xC8, 0x00, 0x59, 0x00, 0xD2,
  0x00, 0xD3, 0x00, 0x5B, 0x00, 0xD6, 0x00, 0xD6, 0x00, 0x5D, 0x00, 0x02, 0x00, 0x2A, 0x00, 0x01,
  0x00, 0x07, 0x00, 0x05, 0x00, 0x0A, 0x00, 0x0B, 0x00, 0x08, 0x00, 0x0C, 0x00, 0x0D, 0x00, 0x02,
  0x00, 0x14, 0x00, 0x14, 0x00, 0x19, 0x00, 0x1C, 0x00, 0x1C, 0x00, 0x1C, 0x00, 0x1D, 0x00, 0x1E,
  0x00, 0x09, 0x00, 0x22, 0x00, 0x26, 0x00, 0x02, 0x00, 0x28, 0x00, 0x28, 0x00, 0x02, 0x00, 0x2C,
  0x00, 0x2C, 0x00, 0x1A, 0x00, 0x2D, 0x00, 0x2D, 0x00, 0x0C, 0x00, 0x2E, 0x00, 0x2E, 0x00, 0x12,
  0x00, 0x2F, 0x00, 0x33, 0x00, 0x04, 0x00, 0x34, 0x00, 0x34, 0x00, 0x21, 0x00, 0x35, 0x00, 0x35,
  0x00, 0x0D, 0x00, 0x37, 0x00, 0x38, 0x00, 0x0A, 0x00, 0x39, 0x00, 0x39, 0x00, 0x13, 0x00, 0x3B,
  0x00, 0x41, 0x00, 0x06, 0x00, 0x42, 0x00, 0x42, 0x00, 0x01, 0x00, 0x43, 0x00, 0x43, 0x00, 0x03,
  0x00, 0x44, 0x00, 0x45, 0x00, 0x0E, 0x00, 0x46, 0x00, 0x46, 0x00, 0x0F, 0x00, 0x48, 0x00, 0x4C,
  0x00, 0x01, 0x00, 0x4E, 0x00, 0x4E, 0x00, 0x15, 0x00, 0x4F, 0x00, 0x4F, 0x00, 0x07, 0x00, 0x58,
  0x00, 0x58, 0x00, 0x1F, 0x00, 0x59, 0x00, 0x59, 0x00, 0x0F, 0x00, 0x5B, 0x00, 0x5D, 0x00, 0x07,
  0x00, 0x5E, 0x00, 0x62, 0x00, 0x03, 0x00, 0x64, 0x00, 0x66, 0x00, 0x03, 0x00, 0x68, 0x00, 0x68,
  0x00, 0x16, 0x00, 0x69, 0x00, 0x69, 0x00, 0x10, 0x00, 0x6B, 0x00, 0x6B, 0x00, 0x17, 0x00, 0x72,
  0x00, 0x72, 0x00, 0x11, 0x00, 0x74, 0x00, 0x76, 0x00, 0x0B, 0x00, 0x77, 0x00, 0x77, 0x00, 0x18,
  0x00, 0x7F, 0x00, 0x7F, 0x00, 0x01, 0x00, 0xAE, 0x00, 0xAE, 0x00, 0x1D, 0x00, 0xBB, 0x00, 0xBB,
  0x00, 0x1B, 0x00, 0xBD, 0x00, 0xBD, 0x00, 0x14, 0x00, 0xC5, 0x00, 0xC5, 0x00, 0x1E, 0x00, 0xC7,
  0x00, 0xC8, 0x00, 0x20, 0x00, 0xD6, 0x00, 0xD6, 0x00, 0x0C, 0x00, 0x02, 0x00, 0x33, 0x00, 0x01,
  0x00, 0x07, 0x00, 0x08, 0x00, 0x08, 0x00, 0x08, 0x00, 0x16, 0x00, 0x09, 0x00, 0x09, 0x00, 0x01,
  0x00, 0x0A, 0x00, 0x0B, 0x00, 0x03, 0x00, 0x0C, 0x00, 0x0C, 0x00, 0x01, 0x00, 0x0E, 0x00, 0x13,
  0x00, 0x01, 0x00, 0x14, 0x00, 0x14, 0x00, 0x03, 0x00, 0x15, 0x00, 0x1A, 0x00, 0x01, 0x00, 0x1C,
  0x00, 0x21, 0x00, 0x01, 0x00, 0x22, 0x00, 0x26, 0x00, 0x03, 0x00, 0x28, 0x00, 0x28, 0x00, 0x03,
  0x00, 0x29, 0x00, 0x2A, 0x00, 0x01, 0x00, 0x2B, 0x00, 0x2B, 0x00, 0x03, 0x00, 0x2C, 0x00, 0x2C,
  0x00, 0x01, 0x00, 0x2D, 0x00, 0x2D, 0x00, 0x0C, 0x00, 0x2E, 0x00, 0x2E, 0x00, 0x10, 0x00, 0x2F,
  0x00, 0x33, 0x00, 0x05, 0x00, 0x34, 0x00, 0x34, 0x00, 0x1C, 0x00, 0x35, 0x00, 0x35, 0x00, 0x0D,
  0x00, 0x37, 0x00, 0x38, 0x00, 0x0A, 0x00, 0x3A, 0x00, 0x3A, 0x00, 0x03, 0x00, 0x3B, 0x00, 0x42,
  0x00, 0x04, 0x00, 0x43, 0x00, 0x43, 0x00, 0x09, 0x00, 0x44, 0x00, 0x4C, 0x00, 0x02, 0x00, 0x4E,
  0x00, 0x4E, 0x00, 0x12, 0x00, 0x4F, 0x00, 0x4F, 0x00, 0x09, 0x00, 0x50, 0x00, 0x50, 0x00, 0x1E,
  0x00, 0x58, 0x00, 0x59, 0x00, 0x09, 0x00, 0x5B, 0x00, 0x5D, 0x00, 0x06, 0x00, 0x5E, 0x00, 0x62,
  0x00, 0x02, 0x00, 0x64, 0x00, 0x64, 0x00, 0x02, 0x00, 0x67, 0x00, 0x67, 0x00, 0x02, 0x00, 0x68,
  0x00, 0x68, 0x00, 0x06, 0x00, 0x69, 0x00, 0x69, 0x00, 0x0E, 0x00, 0x6B, 0x00, 0x6B, 0x00, 0x13,
  0x00, 0x6C, 0x00, 0x70, 0x00, 0x07, 0x00, 0x72, 0x00, 0x72, 0x00, 0x0F, 0x00, 0x74, 0x00, 0x76,
  0x00, 0x0B, 0x00, 0x77, 0x00, 0x77, 0x00, 0x14, 0x00, 0x78, 0x00, 0x78, 0x00, 0x02, 0x00, 0x7F,
  0x00, 0x7F, 0x00, 0x02, 0x00, 0x89, 0x00, 0x89, 0x00, 0x1D, 0x00, 0xAE, 0x00, 0xAE, 0x00, 0x17,
  0x00, 0xBB, 0x00, 0xBB, 0x00, 0x15, 0x00, 0xBD, 0x00, 0xBD, 0x00, 0x11, 0x00, 0xC5, 0x00, 0xC5,
  0x00, 0x18, 0x00, 0xC6, 0x00, 0xC6, 0x00, 0x19, 0x00, 0xC7, 0x00, 0xC8, 0x00, 0x1B, 0x00, 0xD2,
  0x00, 0xD3, 0x00, 0x01, 0x00, 0xD6, 0x00, 0xD6, 0x00, 0x0C, 0x00, 0xE5, 0x00, 0xE5, 0x00, 0x1A,
  0x00, 0x01, 0x00, 0x00, 0x00, 0x0A, 0x00, 0xF4, 0x02, 0x0A, 0x00, 0x02, 0x44, 0x46, 0x4C, 0x54,
  0x00, 0x0E, 0x6C, 0x61, 0x74, 0x6E, 0x00, 0x12, 0x00, 0x8A, 0x00, 0x00, 0x00, 0x34, 0x00, 0x08,
  0x41, 0x5A, 0x45, 0x20, 0x00, 0xAE, 0x43, 0x41, 0x54, 0x20, 0x00, 0x5C, 0x43, 0x52, 0x54, 0x20,
  0x00, 0xAE, 0x4B, 0x41, 0x5A, 0x20, 0x00, 0xAE, 0x4D, 0x4F, 0x4C, 0x20, 0x00, 0x86, 0x52, 0x4F,
  0x4D, 0x20, 0x00, 0x86, 0x54, 0x41, 0x54, 0x20, 0x00, 0xAE, 0x54, 0x52, 0x4B, 0x20, 0x00, 0xAE,
  0x00, 0x00, 0xFF, 0xFF, 0x00, 0x11, 0x00, 0x00, 0x00, 0x01, 0x00, 0x03, 0x00, 0x04, 0x00, 0x05,
  0x00, 0x06, 0x00, 0x09, 0x00, 0x0A, 0x00, 0x0B, 0x00, 0x0C, 0x00, 0x0D, 0x00, 0x0E, 0x00, 0x0F,
  0x00, 0x10, 0x00, 0x11, 0x00, 0x12, 0x00, 0x13, 0x00, 0x00, 0xFF, 0xFF, 0x00, 0x12, 0x00, 0x00,
  0x00, 0x01, 0x00, 0x02, 0x00, 0x04, 0x00, 0x05, 0x00, 0x06, 0x00, 0x08, 0x00, 0x09, 0x00, 0x0A,
  0x00, 0x0B, 0x00, 0x0C, 0x00, 0x0D, 0x00, 0x0E, 0x00, 0x0F, 0x00, 0x10, 0x00, 0x11, 0x00, 0x12,
  0x00, 0x13, 0x00, 0x00, 0xFF, 0xFF, 0x00, 0x11, 0x00, 0x00, 0x00, 0x01, 0x00, 0x02, 0x00, 0x04,
  0x00, 0x05, 0x00, 0x06, 0x00, 0x09, 0x00, 0x0A, 0x00, 0x0B, 0x00, 0x0C, 0x00, 0x0D, 0x00, 0x0E,
  0x00, 0x0F, 0x00, 0x10, 0x00, 0x11, 0x00, 0x12, 0x00, 0x13, 0x00, 0x00, 0xFF, 0xFF, 0x00, 0x12,
  0x00, 0x00, 0x00, 0x01, 0x00, 0x02, 0x00, 0x04, 0x00, 0x05, 0x00, 0x06, 0x00, 0x07, 0x00, 0x09,
  0x00, 0x0A, 0x00, 0x0B, 0x00, 0x0C, 0x00, 0x0D, 0x00, 0x0E, 0x00, 0x0F, 0x00, 0x10, 0x00, 0x11,
  0x00, 0x12, 0x00, 0x13, 0x00, 0x14, 0x61, 0x61, 0x6C, 0x74, 0x00, 0x7A, 0x63, 0x61, 0x6C, 0x74,
  0x00, 0x82, 0x63, 0x63, 0x6D, 0x70, 0x00, 0x88, 0x63, 0x63, 0x6D, 0x70, 0x00, 0x8E, 0x64, 0x6E,
  0x6F, 0x6D, 0x00, 0x96, 0x66, 0x72, 0x61, 0x63, 0x00, 0x9C, 0x6C, 0x69, 0x67, 0x61, 0x00, 0xA2,
  0x6C, 0x6F, 0x63, 0x6C, 0x00, 0xA8, 0x6C, 0x6F, 0x63, 0x6C, 0x00, 0xAE, 0x6E, 0x75, 0x6D, 0x72,
  0x00, 0xB4, 0x6F, 0x72, 0x64, 0x6E, 0x00, 0xBA, 0x73, 0x73, 0x30, 0x31, 0x00, 0xC0, 0x73, 0x73,
  0x30, 0x32, 0x00, 0xCA, 0x73, 0x73, 0x30, 0x33, 0x00, 0xD4, 0x73, 0x73, 0x30, 0x34, 0x00, 0xDE,
  0x73, 0x73, 0x30, 0x35, 0x00, 0xE8, 0x73, 0x73, 0x30, 0x36, 0x00, 0xF2, 0x73, 0x73, 0x30, 0x37,
  0x00, 0xFC, 0x73, 0x73, 0x30, 0x38, 0x01, 0x06, 0x73, 0x75, 0x70, 0x73, 0x01, 0x10, 0x00, 0x00,
  0x00, 0x02, 0x00, 0x00, 0x00, 0x01, 0x00, 0x00, 0x00, 0x01, 0x00, 0x0E, 0x00, 0x00, 0x00, 0x01,
  0x00, 0x02, 0x00, 0x00, 0x00, 0x02, 0x00, 0x02, 0x00, 0x02, 0x00, 0x00, 0x00, 0x01, 0x00, 0x09,
  0x00, 0x00, 0x00, 0x01, 0x00, 0x0A, 0x00, 0x00, 0x00, 0x01, 0x00, 0x0D, 0x00, 0x00, 0x00, 0x01,
  0x00, 0x03, 0x00, 0x00, 0x00, 0x01, 0x00, 0x04, 0x00, 0x00, 0x00, 0x01, 0x00, 0x08, 0x00, 0x00,
  0x00, 0x01, 0x00, 0x0B, 0x00, 0x06, 0x00, 0x01, 0x00, 0x0F, 0x00, 0x00, 0x01, 0x00, 0x00, 0x06,
  0x00, 0x01, 0x00, 0x10, 0x00, 0x00, 0x01, 0x01, 0x00, 0x06, 0x00, 0x01, 0x00, 0x11, 0x00, 0x00,
  0x01, 0x02, 0x00, 0x06, 0x00, 0x01, 0x00, 0x12, 0x00, 0x00, 0x01, 0x03, 0x00, 0x06, 0x00, 0x01,
  0x00, 0x13, 0x00, 0x00, 0x01, 0x04, 0x00, 0x06, 0x00, 0x01, 0x00, 0x14, 0x00, 0x00, 0x01, 0x05,
  0x00, 0x06, 0x00, 0x01, 0x00, 0x15, 0x00, 0x00, 0x01, 0x06, 0x00, 0x06, 0x00, 0x01, 0x00, 0x16,
  0x00, 0x00, 0x01, 0x07, 0x00, 0x00, 0x00, 0x01, 0x00, 0x07, 0x00, 0x17, 0x00, 0x30, 0x00, 0xCE,
  0x01, 0x20, 0x01, 0x46, 0x01, 0x5A, 0x01, 0x9C, 0x01, 0xBC, 0x01, 0xDC, 0x01, 0xEA, 0x01, 0xF8,
  0x02, 0x10, 0x02, 0x4C, 0x02, 0x94, 0x02, 0xB6, 0x02, 0xDE, 0x06, 0x4E, 0x06, 0x68, 0x06, 0x80,
  0x06, 0x94, 0x06, 0xAC, 0x06, 0xC4, 0x06, 0xD8, 0x06, 0xFE, 0x00, 0x01, 0x00, 0x00, 0x00, 0x01,
  0x00, 0x08, 0x00, 0x02, 0x00, 0x4C, 0x00, 0x23, 0x00, 0x8B, 0x00, 0x8C, 0x00, 0x3A, 0x00, 0x79,
  0x00, 0x7A, 0x00, 0x7B, 0x00, 0x7C, 0x00, 0x7D, 0x00, 0x7E, 0x00, 0x7F, 0x00, 0x80, 0x00, 0x55,
  0x00, 0x8C, 0x00, 0x81, 0x00, 0x82, 0x00, 0x83, 0x00, 0x84, 0x00, 0x85, 0x00, 0x86, 0x00, 0x87,
  0x00, 0x88, 0x00, 0x9A, 0x00, 0x9B, 0x00, 0xBB, 0x00, 0xBC, 0x00, 0xF0, 0x00, 0xF1, 0x00, 0xF2,
  0x00, 0xF3, 0x00, 0xF4, 0x00, 0xF5, 0x00, 0xF6, 0x00, 0xF7, 0x00, 0xF8, 0x00, 0xF9, 0x00, 0x01,
  0x00, 0x23, 0x00, 0x01, 0x00, 0x22, 0x00, 0x2B, 0x00, 0x3C, 0x00, 0x3D, 0x00, 0x3E, 0x00, 0x3F,
  0x00, 0x40, 0x00, 0x41, 0x00, 0x42, 0x00, 0x4E, 0x00, 0x50, 0x00, 0x5E, 0x00, 0x6C, 0x00, 0x6D,
  0x00, 0x6E, 0x00, 0x6F, 0x00, 0x70, 0x00, 0x74, 0x00, 0x75, 0x00, 0x76, 0x00, 0x93, 0x00, 0x96,
  0x00, 0xAF, 0x00, 0xB1, 0x00, 0xE6, 0x00, 0xE7, 0x00, 0xE8, 0x00, 0xE9, 0x00, 0xEA, 0x00, 0xEB,
  0x00, 0xEC, 0x00, 0xED, 0x00, 0xEE, 0x00, 0xEF, 0x00, 0x03, 0x00, 0x00, 0x00, 0x01, 0x00, 0x08,
  0x00, 0x01, 0x00, 0x3C, 0x00, 0x05, 0x00, 0x10, 0x00, 0x16, 0x00, 0x20, 0x00, 0x28, 0x00, 0x32,
  0x00, 0x02, 0x00, 0x78, 0x00, 0x8B, 0x00, 0x04, 0x00, 0x97, 0x00, 0x9C, 0x00, 0xA0, 0x00, 0xA8,
  0x00, 0x03, 0x00, 0x9D, 0x00, 0xA1, 0x00, 0xA9, 0x00, 0x04, 0x00, 0x98, 0x00, 0x9E, 0x00, 0xA2,
  0x00, 0xAA, 0x00, 0x04, 0x00, 0x99, 0x00, 0x9F, 0x00, 0xA3, 0x00, 0xAB, 0x00, 0x01, 0x00, 0x05,
  0x00, 0x3B, 0x00, 0x8E, 0x00, 0x8F, 0x00, 0x90, 0x00, 0x91, 0x00, 0x02, 0x00, 0x00, 0x00, 0x01,
  0x00, 0x08, 0x00, 0x01, 0x00, 0x0A, 0x00, 0x02, 0x00, 0x12, 0x00, 0x18, 0x00, 0x01, 0x00, 0x02,
  0x00, 0x89, 0x00, 0x8A, 0x00, 0x02, 0x00, 0x4D, 0x00, 0x50, 0x00, 0x02, 0x00, 0x4D, 0x00, 0x59,
  0x00, 0x01, 0x00, 0x00, 0x00, 0x01, 0x00, 0x08, 0x00, 0x01, 0x00, 0x06, 0x00, 0x05, 0x00, 0x01,
  0x00, 0x01, 0x00, 0x50, 0x00, 0x06, 0x00, 0x00, 0x00, 0x01, 0x00, 0x08, 0x00, 0x01, 0x00, 0x0A,
  0x00, 0x02, 0x00, 0x12, 0x00, 0x26, 0x00, 0x01, 0x00, 0x02, 0x00, 0x1D, 0x00, 0x59, 0x00, 0x01,
  0x00, 0x04, 0x00, 0x00, 0x00, 0x02, 0x00, 0xB6, 0x00, 0x01, 0x00, 0x1D, 0x00, 0x01, 0x00, 0x00,
  0x00, 0x06, 0x00, 0x01, 0x00, 0x04, 0x00, 0x00, 0x00, 0x02, 0x00, 0xB6, 0x00, 0x01, 0x00, 0x59,
  0x00, 0x01, 0x00, 0x00, 0x00, 0x05, 0x00, 0x04, 0x00, 0x00, 0x00, 0x01, 0x00, 0x08, 0x00, 0x01,
  0x00, 0x12, 0x00, 0x01, 0x00, 0x08, 0x00, 0x01, 0x00, 0x04, 0x00, 0x5A, 0x00, 0x02, 0x00, 0xB6,
  0x00, 0x01, 0x00, 0x01, 0x00, 0x59, 0x00, 0x04, 0x00, 0x00, 0x00, 0x01, 0x00, 0x08, 0x00, 0x01,
  0x00, 0x12, 0x00, 0x01, 0x00, 0x08, 0x00, 0x01, 0x00, 0x04, 0x00, 0x1E, 0x00, 0x02, 0x00, 0xB6,
  0x00, 0x01, 0x00, 0x01, 0x00, 0x1D, 0x00, 0x01, 0x00, 0x00, 0x00, 0x01, 0x00, 0x08, 0x00, 0x01,
  0x00, 0x22, 0x00, 0x1A, 0x00, 0x01, 0x00, 0x00, 0x00, 0x01, 0x00, 0x08, 0x00, 0x01, 0x00, 0x14,
  0x00, 0x12, 0x00, 0x01, 0x00, 0x00, 0x00, 0x01, 0x00, 0x08, 0x00, 0x01, 0x00, 0x06, 0x00, 0x0E,
  0x00, 0x02, 0x00, 0x01, 0x00, 0x8E, 0x00, 0x91, 0x00, 0x00, 0x00, 0x04, 0x00, 0x00, 0x00, 0x01,
  0x00, 0x08, 0x00, 0x01, 0x00, 0x2C, 0x00, 0x02, 0x00, 0x0A, 0x00, 0x20, 0x00, 0x02, 0x00, 0x06,
  0x00, 0x0E, 0x00, 0xA6, 0x00, 0x03, 0x00, 0xB9, 0x00, 0x91, 0x00, 0xA5, 0x00, 0x03, 0x00, 0xB9,
  0x00, 0x8F, 0x00, 0x01, 0x00, 0x04, 0x00, 0xA7, 0x00, 0x03, 0x00, 0xB9, 0x00, 0x91, 0x00, 0x01,
  0x00, 0x02, 0x00, 0x8E, 0x00, 0x90, 0x00, 0x06, 0x00, 0x00, 0x00, 0x02, 0x00, 0x0A, 0x00, 0x24,
  0x00, 0x03, 0x00, 0x01, 0x00, 0x2C, 0x00, 0x01, 0x00, 0x12, 0x00, 0x00, 0x00, 0x01, 0x00, 0x00,
  0x00, 0x0C, 0x00, 0x01, 0x00, 0x02, 0x00, 0x01, 0x00, 0x3B, 0x00, 0x03, 0x00, 0x01, 0x00, 0x12,
  0x00, 0x01, 0x00, 0x1C, 0x00, 0x00, 0x00, 0x01, 0x00, 0x00, 0x00, 0x0C, 0x00, 0x02, 0x00, 0x01,
  0x00, 0x8D, 0x00, 0x96, 0x00, 0x00, 0x00, 0x01, 0x00, 0x02, 0x00, 0x22, 0x00, 0x5E, 0x00, 0x01,
  0x00, 0x00, 0x00, 0x01, 0x00, 0x08, 0x00, 0x02, 0x00, 0x0E, 0x00, 0x04, 0x00, 0x8B, 0x00, 0x8C,
  0x00, 0x8B, 0x00, 0x8C, 0x00, 0x01, 0x00, 0x04, 0x00, 0x01, 0x00, 0x22, 0x00, 0x3B, 0x00, 0x5E,
  0x00, 0x04, 0x00, 0x08, 0x00, 0x01, 0x00, 0x08, 0x00, 0x01, 0x00, 0x1A, 0x00, 0x01, 0x00, 0x08,
  0x00, 0x02, 0x00, 0x06, 0x00, 0x0C, 0x00, 0x89, 0x00, 0x02, 0x00, 0x50, 0x00, 0x8A, 0x00, 0x02,
  0x00, 0x59, 0x00, 0x01, 0x00, 0x01, 0x00, 0x4D, 0x00, 0x04, 0x00, 0x00, 0x00, 0x01, 0x00, 0x08,
  0x00, 0x01, 0x03, 0x60, 0x00, 0x02, 0x00, 0x0A, 0x03, 0x0C, 0x00, 0x14, 0x00, 0x2A, 0x00, 0x5C,
  0x00, 0x8E, 0x00, 0xC0, 0x00, 0xF2, 0x01, 0x24, 0x01, 0x50, 0x01, 0x78, 0x01, 0x9E, 0x01, 0xC4,
  0x01, 0xE6, 0x02, 0x08, 0x02, 0x2A, 0x02, 0x4C, 0x02, 0x6E, 0x02, 0x90, 0x02, 0xAC, 0x02, 0xC4,
  0x02, 0xDA, 0x02, 0xF0, 0x00, 0xF8, 0x00, 0x18, 0x00, 0x68, 0x00, 0x68, 0x00, 0x5E, 0x00, 0x72,
  0x00, 0xBE, 0x00, 0x59, 0x00, 0x48, 0x00, 0x4D, 0x00, 0x6B, 0x00, 0xBE, 0x00, 0x68, 0x00, 0x50,
  0x00, 0x4E, 0x00, 0x4F, 0x00, 0x6B, 0x00, 0xBE, 0x00, 0x68, 0x00, 0x5E, 0x00, 0x6C, 0x00, 0x5C,
  0x00, 0x46, 0x00, 0x48, 0x00, 0x59, 0x00, 0xF1, 0x00, 0x18, 0x00, 0x68, 0x00, 0x68, 0x00, 0x5E,
  0x00, 0x72, 0x00, 0xBE, 0x00, 0x5C, 0x00, 0x5E, 0x00, 0x68, 0x00, 0x6B, 0x00, 0x4F, 0x00, 0xBE,
  0x00, 0x48, 0x00, 0x3B, 0x00, 0x69, 0x00, 0x6B, 0x00, 0xBE, 0x00, 0x68, 0x00, 0x5E, 0x00, 0x6C,
  0x00, 0x5C, 0x00, 0x46, 0x00, 0x48, 0x00, 0x59, 0x00, 0xF7, 0x00, 0x18, 0x00, 0x68, 0x00, 0x68,
  0x00, 0x5E, 0x00, 0x72, 0x00, 0xBE, 0x00, 0x5C, 0x00, 0x5E, 0x00, 0x68, 0x00, 0x6B, 0x00, 0x4F,
  0x00, 0xBE, 0x00, 0x72, 0x00, 0x48, 0x00, 0x69, 0x00, 0x6B, 0x00, 0xBE, 0x00, 0x68, 0x00, 0x5E,
  0x00, 0x6C, 0x00, 0x5C, 0x00, 0x46, 0x00, 0x48, 0x00, 0x59, 0x00, 0xF3, 0x00, 0x18, 0x00, 0x68,
  0x00, 0x68, 0x00, 0x5E, 0x00, 0x72, 0x00, 0xBE, 0x00, 0x69, 0x00, 0x5E, 0x00, 0x6C, 0x00, 0x6B,
  0x00, 0x4F, 0x00, 0xBE, 0x00, 0x48, 0x00, 0x3B, 0x00, 0x69, 0x00, 0x6B, 0x00, 0xBE, 0x00, 0x68,
  0x00, 0x5E, 0x00, 0x6C, 0x00, 0x5C, 0x00, 0x46, 0x00, 0x48, 0x00, 0x59, 0x00, 0xF5, 0x00, 0x18,
  0x00, 0x68, 0x00, 0x68, 0x00, 0x5E, 0x00, 0x72, 0x00, 0xBE, 0x00, 0x69, 0x00, 0x5E, 0x00, 0x6C,
  0x00, 0x6B, 0x00, 0x4F, 0x00, 0xBE, 0x00, 0x72, 0x00, 0x48, 0x00, 0x69, 0x00, 0x6B, 0x00, 0xBE,
  0x00, 0x68, 0x00, 0x5E, 0x00, 0x6C, 0x00, 0x5C, 0x00, 0x46, 0x00, 0x48, 0x00, 0x59, 0x00, 0xF9,
  0x00, 0x15, 0x00, 0x68, 0x00, 0x68, 0x00, 0x5E, 0x00, 0x72, 0x00, 0xBE, 0x00, 0x6C, 0x00, 0x65,
  0x00, 0xBE, 0x00, 0x46, 0x00, 0x5E, 0x00, 0x72, 0x00, 0x5C, 0x00, 0xBE, 0x00, 0x68, 0x00, 0x5E,
  0x00, 0x6C, 0x00, 0x5C, 0x00, 0x46, 0x00, 0x48, 0x00, 0x59, 0x00, 0xF2, 0x00, 0x13, 0x00, 0x68,
  0x00, 0x68, 0x00, 0x5E, 0x00, 0x72, 0x00, 0xBE, 0x00, 0x68, 0x00, 0x50, 0x00, 0x4E, 0x00, 0x4F,
  0x00, 0x6B, 0x00, 0xBE, 0x00, 0x68, 0x00, 0x5E, 0x00, 0x6C, 0x00, 0x5C, 0x00, 0x46, 0x00, 0x48,
  0x00, 0x59, 0x00, 0xF4, 0x00, 0x12, 0x00, 0x68, 0x00, 0x68, 0x00, 0x5E, 0x00, 0x72, 0x00, 0xBE,
  0x00, 0x46, 0x00, 0x5E, 0x00, 0x72, 0x00, 0x5C, 0x00, 0xBE, 0x00, 0x68, 0x00, 0x5E, 0x00, 0x6C,
  0x00, 0x5C, 0x00, 0x46, 0x00, 0x48, 0x00, 0x59, 0x00, 0xF6, 0x00, 0x12, 0x00, 0x68, 0x00, 0x68,
  0x00, 0x5E, 0x00, 0x72, 0x00, 0xBE, 0x00, 0x59, 0x00, 0x48, 0x00, 0x4D, 0x00, 0x6B, 0x00, 0xBE,
  0x00, 0x68, 0x00, 0x5E, 0x00, 0x6C, 0x00, 0x5C, 0x00, 0x46, 0x00, 0x48, 0x00, 0x59, 0x00, 0xEE,
  0x00, 0x10, 0x00, 0x68, 0x00, 0x68, 0x00, 0x5E, 0x00, 0x72, 0x00, 0xBE, 0x00, 0x59, 0x00, 0x48,
  0x00, 0x4D, 0x00, 0x6B, 0x00, 0xBE, 0x00, 0x68, 0x00, 0x50, 0x00, 0x4E, 0x00, 0x4F, 0x00, 0x6B,
  0x00, 0xE7, 0x00, 0x10, 0x00, 0x68, 0x00, 0x68, 0x00, 0x5E, 0x00, 0x72, 0x00, 0xBE, 0x00, 0x5C,
  0x00, 0x5E, 0x00, 0x68, 0x00, 0x6B, 0x00, 0x4F, 0x00, 0xBE, 0x00, 0x48, 0x00, 0x3B, 0x00, 0x69,
  0x00, 0x6B, 0x00, 0xED, 0x00, 0x10, 0x00, 0x68, 0x00, 0x68, 0x00, 0x5E, 0x00, 0x72, 0x00, 0xBE,
  0x00, 0x5C, 0x00, 0x5E, 0x00, 0x68, 0x00, 0x6B, 0x00, 0x4F, 0x00, 0xBE, 0x00, 0x72, 0x00, 0x48,
  0x00, 0x69, 0x00, 0x6B, 0x00, 0xE9, 0x00, 0x10, 0x00, 0x68, 0x00, 0x68, 0x00, 0x5E, 0x00, 0x72,
  0x00, 0xBE, 0x00, 0x69, 0x00, 0x5E, 0x00, 0x6C, 0x00, 0x6B, 0x00, 0x4F, 0x00, 0xBE, 0x00, 0x48,
  0x00, 0x3B, 0x00, 0x69, 0x00, 0x6B, 0x00, 0xEB, 0x00, 0x10, 0x00, 0x68, 0x00, 0x68, 0x00, 0x5E,
  0x00, 0x72, 0x00, 0xBE, 0x00, 0x69, 0x00, 0x5E, 0x00, 0x6C, 0x00, 0x6B, 0x00, 0x4F, 0x00, 0xBE,
  0x00, 0x72, 0x00, 0x48, 0x00, 0x69, 0x00, 0x6B, 0x00, 0xF0, 0x00, 0x10, 0x00, 0x68, 0x00, 0x68,
  0x00, 0x5E, 0x00, 0x72, 0x00, 0xBE, 0x00, 0x6C, 0x00, 0x65, 0x00, 0xBE, 0x00, 0x68, 0x00, 0x5E,
  0x00, 0x6C, 0x00, 0x5C, 0x00, 0x46, 0x00, 0x48, 0x00, 0x59, 0x00, 0xEF, 0x00, 0x0D, 0x00, 0x68,
  0x00, 0x68, 0x00, 0x5E, 0x00, 0x72, 0x00, 0xBE, 0x00, 0x6C, 0x00, 0x65, 0x00, 0xBE, 0x00, 0x46,
  0x00, 0x5E, 0x00, 0x72, 0x00, 0x5C, 0x00, 0xE8, 0x00, 0x0B, 0x00, 0x68, 0x00, 0x68, 0x00, 0x5E,
  0x00, 0x72, 0x00, 0xBE, 0x00, 0x68, 0x00, 0x50, 0x00, 0x4E, 0x00, 0x4F, 0x00, 0x6B, 0x00, 0xEA,
  0x00, 0x0A, 0x00, 0x68, 0x00, 0x68, 0x00, 0x5E, 0x00, 0x72, 0x00, 0xBE, 0x00, 0x46, 0x00, 0x5E,
  0x00, 0x72, 0x00, 0x5C, 0x00, 0xEC, 0x00, 0x0A, 0x00, 0x68, 0x00, 0x68, 0x00, 0x5E, 0x00, 0x72,
  0x00, 0xBE, 0x00, 0x59, 0x00, 0x48, 0x00, 0x4D, 0x00, 0x6B, 0x00, 0xE6, 0x00, 0x08, 0x00, 0x68,
  0x00, 0x68, 0x00, 0x5E, 0x00, 0x72, 0x00, 0xBE, 0x00, 0x6C, 0x00, 0x65, 0x00, 0x02, 0x00, 0x06,
  0x00, 0x2E, 0x00, 0xCA, 0x00, 0x13, 0x00, 0x6C, 0x00, 0x5E, 0x00, 0x6B, 0x00, 0x48, 0x00, 0xBE,
  0x00, 0x44, 0x00, 0x59, 0x00, 0x5E, 0x00, 0x69, 0x00, 0x48, 0x00, 0xBE, 0x00, 0x68, 0x00, 0x5E,
  0x00, 0x6C, 0x00, 0x5C, 0x00, 0x46, 0x00, 0x48, 0x00, 0x59, 0x00, 0xC9, 0x00, 0x12, 0x00, 0x6C,
  0x00, 0x5E, 0x00, 0x6B, 0x00, 0x48, 0x00, 0xBE, 0x00, 0x5E, 0x00, 0x65, 0x00, 0x48, 0x00, 0x5C,
  0x00, 0xBE, 0x00, 0x68, 0x00, 0x5E, 0x00, 0x6C, 0x00, 0x5C, 0x00, 0x46, 0x00, 0x48, 0x00, 0x59,
  0x00, 0x01, 0x00, 0x02, 0x00, 0x3B, 0x00, 0x67, 0x00, 0x01, 0x00, 0x00, 0x00, 0x01, 0x00, 0x08,
  0x00, 0x02, 0x00, 0x0A, 0x00, 0x02, 0x00, 0xBB, 0x00, 0xBC, 0x00, 0x01, 0x00, 0x02, 0x00, 0xAF,
  0x00, 0xB1, 0x00, 0x01, 0x00, 0x00, 0x00, 0x01, 0x00, 0x08, 0x00, 0x01, 0x00, 0x06, 0x00, 0x3D,
  0x00, 0x02, 0x00, 0x01, 0x00, 0x3B, 0x00, 0x42, 0x00, 0x00, 0x00, 0x01, 0x00, 0x00, 0x00, 0x01,
  0x00, 0x08, 0x00, 0x01, 0x00, 0x06, 0x00, 0x32, 0x00, 0x01, 0x00, 0x01, 0x00, 0x4E, 0x00, 0x01,
  0x00, 0x00, 0x00, 0x01, 0x00, 0x08, 0x00, 0x01, 0x00, 0x06, 0x00, 0x15, 0x00, 0x02, 0x00, 0x01,
  0x00, 0x6C, 0x00, 0x70, 0x00, 0x00, 0x00, 0x01, 0x00, 0x00, 0x00, 0x01, 0x00, 0x08, 0x00, 0x01,
  0x00, 0x06, 0x00, 0x12, 0x00, 0x01, 0x00, 0x03, 0x00, 0x74, 0x00, 0x75, 0x00, 0x76, 0x00, 0x01,
  0x00, 0x00, 0x00, 0x01, 0x00, 0x08, 0x00, 0x01, 0x00, 0x06, 0x00, 0x0F, 0x00, 0x01, 0x00, 0x01,
  0x00, 0x2B, 0x00, 0x01, 0x00, 0x00, 0x00, 0x01, 0x00, 0x08, 0x00, 0x02, 0x00, 0x10, 0x00, 0x05,
  0x00, 0x97, 0x00, 0x98, 0x00, 0x99, 0x00, 0x9A, 0x00, 0x9B, 0x00, 0x01, 0x00, 0x05, 0x00, 0x8E,
  0x00, 0x90, 0x00, 0x91, 0x00, 0x93, 0x00, 0x96, 0x00, 0x01, 0x00, 0x00, 0x00, 0x01, 0x00, 0x08,
  0x00, 0x01, 0x00, 0x06, 0x00, 0x0A, 0x00, 0x02, 0x00, 0x01, 0x00, 0xE6, 0x00, 0xEF, 0x00, 0x00,
  0x00, 0x01, 0x00, 0x01, 0x00, 0x08, 0x00, 0x03, 0x00, 0x00, 0x00, 0x14, 0x00, 0x03, 0x00, 0x00,
  0x00, 0x2C, 0x00, 0x02, 0x6F, 0x70, 0x73, 0x7A, 0x01, 0x08, 0x00, 0x00, 0x77, 0x67, 0x68, 0x74,
  0x01, 0x09, 0x00, 0x01, 0x69, 0x74, 0x61, 0x6C, 0x01, 0x1A, 0x00, 0x02, 0x00, 0x06, 0x00, 0x12,
  0x00, 0x1E, 0x00, 0x01, 0x00, 0x00, 0x00, 0x00, 0x01, 0x14, 0x00, 0x0E, 0x00, 0x00, 0x00, 0x01,
  0x00, 0x01, 0x00, 0x00, 0x01, 0x10, 0x02, 0xBC, 0x00, 0x00, 0x00, 0x03, 0x00, 0x02, 0x00, 0x02,
  0x01, 0x1B, 0x00, 0x00, 0x00, 0x00, 0x00, 0x01, 0x00, 0x00, 0x00, 0x00,
};

#define DMSans_Bold_subset_SIZE 33164

#endif
