// Guardian miner background 320x170. Live numbers are drawn on top.

const uint16_t guardianMinerWidth = 320;
const uint16_t guardianMinerHeight = 170;

const unsigned short guardianMinerScreen[0xD480] PROGMEM = {
  0x10A4, 0x10A4, 0x10A4, 0x10A4, 0x10A4, 0x10A4, 0x10A4, 0x10A4, 0x10A4, 0x10A4, 0x10A4, 0x10A4, 0x10A4, 0x10A4, 0x10A4, 0x10A4,
  0x10A4, 0x10A4, 0x10A4, 0x10A4, 0x10A4, 0x10A4, 0x10A4, 0x10A4, 0x10A4, 0x10A4, 0x10A4, 0x10A4, 0x10A4, 0x10A4, 0x10A4, 0x10A4,
  0x10A4, 0x10A4, 0x10A4, 0x10A4, 0x10A4, 0x10A4, 0x10A4, 0x10A4, 0x10A4, 0x10A4, 0x10A4, 0x10A4, 0x10A4, 0x10A4, 0x10A4, 0x10A4,
  0x10A4, 0x10A4, 0x10A4, 0x10A4, 0x10A4, 0x10A4, 0x10A4, 0x10A4, 0x10A4, 0x10A4, 0x10A4, 0x10A4, 0x10A4, 0x10A4, 0x10A4, 0x10A4,
  0x10A4, 0x10A4, 0x10A4, 0x10A4, 0x10A4, 0x10A4, 0x10A4, 0x10A4, 0x10A4, 0x10A4, 0x10A4, 0x10A4, 0x10A4, 0x10A4, 0x10A4, 0x10A4,
  0x10A4, 0x10A4, 0x10A4, 0x10A4, 0x10A4, 0x10A4, 0x10A4, 0x10A4, 0x10A4, 0x10A4, 0x10A4, 0x10A4, 0x10A4, 0x10A4, 0x10A4, 0x10A4,
  0x10A4, 0x10A4, 0x10A4, 0x10A4, 0x10A4, 0x10A4, 0x10A4, 0x10A4, 0x10A4, 0x10A4, 0x10A4, 0x10A4, 0x10C4, 0x10C4, 0x10C4, 0x10C4,
  0x10C4, 0x10C4, 0x10C4, 0x10C4, 0x10C4, 0x10C4, 0x10C4, 0x10C4, 0x10C4, 0x10C4, 0x10E5, 0x10E4, 0x10E5, 0x10E5, 0x10E5, 0x10E5,
  0x10E5, 0x10E5, 0x10E5, 0x10E5, 0x1105, 0x1105, 0x1105, 0x1105, 0x1105, 0x1105, 0x1105, 0x1105, 0x1105, 0x1125, 0x1125, 0x1125,
  0x1125, 0x1126, 0x1126, 0x1126, 0x1126, 0x1126, 0x1126, 0x1146, 0x1146, 0x1146, 0x1146, 0x1146, 0x1146, 0x1146, 0x1146, 0x1146,
  0x1146, 0x1146, 0x1146, 0x1146, 0x1146, 0x1146, 0x1146, 0x1146, 0x1146, 0x1126, 0x1126, 0x1126, 0x1126, 0x1126, 0x1126, 0x1126,
  0x1125, 0x1125, 0x1125, 0x1105, 0x1105, 0x1105, 0x1105, 0x1105, 0x1105, 0x1105, 0x1105, 0x10E5, 0x10E5, 0x10E5, 0x10E5, 0x10E5,
  0x10E5, 0x10E5, 0x10E5, 0x10E5, 0x10E4, 0x10E5, 0x10C4, 0x10C4, 0x10C5, 0x10C4, 0x10C4, 0x10C4, 0x10C4, 0x10C4, 0x10C4, 0x10C4,
  0x10C4, 0x10C4, 0x10A4, 0x10A4, 0x10C4, 0x10A4, 0x10A4, 0x10A4, 0x10A4, 0x10A4, 0x10A4, 0x10A4, 0x10A4, 0x10A4, 0x10A4, 0x10A4,
  0x10A4, 0x10A4, 0x10A4, 0x10A4, 0x10A4, 0x10A4, 0x10A4, 0x10A4, 0x10A4, 0x10A4, 0x10A4, 0x10A4, 0x10A4, 0x10A4, 0x10A4, 0x10A4,
  0x10A4, 0x10A4, 0x10A4, 0x10A4, 0x10A4, 0x10A4, 0x10A4, 0x10A4, 0x10A4, 0x10A4, 0x10A4, 0x10A4, 0x10A4, 0x10A4, 0x10A4, 0x10A4,
  0x10A4, 0x10A4, 0x10A4, 0x10A4, 0x10A4, 0x10A4, 0x10A4, 0x10A4, 0x10A4, 0x10A4, 0x10A4, 0x10A4, 0x10A4, 0x10A4, 0x10A4, 0x10A4,
  0x10A4, 0x10A4, 0x10A4, 0x10A4, 0x10A4, 0x10A4, 0x10A4, 0x10A4, 0x10A4, 0x10A4, 0x10A4, 0x10A4, 0x10A4, 0x10A4, 0x10A4, 0x10A4,
  0x10A4, 0x10A4, 0x10A4, 0x10A4, 0x10A4, 0x10A4, 0x10A4, 0x10A4, 0x10A4, 0x10A4, 0x10A4, 0x10A4, 0x10A4, 0x10A4, 0x10A4, 0x10A4,
  0x10A4, 0x10A4, 0x10A4, 0x10A4, 0x10A4, 0x10A4, 0x10A4, 0x10A4, 0x10A4, 0x10A4, 0x10A4, 0x10A4, 0x10A4, 0x10A4, 0x10A4, 0x10A4,
  0x10A4, 0x10A4, 0x10A4, 0x10A4, 0x10A4, 0x10A4, 0x10A4, 0x10A4, 0x10A4, 0x10A4, 0x10A4, 0x10A4, 0x10A4, 0x10A4, 0x10A4, 0x10A4,
  0x10A4, 0x10A4, 0x10A4, 0x10A4, 0x10A4, 0x10A4, 0x10A4, 0x10A4, 0x10A4, 0x10A4, 0x10A4, 0x10A4, 0x10A4, 0x10A4, 0x10A4, 0x10A4,
  0x10A4, 0x10A4, 0x10A4, 0x10A4, 0x10A4, 0x10A4, 0x10A4, 0x10A4, 0x10A4, 0x10A4, 0x10A4, 0x10A4, 0x10A4, 0x10A4, 0x10A4, 0x10A4,
  0x10A4, 0x10A4, 0x10A4, 0x10A4, 0x10A4, 0x10A4, 0x10A4, 0x10A4, 0x10A4, 0x10A4, 0x10A4, 0x10A4, 0x10A4, 0x10A4, 0x10A4, 0x10A4,
  0x10A4, 0x10A4, 0x10A4, 0x10A4, 0x10A4, 0x10A4, 0x10A4, 0x10A4, 0x10A4, 0x10A4, 0x10A4, 0x10A4, 0x10A4, 0x10A4, 0x10A4, 0x10A4,
  0x10A4, 0x10A4, 0x10A4, 0x10A4, 0x10A4, 0x10A4, 0x10A4, 0x10A4, 0x10A4, 0x10A4, 0x10A4, 0x10A4, 0x10A4, 0x10A4, 0x10A4, 0x10A4,
  0x10A4, 0x10A4, 0x10A4, 0x10A4, 0x10A4, 0x10A4, 0x10A4, 0x10A4, 0x10A4, 0x10A4, 0x10A4, 0x10A4, 0x10C4, 0x10C4, 0x10C4, 0x10C4,
  0x10C4, 0x10C4, 0x10C4, 0x10C4, 0x10C4, 0x10C4, 0x10C4, 0x10C4, 0x10C4, 0x10C4, 0x10E5, 0x10C4, 0x10E5, 0x10E5, 0x10E5, 0x10E5,
  0x10E5, 0x10E5, 0x10E5, 0x10E5, 0x10E5, 0x1105, 0x1105, 0x1105, 0x1105, 0x1105, 0x1105, 0x1105, 0x1105, 0x1125, 0x1125, 0x1125,
  0x1125, 0x1126, 0x1126, 0x1126, 0x1126, 0x1126, 0x1126, 0x1146, 0x1146, 0x1146, 0x1146, 0x1146, 0x1146, 0x1146, 0x1146, 0x1146,
  0x1146, 0x1146, 0x1146, 0x1146, 0x1146, 0x1146, 0x1146, 0x1146, 0x1146, 0x1146, 0x1126, 0x1126, 0x1126, 0x1126, 0x1126, 0x1126,
  0x1125, 0x1125, 0x1125, 0x1125, 0x1105, 0x1105, 0x1105, 0x1105, 0x1105, 0x1105, 0x1105, 0x10E5, 0x1105, 0x10E5, 0x10E5, 0x10E5,
  0x10E5, 0x10E5, 0x10E5, 0x10E5, 0x10C4, 0x10E5, 0x10C4, 0x10C4, 0x10C4, 0x10C4, 0x10C4, 0x10C4, 0x10C4, 0x10C4, 0x10C4, 0x10C4,
  0x10C4, 0x10C4, 0x10C4, 0x10A4, 0x10C4, 0x10A4, 0x10A4, 0x10A4, 0x10A4, 0x10A4, 0x10A4, 0x10A4, 0x10A4, 0x10A4, 0x10A4, 0x10A4,
  0x10A4, 0x10A4, 0x10A4, 0x10A4, 0x10A4, 0x10A4, 0x10A4, 0x10A4, 0x10A4, 0x10A4, 0x10A4, 0x10A4, 0x10A4, 0x10A4, 0x10A4, 0x10A4,
  0x10A4, 0x10A4, 0x10A4, 0x10A4, 0x10A4, 0x10A4, 0x10A4, 0x10A4, 0x10A4, 0x10A4, 0x10A4, 0x10A4, 0x10A4, 0x10A4, 0x10A4, 0x10A4,
  0x10A4, 0x10A4, 0x10A4, 0x10A4, 0x10A4, 0x10A4, 0x10A4, 0x10A4, 0x10A4, 0x10A4, 0x10A4, 0x10A4, 0x10A4, 0x10A4, 0x10A4, 0x10A4,
  0x10A4, 0x10A4, 0x10A4, 0x10A4, 0x10A4, 0x10A4, 0x10A4, 0x10A4, 0x10A4, 0x10A4, 0x10A4, 0x10A4, 0x10A4, 0x10A4, 0x10A4, 0x10A4,
  0x10A4, 0x10A4, 0x10A4, 0x10A4, 0x10A4, 0x10A4, 0x10A4, 0x10A4, 0x10A4, 0x10A4, 0x10A4, 0x10A4, 0x10A4, 0x10A4, 0x10A4, 0x10A4,
  0x10A4, 0x10A4, 0x10A4, 0x10A4, 0x10A4, 0x10A4, 0x10A4, 0x10A4, 0x10A4, 0x10A4, 0x10A4, 0x10A4, 0x10A4, 0x10A4, 0x10A4, 0x10A4,
  0x10A4, 0x10A4, 0x10A4, 0x10A4, 0x10A4, 0x10A4, 0x10A4, 0x10A4, 0x10A4, 0x10A4, 0x10A4, 0x10A4, 0x10A4, 0x10A4, 0x10A4, 0x10A4,
  0x10A4, 0x10A4, 0x10A4, 0x10A4, 0x10A4, 0x10A4, 0x10A4, 0x10A4, 0x10A4, 0x10A4, 0x10A4, 0x10A4, 0x10A4, 0x10A4, 0x10A4, 0x10A4,
  0x10A4, 0x10A4, 0x10A4, 0x10A4, 0x10A4, 0x10A4, 0x10A4, 0x10A4, 0x10A4, 0x10A4, 0x10A4, 0x10A4, 0x10A4, 0x10A4, 0x10A4, 0x10A4,
  0x10A4, 0x10A4, 0x10A4, 0x10A4, 0x10A4, 0x10A4, 0x10A4, 0x10A4, 0x10A4, 0x10A4, 0x10A4, 0x10A4, 0x10A4, 0x10A4, 0x10A4, 0x10A4,
  0x10A4, 0x10A4, 0x10A4, 0x10A4, 0x10A4, 0x10A4, 0x10A4, 0x10A4, 0x10A4, 0x10A4, 0x10A4, 0x10A4, 0x10A4, 0x10A4, 0x10A4, 0x10A4,
  0x10A4, 0x10A4, 0x10A4, 0x10A4, 0x10A4, 0x10A4, 0x10A4, 0x10A4, 0x10A4, 0x10A4, 0x10A4, 0x10A4, 0x10A4, 0x10A4, 0x10A4, 0x10A4,
  0x10A4, 0x10A4, 0x10A4, 0x10A4, 0x10A4, 0x10A4, 0x10A4, 0x10A4, 0x10A4, 0x10A4, 0x10A4, 0x10C4, 0x10A4, 0x10A4, 0x10C4, 0x10C4,
  0x10C4, 0x10C4, 0x10C4, 0x10C4, 0x10C4, 0x10C4, 0x10C4, 0x10C5, 0x10C4, 0x10C4, 0x10E5, 0x10C4, 0x10E5, 0x10E5, 0x10E5, 0x10E5,
  0x10E5, 0x10E5, 0x10E5, 0x10E5, 0x1105, 0x1105, 0x1105, 0x1105, 0x1105, 0x1105, 0x1105, 0x1125, 0x1125, 0x1125, 0x1125, 0x1125,
  0x1126, 0x1126, 0x1126, 0x1126, 0x1146, 0x1126, 0x1146, 0x1146, 0x1146, 0x1146, 0x1146, 0x1146, 0x1146, 0x1146, 0x1146, 0x1146,
  0x1146, 0x1146, 0x1146, 0x1146, 0x1146, 0x1146, 0x1146, 0x1146, 0x1146, 0x1146, 0x1126, 0x1126, 0x1126, 0x1126, 0x1126, 0x1126,
  0x1125, 0x1125, 0x1125, 0x1105, 0x1105, 0x1105, 0x1105, 0x1105, 0x1105, 0x1105, 0x1105, 0x1105, 0x1105, 0x10E5, 0x10E5, 0x10E5,
  0x10E5, 0x10E5, 0x10E5, 0x10E5, 0x10E5, 0x10E4, 0x10E5, 0x10C4, 0x10C4, 0x10C4, 0x10C4, 0x10C4, 0x10C4, 0x10C4, 0x10C4, 0x10C4,
  0x10C4, 0x10C4, 0x10C4, 0x10A4, 0x10A4, 0x10C4, 0x10A4, 0x10A4, 0x10A4, 0x10A4, 0x10A4, 0x10A4, 0x10A4, 0x10A4, 0x10A4, 0x10A4,
  0x10A4, 0x10A4, 0x10A4, 0x10A4, 0x10A4, 0x10A4, 0x10A4, 0x10A4, 0x10A4, 0x10A4, 0x10A4, 0x10A4, 0x10A4, 0x10A4, 0x10A4, 0x10A4,
  0x10A4, 0x10A4, 0x10A4, 0x10A4, 0x10A4, 0x10A4, 0x10A4, 0x10A4, 0x10A4, 0x10A4, 0x10A4, 0x10A4, 0x10A4, 0x10A4, 0x10A4, 0x10A4,
  0x10A4, 0x10A4, 0x10A4, 0x10A4, 0x10A4, 0x10A4, 0x10A4, 0x10A4, 0x10A4, 0x10A4, 0x10A4, 0x10A4, 0x10A4, 0x10A4, 0x10A4, 0x10A4,
  0x10A4, 0x10A4, 0x10A4, 0x10A4, 0x10A4, 0x10A4, 0x10A4, 0x10A4, 0x10A4, 0x10A4, 0x10A4, 0x10A4, 0x10A4, 0x10A4, 0x10A4, 0x10A4,
  0x10A4, 0x10A4, 0x10A4, 0x10A4, 0x10A4, 0x10A4, 0x10A4, 0x10A4, 0x10A4, 0x10A4, 0x10A4, 0x10A4, 0x10A4, 0x10A4, 0x10A4, 0x10A4,
  0x10A4, 0x10A4, 0x10A4, 0x10A4, 0x10A4, 0x10A4, 0x10A4, 0x10A4, 0x10A4, 0x10A4, 0x10A4, 0x10A4, 0x10A4, 0x10A4, 0x10A4, 0x10A4,
  0x10A4, 0x10A4, 0x10A4, 0x10A4, 0x10A4, 0x10A4, 0x10A4, 0x10A4, 0x10A4, 0x10A4, 0x10A4, 0x10A4, 0x10A4, 0x10A4, 0x10A4, 0x10A4,
  0x10A4, 0x10A4, 0x10A4, 0x10A4, 0x10A4, 0x10A4, 0x10A4, 0x10A4, 0x10A4, 0x10A4, 0x10A4, 0x10A4, 0x10A4, 0x10A4, 0x10A4, 0x10A4,
  0x10A4, 0x10A4, 0x10A4, 0x10A4, 0x10A4, 0x10A4, 0x10A4, 0x10A4, 0x10A4, 0x10A4, 0x10A4, 0x10A4, 0x10A4, 0x10A4, 0x10A4, 0x10A4,
  0x10A4, 0x10A4, 0x10A4, 0x10A4, 0x10A4, 0x10A4, 0x10A4, 0x10A4, 0x10A4, 0x10A4, 0x10A4, 0x10A4, 0x10A4, 0x10A4, 0x10A4, 0x10A4,
  0x10A4, 0x10A4, 0x10A4, 0x10A4, 0x10A4, 0x10A4, 0x10A4, 0x10A4, 0x10A4, 0x10A4, 0x10A4, 0x10A4, 0x10A4, 0x10A4, 0x10A4, 0x10A4,
  0x10A4, 0x10A4, 0x10A4, 0x10A4, 0x10A4, 0x10A4, 0x10A4, 0x10A4, 0x10A4, 0x10A4, 0x10A4, 0x10A4, 0x10A4, 0x10A4, 0x10A4, 0x10A4,
  0x10A4, 0x10A4, 0x10A4, 0x10A4, 0x10A4, 0x10A4, 0x10A4, 0x10A4, 0x10A4, 0x10A4, 0x10A4, 0x10C4, 0x10A4, 0x10A4, 0x10C4, 0x10C4,
  0x10C4, 0x10C4, 0x10C4, 0x10C4, 0x10C4, 0x10C4, 0x10C4, 0x10C5, 0x10C4, 0x10C5, 0x10E5, 0x10C4, 0x10E5, 0x10E5, 0x10E5, 0x10E5,
  0x10E5, 0x10E5, 0x10E5, 0x10E5, 0x1105, 0x1105, 0x1105, 0x1105, 0x1105, 0x1105, 0x1105, 0x1105, 0x1125, 0x1125, 0x1125, 0x1125,
  0x1125, 0x1126, 0x1126, 0x1126, 0x1126, 0x1126, 0x1146, 0x1146, 0x1146, 0x1146, 0x1146, 0x1146, 0x1146, 0x1146, 0x1146, 0x1146,
  0x1146, 0x1146, 0x1146, 0x1146, 0x1146, 0x1146, 0x1146, 0x1146, 0x1146, 0x1146, 0x1146, 0x1126, 0x1126, 0x1126, 0x1126, 0x1125,
  0x1125, 0x1125, 0x1125, 0x1105, 0x1105, 0x1105, 0x1105, 0x1105, 0x1105, 0x1105, 0x1105, 0x1105, 0x1105, 0x10E5, 0x10E5, 0x10E5,
  0x10E5, 0x10E5, 0x10E5, 0x10E5, 0x10E5, 0x10E4, 0x10C5, 0x10C4, 0x10C4, 0x10C4, 0x10C4, 0x10C4, 0x10C4, 0x10C4, 0x10C4, 0x10C4,
  0x10C4, 0x10C4, 0x10C4, 0x10C4, 0x10A4, 0x10A4, 0x10A4, 0x10A4, 0x10A4, 0x10A4, 0x10A4, 0x10A4, 0x10A4, 0x10A4, 0x10A4, 0x10A4,
  0x10A4, 0x10A4, 0x10A4, 0x10A4, 0x10A4, 0x10A4, 0x10A4, 0x10A4, 0x10A4, 0x10A4, 0x10A4, 0x10A4, 0x10A4, 0x10A4, 0x10A4, 0x10A4,
  0x10A4, 0x10A4, 0x10A4, 0x10A4, 0x10A4, 0x10A4, 0x10A4, 0x10A4, 0x10A4, 0x10A4, 0x10A4, 0x10A4, 0x10A4, 0x10A4, 0x10A4, 0x10A4,
  0x10A4, 0x10A4, 0x10A4, 0x10A4, 0x10A4, 0x10A4, 0x10A4, 0x10A4, 0x10A4, 0x10A4, 0x10A4, 0x10A4, 0x10A4, 0x10A4, 0x10A4, 0x10A4,
  0x10A4, 0x10A4, 0x10A4, 0x10A4, 0x10A4, 0x10A4, 0x10A4, 0x10A4, 0x10A4, 0x10A4, 0x10A4, 0x10A4, 0x10A4, 0x10A4, 0x10A4, 0x10A4,
  0x10A4, 0x10A4, 0x10A4, 0x10A4, 0x10A4, 0x10A4, 0x10A4, 0x10A4, 0x10A4, 0x10A4, 0x10A4, 0x10A4, 0x10A4, 0x10A4, 0x10A4, 0x10A4,
  0x10A4, 0x10A4, 0x10A4, 0x10A4, 0x10A4, 0x10A4, 0x10A4, 0x10A4, 0x10A4, 0x10A4, 0x10A4, 0x10A4, 0x10A4, 0x10A4, 0x10A4, 0x10A4,
  0x10A4, 0x10A4, 0x10A4, 0x10A4, 0x10A4, 0x10A4, 0x10A4, 0x10A4, 0x10A4, 0x10A4, 0x10A4, 0x10A4, 0x10A4, 0x10A4, 0x10A4, 0x10A4,
  0x10A4, 0x10A4, 0x10A4, 0x10A4, 0x10A4, 0x10A4, 0x10A4, 0x10A4, 0x10A4, 0x10A4, 0x10A4, 0x10A4, 0x10A4, 0x10A4, 0x10A4, 0x10A4,
  0x10A4, 0x10A4, 0x10A4, 0x10A4, 0x10A4, 0x10A4, 0x10A4, 0x10A4, 0x10A4, 0x10A4, 0x10A4, 0x10A4, 0x10A4, 0x10A4, 0x10A4, 0x10A4,
  0x10A4, 0x10A4, 0x10A4, 0x10A4, 0x10A4, 0x10A4, 0x10A4, 0x10A4, 0x10A4, 0x10A4, 0x10A4, 0x10A4, 0x10A4, 0x10A4, 0x10A4, 0x10A4,
  0x10A4, 0x10A4, 0x10A4, 0x10A4, 0x10A4, 0x10A4, 0x10A4, 0x10A4, 0x10A4, 0x10A4, 0x10A4, 0x10A4, 0x10A4, 0x10A4, 0x10A4, 0x10A4,
  0x10A4, 0x10A4, 0x10A4, 0x10A4, 0x10A4, 0x10A4, 0x10A4, 0x10A4, 0x10A4, 0x10A4, 0x10A4, 0x10A4, 0x10A4, 0x10A4, 0x10A4, 0x10A4,
  0x10A4, 0x10A4, 0x10A4, 0x10A4, 0x10A4, 0x10A4, 0x10A4, 0x10A4, 0x10A4, 0x10A4, 0x10A4, 0x10C4, 0x10A4, 0x10A4, 0x10C4, 0x10C4,
  0x10C4, 0x10C4, 0x10C4, 0x10C4, 0x10C4, 0x10C4, 0x10C4, 0x10C4, 0x10C4, 0x10E5, 0x10E5, 0x10C4, 0x10E5, 0x10E5, 0x10E5, 0x10E5,
  0x10E5, 0x10E5, 0x10E5, 0x1105, 0x1105, 0x1105, 0x1105, 0x1105, 0x1105, 0x1105, 0x1105, 0x1105, 0x1125, 0x1125, 0x1125, 0x1125,
  0x1125, 0x1126, 0x1126, 0x1126, 0x1126, 0x1146, 0x1146, 0x1146, 0x1146, 0x1146, 0x1146, 0x1146, 0x1146, 0x1146, 0x1146, 0x1146,
  0x1146, 0x1146, 0x1146, 0x1146, 0x1146, 0x1146, 0x1146, 0x1146, 0x1146, 0x1146, 0x1146, 0x1146, 0x1146, 0x1126, 0x1126, 0x1126,
  0x1126, 0x1125, 0x1125, 0x1125, 0x1105, 0x1105, 0x1105, 0x1105, 0x1105, 0x1105, 0x1105, 0x1105, 0x1105, 0x10E5, 0x10E5, 0x10E5,
  0x10E5, 0x10E5, 0x10E5, 0x10E5, 0x10E5, 0x10C4, 0x10E5, 0x10C4, 0x10C4, 0x10C4, 0x10C4, 0x10C4, 0x10C4, 0x10C4, 0x10C4, 0x10C4,
  0x10C4, 0x10C4, 0x10C4, 0x10C4, 0x10C4, 0x10A4, 0x10A4, 0x10A4, 0x10A4, 0x10A4, 0x10A4, 0x10A4, 0x10A4, 0x10A4, 0x10A4, 0x10A4,
  0x10A4, 0x10A4, 0x10A4, 0x10A4, 0x10A4, 0x10A4, 0x10A4, 0x10A4, 0x10A4, 0x10A4, 0x10A4, 0x10A4, 0x10A4, 0x10A4, 0x10A4, 0x10A4,
  0x10A4, 0x10A4, 0x10A4, 0x10A4, 0x10A4, 0x10A4, 0x10A4, 0x10A4, 0x10A4, 0x10A4, 0x10A4, 0x10A4, 0x10A4, 0x10A4, 0x10A4, 0x10A4,
  0x10A4, 0x10A4, 0x10A4, 0x10A4, 0x10A4, 0x10A4, 0x10A4, 0x10A4, 0x10A4, 0x10A4, 0x10A4, 0x10A4, 0x10A4, 0x10A4, 0x10A4, 0x10A4,
  0x10A4, 0x10A4, 0x10A4, 0x10A4, 0x10A4, 0x10A4, 0x10A4, 0x10A4, 0x10A4, 0x10A4, 0x10A4, 0x10A4, 0x10A4, 0x10A4, 0x10A4, 0x10A4,
  0x10A4, 0x10A4, 0x10A4, 0x10A4, 0x10A4, 0x10A4, 0x10A4, 0x10A4, 0x10A4, 0x10A4, 0x10A4, 0x10A4, 0x10A4, 0x10A4, 0x10A4, 0x10A4,
  0x10A4, 0x10A4, 0x10A4, 0x10A4, 0x10A4, 0x10A4, 0x10A4, 0x10A4, 0x10A4, 0x10A4, 0x10A4, 0x10A4, 0x10A4, 0x10A4, 0x10A4, 0x10A4,
  0x10A4, 0x10A4, 0x10A4, 0x10A4, 0x10A4, 0x10A4, 0x10A4, 0x10A4, 0x10A4, 0x10A4, 0x10A4, 0x10A4, 0x10A4, 0x10A4, 0x10A4, 0x10A4,
  0x10A4, 0x10A4, 0x10A4, 0x10A4, 0x10A4, 0x10A4, 0x10A4, 0x10A4, 0x10A4, 0x10A4, 0x10A4, 0x10A4, 0x10A4, 0x10A4, 0x10A4, 0x10A4,
  0x10A4, 0x10A4, 0x10A4, 0x10A4, 0x10A4, 0x10A4, 0x10A4, 0x10A4, 0x10A4, 0x10A4, 0x10A4, 0x10A4, 0x10A4, 0x10A4, 0x10A4, 0x10A4,
  0x10A4, 0x10A4, 0x10A4, 0x10A4, 0x10A4, 0x10A4, 0x10A4, 0x10A4, 0x10A4, 0x10A4, 0x10A4, 0x10A4, 0x10A4, 0x10A4, 0x10A4, 0x10A4,
  0x10A4, 0x10A4, 0x10A4, 0x10A4, 0x10A4, 0x10A4, 0x10A4, 0x10A4, 0x10A4, 0x10A4, 0x10A4, 0x10A4, 0x10A4, 0x10A4, 0x10A4, 0x10A4,
  0x10A4, 0x10A4, 0x10A4, 0x10A4, 0x10A4, 0x10A4, 0x10A4, 0x10A4, 0x10A4, 0x10A4, 0x10A4, 0x10A4, 0x10A4, 0x10A4, 0x10A4, 0x10A4,
  0x10A4, 0x10A4, 0x10A4, 0x10A4, 0x10A4, 0x10A4, 0x10A4, 0x10A4, 0x10A4, 0x10A4, 0x10A4, 0x10A4, 0x10A4, 0x10A4, 0x10C4, 0x10C4,
  0x10C4, 0x10C4, 0x10C4, 0x10C4, 0x10C4, 0x10C4, 0x10C4, 0x10C4, 0x10C4, 0x10C4, 0x10E5, 0x10C4, 0x10E5, 0x10E5, 0x10E5, 0x10E5,
  0x10E5, 0x10E5, 0x10E5, 0x1105, 0x1105, 0x1105, 0x1105, 0x1105, 0x1105, 0x1105, 0x1105, 0x1105, 0x1125, 0x1125, 0x1125, 0x1125,
  0x1125, 0x1126, 0x1126, 0x1126, 0x1126, 0x1146, 0x1146, 0x1146, 0x1146, 0x1146, 0x1146, 0x0946, 0x1146, 0x1146, 0x0946, 0x0946,
  0x0946, 0x0946, 0x1146, 0x1146, 0x1146, 0x1146, 0x1146, 0x1146, 0x1146, 0x1146, 0x1146, 0x1146, 0x1126, 0x1146, 0x1126, 0x1126,
  0x1125, 0x1125, 0x1125, 0x1125, 0x1125, 0x1105, 0x1105, 0x1105, 0x1105, 0x1105, 0x1105, 0x1105, 0x10E5, 0x1105, 0x10E5, 0x10E5,
  0x10E5, 0x10E5, 0x10E5, 0x10E5, 0x10E5, 0x10E5, 0x10E5, 0x10C4, 0x10E4, 0x10C4, 0x10C4, 0x10C4, 0x10C4, 0x10C4, 0x10C4, 0x10C4,
  0x10C4, 0x10C4, 0x10C4, 0x10A4, 0x10C4, 0x10A4, 0x10A4, 0x10A4, 0x10A4, 0x10A4, 0x10A4, 0x10A4, 0x10A4, 0x10A4, 0x10A4, 0x10A4,
  0x10A4, 0x10A4, 0x10A4, 0x10A4, 0x10A4, 0x10A4, 0x10A4, 0x10A4, 0x10A4, 0x10A4, 0x10A4, 0x10A4, 0x10A4, 0x10A4, 0x10A4, 0x10A4,
  0x10A4, 0x10A4, 0x10A4, 0x10A4, 0x10A4, 0x10A4, 0x10A4, 0x10A4, 0x10A4, 0x10A4, 0x10A4, 0x10A4, 0x10A4, 0x10A4, 0x10A4, 0x10A4,
  0x10A4, 0x10A4, 0x10A4, 0x10A4, 0x10A4, 0x10A4, 0x10A4, 0x10A4, 0x10A4, 0x10A4, 0x10A4, 0x10A4, 0x10A4, 0x10A4, 0x10A4, 0x10A4,
  0x10A4, 0x10A4, 0x10A4, 0x10A4, 0x10A4, 0x10A4, 0x10A4, 0x10A4, 0x10A4, 0x10A4, 0x10A4, 0x10A4, 0x10A4, 0x10A4, 0x10A4, 0x10A4,
  0x10A4, 0x10A4, 0x10A4, 0x10A4, 0x10A4, 0x10A4, 0x10A4, 0x10A4, 0x10A4, 0x10A4, 0x10A4, 0x10A4, 0x10A4, 0x10A4, 0x10A4, 0x10A4,
  0x10A4, 0x10A4, 0x10A4, 0x10A4, 0x10A4, 0x10A4, 0x10A4, 0x10A4, 0x10A4, 0x10A4, 0x10A4, 0x10A4, 0x10A4, 0x10A4, 0x10A4, 0x10A4,
  0x10A4, 0x10A4, 0x10A4, 0x10A4, 0x10A4, 0x10A4, 0x10A4, 0x10A4, 0x10A4, 0x10A4, 0x10A4, 0x10A4, 0x10A4, 0x10A4, 0x10A4, 0x10A4,
  0x10A4, 0x10A4, 0x10A4, 0x10A4, 0x10A4, 0x10A4, 0x10A4, 0x10A4, 0x10A4, 0x10A4, 0x10A4, 0x10A4, 0x10A4, 0x10A4, 0x10A4, 0x10A4,
  0x10A4, 0x10A4, 0x10A4, 0x10A4, 0x10A4, 0x10A4, 0x10A4, 0x10A4, 0x10A4, 0x10A4, 0x10A4, 0x10A4, 0x10A4, 0x10A4, 0x10A4, 0x10A4,
  0x10A4, 0x10A4, 0x10A4, 0x10A4, 0x10A4, 0x10A4, 0x10A4, 0x10A4, 0x10A4, 0x10A4, 0x10A4, 0x10A4, 0x10A4, 0x10A4, 0x10A4, 0x10A4,
  0x10A4, 0x10A4, 0x10A4, 0x10A4, 0x10A4, 0x10A4, 0x10A4, 0x10A4, 0x10A4, 0x10A4, 0x10A4, 0x10A4, 0x10A4, 0x10A4, 0x10A4, 0x10A4,
  0x10A4, 0x10A4, 0x10A4, 0x10A4, 0x10A4, 0x10A4, 0x10A4, 0x10A4, 0x10A4, 0x10A4, 0x10A4, 0x10A4, 0x10A4, 0x10A4, 0x10A4, 0x10A4,
  0x10A4, 0x10A4, 0x10A4, 0x10A4, 0x10A4, 0x10A4, 0x10A4, 0x10A4, 0x10A4, 0x10A4, 0x10A4, 0x10A4, 0x10A4, 0x10A4, 0x10C4, 0x10C4,
  0x10C4, 0x10C4, 0x10C4, 0x10C4, 0x10C4, 0x10C4, 0x10C4, 0x10C4, 0x10C4, 0x10C4, 0x10E5, 0x10C4, 0x10E5, 0x10E5, 0x10E5, 0x10E5,
  0x10E5, 0x10E5, 0x10E5, 0x1105, 0x1105, 0x1105, 0x1105, 0x1105, 0x1105, 0x1105, 0x1105, 0x1105, 0x1125, 0x1125, 0x1125, 0x1125,
  0x1125, 0x1126, 0x1126, 0x1126, 0x1126, 0x1146, 0x1146, 0x1146, 0x1146, 0x1146, 0x1146, 0x0946, 0x1146, 0x1146, 0x0946, 0x0946,
  0x0946, 0x0946, 0x1146, 0x1146, 0x1146, 0x1146, 0x1146, 0x1146, 0x1146, 0x1146, 0x1146, 0x1146, 0x1126, 0x1126, 0x1126, 0x1126,
  0x1125, 0x1125, 0x1125, 0x1125, 0x1125, 0x1105, 0x1105, 0x1105, 0x1105, 0x1105, 0x1105, 0x1105, 0x1105, 0x1105, 0x10E5, 0x10E5,
  0x10E5, 0x10E5, 0x10E5, 0x10E5, 0x10E5, 0x10C4, 0x10E5, 0x10C4, 0x10C4, 0x10C5, 0x10C4, 0x10C4, 0x10C4, 0x10C4, 0x10C4, 0x10C4,
  0x10C4, 0x10C4, 0x10C4, 0x10C4, 0x10C4, 0x10A4, 0x10A4, 0x10A4, 0x10A4, 0x10A4, 0x10A4, 0x10A4, 0x10A4, 0x10A4, 0x10A4, 0x10A4,
  0x10A4, 0x10A4, 0x10A4, 0x10A4, 0x10A4, 0x10A4, 0x10A4, 0x10A4, 0x10A4, 0x10A4, 0x10A4, 0x10A4, 0x10A4, 0x10A4, 0x10A4, 0x10A4,
  0x10A4, 0x10A4, 0x10A4, 0x10A4, 0x10A4, 0x10A4, 0x10A4, 0x10A4, 0x10A4, 0x10A4, 0x10A4, 0x10A4, 0x10A4, 0x10A4, 0x10A4, 0x10A4,
  0x10A4, 0x10A4, 0x10A4, 0x10A4, 0x10A4, 0x10A4, 0x10A4, 0x10A4, 0x10A4, 0x10A4, 0x10A4, 0x10A4, 0x10A4, 0x10A4, 0x10A4, 0x10A4,
  0x10A4, 0x10A4, 0x10A4, 0x10A4, 0x10A4, 0x10A4, 0x10A4, 0x10A4, 0x10A4, 0x10A4, 0x10A4, 0x10A4, 0x10A4, 0x10A4, 0x10A4, 0x10A4,
  0x10A4, 0x10A4, 0x10A4, 0x10A4, 0x10A4, 0x10A4, 0x10A4, 0x10A4, 0x10A4, 0x10A4, 0x10A4, 0x10A4, 0x10A4, 0x10A4, 0x10A4, 0x10A4,
  0x10A4, 0x10A4, 0x10A4, 0x10A4, 0x10A4, 0x10A4, 0x10A4, 0x10A4, 0x10A4, 0x10A4, 0x10A4, 0x10A4, 0x10A4, 0x10A4, 0x10A4, 0x10A4,
  0x10A4, 0x10A4, 0x10A4, 0x10A4, 0x10A4, 0x10A4, 0x10A4, 0x10A4, 0x10A4, 0x10A4, 0x10A4, 0x10A4, 0x10A4, 0x10A4, 0x10A4, 0x10A4,
  0x10A4, 0x10A4, 0x10A4, 0x10A4, 0x10A4, 0x10A4, 0x10A4, 0x10A4, 0x10A4, 0x10A4, 0x10A4, 0x10A4, 0x10A4, 0x10A4, 0x10A4, 0x10A4,
  0x10A4, 0x10A4, 0x10A4, 0x10A4, 0x10A4, 0x10A4, 0x10A4, 0x10A4, 0x10A4, 0x10A4, 0x10A4, 0x10A4, 0x10A4, 0x10A4, 0x10A4, 0x10A4,
  0x10A4, 0x10A4, 0x10A4, 0x10A4, 0x10A4, 0x10A4, 0x10A4, 0x10A4, 0x10A4, 0x10A4, 0x10A4, 0x10A4, 0x10A4, 0x10A4, 0x10A4, 0x10A4,
  0x10A4, 0x10A4, 0x10A4, 0x10A4, 0x10A4, 0x10A4, 0x10A4, 0x10A4, 0x10A4, 0x10A4, 0x10A4, 0x10A4, 0x10A4, 0x10A4, 0x10A4, 0x10A4,
  0x10A4, 0x10A4, 0x10A4, 0x10A4, 0x10A4, 0x10A4, 0x10A4, 0x10A4, 0x10A4, 0x10A4, 0x10A4, 0x10A4, 0x10A4, 0x10A4, 0x10A4, 0x10A4,
  0x10A4, 0x10A4, 0x10A4, 0x10A4, 0x10A4, 0x10A4, 0x10A4, 0x10A4, 0x10A4, 0x10A4, 0x10A4, 0x10A4, 0x10A4, 0x10A4, 0x10C4, 0x10C4,
  0x10C4, 0x10C4, 0x10C4, 0x10C4, 0x10C4, 0x10C4, 0x10C4, 0x10C4, 0x10C4, 0x10C4, 0x10E5, 0x10C4, 0x10E5, 0x10E5, 0x10E5, 0x10E5,
  0x10E5, 0x10E5, 0x10E5, 0x1105, 0x1105, 0x1105, 0x1105, 0x1105, 0x1105, 0x1105, 0x1105, 0x1105, 0x1125, 0x1125, 0x1125, 0x1125,
  0x1125, 0x1126, 0x1126, 0x1126, 0x1126, 0x1146, 0x1146, 0x1146, 0x1146, 0x1146, 0x1146, 0x0946, 0x1146, 0x1146, 0x0946, 0x0946,
  0x0946, 0x0946, 0x1146, 0x1146, 0x1146, 0x1146, 0x1146, 0x1146, 0x1146, 0x1146, 0x1146, 0x1146, 0x1146, 0x1126, 0x1126, 0x1126,
  0x1126, 0x1126, 0x1126, 0x1125, 0x1105, 0x1125, 0x1105, 0x1105, 0x1105, 0x1105, 0x1105, 0x1105, 0x1105, 0x10E5, 0x10E5, 0x10E5,
  0x10E5, 0x10E5, 0x10E5, 0x10E5, 0x10E5, 0x10C4, 0x10E5, 0x10C4, 0x10C4, 0x10C5, 0x10C4, 0x10C4, 0x10C4, 0x10C4, 0x10C4, 0x10C4,
  0x10C4, 0x10C4, 0x10C4, 0x10A4, 0x10A4, 0x10A4, 0x10A4, 0x10A4, 0x10A4, 0x10A4, 0x10A4, 0x10A4, 0x10A4, 0x10A4, 0x10A4, 0x10A4,
  0x10A4, 0x10A4, 0x10A4, 0x10A4, 0x10A4, 0x10A4, 0x10A4, 0x10A4, 0x10A4, 0x10A4, 0x10A4, 0x10A4, 0x10A4, 0x10A4, 0x10A4, 0x10A4,
  0x10A4, 0x10A4, 0x10A4, 0x10A4, 0x10A4, 0x10A4, 0x10A4, 0x10A4, 0x10A4, 0x10A4, 0x10A4, 0x10A4, 0x10A4, 0x10A4, 0x10A4, 0x10A4,
  0x10A4, 0x10A4, 0x10A4, 0x10A4, 0x10A4, 0x10A4, 0x10A4, 0x10A4, 0x10A4, 0x10A4, 0x10A4, 0x10A4, 0x10A4, 0x10A4, 0x10A4, 0x10A4,
  0x10A4, 0x10A4, 0x10A4, 0x10A4, 0x10A4, 0x10A4, 0x10A4, 0x10A4, 0x10A4, 0x10A4, 0x10A4, 0x10A4, 0x10A4, 0x10A4, 0x10A4, 0x10A4,
  0x10A4, 0x10A4, 0x10A4, 0x10A4, 0x10A4, 0x10A4, 0x10A4, 0x10A4, 0x10A4, 0x10A4, 0x10A4, 0x10A4, 0x10A4, 0x10A4, 0x10A4, 0x10A4,
  0x10A4, 0x10A4, 0x10A4, 0x10A4, 0x10A4, 0x10A4, 0x10A4, 0x10A4, 0x10A4, 0x10A4, 0x10A4, 0x10A4, 0x10A4, 0x10A4, 0x10A4, 0x10A4,
  0x10A4, 0x10A4, 0x10A4, 0x10A4, 0x10A4, 0x10A4, 0x10A4, 0x10A4, 0x10A4, 0x10A4, 0x10A4, 0x10A4, 0x10A4, 0x0884, 0x0043, 0x0043,
  0x0863, 0x10A4, 0x0863, 0x0043, 0x0043, 0x0883, 0x10A4, 0x10A4, 0x10A4, 0x10A4, 0x10A4, 0x10A4, 0x10A4, 0x10A4, 0x10A4, 0x10A4,
  0x10A4, 0x10A4, 0x10A4, 0x10A4, 0x10A4, 0x10A4, 0x10A4, 0x10A4, 0x10A4, 0x10A4, 0x10A4, 0x10A4, 0x10A4, 0x10A4, 0x10A4, 0x10A4,
  0x10A4, 0x10A4, 0x10A4, 0x10A4, 0x10A4, 0x10A4, 0x10A4, 0x10A4, 0x10A4, 0x10A4, 0x10A4, 0x10A4, 0x10A4, 0x10A4, 0x10A4, 0x10A4,
  0x10A4, 0x10A4, 0x10A4, 0x10A4, 0x10A4, 0x10A4, 0x10A4, 0x10A4, 0x10A4, 0x10A4, 0x10A4, 0x10A4, 0x10A4, 0x10A4, 0x10A4, 0x10A4,
  0x10A4, 0x10A4, 0x10A4, 0x10A4, 0x10A4, 0x10A4, 0x10A4, 0x10A4, 0x10A4, 0x10A4, 0x10A4, 0x10A4, 0x10A4, 0x10A4, 0x10A4, 0x10A4,
  0x10A4, 0x10A4, 0x10A4, 0x10A4, 0x10A4, 0x10A4, 0x10A4, 0x10A4, 0x10A4, 0x10A4, 0x10A4, 0x10A4, 0x10A4, 0x10A4, 0x10C4, 0x10C4,
  0x10C4, 0x10C4, 0x10C4, 0x10C4, 0x10C4, 0x10C4, 0x10C4, 0x10C4, 0x10C4, 0x10C4, 0x10E5, 0x10C4, 0x10E5, 0x10E5, 0x10E5, 0x10E5,
  0x10E5, 0x10E5, 0x10E5, 0x1105, 0x1105, 0x1105, 0x1105, 0x1105, 0x1105, 0x1105, 0x1105, 0x1105, 0x1125, 0x1125, 0x1125, 0x1125,
  0x1125, 0x1126, 0x1126, 0x1126, 0x1126, 0x1146, 0x1146, 0x1146, 0x1146, 0x1146, 0x1146, 0x0946, 0x1146, 0x1146, 0x0946, 0x0946,
  0x0946, 0x0946, 0x1146, 0x1146, 0x1146, 0x1146, 0x1146, 0x1146, 0x1146, 0x1146, 0x1146, 0x1146, 0x1146, 0x1146, 0x1126, 0x1126,
  0x1126, 0x1125, 0x1125, 0x1125, 0x1125, 0x1125, 0x1105, 0x1105, 0x1105, 0x1105, 0x1105, 0x1105, 0x1105, 0x1105, 0x10E5, 0x10E5,
  0x10E5, 0x10E5, 0x10E5, 0x10E5, 0x10E5, 0x10E5, 0x10E5, 0x10C5, 0x10C4, 0x10E5, 0x10C4, 0x10C4, 0x10C4, 0x10C4, 0x10C4, 0x10C4,
  0x10C4, 0x10C4, 0x10C4, 0x10A4, 0x10C4, 0x10A4, 0x10A4, 0x10A4, 0x10A4, 0x10A4, 0x10A4, 0x10A4, 0x10A4, 0x10A4, 0x10A4, 0x10A4,
  0x10A4, 0x10A4, 0x10A4, 0x10A4, 0x10A4, 0x10A4, 0x10A4, 0x10A4, 0x10A4, 0x10A4, 0x10A4, 0x10A4, 0x10A4, 0x10A4, 0x10A4, 0x10A4,
  0x10A4, 0x10A4, 0x10A4, 0x10A4, 0x10A4, 0x10A4, 0x10A4, 0x10A4, 0x10A4, 0x10A4, 0x10A4, 0x10A4, 0x10A4, 0x10A4, 0x10A4, 0x10A4,
  0x10A4, 0x10A4, 0x10A4, 0x10A4, 0x10A4, 0x10A4, 0x10A4, 0x10A4, 0x10A4, 0x10A4, 0x10A4, 0x10A4, 0x10A4, 0x10A4, 0x10A4, 0x10A4,
  0x10A4, 0x10A4, 0x10A4, 0x10A4, 0x10A4, 0x10A4, 0x10A4, 0x10A4, 0x10A4, 0x10A4, 0x10A4, 0x10A4, 0x10A4, 0x10A4, 0x10A4, 0x10A4,
  0x10A4, 0x10A4, 0x10A4, 0x10A4, 0x10A4, 0x10A4, 0x10A4, 0x10A4, 0x10A4, 0x10A4, 0x10A4, 0x10A4, 0x10A4, 0x10A4, 0x10A4, 0x10A4,
  0x10A4, 0x10A4, 0x10A4, 0x10A4, 0x10A4, 0x10A4, 0x10A4, 0x10A4, 0x10A4, 0x10A4, 0x10A4, 0x10A4, 0x10A4, 0x10A4, 0x10A4, 0x10A4,
  0x10A4, 0x10A4, 0x10A4, 0x10A4, 0x10A4, 0x10A4, 0x10A4, 0x10A4, 0x10A4, 0x10A4, 0x10A4, 0x0884, 0x0863, 0x2126, 0x4229, 0x632D,
  0x7BF0, 0x8410, 0x8411, 0x632D, 0x4209, 0x2146, 0x0883, 0x0884, 0x10A4, 0x10A4, 0x10A4, 0x10A4, 0x10A4, 0x10A4, 0x10A4, 0x10A4,
  0x10A4, 0x10A4, 0x10A4, 0x10A4, 0x10A4, 0x10A4, 0x10A4, 0x10A4, 0x10A4, 0x10A4, 0x10A4, 0x10A4, 0x10A4, 0x10A4, 0x10A4, 0x10A4,
  0x10A4, 0x10A4, 0x10A4, 0x10A4, 0x10A4, 0x10A4, 0x10A4, 0x10A4, 0x10A4, 0x10A4, 0x10A4, 0x10A4, 0x10A4, 0x10A4, 0x10A4, 0x10A4,
  0x10A4, 0x10A4, 0x10A4, 0x10A4, 0x10A4, 0x10A4, 0x10A4, 0x10A4, 0x10A4, 0x10A4, 0x10A4, 0x10A4, 0x10A4, 0x10A4, 0x10A4, 0x10A4,
  0x10A4, 0x10A4, 0x10A4, 0x10A4, 0x10A4, 0x10A4, 0x10A4, 0x10A4, 0x10A4, 0x10A4, 0x10A4, 0x10A4, 0x10A4, 0x10A4, 0x10A4, 0x10A4,
  0x10A4, 0x10A4, 0x10A4, 0x10A4, 0x10A4, 0x10A4, 0x10A4, 0x10A4, 0x10A4, 0x10A4, 0x10A4, 0x10A4, 0x10A4, 0x10A4, 0x10C4, 0x10C4,
  0x10C4, 0x10C4, 0x10C4, 0x10C4, 0x10C4, 0x10C4, 0x10C4, 0x10C4, 0x10C4, 0x10C4, 0x10E5, 0x10C4, 0x10E5, 0x10E5, 0x10E5, 0x10E5,
  0x10E5, 0x10E5, 0x10E5, 0x1105, 0x1105, 0x1105, 0x1105, 0x1105, 0x1105, 0x1105, 0x1105, 0x1105, 0x1125, 0x1125, 0x1125, 0x1125,
  0x1125, 0x1126, 0x1126, 0x1126, 0x1126, 0x1146, 0x1146, 0x1146, 0x1146, 0x1146, 0x1146, 0x0946, 0x1146, 0x1146, 0x0946, 0x0946,
  0x0946, 0x0946, 0x1146, 0x1146, 0x1146, 0x1146, 0x1146, 0x1146, 0x1146, 0x1146, 0x1146, 0x1146, 0x1146, 0x1146, 0x1126, 0x1126,
  0x1126, 0x1126, 0x1125, 0x1125, 0x1125, 0x1105, 0x1105, 0x1105, 0x1105, 0x1105, 0x1105, 0x1105, 0x1105, 0x1105, 0x10E5, 0x10E5,
  0x10E5, 0x10E5, 0x10E5, 0x10E5, 0x10E5, 0x10E5, 0x10E5, 0x10E5, 0x10C4, 0x10C4, 0x10C4, 0x10C4, 0x10C4, 0x10C4, 0x10C4, 0x10C4,
  0x10C4, 0x10C4, 0x10C4, 0x10C4, 0x10C4, 0x10C4, 0x10A4, 0x10A4, 0x10A4, 0x10A4, 0x10A4, 0x10A4, 0x10A4, 0x10A4, 0x10A4, 0x10A4,
  0x10A4, 0x10A4, 0x10A4, 0x10A4, 0x10A4, 0x10A4, 0x10A4, 0x10A4, 0x10A4, 0x10A4, 0x10A4, 0x10A4, 0x10A4, 0x10A4, 0x10A4, 0x10A4,
  0x10A4, 0x10A4, 0x10A4, 0x10A4, 0x10A4, 0x10A4, 0x10A4, 0x10A4, 0x10A4, 0x10A4, 0x10A4, 0x10A4, 0x10A4, 0x10A4, 0x10A4, 0x10A4,
  0x10A4, 0x10A4, 0x10A4, 0x10A4, 0x10A4, 0x10A4, 0x10A4, 0x10A4, 0x10A4, 0x10A4, 0x10A4, 0x10A4, 0x10A4, 0x10A4, 0x10A4, 0x10A4,
  0x10A4, 0x10A4, 0x10A4, 0x10A4, 0x10A4, 0x10A4, 0x10A4, 0x10A4, 0x10A4, 0x10A4, 0x10A4, 0x10A4, 0x10A4, 0x10A4, 0x10A4, 0x10A4,
  0x10A4, 0x10A4, 0x10A4, 0x10A4, 0x10A4, 0x10A4, 0x10A4, 0x10A4, 0x10A4, 0x10A4, 0x10A4, 0x10A4, 0x10A4, 0x10A4, 0x10A4, 0x10A4,
  0x10A4, 0x10A4, 0x10A4, 0x10A4, 0x10A4, 0x10A4, 0x10A4, 0x10A4, 0x10A4, 0x10A4, 0x10A4, 0x10A4, 0x10A4, 0x10A4, 0x10A4, 0x10A4,
  0x10A4, 0x10A4, 0x10A4, 0x10A4, 0x10A4, 0x10A4, 0x10A4, 0x10A4, 0x10A4, 0x10A4, 0x0883, 0x31A8, 0x8431, 0x8410, 0x738E, 0x4A6A,
  0x2126, 0x0883, 0x2146, 0x4A4A, 0x6B8E, 0x8410, 0x8431, 0x31C8, 0x0883, 0x10A4, 0x10A4, 0x10A4, 0x10A4, 0x10A4, 0x10A4, 0x10A4,
  0x10A4, 0x10A4, 0x10A4, 0x10A4, 0x10A4, 0x10A4, 0x10A4, 0x10A4, 0x10A4, 0x10A4, 0x10A4, 0x10A4, 0x10A4, 0x10A4, 0x10A4, 0x10A4,
  0x10A4, 0x10A4, 0x10A4, 0x10A4, 0x10A4, 0x10A4, 0x10A4, 0x10A4, 0x10A4, 0x10A4, 0x10A4, 0x10A4, 0x10A4, 0x10A4, 0x10A4, 0x10A4,
  0x10A4, 0x10A4, 0x10A4, 0x10A4, 0x10A4, 0x10A4, 0x10A4, 0x10A4, 0x10A4, 0x10A4, 0x10A4, 0x10A4, 0x10A4, 0x10A4, 0x10A4, 0x10A4,
  0x10A4, 0x10A4, 0x10A4, 0x10A4, 0x10A4, 0x10A4, 0x10A4, 0x10A4, 0x10A4, 0x10A4, 0x10A4, 0x10A4, 0x10A4, 0x10A4, 0x10A4, 0x10A4,
  0x10A4, 0x10A4, 0x10A4, 0x10A4, 0x10A4, 0x10A4, 0x10A4, 0x10A4, 0x10A4, 0x10A4, 0x10A4, 0x10A4, 0x10A4, 0x10A4, 0x10C4, 0x10C4,
  0x10C4, 0x10C4, 0x10C4, 0x10C4, 0x10C4, 0x10C4, 0x10C4, 0x10C4, 0x10C4, 0x10C4, 0x10E5, 0x10C4, 0x10E5, 0x10E5, 0x10E5, 0x10E5,
  0x10E5, 0x10E5, 0x10E5, 0x1105, 0x1105, 0x1105, 0x1105, 0x1105, 0x1105, 0x1105, 0x1105, 0x1105, 0x1125, 0x1125, 0x1125, 0x1125,
  0x1125, 0x1126, 0x1126, 0x1126, 0x1126, 0x1146, 0x1146, 0x1146, 0x1146, 0x1146, 0x1146, 0x0946, 0x1146, 0x1146, 0x0946, 0x0946,
  0x0946, 0x0946, 0x1166, 0x1166, 0x1146, 0x1146, 0x1146, 0x1146, 0x1146, 0x1146, 0x1146, 0x1146, 0x1146, 0x1146, 0x1126, 0x1126,
  0x1126, 0x1126, 0x1125, 0x1125, 0x1125, 0x1125, 0x0905, 0x0905, 0x0905, 0x0905, 0x0905, 0x0905, 0x0905, 0x0905, 0x1105, 0x08E5,
  0x08E5, 0x10E5, 0x10E5, 0x10E5, 0x10E5, 0x10C4, 0x10E4, 0x10E5, 0x10C4, 0x10C4, 0x10C4, 0x10C4, 0x10C4, 0x10C4, 0x10C4, 0x10C4,
  0x10C4, 0x10C4, 0x10C4, 0x10A4, 0x10A4, 0x10A4, 0x10A4, 0x10A4, 0x10A4, 0x10A4, 0x10A4, 0x10A4, 0x10A4, 0x10A4, 0x10A4, 0x10A4,
  0x10A4, 0x10A4, 0x10A4, 0x10A4, 0x10A4, 0x10A4, 0x10A4, 0x10A4, 0x10A4, 0x10A4, 0x10A4, 0x10A4, 0x10A4, 0x10A4, 0x10A4, 0x10A4,
  0x10A4, 0x10A4, 0x10A4, 0x10A4, 0x10A4, 0x10A4, 0x10A4, 0x10A4, 0x10A4, 0x10A4, 0x10A4, 0x10A4, 0x10A4, 0x10A4, 0x10A4, 0x10A4,
  0x10A4, 0x10A4, 0x10A4, 0x10A4, 0x10A4, 0x10A4, 0x10A4, 0x10A4, 0x10A4, 0x10A4, 0x10A4, 0x10A4, 0x10A4, 0x10A4, 0x10A4, 0x10A4,
  0x10A4, 0x10A4, 0x10A4, 0x10A4, 0x10A4, 0x10A4, 0x10A4, 0x10A4, 0x10A4, 0x10A4, 0x10A4, 0x10A4, 0x10A4, 0x10A4, 0x10A4, 0x10A4,
  0x10A4, 0x10A4, 0x10A4, 0x10A4, 0x10A4, 0x10A4, 0x10A4, 0x10A4, 0x10A4, 0x10A4, 0x10A4, 0x10A4, 0x10A4, 0x10A4, 0x10A4, 0x10A4,
  0x10A4, 0x10A4, 0x10A4, 0x10A4, 0x10A4, 0x10A4, 0x10A4, 0x10A4, 0x10A4, 0x10A4, 0x10A4, 0x10A4, 0x10A4, 0x10A4, 0x10A4, 0x10A4,
  0x10A4, 0x10A4, 0x10A4, 0x10A4, 0x10A4, 0x10A4, 0x10A4, 0x10A4, 0x10A4, 0x10C4, 0x10A4, 0x18E5, 0x2126, 0x0002, 0x0002, 0x10C4,
  0x4209, 0x632D, 0x3A09, 0x10C4, 0x0022, 0x0022, 0x2126, 0x18E5, 0x10A4, 0x10C4, 0x10A4, 0x10A4, 0x10A4, 0x10A4, 0x10A4, 0x10A4,
  0x10A4, 0x10A4, 0x10A4, 0x10A4, 0x10A4, 0x10A4, 0x10A4, 0x10A4, 0x10A4, 0x10A4, 0x10A4, 0x10A4, 0x10A4, 0x10A4, 0x10A4, 0x10A4,
  0x10A4, 0x10A4, 0x10A4, 0x10A4, 0x10A4, 0x10A4, 0x10A4, 0x10A4, 0x10A4, 0x10A4, 0x10A4, 0x10A4, 0x10A4, 0x10A4, 0x10A4, 0x10A4,
  0x10A4, 0x10A4, 0x10A4, 0x10A4, 0x10A4, 0x10A4, 0x10A4, 0x10A4, 0x10A4, 0x10A4, 0x10A4, 0x10A4, 0x10A4, 0x10A4, 0x10A4, 0x10A4,
  0x10A4, 0x10A4, 0x10A4, 0x10A4, 0x10A4, 0x10A4, 0x10A4, 0x10A4, 0x10A4, 0x10A4, 0x10A4, 0x10A4, 0x10A4, 0x10A4, 0x10A4, 0x10A4,
  0x10A4, 0x10A4, 0x10A4, 0x10A4, 0x10A4, 0x10A4, 0x10A4, 0x10A4, 0x10A4, 0x10A4, 0x10A4, 0x10A4, 0x10A4, 0x10A4, 0x10C4, 0x10C4,
  0x10C4, 0x10C4, 0x10C4, 0x10C4, 0x10C4, 0x10C4, 0x10C4, 0x10C4, 0x10C4, 0x10C4, 0x10E5, 0x10C4, 0x10E5, 0x10E5, 0x10E5, 0x10E5,
  0x10E5, 0x10E5, 0x10E5, 0x1105, 0x1105, 0x1105, 0x1105, 0x1105, 0x1105, 0x1105, 0x1105, 0x1105, 0x1125, 0x1125, 0x1125, 0x1125,
  0x1125, 0x1126, 0x1126, 0x1126, 0x1126, 0x1146, 0x1146, 0x1146, 0x1146, 0x1146, 0x1146, 0x0946, 0x1146, 0x1146, 0x0946, 0x0946,
  0x0946, 0x0946, 0x1146, 0x1166, 0x1166, 0x1146, 0x1146, 0x1146, 0x1146, 0x1146, 0x1146, 0x1146, 0x1146, 0x1146, 0x1146, 0x1126,
  0x1126, 0x1126, 0x1126, 0x1125, 0x1125, 0x0925, 0x1125, 0x1926, 0x1926, 0x1926, 0x1926, 0x1926, 0x1926, 0x1926, 0x1926, 0x1926,
  0x1926, 0x1906, 0x1926, 0x1906, 0x1906, 0x1906, 0x1906, 0x1906, 0x1906, 0x1906, 0x1906, 0x1906, 0x1906, 0x1906, 0x1906, 0x1906,
  0x1906, 0x1906, 0x1906, 0x1905, 0x1906, 0x1905, 0x1905, 0x1905, 0x1906, 0x1905, 0x1905, 0x1905, 0x1905, 0x1905, 0x1905, 0x1905,
  0x1905, 0x1905, 0x1905, 0x1905, 0x1905, 0x1905, 0x1905, 0x1905, 0x1905, 0x1905, 0x1905, 0x1905, 0x1905, 0x1905, 0x1905, 0x1905,
  0x1905, 0x1905, 0x1905, 0x1905, 0x1905, 0x1905, 0x1905, 0x1905, 0x1905, 0x1905, 0x1905, 0x1905, 0x1905, 0x1905, 0x1905, 0x1905,
  0x1905, 0x1905, 0x1905, 0x1905, 0x1905, 0x1905, 0x1905, 0x1905, 0x1905, 0x1905, 0x1905, 0x1905, 0x1905, 0x1905, 0x1905, 0x1905,
  0x1905, 0x1905, 0x1905, 0x1905, 0x1905, 0x1905, 0x1905, 0x1905, 0x1905, 0x1905, 0x1905, 0x1905, 0x1905, 0x1905, 0x1905, 0x1905,
  0x1905, 0x1905, 0x1905, 0x1905, 0x1905, 0x1905, 0x1905, 0x1905, 0x1905, 0x1905, 0x1905, 0x1905, 0x1905, 0x1905, 0x1905, 0x18E5,
  0x18E5, 0x10C4, 0x10A4, 0x10A4, 0x10A4, 0x10A4, 0x10A4, 0x10A4, 0x10A4, 0x10A4, 0x10A4, 0x10A4, 0x10A4, 0x10A4, 0x10A4, 0x10A4,
  0x10A4, 0x10A4, 0x10A4, 0x10A4, 0x10A4, 0x10A4, 0x10A4, 0x10A4, 0x10A4, 0x0042, 0x10A4, 0x2126, 0x4A4A, 0x8431, 0xB5B6, 0xDEDB,
  0xFFDF, 0xFFFF, 0xFFDE, 0xDEFB, 0xB5D7, 0x8431, 0x4A6A, 0x2146, 0x10A4, 0x0042, 0x10A4, 0x10A4, 0x10A4, 0x10A4, 0x10A4, 0x10A4,
  0x10A4, 0x10A4, 0x10A4, 0x10A4, 0x10A4, 0x10A4, 0x10C4, 0x10C4, 0x10C4, 0x10A4, 0x10A4, 0x10A4, 0x10A4, 0x10A4, 0x10A4, 0x10A4,
  0x10A4, 0x10A4, 0x10A4, 0x10A4, 0x10A4, 0x10A4, 0x10A4, 0x10A4, 0x10A4, 0x10A4, 0x10A4, 0x10A4, 0x10A4, 0x10A4, 0x10A4, 0x10A4,
  0x10A4, 0x10A4, 0x10A4, 0x10A4, 0x10A4, 0x10A4, 0x10A4, 0x10A4, 0x10A4, 0x10A4, 0x10A4, 0x10A4, 0x10A4, 0x10A4, 0x10A4, 0x10A4,
  0x10A4, 0x10A4, 0x10A4, 0x10A4, 0x10A4, 0x10A4, 0x10A4, 0x10A4, 0x10A4, 0x10A4, 0x10A4, 0x10A4, 0x10A4, 0x10A4, 0x10A4, 0x10A4,
  0x10A4, 0x10A4, 0x10A4, 0x10A4, 0x10A4, 0x10A4, 0x10A4, 0x10A4, 0x10A4, 0x10C4, 0x10C4, 0x10A4, 0x10A4, 0x10C4, 0x10C4, 0x10C4,
  0x10C4, 0x10C4, 0x10E5, 0x10E5, 0x10E5, 0x10E4, 0x10E5, 0x10E5, 0x10E5, 0x10E5, 0x10E5, 0x10E5, 0x10E5, 0x10E5, 0x10E5, 0x10E5,
  0x1105, 0x10E5, 0x10E5, 0x1105, 0x1105, 0x1105, 0x1105, 0x1105, 0x1105, 0x1105, 0x1105, 0x1105, 0x1125, 0x1125, 0x1125, 0x1125,
  0x1126, 0x1126, 0x1126, 0x1146, 0x1126, 0x1146, 0x1146, 0x1146, 0x1146, 0x1146, 0x1146, 0x0946, 0x1146, 0x1146, 0x0946, 0x0946,
  0x0946, 0x0966, 0x1166, 0x1166, 0x1166, 0x1146, 0x1146, 0x1146, 0x1146, 0x1146, 0x1146, 0x1146, 0x1146, 0x1146, 0x1126, 0x1126,
  0x1126, 0x1126, 0x1126, 0x0925, 0x1126, 0x1926, 0x1926, 0x1906, 0x18E5, 0x1905, 0x1905, 0x1905, 0x1905, 0x18E5, 0x18E5, 0x18E5,
  0x18E5, 0x18E5, 0x18E5, 0x18E5, 0x18E5, 0x18E5, 0x18E5, 0x18E5, 0x18E5, 0x18E5, 0x18E5, 0x18E5, 0x18E5, 0x18E5, 0x18E5, 0x18E5,
  0x18E5, 0x18E5, 0x18E5, 0x18E5, 0x18E5, 0x18E5, 0x18E5, 0x18E5, 0x18E5, 0x18E5, 0x18E5, 0x18E5, 0x18E5, 0x18E5, 0x18E5, 0x18E5,
  0x18E5, 0x18E5, 0x18E5, 0x18E5, 0x18E5, 0x18E5, 0x18E5, 0x18E5, 0x18E5, 0x18E5, 0x18E5, 0x18E5, 0x18E5, 0x18E5, 0x18E5, 0x18E5,
  0x18E5, 0x18E5, 0x18E5, 0x18E5, 0x18E5, 0x18E5, 0x18E5, 0x18E5, 0x18E5, 0x18E5, 0x18E5, 0x18E5, 0x18E5, 0x18E5, 0x18E5, 0x18E5,
  0x18E5, 0x18E5, 0x18E5, 0x18E5, 0x18E5, 0x18E5, 0x18E5, 0x18E5, 0x18E5, 0x18E5, 0x18E5, 0x18E5, 0x18E5, 0x18E5, 0x18E5, 0x18E5,
  0x18E5, 0x18E5, 0x18E5, 0x18E5, 0x18E5, 0x18E5, 0x18E5, 0x18E5, 0x18E5, 0x18E5, 0x18E5, 0x18E5, 0x18E5, 0x18E5, 0x18E5, 0x18E5,
  0x18E5, 0x18E5, 0x18E5, 0x18E5, 0x18E5, 0x18E5, 0x18E5, 0x18E5, 0x18E5, 0x18E5, 0x18E5, 0x18E5, 0x18E5, 0x18E5, 0x18E5, 0x18E5,
  0x18E5, 0x1906, 0x18E5, 0x10A4, 0x10A4, 0x10A4, 0x10A4, 0x10A4, 0x10A4, 0x10A4, 0x10A4, 0x10A4, 0x10A4, 0x10A4, 0x10A4, 0x10A4,
  0x10A4, 0x10A4, 0x10A4, 0x10A4, 0x10A4, 0x10A4, 0x10A4, 0x10A4, 0x1084, 0x8410, 0xC618, 0xE73C, 0xFFFF, 0xFFFF, 0xFFFF, 0xFFFF,
  0xFFDF, 0xD69A, 0xFFDF, 0xFFFF, 0xFFFF, 0xFFFF, 0xFFFF, 0xE73C, 0xC639, 0x8410, 0x10A4, 0x10A4, 0x10A4, 0x10A4, 0x10A4, 0x10A4,
  0x10A4, 0x10A4, 0x10A4, 0x10A4, 0x10A4, 0x0863, 0x0843, 0x0843, 0x0843, 0x0884, 0x10C4, 0x10A4, 0x10A4, 0x0884, 0x0843, 0x0883,
  0x10A4, 0x10A4, 0x10A4, 0x0884, 0x0843, 0x0883, 0x10A4, 0x10A4, 0x10A4, 0x10A4, 0x0863, 0x0863, 0x10A4, 0x10A4, 0x10A4, 0x10A4,
  0x10A4, 0x0863, 0x0843, 0x0863, 0x0863, 0x0863, 0x0884, 0x10C4, 0x10A4, 0x10A4, 0x0863, 0x0843, 0x0863, 0x0863, 0x0863, 0x10A4,
  0x10C4, 0x10A4, 0x10A4, 0x10A4, 0x0863, 0x0863, 0x10A4, 0x10A4, 0x10A4, 0x10A4, 0x10A4, 0x0863, 0x0863, 0x10A4, 0x10A4, 0x10A4,
  0x10A4, 0x1084, 0x0863, 0x0863, 0x10A4, 0x10A4, 0x10A4, 0x10A4, 0x0883, 0x0063, 0x0883, 0x10A4, 0x10A4, 0x10A4, 0x0863, 0x0863,
  0x0863, 0x0863, 0x0883, 0x0883, 0x0883, 0x0884, 0x0884, 0x0884, 0x0884, 0x0884, 0x0884, 0x0884, 0x0884, 0x0884, 0x00A4, 0x00A4,
  0x00A5, 0x08C5, 0x1105, 0x1105, 0x1105, 0x1105, 0x1105, 0x1105, 0x1105, 0x1105, 0x1105, 0x1105, 0x1125, 0x1125, 0x1125, 0x1125,
  0x1126, 0x1126, 0x1126, 0x1146, 0x1126, 0x1146, 0x1146, 0x1146, 0x1146, 0x1146, 0x1146, 0x0946, 0x1146, 0x1166, 0x0946, 0x0946,
  0x0946, 0x0966, 0x1166, 0x1166, 0x1166, 0x1146, 0x1146, 0x1146, 0x1146, 0x1146, 0x1146, 0x1146, 0x1146, 0x1146, 0x1146, 0x1126,
  0x1126, 0x1126, 0x0925, 0x1126, 0x1926, 0x1906, 0x10E5, 0x18E5, 0x18E5, 0x10C5, 0x08C5, 0x08C5, 0x08C5, 0x18E5, 0x18E5, 0x18E5,
  0x18E5, 0x18E5, 0x18E5, 0x18E5, 0x18E5, 0x18E5, 0x18E5, 0x18E5, 0x18E5, 0x18E5, 0x18E5, 0x18E5, 0x18E5, 0x18E5, 0x18E5, 0x18E5,
  0x18E5, 0x18E5, 0x18E5, 0x18E5, 0x18E5, 0x18E5, 0x18E5, 0x18E5, 0x18E5, 0x18E5, 0x18E5, 0x18E5, 0x18E5, 0x18E5, 0x18E5, 0x18E5,
  0x18E5, 0x18E5, 0x18E5, 0x18E5, 0x18E5, 0x18E5, 0x18E5, 0x18E5, 0x18E5, 0x18E5, 0x18E5, 0x18E5, 0x18E5, 0x18E5, 0x18E5, 0x18E5,
  0x18E5, 0x18E5, 0x18E5, 0x18E5, 0x18E5, 0x18E5, 0x18E5, 0x18E5, 0x18E5, 0x18E5, 0x18E5, 0x18E5, 0x18E5, 0x18E5, 0x18E5, 0x18E5,
  0x18E5, 0x18E5, 0x18E5, 0x18E5, 0x18E5, 0x18E5, 0x18E5, 0x18E5, 0x18E5, 0x18E5, 0x18E5, 0x18E5, 0x18E5, 0x18E5, 0x18E5, 0x18E5,
  0x18E5, 0x18E5, 0x18E5, 0x18E5, 0x18E5, 0x18E5, 0x18E5, 0x18E5, 0x18E5, 0x18E5, 0x18E5, 0x18E5, 0x18E5, 0x18E5, 0x18E5, 0x18E5,
  0x18E5, 0x18E5, 0x18E5, 0x18E5, 0x18E5, 0x18E5, 0x18E5, 0x18E5, 0x18E5, 0x18E5, 0x18E5, 0x18E5, 0x18E5, 0x18E5, 0x18E5, 0x18E5,
  0x18C5, 0x18C5, 0x18E5, 0x1906, 0x10C4, 0x10A4, 0x10A4, 0x10A4, 0x10A4, 0x10A4, 0x10A4, 0x10A4, 0x10A4, 0x10A4, 0x10A4, 0x10A4,
  0x10A4, 0x10A4, 0x10A4, 0x10A4, 0x10A4, 0x10A4, 0x10A4, 0x10A4, 0x1084, 0xE71C, 0xFFFF, 0xF7BE, 0xF79E, 0xF7BE, 0xF79E, 0x9CF4,
  0x528B, 0x18E5, 0x4A6A, 0x9CF4, 0xEF7D, 0xF7BE, 0xF79E, 0xF7BE, 0xFFFF, 0xE71C, 0x18E5, 0x10A4, 0x10A4, 0x10A4, 0x10A4, 0x10A4,
  0x10A4, 0x10A4, 0x10A4, 0x1084, 0x0863, 0x39C8, 0x634E, 0x738F, 0x5AEC, 0x2126, 0x0043, 0x10C4, 0x0884, 0x2967, 0x52CC, 0x31A8,
  0x0883, 0x10A4, 0x0884, 0x2946, 0x52CC, 0x31C8, 0x0883, 0x10A4, 0x10A4, 0x18C4, 0x4A8A, 0x52AB, 0x1905, 0x1084, 0x10A4, 0x10A4,
  0x10C4, 0x4A4A, 0x52AB, 0x4A6A, 0x4A8B, 0x424A, 0x18E5, 0x0863, 0x10A4, 0x10A4, 0x4A4A, 0x52AB, 0x4A8B, 0x4A8B, 0x39C8, 0x18C5,
  0x0043, 0x10A4, 0x10A4, 0x10C4, 0x4A8B, 0x4A6A, 0x10C4, 0x10A4, 0x10A4, 0x0884, 0x18E5, 0x528B, 0x528B, 0x18E5, 0x1084, 0x10A4,
  0x1084, 0x10C4, 0x4A6A, 0x4A8B, 0x10A4, 0x10A4, 0x10A4, 0x0884, 0x2987, 0x52CC, 0x2987, 0x08A4, 0x10A4, 0x1105, 0x2B4C, 0x2B6D,
  0x336C, 0x336C, 0x3B6C, 0x3B6B, 0x436B, 0x434B, 0x434A, 0x4B4A, 0x4B4A, 0x5349, 0x5349, 0x5B49, 0x5B48, 0x6348, 0x6347, 0x6327,
  0x7367, 0x4225, 0x08C5, 0x1105, 0x1105, 0x1105, 0x1105, 0x1105, 0x1105, 0x1105, 0x1105, 0x1105, 0x1125, 0x1125, 0x1125, 0x1125,
  0x1126, 0x1126, 0x1126, 0x1146, 0x1126, 0x1146, 0x1146, 0x1146, 0x1146, 0x1146, 0x1146, 0x0946, 0x1146, 0x1166, 0x0946, 0x0946,
  0x0966, 0x0966, 0x1166, 0x1166, 0x1166, 0x1166, 0x1146, 0x1146, 0x1146, 0x1146, 0x1146, 0x1146, 0x1146, 0x1146, 0x1146, 0x1126,
  0x1126, 0x1126, 0x1126, 0x1926, 0x1905, 0x10E5, 0x1905, 0x10E5, 0x10E5, 0x41A5, 0x6A44, 0x7265, 0x49C5, 0x10E5, 0x08C5, 0x18E5,
  0x18E5, 0x18E5, 0x18E5, 0x18E5, 0x18E5, 0x18E5, 0x18E5, 0x18E5, 0x18E5, 0x18E5, 0x18E5, 0x18E5, 0x18E5, 0x18E5, 0x18E5, 0x18E5,
  0x18E5, 0x18E5, 0x18E5, 0x18E5, 0x18E5, 0x18E5, 0x18E5, 0x18E5, 0x18E5, 0x18E5, 0x18E5, 0x18E5, 0x18E5, 0x18E5, 0x18E5, 0x18E5,
  0x18E5, 0x18E5, 0x18E5, 0x18E5, 0x18E5, 0x18E5, 0x18E5, 0x18E5, 0x18E5, 0x18E5, 0x18E5, 0x18E5, 0x18E5, 0x18E5, 0x18E5, 0x18E5,
  0x18E5, 0x18E5, 0x18E5, 0x18E5, 0x18E5, 0x18E5, 0x18E5, 0x18E5, 0x18E5, 0x18E5, 0x18E5, 0x18E5, 0x18E5, 0x18E5, 0x18E5, 0x18E5,
  0x18E5, 0x18E5, 0x18E5, 0x18E5, 0x18E5, 0x18E5, 0x18E5, 0x18E5, 0x18E5, 0x18E5, 0x18E5, 0x18E5, 0x18E5, 0x18E5, 0x18E5, 0x18E5,
  0x18E5, 0x18E5, 0x18E5, 0x18E5, 0x18E5, 0x18E5, 0x18E5, 0x18E5, 0x18E5, 0x18E5, 0x18E5, 0x18E5, 0x18E5, 0x18E5, 0x18E5, 0x18E5,
  0x18E5, 0x18E5, 0x18E5, 0x18E5, 0x18E5, 0x18E5, 0x18E5, 0x18E5, 0x18E5, 0x18E5, 0x10C5, 0x10A4, 0x10A4, 0x10A4, 0x18E5, 0x18E5,
  0x18E5, 0x18E5, 0x18C5, 0x18E5, 0x1906, 0x10A4, 0x10A4, 0x10A4, 0x10A4, 0x10A4, 0x10A4, 0x10A4, 0x10A4, 0x10A4, 0x10A4, 0x10A4,
  0x10A4, 0x10A4, 0x10A4, 0x10A4, 0x10A4, 0x10A4, 0x10A4, 0x10A4, 0x0884, 0xCE79, 0xFFDF, 0xF79E, 0xF7BE, 0xEF7D, 0x52AB, 0x0022,
  0x0843, 0x10A4, 0x0863, 0x0022, 0x4A6A, 0xEF5D, 0xF7BE, 0xF79E, 0xFFDF, 0xCE9A, 0x10C4, 0x10A4, 0x10A4, 0x10A4, 0x10A4, 0x10A4,
  0x10A4, 0x10A4, 0x1084, 0x18C4, 0x9CF4, 0xFFDF, 0xFFFF, 0xFFFF, 0xFFFF, 0xE71C, 0x5AEC, 0x0863, 0x0043, 0x6B8E, 0xFFFF, 0x9492,
  0x0022, 0x18E5, 0x0042, 0x634D, 0xFFFF, 0x9CD4, 0x0022, 0x18C5, 0x0043, 0x52CC, 0xFFFF, 0xFFFF, 0x73AF, 0x0042, 0x10C4, 0x0884,
  0x1905, 0xDEFB, 0xFFFF, 0xFFFF, 0xFFFF, 0xFFFF, 0xDEFB, 0x52CC, 0x0043, 0x18E5, 0xDEDB, 0xFFFF, 0xFFFF, 0xFFFF, 0xFFFF, 0xD6BA,
  0x630D, 0x0863, 0x10A4, 0x18E5, 0xF79E, 0xEF5D, 0x2105, 0x0883, 0x10C4, 0x0042, 0x634D, 0xFFFF, 0xFFFF, 0x632D, 0x0042, 0x10C4,
  0x0884, 0x2126, 0xE71C, 0xFFFF, 0x738F, 0x0042, 0x18E5, 0x0042, 0x8431, 0xFFFF, 0x73D0, 0x0063, 0x1084, 0x2C91, 0x377A, 0x36F7,
  0x4716, 0x4EF5, 0x56F4, 0x66F3, 0x6ED2, 0x76D1, 0x86B0, 0x8EAF, 0x96AE, 0xA68D, 0xAE8C, 0xB68B, 0xC66A, 0xCE69, 0xD647, 0xDE46,
  0xEE45, 0xE5E6, 0x31C5, 0x08C5, 0x1105, 0x1105, 0x1105, 0x1105, 0x1105, 0x1105, 0x1105, 0x1125, 0x1125, 0x1125, 0x1125, 0x1126,
  0x1126, 0x1126, 0x1146, 0x1146, 0x1146, 0x1146, 0x1146, 0x1146, 0x1146, 0x1146, 0x1146, 0x0946, 0x1166, 0x1166, 0x0966, 0x0966,
  0x0966, 0x0966, 0x1166, 0x1166, 0x1166, 0x1166, 0x1146, 0x1146, 0x1146, 0x1146, 0x1146, 0x1146, 0x1146, 0x1146, 0x1146, 0x1126,
  0x1126, 0x1126, 0x1946, 0x1906, 0x10E5, 0x1905, 0x10C5, 0x2945, 0xB384, 0xFCA3, 0xFCC3, 0xFCA2, 0xFCA3, 0xC3C3, 0x41A5, 0x08C5,
  0x18E5, 0x18E5, 0x18E5, 0x18E5, 0x18E5, 0x18E5, 0x18E5, 0x18E5, 0x18E5, 0x18E5, 0x18E5, 0x18E5, 0x18E5, 0x18E5, 0x18E5, 0x18E5,
  0x18E5, 0x18E5, 0x18E5, 0x18E5, 0x18E5, 0x18E5, 0x18E5, 0x18E5, 0x18E5, 0x18E5, 0x18E5, 0x18E5, 0x18E5, 0x18E5, 0x18E5, 0x18E5,
  0x18E5, 0x18E5, 0x18E5, 0x18E5, 0x18E5, 0x18E5, 0x18E5, 0x18E5, 0x18E5, 0x18E5, 0x18E5, 0x18E5, 0x18E5, 0x18E5, 0x18E5, 0x18E5,
  0x18E5, 0x18E5, 0x18E5, 0x18E5, 0x18E5, 0x18E5, 0x18E5, 0x18E5, 0x18E5, 0x18E5, 0x18E5, 0x18E5, 0x18E5, 0x18E5, 0x18E5, 0x18E5,
  0x18E5, 0x18E5, 0x18E5, 0x18E5, 0x18E5, 0x18E5, 0x18E5, 0x18E5, 0x18E5, 0x18E5, 0x18E5, 0x18E5, 0x18E5, 0x18E5, 0x18E5, 0x18E5,
  0x18E5, 0x18E5, 0x18E5, 0x18E5, 0x18E5, 0x18E5, 0x18C5, 0x18E5, 0x18E5, 0x18E5, 0x18E5, 0x18A4, 0x18A4, 0x18A5, 0x18A4, 0x18E5,
  0x18E5, 0x18E5, 0x18E5, 0x18E5, 0x18E5, 0x18E5, 0x18E5, 0x18E5, 0x1084, 0x0884, 0x2147, 0x31C8, 0x39E9, 0x3188, 0x18C5, 0x0863,
  0x10C5, 0x18E5, 0x18E5, 0x18C5, 0x18E5, 0x18E5, 0x10A4, 0x10A4, 0x10A4, 0x10A4, 0x10A4, 0x10A4, 0x10A4, 0x10A4, 0x10A4, 0x10A4,
  0x10A4, 0x10A4, 0x10A4, 0x10A4, 0x10A4, 0x10A4, 0x10A4, 0x10A4, 0x0883, 0xC639, 0xFFFF, 0xF79E, 0xFFFF, 0x6B4D, 0x0022, 0x18C5,
  0x10C4, 0x10A4, 0x10A4, 0x18C5, 0x0022, 0x630D, 0xFFFF, 0xF79E, 0xFFFF, 0xCE59, 0x10A4, 0x10A4, 0x10A4, 0x10A4, 0x10A4, 0x10A4,
  0x10A4, 0x10A4, 0x0863, 0xA534, 0xFFFF, 0xE73C, 0x8C92, 0x73CF, 0xB5B6, 0xFFFF, 0xFFFF, 0x4A6A, 0x0001, 0x6B8E, 0xFFFF, 0x8C72,
  0x0022, 0x18E5, 0x0042, 0x632D, 0xFFFF, 0x9CD4, 0x0022, 0x18C5, 0x0843, 0xA555, 0xFFFF, 0xFFFF, 0xC618, 0x1084, 0x10C4, 0x0884,
  0x18E5, 0xDEDB, 0xF7BE, 0x8430, 0x73AF, 0xA534, 0xFFFF, 0xEF7D, 0x2146, 0x10A4, 0xDEDB, 0xFFDF, 0x8C72, 0x8410, 0xAD76, 0xFFFF,
  0xFFFF, 0x630D, 0x0042, 0x1905, 0xEF7E, 0xE73C, 0x2105, 0x0883, 0x10C4, 0x0863, 0xB596, 0xFFFF, 0xFFFF, 0xB596, 0x0863, 0x10C4,
  0x0884, 0x2126, 0xDEFC, 0xFFFF, 0xEF5D, 0x31A7, 0x0884, 0x0043, 0x8411, 0xFFFF, 0x73AF, 0x0063, 0x10A4, 0x2D95, 0x1EF7, 0x2675,
  0x2E94, 0x3E73, 0x4652, 0x4E51, 0x5E70, 0x664F, 0x6E2E, 0x7E2D, 0x860C, 0x962B, 0x9E09, 0xA5E8, 0xADE7, 0xBDC6, 0xC5C5, 0xCDC4,
  0xD583, 0xF624, 0x5266, 0x00C5, 0x1105, 0x1105, 0x1105, 0x1105, 0x1105, 0x1105, 0x1105, 0x1125, 0x1125, 0x1125, 0x1125, 0x1126,
  0x1126, 0x1126, 0x1146, 0x1146, 0x1146, 0x1146, 0x1146, 0x1146, 0x1146, 0x1146, 0x1146, 0x0946, 0x1166, 0x1166, 0x0966, 0x0966,
  0x0966, 0x0966, 0x1166, 0x1166, 0x1166, 0x1166, 0x1146, 0x1146, 0x1146, 0x1146, 0x1146, 0x1146, 0x1146, 0x1146, 0x1146, 0x1146,
  0x0926, 0x1146, 0x1926, 0x10E5, 0x1905, 0x10E5, 0x2945, 0xD403, 0xFCE3, 0xF462, 0xF4A3, 0xF507, 0xF4A4, 0xFCC3, 0xEC63, 0x41A5,
  0x10C5, 0x18E5, 0x18E5, 0x18E5, 0x18E5, 0x18E5, 0x18E5, 0x18E5, 0x18E5, 0x18E5, 0x18E5, 0x18E5, 0x18E5, 0x18E5, 0x18E5, 0x18E5,
  0x18E5, 0x18E5, 0x18E5, 0x18E5, 0x18E5, 0x18E5, 0x18E5, 0x18E5, 0x18E5, 0x18E5, 0x18E5, 0x18E5, 0x18E5, 0x18E5, 0x18E5, 0x18E5,
  0x18E5, 0x18E5, 0x18E5, 0x18E5, 0x18E5, 0x18E5, 0x18E5, 0x18E5, 0x18E5, 0x18E5, 0x18E5, 0x18E5, 0x18E5, 0x18E5, 0x18E5, 0x18E5,
  0x18E5, 0x18E5, 0x18E5, 0x18E5, 0x18E5, 0x18E5, 0x18E5, 0x18E5, 0x18E5, 0x18E5, 0x18E5, 0x18E5, 0x18E5, 0x18E5, 0x18E5, 0x18E5,
  0x18E5, 0x18E5, 0x18E5, 0x18E5, 0x18E5, 0x18E5, 0x18E5, 0x18E5, 0x18E5, 0x18E5, 0x18E5, 0x18E5, 0x18E5, 0x18E5, 0x18E5, 0x18E5,
  0x18E5, 0x18E5, 0x18E5, 0x18E5, 0x18E5, 0x1906, 0x18C5, 0x18E5, 0x18E5, 0x18C5, 0x18C5, 0x126A, 0x0BCE, 0x0BCF, 0x128A, 0x18E5,
  0x18C5, 0x18E5, 0x18E5, 0x18E5, 0x18E5, 0x18E5, 0x10C5, 0x0884, 0x422A, 0x94D4, 0xB5B7, 0xBDF8, 0xC618, 0xBDD7, 0xB596, 0x73D0,
  0x18E5, 0x0884, 0x18E5, 0x18E5, 0x18C5, 0x1906, 0x10C5, 0x10A4, 0x10A4, 0x10A4, 0x10A4, 0x10A4, 0x10A4, 0x10A4, 0x10A4, 0x10A4,
  0x10A4, 0x10A4, 0x10A4, 0x10A4, 0x10A4, 0x10A4, 0x10A4, 0x10A4, 0x0863, 0xB5B6, 0xFFFF, 0xFFDF, 0xD6BA, 0x18E4, 0x1084, 0x0884,
  0x10C4, 0x10A4, 0x10C4, 0x0884, 0x10A4, 0x10C4, 0xCE79, 0xFFDF, 0xFFFF, 0xBDD7, 0x0863, 0x10A4, 0x10A4, 0x10A4, 0x10A4, 0x10A4,
  0x10A4, 0x0863, 0x4A6A, 0xFFFF, 0xE71C, 0x31A7, 0x0022, 0x0043, 0x0863, 0x9492, 0xEF7D, 0x9492, 0x0001, 0x6B8F, 0xFFFF, 0x8C72,
  0x0022, 0x18E5, 0x0042, 0x632D, 0xFFFF, 0x9CF4, 0x0042, 0x10A4, 0x2126, 0xEF7D, 0xDEFB, 0xD69A, 0xF7BE, 0x31A7, 0x0863, 0x10A4,
  0x18E5, 0xDEFB, 0xF79E, 0x1905, 0x0022, 0x0022, 0xB596, 0xFFFF, 0x5B0D, 0x0863, 0xDEFB, 0xF7BE, 0x18E4, 0x0022, 0x0022, 0x5AEC,
  0xFFFF, 0xDEFB, 0x18C4, 0x18E5, 0xF79E, 0xE73C, 0x2105, 0x10A4, 0x0883, 0x2987, 0xF7BE, 0xDEDB, 0xDEDB, 0xF79E, 0x2967, 0x0883,
  0x1084, 0x2126, 0xE71C, 0xFFFF, 0xFFFF, 0xB5B6, 0x0883, 0x0043, 0x8411, 0xFFFF, 0x73AF, 0x0063, 0x10A4, 0x2D74, 0x2739, 0x2675,
  0x1A69, 0x3DF2, 0x4EB3, 0x5ED2, 0x4D2E, 0x32A8, 0x6E0E, 0x4369, 0x860C, 0x3226, 0x95AA, 0xB689, 0x8487, 0x8426, 0x9CE6, 0x83C5,
  0xEE23, 0xF624, 0x4A66, 0x00C5, 0x1105, 0x1105, 0x1105, 0x1105, 0x1105, 0x1105, 0x1105, 0x1125, 0x1125, 0x1125, 0x1125, 0x1126,
  0x1126, 0x1126, 0x1146, 0x1146, 0x1146, 0x1146, 0x1146, 0x1146, 0x1146, 0x1146, 0x1146, 0x0946, 0x1166, 0x1166, 0x0966, 0x0966,
  0x0966, 0x0966, 0x1166, 0x1166, 0x1166, 0x1166, 0x1166, 0x1146, 0x1146, 0x1146, 0x1146, 0x1146, 0x1146, 0x1146, 0x1146, 0x1146,
  0x0946, 0x1946, 0x1906, 0x10E5, 0x1905, 0x08C5, 0x9B24, 0xFCE3, 0xF462, 0xFD8B, 0xFED6, 0xFF5A, 0xFDEE, 0xF441, 0xFCC3, 0xC3C3,
  0x10E5, 0x18E5, 0x18E5, 0x18E5, 0x18E5, 0x18E5, 0x18E5, 0x18E5, 0x18E5, 0x18E5, 0x18E5, 0x18E5, 0x18E5, 0x18E5, 0x18E5, 0x18E5,
  0x18E5, 0x18E5, 0x18E5, 0x18E5, 0x18E5, 0x18E5, 0x18E5, 0x18E5, 0x18E5, 0x18E5, 0x18E5, 0x18E5, 0x18E5, 0x18E5, 0x18E5, 0x18E5,
  0x18E5, 0x18E5, 0x18E5, 0x18E5, 0x18E5, 0x18E5, 0x18E5, 0x18E5, 0x18E5, 0x18E5, 0x18E5, 0x18E5, 0x18E5, 0x18E5, 0x18E5, 0x18E5,
  0x18E5, 0x18E5, 0x18E5, 0x18E5, 0x18E5, 0x18E5, 0x18E5, 0x18E5, 0x18E5, 0x18E5, 0x18E5, 0x18E5, 0x18E5, 0x18E5, 0x18E5, 0x18E5,
  0x18E5, 0x18E5, 0x18E5, 0x18E5, 0x18E5, 0x18E5, 0x18E5, 0x18E5, 0x18E5, 0x18E5, 0x18E5, 0x18E5, 0x18E5, 0x18E5, 0x18E5, 0x18E5,
  0x18E5, 0x18E5, 0x18E5, 0x18E5, 0x18E5, 0x1906, 0x18C5, 0x18E5, 0x18E5, 0x18C5, 0x0B6D, 0x0697, 0x075A, 0x075A, 0x06B8, 0x0BEF,
  0x18E5, 0x18E5, 0x18E5, 0x18E5, 0x18E5, 0x18C5, 0x1906, 0x8C72, 0xC639, 0x7BD0, 0x31A8, 0x0864, 0x0043, 0x18E5, 0x528B, 0xA535,
  0xBDD8, 0x4A4A, 0x10A4, 0x18E5, 0x18E5, 0x18E5, 0x18E5, 0x10A4, 0x10A4, 0x10A4, 0x10A4, 0x10A4, 0x10A4, 0x10A4, 0x10A4, 0x10A4,
  0x10A4, 0x10A4, 0x10A4, 0x10A4, 0x10A4, 0x10A4, 0x10A4, 0x10A4, 0x0843, 0x9CF4, 0xFFFF, 0xFFFF, 0xAD75, 0x0042, 0x2105, 0x2126,
  0x0042, 0x1084, 0x0042, 0x2125, 0x2105, 0x0022, 0xA514, 0xFFFF, 0xFFFF, 0xA534, 0x0043, 0x10C4, 0x10A4, 0x10A4, 0x10A4, 0x10A4,
  0x10C4, 0x0022, 0x8C72, 0xFFFF, 0x8411, 0x0002, 0x18E5, 0x1084, 0x0042, 0x0022, 0x10A4, 0x10C4, 0x0022, 0x6B6E, 0xFFFF, 0x8C72,
  0x0022, 0x18E5, 0x0042, 0x632D, 0xFFFF, 0x9CF4, 0x0043, 0x0863, 0x630D, 0xFFFF, 0x8C51, 0x6B6E, 0xFFFF, 0x7BF0, 0x0042, 0x10A4,
  0x18E5, 0xDEFB, 0xF79D, 0x2125, 0x0043, 0x0001, 0xAD76, 0xFFFF, 0x5ACC, 0x0863, 0xDEFB, 0xFFDE, 0x2966, 0x10A4, 0x10C4, 0x0883,
  0xC639, 0xFFFF, 0x4A4A, 0x10A4, 0xF79E, 0xE73C, 0x2105, 0x10A4, 0x0042, 0x6B6E, 0xFFFF, 0x7BD0, 0x8410, 0xFFFF, 0x6B6E, 0x0042,
  0x10A4, 0x2126, 0xE73D, 0xE73C, 0xC638, 0xFFFF, 0x632D, 0x0001, 0x8431, 0xFFFF, 0x73AF, 0x0063, 0x10A4, 0x2594, 0x1F59, 0x2695,
  0x1126, 0x234B, 0x4EF4, 0x56B2, 0x2268, 0x2A27, 0x6DEE, 0x3AC7, 0x860C, 0x21A5, 0x4B07, 0xBEC9, 0x7C47, 0x7BC6, 0x94A6, 0x7344,
  0xF643, 0xF624, 0x4A65, 0x00C5, 0x1105, 0x1105, 0x1105, 0x1105, 0x1105, 0x1105, 0x1105, 0x1125, 0x1125, 0x1125, 0x1125, 0x1126,
  0x1126, 0x1126, 0x1146, 0x1146, 0x1146, 0x1146, 0x1146, 0x1146, 0x1146, 0x1146, 0x1146, 0x0946, 0x1166, 0x1166, 0x0966, 0x0966,
  0x0966, 0x0966, 0x1167, 0x1166, 0x1166, 0x1166, 0x1166, 0x1146, 0x1166, 0x1146, 0x1146, 0x1146, 0x1146, 0x1146, 0x1146, 0x1146,
  0x1126, 0x1926, 0x1905, 0x1905, 0x10E5, 0x2945, 0xE443, 0xFCA3, 0xF462, 0xFD28, 0xFFBC, 0xFE51, 0xFF59, 0xFD6B, 0xF462, 0xFCA3,
  0x49C5, 0x08C5, 0x18E5, 0x18E5, 0x18E5, 0x18E5, 0x18E5, 0x18E5, 0x18E5, 0x18E5, 0x18E5, 0x18E5, 0x18E5, 0x18E5, 0x18E5, 0x18E5,
  0x18E5, 0x18E5, 0x18E5, 0x18E5, 0x18E5, 0x18E5, 0x18E5, 0x18E5, 0x18E5, 0x18E5, 0x18E5, 0x18E5, 0x18E5, 0x18E5, 0x18E5, 0x18E5,
  0x18E5, 0x18E5, 0x18E5, 0x18E5, 0x18E5, 0x18E5, 0x18E5, 0x18E5, 0x18E5, 0x18E5, 0x18E5, 0x18E5, 0x18E5, 0x18E5, 0x18E5, 0x18E5,
  0x18E5, 0x18E5, 0x18E5, 0x18E5, 0x18E5, 0x18E5, 0x18E5, 0x18E5, 0x18E5, 0x18E5, 0x18E5, 0x18E5, 0x18E5, 0x18E5, 0x18E5, 0x18E5,
  0x18E5, 0x18E5, 0x18E5, 0x18E5, 0x18E5, 0x18E5, 0x18E5, 0x18E5, 0x18E5, 0x18E5, 0x18E5, 0x18E5, 0x18E5, 0x18E5, 0x18E5, 0x18E5,
  0x18E5, 0x18E5, 0x18E5, 0x18E5, 0x18E5, 0x1906, 0x18C5, 0x18E5, 0x18A5, 0x1209, 0x0636, 0x075A, 0x0719, 0x0719, 0x075A, 0x06B8,
  0x128B, 0x18A4, 0x18E5, 0x18E5, 0x18E5, 0x1084, 0x420A, 0xA515, 0x2126, 0x0043, 0x4A8B, 0x8452, 0x9493, 0x738F, 0x2967, 0x0002,
  0x6B6E, 0x8C52, 0x10A4, 0x18E5, 0x18E5, 0x18E5, 0x1905, 0x10A4, 0x10A4, 0x10A4, 0x10A4, 0x10A4, 0x10A4, 0x10A4, 0x10A4, 0x10A4,
  0x10A4, 0x10A4, 0x10A4, 0x10A4, 0x10A4, 0x10A4, 0x10A4, 0x10C4, 0x0042, 0x8411, 0xFFFF, 0xFFFF, 0xA514, 0x0001, 0x39E8, 0xDEDB,
  0x6B8E, 0x18C4, 0x6B4E, 0xDEDB, 0x39E9, 0x0001, 0x9CF4, 0xFFFF, 0xFFFF, 0x8C52, 0x0843, 0x10C4, 0x10A4, 0x10A4, 0x10A4, 0x10A4,
  0x10C4, 0x0843, 0xAD56, 0xFFFF, 0x5ACC, 0x0043, 0x0863, 0x52CB, 0xA555, 0x9CF4, 0x9CD4, 0x8431, 0x0843, 0x6B6E, 0xFFFF, 0x8C72,
  0x0022, 0x18E5, 0x0042, 0x632D, 0xFFFF, 0x9CD4, 0x0043, 0x0883, 0xAD76, 0xFFFF, 0x4A6A, 0x31A7, 0xFFFF, 0xCE59, 0x10A4, 0x1084,
  0x18E5, 0xDEFB, 0xF7BE, 0x7BD0, 0x632D, 0x9492, 0xFFFF, 0xE71C, 0x2105, 0x10C4, 0xDEFB, 0xFFDE, 0x2946, 0x0884, 0x10C4, 0x0863,
  0xA535, 0xFFFF, 0x5AEC, 0x0883, 0xF79E, 0xE73C, 0x2105, 0x1084, 0x0883, 0xC618, 0xFFFF, 0x39C8, 0x4229, 0xFFFF, 0xBDD7, 0x0883,
  0x10A4, 0x2126, 0xEF5D, 0xDEFB, 0x4229, 0xEF7D, 0xE73C, 0x10A4, 0x7C10, 0xFFFF, 0x73CF, 0x0063, 0x10A4, 0x2594, 0x1F79, 0x2635,
  0x232B, 0x230A, 0x4611, 0x3CEE, 0x32E9, 0x3B8A, 0x6DCD, 0x3B08, 0x7DCC, 0x5387, 0x5387, 0x7C67, 0x8CE7, 0x7BC5, 0x9CC6, 0x7365,
  0xF663, 0xF623, 0x4A65, 0x00C5, 0x1105, 0x1105, 0x1105, 0x1105, 0x1105, 0x1105, 0x1125, 0x1125, 0x1125, 0x1125, 0x1126, 0x1126,
  0x1126, 0x1126, 0x1146, 0x1146, 0x1146, 0x1146, 0x1146, 0x1146, 0x1146, 0x1166, 0x1166, 0x0966, 0x1166, 0x1166, 0x0966, 0x0966,
  0x0967, 0x0966, 0x1167, 0x1166, 0x1166, 0x1166, 0x1166, 0x1166, 0x1146, 0x1146, 0x1146, 0x1146, 0x1146, 0x1146, 0x1146, 0x1146,
  0x1126, 0x1926, 0x1905, 0x1905, 0x08C5, 0x49C5, 0xFCA3, 0xF483, 0xF461, 0xFD49, 0xFFDE, 0xFDCD, 0xFF9B, 0xFE0F, 0xF441, 0xFCE3,
  0x6A44, 0x00A5, 0x1905, 0x18E5, 0x18E5, 0x18E5, 0x18E5, 0x18E5, 0x18E5, 0x18E5, 0x18E5, 0x18E5, 0x18E5, 0x18E5, 0x18E5, 0x18E5,
  0x18E5, 0x18E5, 0x18E5, 0x18E5, 0x18E5, 0x18E5, 0x18E5, 0x18E5, 0x18E5, 0x18E5, 0x18E5, 0x18E5, 0x18E5, 0x18E5, 0x18E5, 0x18E5,
  0x18E5, 0x18E5, 0x18E5, 0x18E5, 0x18E5, 0x18E5, 0x18E5, 0x18E5, 0x18E5, 0x18E5, 0x18E5, 0x18E5, 0x18E5, 0x18E5, 0x18E5, 0x18E5,
  0x18E5, 0x18E5, 0x18E5, 0x18E5, 0x18E5, 0x18E5, 0x18E5, 0x18E5, 0x18E5, 0x18E5, 0x18E5, 0x18E5, 0x18E5, 0x18E5, 0x18E5, 0x18E5,
  0x18E5, 0x18E5, 0x18E5, 0x18E5, 0x18E5, 0x18E5, 0x18E5, 0x18E5, 0x18E5, 0x18E5, 0x18E5, 0x18E5, 0x18E5, 0x18E5, 0x18E5, 0x18E5,
  0x18E5, 0x18E5, 0x18E5, 0x18E5, 0x18E5, 0x1906, 0x18C5, 0x18E5, 0x18A4, 0x0B2C, 0x0739, 0x0739, 0x0739, 0x0739, 0x0719, 0x075A,
  0x0BCE, 0x18A4, 0x18E5, 0x18E5, 0x18E5, 0x18E5, 0x18E5, 0x0864, 0x39E9, 0xB5B7, 0xB5B7, 0x8411, 0x7BD0, 0x9CD4, 0xC639, 0x7BF1,
  0x10A4, 0x10C5, 0x18E5, 0x18E5, 0x18E5, 0x18E5, 0x1906, 0x10A4, 0x10A4, 0x10A4, 0x10A4, 0x10A4, 0x10A4, 0x10A4, 0x10A4, 0x10A4,
  0x10A4, 0x10A4, 0x10A4, 0x10A4, 0x10A4, 0x10A4, 0x10A4, 0x10C4, 0x0042, 0x5AEC, 0xFFDF, 0xFFFF, 0xA514, 0x0002, 0x2146, 0xDEDB,
  0xFFFF, 0xDEDB, 0xFFFF, 0xDEFB, 0x2146, 0x0022, 0x9CF4, 0xFFFF, 0xFFFF, 0x630D, 0x0042, 0x10C4, 0x10A4, 0x10A4, 0x10A4, 0x10A4,
  0x10C4, 0x0863, 0xAD76, 0xFFFF, 0x52CC, 0x0863, 0x0042, 0x7BCF, 0xF79D, 0xE73C, 0xFFFF, 0xE73C, 0x0863, 0x6B6E, 0xFFFF, 0x8C72,
  0x0022, 0x18E5, 0x0042, 0x632D, 0xFFFF, 0x9CF4, 0x0002, 0x2967, 0xF79E, 0xDEDB, 0x10C4, 0x0042, 0xC638, 0xFFDF, 0x39E8, 0x0043,
  0x2105, 0xDEDB, 0xFFFF, 0xFFFF, 0xFFFF, 0xFFFF, 0xCE7A, 0x3A09, 0x0863, 0x18E5, 0xDEDB, 0xFFDE, 0x2946, 0x0884, 0x10C4, 0x0863,
  0xA535, 0xFFFF, 0x5AEC, 0x0884, 0xF79E, 0xE73C, 0x2125, 0x0843, 0x31A8, 0xFFDF, 0xCE59, 0x0863, 0x0883, 0xD6BA, 0xF7BE, 0x31A7,
  0x0863, 0x2126, 0xE73D, 0xEF7D, 0x10C4, 0x73CF, 0xFFFF, 0x8C92, 0x73AF, 0xFFFF, 0x73CF, 0x0063, 0x10A4, 0x1D94, 0x1F79, 0x2655,
  0x234B, 0x35B2, 0x2B0A, 0x2B2A, 0x55AF, 0x3349, 0x6DEE, 0x3B08, 0x7DEC, 0x4B27, 0xA66A, 0x4AC6, 0x6BC6, 0x8406, 0x9CC6, 0x7384,
  0xF663, 0xF623, 0x4A65, 0x00C5, 0x1105, 0x1105, 0x1105, 0x1105, 0x1105, 0x1105, 0x1125, 0x1125, 0x1125, 0x1125, 0x1126, 0x1126,
  0x1126, 0x1126, 0x1146, 0x1146, 0x1146, 0x1146, 0x1146, 0x1146, 0x1146, 0x1166, 0x1166, 0x0966, 0x1166, 0x1166, 0x0966, 0x0966,
  0x0967, 0x0967, 0x1166, 0x1167, 0x1166, 0x1166, 0x1166, 0x1166, 0x1146, 0x1146, 0x1146, 0x1146, 0x1146, 0x1146, 0x1146, 0x1146,
  0x1146, 0x1926, 0x1905, 0x1905, 0x08C5, 0x49C5, 0xFCA3, 0xF483, 0xF462, 0xFE72, 0xFED6, 0xFDAC, 0xFFBD, 0xFD49, 0xF462, 0xFCE3,
  0x6A44, 0x08A5, 0x1905, 0x18E5, 0x18E5, 0x18E5, 0x18E5, 0x18E5, 0x18E5, 0x18E5, 0x18E5, 0x18E5, 0x18E5, 0x18E5, 0x18E5, 0x18E5,
  0x18E5, 0x18E5, 0x18E5, 0x18E5, 0x18E5, 0x18E5, 0x18E5, 0x18E5, 0x18E5, 0x18E5, 0x18E5, 0x18E5, 0x18E5, 0x18E5, 0x18E5, 0x18E5,
  0x18E5, 0x18E5, 0x18E5, 0x18E5, 0x18E5, 0x18E5, 0x18E5, 0x18E5, 0x18E5, 0x18E5, 0x18E5, 0x18E5, 0x18E5, 0x18E5, 0x18E5, 0x18E5,
  0x18E5, 0x18E5, 0x18E5, 0x18E5, 0x18E5, 0x18E5, 0x18E5, 0x18E5, 0x18E5, 0x18E5, 0x18E5, 0x18E5, 0x18E5, 0x18E5, 0x18E5, 0x18E5,
  0x18E5, 0x18E5, 0x18E5, 0x18E5, 0x18E5, 0x18E5, 0x18E5, 0x18E5, 0x18E5, 0x18E5, 0x18E5, 0x18E5, 0x18E5, 0x18E5, 0x18E5, 0x18E5,
  0x18E5, 0x18E5, 0x18E5, 0x18E5, 0x18E5, 0x1906, 0x18C5, 0x18E5, 0x18A4, 0x132C, 0x0739, 0x0739, 0x0739, 0x0739, 0x0719, 0x075A,
  0x0BCE, 0x18A4, 0x18E5, 0x18E5, 0x18E5, 0x18E5, 0x18E5, 0x10A4, 0x8C93, 0x7BF0, 0x0863, 0x0884, 0x10C5, 0x0043, 0x2967, 0xAD76,
  0x424A, 0x1084, 0x18E5, 0x18E5, 0x18E5, 0x18E5, 0x1906, 0x10A4, 0x10A4, 0x10A4, 0x10A4, 0x10A4, 0x10A4, 0x10A4, 0x10A4, 0x10A4,
  0x10A4, 0x10A4, 0x10A4, 0x10A4, 0x10A4, 0x10A4, 0x10A4, 0x10A4, 0x0863, 0x31C8, 0xEF5D, 0xFFFF, 0x9CF4, 0x0022, 0x10A4, 0x18E5,
  0xA535, 0xFFFF, 0xAD55, 0x1905, 0x10A4, 0x0043, 0x9CD4, 0xFFFF, 0xEF7D, 0x39E8, 0x0863, 0x10A4, 0x10A4, 0x10A4, 0x10A4, 0x10A4,
  0x10C4, 0x0042, 0x8C92, 0xFFFF, 0x7BCF, 0x0002, 0x18E5, 0x18E5, 0x10A4, 0x3A09, 0xFFDF, 0xDEDB, 0x0863, 0x632D, 0xFFFF, 0x9492,
  0x0022, 0x1905, 0x0043, 0x632D, 0xFFFF, 0x9CF4, 0x0001, 0x738F, 0xFFFF, 0xEF5D, 0xBE18, 0xC618, 0xE73C, 0xFFFF, 0x8451, 0x0022,
  0x1905, 0xDEFB, 0xF7BE, 0x39C8, 0x7BCF, 0xFFFF, 0xAD55, 0x0042, 0x10A4, 0x18E5, 0xDEDB, 0xFFDE, 0x2966, 0x10A4, 0x10A4, 0x0863,
  0xCE59, 0xFFFF, 0x422A, 0x10A4, 0xF79E, 0xE73C, 0x2126, 0x0022, 0x7BF0, 0xFFFF, 0xE75C, 0xBDF8, 0xC618, 0xEF5D, 0xFFFF, 0x73AF,
  0x0022, 0x2146, 0xE73D, 0xEF5D, 0x2126, 0x0883, 0xCE79, 0xF7BE, 0xC618, 0xFFFF, 0x73D0, 0x0063, 0x10A4, 0x1D94, 0x1F99, 0x2655,
  0x1AA9, 0x4776, 0x22A9, 0x33EB, 0x5ED1, 0x32C8, 0x65EE, 0x3AE8, 0x7DEC, 0x42E7, 0xAECA, 0x9568, 0x1925, 0x8405, 0x94A6, 0x7344,
  0xFE83, 0xF622, 0x4A65, 0x00C5, 0x1105, 0x1105, 0x1105, 0x1105, 0x1105, 0x1105, 0x1125, 0x1125, 0x1125, 0x1125, 0x1126, 0x1126,
  0x1126, 0x1126, 0x1146, 0x1146, 0x1146, 0x1146, 0x1146, 0x1146, 0x1146, 0x1166, 0x1166, 0x0966, 0x1166, 0x1166, 0x0966, 0x0966,
  0x0967, 0x0967, 0x1166, 0x1167, 0x1166, 0x1166, 0x1166, 0x1166, 0x1166, 0x1146, 0x1146, 0x1146, 0x1146, 0x1146, 0x1146, 0x1146,
  0x1146, 0x1926, 0x1905, 0x1905, 0x10E5, 0x2945, 0xE443, 0xFC82, 0xF549, 0xFFBD, 0xFF17, 0xFDEE, 0xFFFF, 0xFD8B, 0xF461, 0xF483,
  0x41A5, 0x08C5, 0x18E5, 0x18E5, 0x18E5, 0x18E5, 0x18E5, 0x18E5, 0x18E5, 0x18E5, 0x18E5, 0x18E5, 0x18E5, 0x18E5, 0x18E5, 0x18E5,
  0x18E5, 0x18E5, 0x18E5, 0x18E5, 0x18E5, 0x18E5, 0x18E5, 0x18E5, 0x18E5, 0x18E5, 0x18E5, 0x18E5, 0x18E5, 0x18E5, 0x18E5, 0x18E5,
  0x18E5, 0x18E5, 0x18E5, 0x18E5, 0x18E5, 0x18E5, 0x18E5, 0x18E5, 0x18E5, 0x18E5, 0x18E5, 0x18E5, 0x18E5, 0x18E5, 0x18E5, 0x18E5,
  0x18E5, 0x18E5, 0x18E5, 0x18E5, 0x18E5, 0x18E5, 0x18E5, 0x18E5, 0x18E5, 0x18E5, 0x18E5, 0x18E5, 0x18E5, 0x18E5, 0x18E5, 0x18E5,
  0x18E5, 0x18E5, 0x18E5, 0x18E5, 0x18E5, 0x18E5, 0x18E5, 0x18E5, 0x18E5, 0x18E5, 0x18E5, 0x18E5, 0x18E5, 0x18E5, 0x18E5, 0x18E5,
  0x18E5, 0x18E5, 0x18E5, 0x18E5, 0x18E5, 0x1906, 0x18C5, 0x18E5, 0x18A4, 0x1209, 0x0656, 0x077A, 0x0739, 0x0739, 0x075A, 0x0697,
  0x126A, 0x18A4, 0x18E5, 0x18E5, 0x18E5, 0x18E5, 0x18E5, 0x18E5, 0x18E5, 0x0884, 0x738F, 0xBDF8, 0xC659, 0xA515, 0x31A8, 0x10A4,
  0x1906, 0x18E5, 0x18E5, 0x18E5, 0x18E5, 0x18E5, 0x1905, 0x10A4, 0x10A4, 0x10A4, 0x10A4, 0x10A4, 0x10A4, 0x10A4, 0x10A4, 0x10A4,
  0x10A4, 0x10A4, 0x10A4, 0x10A4, 0x10A4, 0x10A4, 0x10A4, 0x10A4, 0x10A4, 0x10A4, 0xC659, 0xFFFF, 0x9CF4, 0x0022, 0x18E5, 0x0022,
  0x634D, 0xFFFF, 0x6B8E, 0x0022, 0x18E5, 0x0043, 0x9CD4, 0xFFFF, 0xCE79, 0x10C4, 0x10A4, 0x10A4, 0x10A4, 0x10A4, 0x10A4, 0x10A4,
  0x10C4, 0x0043, 0x4A6A, 0xFFFF, 0xDEFB, 0x2966, 0x0002, 0x0022, 0x0022, 0x9CF4, 0xFFFF, 0xD6BA, 0x0883, 0x4A8B, 0xFFFF, 0xCE59,
  0x10A4, 0x0022, 0x0042, 0xA514, 0xFFFF, 0x73CF, 0x0002, 0xBDF8, 0xFFFF, 0xD69A, 0xD69A, 0xD6BA, 0xD69A, 0xFFFF, 0xD69A, 0x10A4,
  0x18E5, 0xDEFB, 0xF79E, 0x2105, 0x10C4, 0xDEFB, 0xFFDF, 0x4249, 0x0043, 0x18E5, 0xDEFB, 0xF7BE, 0x18E4, 0x0022, 0x0042, 0x6B6E,
  0xFFFF, 0xDEDB, 0x10C4, 0x18E5, 0xF79E, 0xE73C, 0x2105, 0x0883, 0xCE79, 0xFFFF, 0xD69A, 0xD69A, 0xD69A, 0xD69A, 0xFFFF, 0xC638,
  0x0883, 0x2126, 0xE73D, 0xEF5D, 0x2146, 0x0042, 0x4A6A, 0xFFDF, 0xFFFF, 0xFFFF, 0x73D0, 0x0063, 0x10A4, 0x1594, 0x1799, 0x2675,
  0x1BAC, 0x3F15, 0x46B3, 0x56D2, 0x5E70, 0x3BAA, 0x6E0E, 0x4BC9, 0x7E0C, 0x5BC8, 0xA66A, 0xBEC9, 0x6BC6, 0x8425, 0xA505, 0x8BE4,
  0xF662, 0xF622, 0x4A64, 0x00C5, 0x1105, 0x1105, 0x1105, 0x1105, 0x1105, 0x1105, 0x1125, 0x1125, 0x1125, 0x1125, 0x1126, 0x1126,
  0x1126, 0x1126, 0x1146, 0x1146, 0x1146, 0x1146, 0x1146, 0x1146, 0x1146, 0x1166, 0x1166, 0x0966, 0x1166, 0x1167, 0x0967, 0x0967,
  0x0967, 0x0967, 0x1167, 0x1167, 0x1166, 0x1167, 0x1166, 0x1166, 0x1166, 0x1146, 0x1146, 0x1146, 0x1146, 0x1146, 0x1146, 0x1146,
  0x0926, 0x1946, 0x1906, 0x10E5, 0x1905, 0x08C5, 0x9B04, 0xFCE3, 0xF462, 0xFDEE, 0xFF18, 0xFEB5, 0xFDAC, 0xF483, 0xFCC3, 0xBBA3,
  0x10C5, 0x18E5, 0x18E5, 0x18E5, 0x18E5, 0x18E5, 0x18E5, 0x18E5, 0x18E5, 0x18E5, 0x18E5, 0x18E5, 0x18E5, 0x18E5, 0x18E5, 0x18E5,
  0x18E5, 0x18E5, 0x18E5, 0x18E5, 0x18E5, 0x18E5, 0x18E5, 0x18E5, 0x18E5, 0x18E5, 0x18E5, 0x18E5, 0x18E5, 0x18E5, 0x18E5, 0x18E5,
  0x18E5, 0x18E5, 0x18E5, 0x18E5, 0x18E5, 0x18E5, 0x18E5, 0x18E5, 0x18E5, 0x18E5, 0x18E5, 0x18E5, 0x18E5, 0x18E5, 0x18E5, 0x18E5,
  0x18E5, 0x18E5, 0x18E5, 0x18E5, 0x18E5, 0x18E5, 0x18E5, 0x18E5, 0x18E5, 0x18E5, 0x18E5, 0x18E5, 0x18E5, 0x18E5, 0x18E5, 0x18E5,
  0x18E5, 0x18E5, 0x18E5, 0x18E5, 0x18E5, 0x18E5, 0x18E5, 0x18E5, 0x18E5, 0x18E5, 0x18E5, 0x18E5, 0x18E5, 0x18E5, 0x18E5, 0x18E5,
  0x18E5, 0x18E5, 0x18E5, 0x18E5, 0x18E5, 0x1906, 0x18C5, 0x18E5, 0x18E5, 0x18C5, 0x0B2D, 0x0656, 0x073A, 0x075A, 0x0697, 0x0BAE,
  0x18C5, 0x18E5, 0x18E5, 0x18E5, 0x18E5, 0x18E5, 0x18E5, 0x18E5, 0x10C5, 0x2126, 0x8C92, 0x424A, 0x10C5, 0x8431, 0x630D, 0x1084,
  0x18E5, 0x18E5, 0x18E5, 0x18E5, 0x18C5, 0x18E5, 0x18E5, 0x10A4, 0x10A4, 0x10A4, 0x10A4, 0x10A4, 0x10A4, 0x10A4, 0x10A4, 0x10A4,
  0x10A4, 0x10A4, 0x10A4, 0x10A4, 0x10A4, 0x10A4, 0x10A4, 0x10A4, 0x10C4, 0x0042, 0x8C51, 0xFFFF, 0x94D3, 0x0022, 0x18E5, 0x0863,
  0x73AF, 0xFFFF, 0x7BF0, 0x0863, 0x18E5, 0x0022, 0x94B3, 0xFFFF, 0x9492, 0x0043, 0x10C4, 0x10A4, 0x10A4, 0x10A4, 0x10A4, 0x10A4,
  0x10A4, 0x10A4, 0x0863, 0xAD76, 0xFFFF, 0xE71C, 0x8C51, 0x7BD0, 0xBDD7, 0xFFFF, 0xFFFF, 0xDEDB, 0x18C4, 0x10C4, 0xCE7A, 0xFFFF,
  0xC638, 0x8410, 0xB596, 0xFFFF, 0xEF7D, 0x2125, 0x2967, 0xF7BE, 0xDEFC, 0x1905, 0x1084, 0x10A4, 0x10A4, 0xCE7A, 0xFFFF, 0x4209,
  0x10A4, 0xE71B, 0xF79E, 0x2987, 0x0002, 0x8451, 0xFFFF, 0xAD55, 0x0042, 0x18E5, 0xDEDB, 0xFFFF, 0x9CD3, 0x94B3, 0xBDF8, 0xFFFF,
  0xFFFF, 0x5AEC, 0x0042, 0x1905, 0xEF9E, 0xEF5D, 0x10C4, 0x31C8, 0xFFDF, 0xD6BA, 0x18C4, 0x10A4, 0x10A4, 0x18C4, 0xDEDB, 0xFFDF,
  0x31A7, 0x18E5, 0xEF5D, 0xE75D, 0x2126, 0x10A4, 0x0042, 0x94B2, 0xFFFF, 0xFFFF, 0x73D0, 0x0063, 0x10A4, 0x15D5, 0x1759, 0x1ED6,
  0x2EF6, 0x36D4, 0x46D3, 0x4EB2, 0x5EB0, 0x66B0, 0x768E, 0x7E8D, 0x8E6C, 0x966B, 0x9E49, 0xAE28, 0xBE47, 0xC626, 0xCE25, 0xDE24,
  0xE5E2, 0xFE41, 0x5264, 0x00C5, 0x1105, 0x1105, 0x1105, 0x1105, 0x1105, 0x1105, 0x1125, 0x1125, 0x1125, 0x1125, 0x1126, 0x1126,
  0x1126, 0x1126, 0x1146, 0x1146, 0x1146, 0x1146, 0x1146, 0x1146, 0x1146, 0x1166, 0x1166, 0x0966, 0x1166, 0x1167, 0x0967, 0x0967,
  0x0967, 0x0967, 0x0987, 0x1167, 0x1167, 0x1166, 0x1166, 0x1166, 0x1166, 0x1146, 0x1146, 0x1146, 0x1146, 0x1146, 0x1146, 0x1146,
  0x0926, 0x1146, 0x1926, 0x10E5, 0x1905, 0x10E5, 0x2125, 0xCBE3, 0xFCE2, 0xF4A3, 0xF4E6, 0xF483, 0xF441, 0xFCC3, 0xE443, 0x3985,
  0x10C5, 0x18E5, 0x18E5, 0x18E5, 0x18E5, 0x18E5, 0x18E5, 0x18E5, 0x18E5, 0x18E5, 0x18E5, 0x18E5, 0x18E5, 0x18E5, 0x18E5, 0x18E5,
  0x18E5, 0x18E5, 0x18E5, 0x18E5, 0x18E5, 0x18E5, 0x18E5, 0x18E5, 0x18E5, 0x18E5, 0x18E5, 0x18E5, 0x18E5, 0x18E5, 0x18E5, 0x18E5,
  0x18E5, 0x18E5, 0x18E5, 0x18E5, 0x18E5, 0x18E5, 0x18E5, 0x18E5, 0x18E5, 0x18E5, 0x18E5, 0x18E5, 0x18E5, 0x18E5, 0x18E5, 0x18E5,
  0x18E5, 0x18E5, 0x18E5, 0x18E5, 0x18E5, 0x18E5, 0x18E5, 0x18E5, 0x18E5, 0x18E5, 0x18E5, 0x18E5, 0x18E5, 0x18E5, 0x18E5, 0x18E5,
  0x18E5, 0x18E5, 0x18E5, 0x18E5, 0x18E5, 0x18E5, 0x18E5, 0x18E5, 0x18E5, 0x18E5, 0x18E5, 0x18E5, 0x18E5, 0x18E5, 0x18E5, 0x18E5,
  0x18E5, 0x18E5, 0x18E5, 0x18E5, 0x18E5, 0x1906, 0x18C5, 0x18E5, 0x18E5, 0x18E5, 0x18C5, 0x1209, 0x0B6D, 0x0B8E, 0x126A, 0x18C5,
  0x18C5, 0x18E5, 0x18E5, 0x18E5, 0x18E5, 0x18E5, 0x18E5, 0x18E5, 0x18E5, 0x18E5, 0x0863, 0x2967, 0x5ACC, 0x0843, 0x10C5, 0x18E5,
  0x18E5, 0x18E5, 0x18E5, 0x18E5, 0x18C5, 0x1906, 0x10C4, 0x10A4, 0x10A4, 0x10A4, 0x10A4, 0x10A4, 0x10A4, 0x10A4, 0x10A4, 0x10A4,
  0x10A4, 0x10A4, 0x10A4, 0x10A4, 0x10A4, 0x10A4, 0x10A4, 0x10A4, 0x10A4, 0x0863, 0x39E9, 0xFFDF, 0xC618, 0x1083, 0x0843, 0x0002,
  0x6B4E, 0xFFFF, 0x738F, 0x0002, 0x0863, 0x0883, 0xBDF7, 0xFFDF, 0x4229, 0x0863, 0x10A4, 0x10A4, 0x10A4, 0x10A4, 0x10A4, 0x10A4,
  0x10A4, 0x10A4, 0x0884, 0x1905, 0xA535, 0xFFFF, 0xFFFF, 0xFFFF, 0xFFFF, 0x7C10, 0xE71C, 0xDEFB, 0x18E5, 0x0863, 0x31A7, 0xCE79,
  0xFFFF, 0xFFFF, 0xFFFF, 0xD6BA, 0x4A6A, 0x0001, 0x7BD0, 0xFFFF, 0x9493, 0x0022, 0x10C4, 0x10C4, 0x0022, 0x8410, 0xFFFF, 0x8C72,
  0x1083, 0xE6FB, 0xEF7D, 0x2967, 0x0863, 0x2987, 0xEF5D, 0xFFDF, 0x4209, 0x10A4, 0xDEDB, 0xFFFF, 0xFFFF, 0xFFFF, 0xFFFF, 0xCE59,
  0x52AB, 0x0863, 0x10A4, 0x18E5, 0xEF7D, 0xEF5D, 0x10A4, 0x8431, 0xFFFF, 0x8C51, 0x0022, 0x10C4, 0x10C4, 0x0042, 0x8C72, 0xFFFF,
  0x7BF0, 0x10A4, 0xE73D, 0xE73C, 0x2126, 0x0884, 0x10A4, 0x1905, 0xCE79, 0xFFFF, 0x73CF, 0x0063, 0x1084, 0x0C90, 0x17DA, 0x1F58,
  0x2F56, 0x3F55, 0x4734, 0x5733, 0x5F11, 0x6F10, 0x7F0F, 0x86ED, 0x96EC, 0x9ECB, 0xAECA, 0xBEA8, 0xC687, 0xD686, 0xDE84, 0xEE63,
  0xF662, 0xEDC1, 0x31A4, 0x08E5, 0x1105, 0x1105, 0x1105, 0x1105, 0x1105, 0x1105, 0x1125, 0x1125, 0x1125, 0x1125, 0x1126, 0x1126,
  0x1126, 0x1146, 0x1146, 0x1146, 0x1146, 0x1146, 0x1146, 0x1146, 0x1146, 0x1166, 0x1166, 0x0966, 0x1166, 0x1167, 0x0967, 0x0967,
  0x0967, 0x0967, 0x0967, 0x1167, 0x1167, 0x1167, 0x1166, 0x1166, 0x1166, 0x1166, 0x1146, 0x1146, 0x1146, 0x1146, 0x1146, 0x1146,
  0x1146, 0x0926, 0x1946, 0x1906, 0x10E5, 0x1905, 0x10E5, 0x2925, 0xA344, 0xF463, 0xFCA2, 0xFCA3, 0xFCA3, 0xBBA3, 0x3985, 0x08C5,
  0x18E5, 0x18E5, 0x18E5, 0x18E5, 0x18E5, 0x18E5, 0x18E5, 0x18E5, 0x18E5, 0x18E5, 0x18E5, 0x18E5, 0x18E5, 0x18E5, 0x18E5, 0x18E5,
  0x18E5, 0x18E5, 0x18E5, 0x18E5, 0x18E5, 0x18E5, 0x18E5, 0x18E5, 0x18E5, 0x18E5, 0x18E5, 0x18E5, 0x18E5, 0x18E5, 0x18E5, 0x18E5,
  0x18E5, 0x18E5, 0x18E5, 0x18E5, 0x18E5, 0x18E5, 0x18E5, 0x18E5, 0x18E5, 0x18E5, 0x18E5, 0x18E5, 0x18E5, 0x18E5, 0x18E5, 0x18E5,
  0x18E5, 0x18E5, 0x18E5, 0x18E5, 0x18E5, 0x18E5, 0x18E5, 0x18E5, 0x18E5, 0x18E5, 0x18E5, 0x18E5, 0x18E5, 0x18E5, 0x18E5, 0x18E5,
  0x18E5, 0x18E5, 0x18E5, 0x18E5, 0x18E5, 0x18E5, 0x18E5, 0x18E5, 0x18E5, 0x18E5, 0x18E5, 0x18E5, 0x18E5, 0x18E5, 0x18E5, 0x18E5,
  0x18E5, 0x18E5, 0x18E5, 0x18E5, 0x18E5, 0x18E5, 0x18C5, 0x18E5, 0x18E5, 0x18E5, 0x18E5, 0x18A4, 0x18A4, 0x18A4, 0x18A4, 0x18E5,
  0x18E5, 0x18E5, 0x18E5, 0x18E5, 0x18E5, 0x18E5, 0x18E5, 0x18E5, 0x18E5, 0x18E5, 0x10A4, 0x39E9, 0x738F, 0x10A4, 0x18E5, 0x18E5,
  0x18E5, 0x18E5, 0x18E5, 0x18C5, 0x18E5, 0x18E5, 0x10A4, 0x10A4, 0x10A4, 0x10A4, 0x10A4, 0x10A4, 0x10A4, 0x10A4, 0x10A4, 0x10A4,
  0x10A4, 0x10A4, 0x10A4, 0x10A4, 0x10A4, 0x10A4, 0x10A4, 0x10A4, 0x10A4, 0x10A4, 0x0863, 0xB5B6, 0xFFFF, 0xC618, 0x630D, 0x39C8,
  0xB596, 0xFFFF, 0xB5B7, 0x31C8, 0x630D, 0xC618, 0xFFFF, 0xBDD7, 0x0883, 0x10A4, 0x10A4, 0x10A4, 0x10A4, 0x10A4, 0x10A4, 0x10A4,
  0x10A4, 0x10A4, 0x10A4, 0x0884, 0x0863, 0x39E9, 0x630D, 0x630D, 0x31A7, 0x0843, 0x3A09, 0x4209, 0x10A4, 0x10A4, 0x0863, 0x10C4,
  0x4A8B, 0x634E, 0x52AB, 0x18E5, 0x0863, 0x10A4, 0x31A8, 0x4A6A, 0x2126, 0x1084, 0x10A4, 0x10A4, 0x1084, 0x2126, 0x4A6A, 0x39C8,
  0x10A4, 0x4209, 0x4229, 0x18C4, 0x10A4, 0x10A4, 0x39C8, 0x4A6A, 0x2946, 0x1084, 0x4209, 0x4A4A, 0x4229, 0x4229, 0x3187, 0x10A4,
  0x0843, 0x10A4, 0x10A4, 0x10A4, 0x4229, 0x4229, 0x10A4, 0x39C8, 0x4A6A, 0x2125, 0x1084, 0x10A4, 0x10A4, 0x1084, 0x2126, 0x4A6A,
  0x31A8, 0x10A4, 0x4229, 0x4229, 0x10C4, 0x10A4, 0x10C4, 0x0883, 0x2967, 0x4A6A, 0x2966, 0x08A4, 0x10A4, 0x10E5, 0x12EB, 0x132B,
  0x1B0A, 0x1B0A, 0x230A, 0x2309, 0x2B09, 0x32E8, 0x32E8, 0x3AE7, 0x3AE7, 0x42E6, 0x42E6, 0x4AE6, 0x52C5, 0x52C5, 0x5AC4, 0x5AC4,
  0x62E4, 0x39E4, 0x08C5, 0x1105, 0x1105, 0x1105, 0x1105, 0x1105, 0x1105, 0x1105, 0x1125, 0x1125, 0x1125, 0x1125, 0x1126, 0x1126,
  0x1126, 0x1146, 0x1146, 0x1146, 0x1146, 0x1146, 0x1146, 0x1146, 0x1146, 0x1166, 0x1166, 0x0966, 0x1166, 0x1167, 0x0967, 0x0967,
  0x0987, 0x0987, 0x0967, 0x1167, 0x1167, 0x1167, 0x1166, 0x1166, 0x1166, 0x1146, 0x1146, 0x1146, 0x1146, 0x1146, 0x1146, 0x1146,
  0x1146, 0x1126, 0x1126, 0x1946, 0x1905, 0x10E5, 0x1905, 0x10E5, 0x08C5, 0x3165, 0x6225, 0x6244, 0x3985, 0x10E5, 0x10C5, 0x18E5,
  0x18E5, 0x18E5, 0x18E5, 0x18E5, 0x18E5, 0x18E5, 0x18E5, 0x18E5, 0x18E5, 0x18E5, 0x18E5, 0x18E5, 0x18E5, 0x18E5, 0x18E5, 0x18E5,
  0x18E5, 0x18E5, 0x18E5, 0x18E5, 0x18E5, 0x18E5, 0x18E5, 0x18E5, 0x18E5, 0x18E5, 0x18E5, 0x18E5, 0x18E5, 0x18E5, 0x18E5, 0x18E5,
  0x18E5, 0x18E5, 0x18E5, 0x18E5, 0x18E5, 0x18E5, 0x18E5, 0x18E5, 0x18E5, 0x18E5, 0x18E5, 0x18E5, 0x18E5, 0x18E5, 0x18E5, 0x18E5,
  0x18E5, 0x18E5, 0x18E5, 0x18E5, 0x18E5, 0x18E5, 0x18E5, 0x18E5, 0x18E5, 0x18E5, 0x18E5, 0x18E5, 0x18E5, 0x18E5, 0x18E5, 0x18E5,
  0x18E5, 0x18E5, 0x18E5, 0x18E5, 0x18E5, 0x18E5, 0x18E5, 0x18E5, 0x18E5, 0x18E5, 0x18E5, 0x18E5, 0x18E5, 0x18E5, 0x18E5, 0x18E5,
  0x18E5, 0x18E5, 0x18E5, 0x18E5, 0x18E5, 0x18E5, 0x18E5, 0x18E5, 0x18E5, 0x18E5, 0x18E5, 0x18E5, 0x18E5, 0x18E5, 0x18E5, 0x18E5,
  0x18E5, 0x18E5, 0x18E5, 0x18E5, 0x18E5, 0x18E5, 0x18E5, 0x18E5, 0x18E5, 0x18E5, 0x18E5, 0x10A4, 0x0864, 0x18E5, 0x18E5, 0x18E5,
  0x18E5, 0x18E5, 0x18C5, 0x18E5, 0x1906, 0x10A4, 0x10A4, 0x10A4, 0x10A4, 0x10A4, 0x10A4, 0x10A4, 0x10A4, 0x10A4, 0x10A4, 0x10A4,
  0x10A4, 0x10A4, 0x10A4, 0x10A4, 0x10A4, 0x10A4, 0x10A4, 0x10A4, 0x10A4, 0x10A4, 0x0863, 0x4229, 0xF7BE, 0xFFFF, 0xFFFF, 0xF7BE,
  0xFFDF, 0xF7BE, 0xFFDF, 0xF79E, 0xFFFF, 0xFFFF, 0xFFDF, 0x424A, 0x0863, 0x10C4, 0x10A4, 0x10A4, 0x10A4, 0x10A4, 0x10A4, 0x10A4,
  0x10A4, 0x10A4, 0x10A4, 0x10A4, 0x10A4, 0x0863, 0x0843, 0x0843, 0x0863, 0x10A4, 0x0863, 0x0863, 0x10A4, 0x10A4, 0x10A4, 0x10A4,
  0x0863, 0x0843, 0x0863, 0x1084, 0x10A4, 0x10A4, 0x0883, 0x0863, 0x1084, 0x10A4, 0x10A4, 0x10A4, 0x10A4, 0x1084, 0x0863, 0x0863,
  0x10A4, 0x0863, 0x0863, 0x10A4, 0x10A4, 0x10A4, 0x0883, 0x0863, 0x0884, 0x10A4, 0x0863, 0x0863, 0x0863, 0x0863, 0x0863, 0x10A4,
  0x10C4, 0x10A4, 0x10A4, 0x10A4, 0x0863, 0x0863, 0x10A4, 0x0863, 0x0863, 0x1084, 0x10A4, 0x10A4, 0x10A4, 0x10A4, 0x1084, 0x0863,
  0x0863, 0x10A4, 0x0863, 0x0863, 0x10A4, 0x10A4, 0x10A4, 0x10A4, 0x0884, 0x0863, 0x08A4, 0x10A4, 0x10A4, 0x10A4, 0x1063, 0x1043,
  0x0863, 0x0863, 0x0863, 0x0863, 0x0863, 0x0863, 0x0864, 0x0864, 0x0864, 0x0864, 0x0884, 0x0084, 0x0084, 0x0084, 0x0085, 0x0085,
  0x0085, 0x08C5, 0x1105, 0x1105, 0x1105, 0x1105, 0x1105, 0x1105, 0x1105, 0x1105, 0x1125, 0x1125, 0x1125, 0x1125, 0x1126, 0x1126,
  0x1126, 0x1146, 0x1146, 0x1146, 0x1146, 0x1146, 0x1146, 0x1146, 0x1146, 0x1166, 0x1166, 0x0966, 0x1166, 0x1167, 0x0967, 0x0967,
  0x0987, 0x0987, 0x0987, 0x0987, 0x1167, 0x1167, 0x1167, 0x1166, 0x1166, 0x1166, 0x1146, 0x1146, 0x1146, 0x1146, 0x1146, 0x1146,
  0x1146, 0x1126, 0x0926, 0x1126, 0x1926, 0x1906, 0x10E5, 0x18E5, 0x1905, 0x10E5, 0x08C5, 0x08C5, 0x10C5, 0x18E5, 0x18E5, 0x18E5,
  0x18E5, 0x18E5, 0x18E5, 0x18E5, 0x18E5, 0x18E5, 0x18E5, 0x18E5, 0x18E5, 0x18E5, 0x18E5, 0x18E5, 0x18E5, 0x18E5, 0x18E5, 0x18E5,
  0x18E5, 0x18E5, 0x18E5, 0x18E5, 0x18E5, 0x18E5, 0x18E5, 0x18E5, 0x18E5, 0x18E5, 0x18E5, 0x18E5, 0x18E5, 0x18E5, 0x18E5, 0x18E5,
  0x18E5, 0x18E5, 0x18E5, 0x18E5, 0x18E5, 0x18E5, 0x18E5, 0x18E5, 0x18E5, 0x18E5, 0x18E5, 0x18E5, 0x18E5, 0x18E5, 0x18E5, 0x18E5,
  0x18E5, 0x18E5, 0x18E5, 0x18E5, 0x18E5, 0x18E5, 0x18E5, 0x18E5, 0x18E5, 0x18E5, 0x18E5, 0x18E5, 0x18E5, 0x18E5, 0x18E5, 0x18E5,
  0x18E5, 0x18E5, 0x18E5, 0x18E5, 0x18E5, 0x18E5, 0x18E5, 0x18E5, 0x18E5, 0x18E5, 0x18E5, 0x18E5, 0x18E5, 0x18E5, 0x18E5, 0x18E5,
  0x18E5, 0x18E5, 0x18E5, 0x18E5, 0x18E5, 0x18E5, 0x18E5, 0x18E5, 0x18E5, 0x18E5, 0x18E5, 0x18E5, 0x18E5, 0x18E5, 0x18E5, 0x18E5,
  0x18E5, 0x18E5, 0x18E5, 0x18E5, 0x18E5, 0x18E5, 0x18E5, 0x18E5, 0x18E5, 0x18E5, 0x18E5, 0x18E5, 0x18E5, 0x18E5, 0x18E5, 0x18E5,
  0x18C5, 0x18C5, 0x18E5, 0x1906, 0x10C4, 0x10A4, 0x10A4, 0x10A4, 0x10A4, 0x10A4, 0x10A4, 0x10A4, 0x10A4, 0x10A4, 0x10A4, 0x10A4,
  0x10A4, 0x10A4, 0x10A4, 0x10A4, 0x10A4, 0x10A4, 0x10A4, 0x10A4, 0x10A4, 0x10A4, 0x10A4, 0x0042, 0x8431, 0xFFFF, 0xEF7D, 0xF7BE,
  0xF7BE, 0xF7BE, 0xF7BE, 0xF7BE, 0xEF7D, 0xFFFF, 0x8C71, 0x0043, 0x10C4, 0x10A4, 0x10A4, 0x10A4, 0x10A4, 0x10A4, 0x10A4, 0x10A4,
  0x10A4, 0x10A4, 0x10A4, 0x10A4, 0x10A4, 0x10A4, 0x10C4, 0x10C4, 0x10A4, 0x10A4, 0x10A4, 0x10A4, 0x10A4, 0x10A4, 0x10A4, 0x10A4,
  0x10A4, 0x10C4, 0x10A4, 0x10A4, 0x10A4, 0x10A4, 0x10A4, 0x10A4, 0x10A4, 0x10A4, 0x10A4, 0x10A4, 0x10A4, 0x10A4, 0x10A4, 0x10A4,
  0x10A4, 0x10A4, 0x10A4, 0x10A4, 0x10A4, 0x10A4, 0x10A4, 0x10A4, 0x10A4, 0x10A4, 0x10A4, 0x10A4, 0x10A4, 0x10A4, 0x10A4, 0x10A4,
  0x10A4, 0x10A4, 0x10A4, 0x10A4, 0x10A4, 0x10A4, 0x10A4, 0x10A4, 0x10A4, 0x10A4, 0x10A4, 0x10A4, 0x10A4, 0x10A4, 0x10A4, 0x10A4,
  0x10A4, 0x10A4, 0x10A4, 0x10A4, 0x10A4, 0x10A4, 0x10A4, 0x10A4, 0x10A4, 0x10C4, 0x10C4, 0x10A4, 0x10A4, 0x10C4, 0x10C4, 0x10C4,
  0x10E4, 0x10E4, 0x10E5, 0x10E5, 0x10E5, 0x10E5, 0x10E5, 0x10E5, 0x10E5, 0x10E5, 0x10E5, 0x10E5, 0x10E5, 0x1105, 0x1105, 0x10E5,
  0x1105, 0x1105, 0x1105, 0x1105, 0x1105, 0x1105, 0x1105, 0x1105, 0x1105, 0x1105, 0x1125, 0x1125, 0x1125, 0x1125, 0x1126, 0x1126,
  0x1126, 0x1146, 0x1146, 0x1146, 0x1146, 0x1146, 0x1146, 0x1146, 0x1146, 0x1166, 0x1166, 0x0966, 0x1166, 0x1167, 0x0967, 0x0967,
  0x0987, 0x0987, 0x0987, 0x0987, 0x1167, 0x1167, 0x1166, 0x1166, 0x1166, 0x1166, 0x1166, 0x1146, 0x1146, 0x1146, 0x1146, 0x1146,
  0x1146, 0x1126, 0x1126, 0x1126, 0x1126, 0x1926, 0x1926, 0x1906, 0x1905, 0x1905, 0x1905, 0x1905, 0x1905, 0x18E5, 0x18E5, 0x18E5,
  0x18E5, 0x18E5, 0x18E5, 0x18E5, 0x18E5, 0x18E5, 0x18E5, 0x18E5, 0x18E5, 0x18E5, 0x18E5, 0x18E5, 0x18E5, 0x18E5, 0x18E5, 0x18E5,
  0x18E5, 0x18E5, 0x18E5, 0x18E5, 0x18E5, 0x18E5, 0x18E5, 0x18E5, 0x18E5, 0x18E5, 0x18E5, 0x18E5, 0x18E5, 0x18E5, 0x18E5, 0x18E5,
  0x18E5, 0x18E5, 0x18E5, 0x18E5, 0x18E5, 0x18E5, 0x18E5, 0x18E5, 0x18E5, 0x18E5, 0x18E5, 0x18E5, 0x18E5, 0x18E5, 0x18E5, 0x18E5,
  0x18E5, 0x18E5, 0x18E5, 0x18E5, 0x18E5, 0x18E5, 0x18E5, 0x18E5, 0x18E5, 0x18E5, 0x18E5, 0x18E5, 0x18E5, 0x18E5, 0x18E5, 0x18E5,
  0x18E5, 0x18E5, 0x18E5, 0x18E5, 0x18E5, 0x18E5, 0x18E5, 0x18E5, 0x18E5, 0x18E5, 0x18E5, 0x18E5, 0x18E5, 0x18E5, 0x18E5, 0x18E5,
  0x18E5, 0x18E5, 0x18E5, 0x18E5, 0x18E5, 0x18E5, 0x18E5, 0x18E5, 0x18E5, 0x18E5, 0x18E5, 0x18E5, 0x18E5, 0x18E5, 0x18E5, 0x18E5,
  0x18E5, 0x18E5, 0x18E5, 0x18E5, 0x18E5, 0x18E5, 0x18E5, 0x18E5, 0x18E5, 0x18E5, 0x18E5, 0x18E5, 0x18E5, 0x18E5, 0x18E5, 0x18E5,
  0x18E5, 0x1906, 0x18E5, 0x10A4, 0x10A4, 0x10A4, 0x10A4, 0x10A4, 0x10A4, 0x10A4, 0x10A4, 0x10A4, 0x10A4, 0x10A4, 0x10A4, 0x10A4,
  0x10A4, 0x10A4, 0x10A4, 0x10A4, 0x10A4, 0x10A4, 0x10A4, 0x10A4, 0x10A4, 0x10A4, 0x10A4, 0x10A4, 0x0863, 0x9CD3, 0xFFFF, 0xF7BE,
  0xF79E, 0xF79E, 0xF79E, 0xF7BE, 0xFFFF, 0xA514, 0x0883, 0x10A4, 0x10A4, 0x10A4, 0x10A4, 0x10A4, 0x10A4, 0x10A4, 0x10A4, 0x10A4,
  0x10A4, 0x10A4, 0x10A4, 0x10A4, 0x10A4, 0x10A4, 0x10A4, 0x10A4, 0x10A4, 0x10A4, 0x10A4, 0x10A4, 0x10A4, 0x10A4, 0x10A4, 0x10A4,
  0x10A4, 0x10A4, 0x10A4, 0x10A4, 0x10A4, 0x10A4, 0x10A4, 0x10A4, 0x10A4, 0x10A4, 0x10A4, 0x10A4, 0x10A4, 0x10A4, 0x10A4, 0x10A4,
  0x10A4, 0x10A4, 0x10A4, 0x10A4, 0x10A4, 0x10A4, 0x10A4, 0x10A4, 0x10A4, 0x10A4, 0x10A4, 0x10A4, 0x10A4, 0x10A4, 0x10A4, 0x10A4,
  0x10A4, 0x10A4, 0x10A4, 0x10A4, 0x10A4, 0x10A4, 0x10A4, 0x10A4, 0x10A4, 0x10A4, 0x10A4, 0x10A4, 0x10A4, 0x10A4, 0x10A4, 0x10A4,
  0x10A4, 0x10A4, 0x10A4, 0x10A4, 0x10A4, 0x10A4, 0x10A4, 0x10A4, 0x10A4, 0x10A4, 0x10A4, 0x10A4, 0x10A4, 0x10C4, 0x10C4, 0x10C4,
  0x10C4, 0x10C4, 0x10C4, 0x10C4, 0x10C4, 0x10C4, 0x10C4, 0x10C4, 0x10C4, 0x10C4, 0x10E5, 0x10C4, 0x10E5, 0x10E5, 0x10E5, 0x10E5,
  0x10E5, 0x10E5, 0x1105, 0x1105, 0x1105, 0x1105, 0x1105, 0x1105, 0x1105, 0x1105, 0x1125, 0x1125, 0x1125, 0x1125, 0x1126, 0x1126,
  0x1126, 0x1146, 0x1146, 0x1146, 0x1146, 0x1146, 0x1146, 0x1146, 0x1166, 0x1166, 0x1166, 0x0966, 0x1167, 0x1187, 0x0987, 0x0987,
  0x0987, 0x0987, 0x0987, 0x0987, 0x0967, 0x1187, 0x1166, 0x1166, 0x1166, 0x1166, 0x1146, 0x1146, 0x1146, 0x1146, 0x1146, 0x1146,
  0x1146, 0x1126, 0x1126, 0x1126, 0x1126, 0x0926, 0x1126, 0x1126, 0x1926, 0x1926, 0x1926, 0x1926, 0x1926, 0x1926, 0x1926, 0x1926,
  0x1926, 0x1926, 0x1926, 0x1906, 0x1906, 0x1906, 0x1906, 0x1906, 0x1906, 0x1906, 0x1906, 0x1906, 0x1906, 0x1906, 0x1906, 0x1906,
  0x1906, 0x1906, 0x1905, 0x1905, 0x1905, 0x1905, 0x1905, 0x1905, 0x1905, 0x1905, 0x1905, 0x1905, 0x1905, 0x1905, 0x1905, 0x1905,
  0x1905, 0x1905, 0x1905, 0x1905, 0x1905, 0x1905, 0x1905, 0x1905, 0x1905, 0x1905, 0x1905, 0x1905, 0x1905, 0x1905, 0x1905, 0x1905,
  0x1905, 0x1905, 0x1905, 0x1905, 0x1905, 0x1905, 0x1905, 0x1905, 0x1905, 0x1905, 0x1905, 0x1905, 0x1905, 0x1905, 0x1905, 0x1905,
  0x1905, 0x1905, 0x1905, 0x1905, 0x1905, 0x1905, 0x1905, 0x1905, 0x1905, 0x1905, 0x1905, 0x1905, 0x1905, 0x1905, 0x1905, 0x1905,
  0x1905, 0x1905, 0x1905, 0x1905, 0x1905, 0x1905, 0x1905, 0x1905, 0x1905, 0x1905, 0x1905, 0x1905, 0x1905, 0x1905, 0x1905, 0x1905,
  0x1905, 0x1905, 0x1905, 0x1905, 0x1905, 0x1905, 0x1905, 0x1905, 0x1905, 0x1905, 0x1905, 0x1905, 0x1905, 0x1905, 0x1905, 0x18E5,
  0x18E5, 0x10A4, 0x10A4, 0x10A4, 0x10A4, 0x10A4, 0x10A4, 0x10A4, 0x10A4, 0x10A4, 0x10A4, 0x10A4, 0x10A4, 0x10A4, 0x10A4, 0x10A4,
  0x10A4, 0x10A4, 0x10A4, 0x10A4, 0x10A4, 0x10A4, 0x10A4, 0x10A4, 0x10A4, 0x10A4, 0x10A4, 0x10A4, 0x10A4, 0x0863, 0x8431, 0xEF7D,
  0xFFFF, 0xFFFF, 0xFFFF, 0xF79E, 0x8C51, 0x1083, 0x10A4, 0x10A4, 0x10A4, 0x10A4, 0x10A4, 0x10A4, 0x10A4, 0x10A4, 0x10A4, 0x10A4,
  0x10A4, 0x10A4, 0x10A4, 0x10A4, 0x10A4, 0x10A4, 0x10A4, 0x10A4, 0x10A4, 0x10A4, 0x10A4, 0x10A4, 0x10A4, 0x10A4, 0x10A4, 0x10A4,
  0x10A4, 0x10A4, 0x10A4, 0x10A4, 0x10A4, 0x10A4, 0x10A4, 0x10A4, 0x10A4, 0x10A4, 0x10A4, 0x10A4, 0x10A4, 0x10A4, 0x10A4, 0x10A4,
  0x10A4, 0x10A4, 0x10A4, 0x10A4, 0x10A4, 0x10A4, 0x10A4, 0x10A4, 0x10A4, 0x10A4, 0x10A4, 0x10A4, 0x10A4, 0x10A4, 0x10A4, 0x10A4,
  0x10A4, 0x10A4, 0x10A4, 0x10A4, 0x10A4, 0x10A4, 0x10A4, 0x10A4, 0x10A4, 0x10A4, 0x10A4, 0x10A4, 0x10A4, 0x10A4, 0x10A4, 0x10A4,
  0x10A4, 0x10A4, 0x10A4, 0x10A4, 0x10A4, 0x10A4, 0x10A4, 0x10A4, 0x10A4, 0x10A4, 0x10A4, 0x10A4, 0x10A4, 0x10C4, 0x10C4, 0x10C4,
  0x10C4, 0x10C4, 0x10C4, 0x10C4, 0x10C4, 0x10C4, 0x10C4, 0x10C4, 0x10C4, 0x10C4, 0x10E5, 0x10C4, 0x10E5, 0x10E5, 0x10E5, 0x10E5,
  0x10E5, 0x10E5, 0x1105, 0x1105, 0x1105, 0x1105, 0x1105, 0x1105, 0x1105, 0x1105, 0x1125, 0x1125, 0x1125, 0x1125, 0x1126, 0x1126,
  0x1126, 0x1146, 0x1146, 0x1146, 0x1146, 0x1146, 0x1146, 0x1146, 0x1166, 0x1166, 0x1166, 0x0966, 0x1167, 0x1187, 0x0987, 0x0987,
  0x0987, 0x0987, 0x0987, 0x0987, 0x1167, 0x1167, 0x1166, 0x1166, 0x1166, 0x1166, 0x1166, 0x1146, 0x1146, 0x1146, 0x1146, 0x1146,
  0x1146, 0x1126, 0x1126, 0x1126, 0x1126, 0x1126, 0x0925, 0x0925, 0x0905, 0x0905, 0x0905, 0x0905, 0x0905, 0x0905, 0x08E5, 0x10E5,
  0x08E5, 0x08E5, 0x08E5, 0x10E5, 0x10E5, 0x10E5, 0x10E4, 0x10C4, 0x10C5, 0x10C4, 0x10C4, 0x10C4, 0x10C4, 0x10C4, 0x10C4, 0x10C4,
  0x10C4, 0x10C4, 0x10C4, 0x10C4, 0x10A4, 0x10A4, 0x10A4, 0x10A4, 0x10A4, 0x10A4, 0x10A4, 0x10A4, 0x10A4, 0x10A4, 0x10A4, 0x10A4,
  0x10A4, 0x10A4, 0x10A4, 0x10A4, 0x10A4, 0x10A4, 0x10A4, 0x10A4, 0x10A4, 0x10A4, 0x10A4, 0x10A4, 0x10A4, 0x10A4, 0x10A4, 0x10A4,
  0x10A4, 0x10A4, 0x10A4, 0x10A4, 0x10A4, 0x10A4, 0x10A4, 0x10A4, 0x10A4, 0x10A4, 0x10A4, 0x10A4, 0x10A4, 0x10A4, 0x10A4, 0x10A4,
  0x10A4, 0x10A4, 0x10A4, 0x10A4, 0x10A4, 0x10A4, 0x10A4, 0x10A4, 0x10A4, 0x10A4, 0x10A4, 0x10A4, 0x10A4, 0x10A4, 0x10A4, 0x10A4,
  0x10A4, 0x10A4, 0x10A4, 0x10A4, 0x10A4, 0x10A4, 0x10A4, 0x10A4, 0x10A4, 0x10A4, 0x10A4, 0x10A4, 0x10A4, 0x10A4, 0x10A4, 0x10A4,
  0x10A4, 0x10A4, 0x10A4, 0x10A4, 0x10A4, 0x10A4, 0x10A4, 0x10A4, 0x10A4, 0x10A4, 0x10A4, 0x10A4, 0x10A4, 0x10A4, 0x10A4, 0x10A4,
  0x10A4, 0x10A4, 0x10A4, 0x10A4, 0x10A4, 0x10A4, 0x10A4, 0x10A4, 0x10A4, 0x10A4, 0x10A4, 0x10A4, 0x10A4, 0x10A4, 0x10A4, 0x10A4,
  0x10A4, 0x10A4, 0x10A4, 0x10A4, 0x10A4, 0x10A4, 0x10A4, 0x10A4, 0x10A4, 0x10A4, 0x10A4, 0x10A4, 0x10A4, 0x10A4, 0x0043, 0x31C8,
  0x8C72, 0xB596, 0x8C92, 0x39E8, 0x0042, 0x10A4, 0x10A4, 0x10A4, 0x10A4, 0x10A4, 0x10A4, 0x10A4, 0x10A4, 0x10A4, 0x10A4, 0x10A4,
  0x10A4, 0x10A4, 0x10A4, 0x10A4, 0x10A4, 0x10A4, 0x10A4, 0x10A4, 0x10A4, 0x10A4, 0x10A4, 0x10A4, 0x10A4, 0x10A4, 0x10A4, 0x10A4,
  0x10A4, 0x10A4, 0x10A4, 0x10A4, 0x10A4, 0x10A4, 0x10A4, 0x10A4, 0x10A4, 0x10A4, 0x10A4, 0x10A4, 0x10A4, 0x10A4, 0x10A4, 0x10A4,
  0x10A4, 0x10A4, 0x10A4, 0x10A4, 0x10A4, 0x10A4, 0x10A4, 0x10A4, 0x10A4, 0x10A4, 0x10A4, 0x10A4, 0x10A4, 0x10A4, 0x10A4, 0x10A4,
  0x10A4, 0x10A4, 0x10A4, 0x10A4, 0x10A4, 0x10A4, 0x10A4, 0x10A4, 0x10A4, 0x10A4, 0x10A4, 0x10A4, 0x10A4, 0x10A4, 0x10A4, 0x10A4,
  0x10A4, 0x10A4, 0x10A4, 0x10A4, 0x10A4, 0x10A4, 0x10A4, 0x10A4, 0x10A4, 0x10A4, 0x10A4, 0x10A4, 0x10A4, 0x10C4, 0x10C4, 0x10C4,
  0x10C4, 0x10C4, 0x10C4, 0x10C4, 0x10C4, 0x10C4, 0x10C4, 0x10C4, 0x10C4, 0x10C4, 0x10E5, 0x10C4, 0x10E5, 0x10E5, 0x10E5, 0x10E5,
  0x10E5, 0x10E5, 0x1105, 0x1105, 0x1105, 0x1105, 0x1105, 0x1105, 0x1105, 0x1105, 0x1125, 0x1125, 0x1125, 0x1125, 0x1126, 0x1126,
  0x1126, 0x1146, 0x1146, 0x1146, 0x1146, 0x1146, 0x1146, 0x1146, 0x1166, 0x1166, 0x1166, 0x0966, 0x1167, 0x1187, 0x0987, 0x0987,
  0x0987, 0x0987, 0x0987, 0x0987, 0x0987, 0x1167, 0x1167, 0x1166, 0x1166, 0x1166, 0x1146, 0x1146, 0x1146, 0x1146, 0x1146, 0x1146,
  0x1146, 0x1146, 0x1126, 0x1126, 0x1126, 0x1125, 0x1125, 0x1125, 0x1105, 0x1105, 0x1105, 0x1105, 0x1105, 0x1105, 0x1105, 0x10E5,
  0x10E5, 0x10E5, 0x10E5, 0x10E5, 0x10E5, 0x10E5, 0x10E5, 0x10C5, 0x10E5, 0x10C4, 0x10C4, 0x10C4, 0x10C4, 0x10C4, 0x10C4, 0x10C4,
  0x10C4, 0x10C4, 0x10C4, 0x10C4, 0x10A4, 0x10A4, 0x10C4, 0x10A4, 0x10A4, 0x10A4, 0x10A4, 0x10A4, 0x10A4, 0x10A4, 0x10A4, 0x10A4,
  0x10A4, 0x10A4, 0x10A4, 0x10A4, 0x10A4, 0x10A4, 0x10A4, 0x10A4, 0x10A4, 0x10A4, 0x10A4, 0x10A4, 0x10A4, 0x10A4, 0x10A4, 0x10A4,
  0x10A4, 0x10A4, 0x10A4, 0x10A4, 0x10A4, 0x10A4, 0x10A4, 0x10A4, 0x10A4, 0x10A4, 0x10A4, 0x10A4, 0x10A4, 0x10A4, 0x10A4, 0x10A4,
  0x10A4, 0x10A4, 0x10A4, 0x10A4, 0x10A4, 0x10A4, 0x10A4, 0x10A4, 0x10A4, 0x10A4, 0x10A4, 0x10A4, 0x10A4, 0x10A4, 0x10A4, 0x10A4,
  0x10A4, 0x10A4, 0x10A4, 0x10A4, 0x10A4, 0x10A4, 0x10A4, 0x10A4, 0x10A4, 0x10A4, 0x10A4, 0x10A4, 0x10A4, 0x10A4, 0x10A4, 0x10A4,
  0x10A4, 0x10A4, 0x10A4, 0x10A4, 0x10A4, 0x10A4, 0x10A4, 0x10A4, 0x10A4, 0x10A4, 0x10A4, 0x10A4, 0x10A4, 0x10A4, 0x10A4, 0x10A4,
  0x10A4, 0x10A4, 0x10A4, 0x10A4, 0x10A4, 0x10A4, 0x10A4, 0x10A4, 0x10A4, 0x10A4, 0x10A4, 0x10A4, 0x10A4, 0x10A4, 0x10A4, 0x10A4,
  0x10A4, 0x10A4, 0x10A4, 0x10A4, 0x10A4, 0x10A4, 0x10A4, 0x10A4, 0x10A4, 0x10A4, 0x10A4, 0x10A4, 0x10A4, 0x10A4, 0x10A4, 0x0863,
  0x0042, 0x0022, 0x0022, 0x0863, 0x10A4, 0x10A4, 0x10A4, 0x10A4, 0x10A4, 0x10A4, 0x10A4, 0x10A4, 0x10A4, 0x10A4, 0x10A4, 0x10A4,
  0x10A4, 0x10A4, 0x10A4, 0x10A4, 0x10A4, 0x10A4, 0x10A4, 0x10A4, 0x10A4, 0x10A4, 0x10A4, 0x10A4, 0x10A4, 0x10A4, 0x10A4, 0x10A4,
  0x10A4, 0x10A4, 0x10A4, 0x10A4, 0x10A4, 0x10A4, 0x10A4, 0x10A4, 0x10A4, 0x10A4, 0x10A4, 0x10A4, 0x10A4, 0x10A4, 0x10A4, 0x10A4,
  0x10A4, 0x10A4, 0x10A4, 0x10A4, 0x10A4, 0x10A4, 0x10A4, 0x10A4, 0x10A4, 0x10A4, 0x10A4, 0x10A4, 0x10A4, 0x10A4, 0x10A4, 0x10A4,
  0x10A4, 0x10A4, 0x10A4, 0x10A4, 0x10A4, 0x10A4, 0x10A4, 0x10A4, 0x10A4, 0x10A4, 0x10A4, 0x10A4, 0x10A4, 0x10A4, 0x10A4, 0x10A4,
  0x10A4, 0x10A4, 0x10A4, 0x10A4, 0x10A4, 0x10A4, 0x10A4, 0x10A4, 0x10A4, 0x10A4, 0x10A4, 0x10A4, 0x10A4, 0x10C4, 0x10C4, 0x10C4,
  0x10C4, 0x10C4, 0x10C4, 0x10C4, 0x10C4, 0x10C4, 0x10C4, 0x10C4, 0x10C4, 0x10C4, 0x10E5, 0x10C4, 0x10E5, 0x10E5, 0x10E5, 0x10E5,
  0x10E5, 0x10E5, 0x1105, 0x1105, 0x1105, 0x1105, 0x1105, 0x1105, 0x1105, 0x1105, 0x1125, 0x1125, 0x1125, 0x1125, 0x1126, 0x1126,
  0x1126, 0x1146, 0x1146, 0x1146, 0x1146, 0x1146, 0x1146, 0x1146, 0x1166, 0x1166, 0x1166, 0x0966, 0x1167, 0x1187, 0x0987, 0x0987,
  0x0987, 0x0987, 0x0987, 0x0987, 0x0987, 0x1187, 0x1167, 0x1166, 0x1166, 0x1166, 0x1166, 0x1146, 0x1146, 0x1146, 0x1146, 0x1146,
  0x1146, 0x1146, 0x1126, 0x1126, 0x1125, 0x1126, 0x1125, 0x1125, 0x1105, 0x1105, 0x1105, 0x1105, 0x1105, 0x1105, 0x1105, 0x1105,
  0x10E5, 0x10E5, 0x10E5, 0x10E5, 0x10E5, 0x10E5, 0x10E5, 0x10E5, 0x10E5, 0x10C4, 0x10C4, 0x10C4, 0x10C4, 0x10C4, 0x10C4, 0x10C4,
  0x10C4, 0x10C4, 0x10C4, 0x10C4, 0x10C4, 0x10C4, 0x10C4, 0x10A4, 0x10A4, 0x10A4, 0x10A4, 0x10A4, 0x10A4, 0x10A4, 0x10A4, 0x10A4,
  0x10A4, 0x10A4, 0x10A4, 0x10A4, 0x10A4, 0x10A4, 0x10A4, 0x10A4, 0x10A4, 0x10A4, 0x10A4, 0x10A4, 0x10A4, 0x10A4, 0x10A4, 0x10A4,
  0x10A4, 0x10A4, 0x10A4, 0x10A4, 0x10A4, 0x10A4, 0x10A4, 0x10A4, 0x10A4, 0x10A4, 0x10A4, 0x10A4, 0x10A4, 0x10A4, 0x10A4, 0x10A4,
  0x10A4, 0x10A4, 0x10A4, 0x10A4, 0x10A4, 0x10A4, 0x10A4, 0x10A4, 0x10A4, 0x10A4, 0x10A4, 0x10A4, 0x10A4, 0x10A4, 0x10A4, 0x10A4,
  0x10A4, 0x10A4, 0x10A4, 0x10A4, 0x10A4, 0x10A4, 0x10A4, 0x10A4, 0x10A4, 0x10A4, 0x10A4, 0x10A4, 0x10A4, 0x10A4, 0x10A4, 0x10A4,
  0x10A4, 0x10A4, 0x10A4, 0x10A4, 0x10A4, 0x10A4, 0x10A4, 0x10A4, 0x10A4, 0x10A4, 0x10A4, 0x10A4, 0x10A4, 0x10A4, 0x10A4, 0x10A4,
  0x10A4, 0x10A4, 0x10A4, 0x10A4, 0x10A4, 0x10A4, 0x10A4, 0x10A4, 0x10A4, 0x10A4, 0x10A4, 0x10A4, 0x10A4, 0x10A4, 0x10A4, 0x10A4,
  0x10A4, 0x10A4, 0x10A4, 0x10A4, 0x10A4, 0x10A4, 0x10A4, 0x10A4, 0x10A4, 0x10A4, 0x10A4, 0x10A4, 0x10A4, 0x10A4, 0x10A4, 0x10A4,
  0x10C4, 0x10C4, 0x10C4, 0x10A4, 0x10A4, 0x10A4, 0x10A4, 0x10A4, 0x10A4, 0x10A4, 0x10A4, 0x10A4, 0x10A4, 0x10A4, 0x10A4, 0x10A4,
  0x10A4, 0x10A4, 0x10A4, 0x10A4, 0x10A4, 0x10A4, 0x10A4, 0x10A4, 0x10A4, 0x10A4, 0x10A4, 0x10A4, 0x10A4, 0x10A4, 0x10A4, 0x10A4,
  0x10A4, 0x10A4, 0x10A4, 0x10A4, 0x10A4, 0x10A4, 0x10A4, 0x10A4, 0x10A4, 0x10A4, 0x10A4, 0x10A4, 0x10A4, 0x10A4, 0x10A4, 0x10A4,
  0x10A4, 0x10A4, 0x10A4, 0x10A4, 0x10A4, 0x10A4, 0x10A4, 0x10A4, 0x10A4, 0x10A4, 0x10A4, 0x10A4, 0x10A4, 0x10A4, 0x10A4, 0x10A4,
  0x10A4, 0x10A4, 0x10A4, 0x10A4, 0x10A4, 0x10A4, 0x10A4, 0x10A4, 0x10A4, 0x10A4, 0x10A4, 0x10A4, 0x10A4, 0x10A4, 0x10A4, 0x10A4,
  0x10A4, 0x10A4, 0x10A4, 0x10A4, 0x10A4, 0x10A4, 0x10A4, 0x10A4, 0x10A4, 0x10A4, 0x10A4, 0x10A4, 0x10A4, 0x10C4, 0x10C4, 0x10C4,
  0x10C4, 0x10C4, 0x10C4, 0x10C4, 0x10C4, 0x10C4, 0x10C4, 0x10C4, 0x10C4, 0x10C4, 0x10E5, 0x10C4, 0x10E5, 0x10E5, 0x10E5, 0x10E5,
  0x10E5, 0x10E5, 0x1105, 0x1105, 0x1105, 0x1105, 0x1105, 0x1105, 0x1105, 0x1105, 0x1125, 0x1125, 0x1125, 0x1125, 0x1126, 0x1126,
  0x1126, 0x1146, 0x1146, 0x1146, 0x1146, 0x1146, 0x1146, 0x1146, 0x1166, 0x1166, 0x1166, 0x0966, 0x1167, 0x1187, 0x0987, 0x0987,
  0x0987, 0x0987, 0x0987, 0x0987, 0x0987, 0x1187, 0x1167, 0x1166, 0x1166, 0x1166, 0x1146, 0x1146, 0x1146, 0x1146, 0x1146, 0x1146,
  0x1146, 0x1126, 0x1126, 0x1126, 0x1126, 0x1126, 0x1125, 0x1125, 0x1105, 0x1105, 0x1105, 0x1105, 0x1105, 0x1105, 0x1105, 0x10E5,
  0x10E5, 0x10E5, 0x10E5, 0x10E5, 0x10E5, 0x10E5, 0x10E5, 0x10E5, 0x10E5, 0x10C4, 0x10C4, 0x10C4, 0x10C4, 0x10C4, 0x10C4, 0x10C4,
  0x10C4, 0x10C4, 0x10C4, 0x10C4, 0x10C4, 0x10C4, 0x10A4, 0x10A4, 0x10A4, 0x10A4, 0x10A4, 0x10A4, 0x10A4, 0x10A4, 0x10A4, 0x10A4,
  0x10A4, 0x10A4, 0x10A4, 0x10A4, 0x10A4, 0x10A4, 0x10A4, 0x10A4, 0x10A4, 0x10A4, 0x10A4, 0x10A4, 0x10A4, 0x10A4, 0x10A4, 0x10A4,
  0x10A4, 0x10A4, 0x10A4, 0x10A4, 0x10A4, 0x10A4, 0x10A4, 0x10A4, 0x10A4, 0x10A4, 0x10A4, 0x10A4, 0x10A4, 0x10A4, 0x10A4, 0x10A4,
  0x10A4, 0x10A4, 0x10A4, 0x10A4, 0x10A4, 0x10A4, 0x10A4, 0x10A4, 0x10A4, 0x10A4, 0x10A4, 0x10A4, 0x10A4, 0x10A4, 0x10A4, 0x10A4,
  0x10A4, 0x10A4, 0x10A4, 0x10A4, 0x10A4, 0x10A4, 0x10A4, 0x10A4, 0x10A4, 0x10A4, 0x10A4, 0x10A4, 0x10A4, 0x10A4, 0x10A4, 0x10A4,
  0x10A4, 0x10A4, 0x10A4, 0x10A4, 0x10A4, 0x10A4, 0x10A4, 0x10A4, 0x10A4, 0x10A4, 0x10A4, 0x10A4, 0x10A4, 0x10A4, 0x10A4, 0x10A4,
  0x10A4, 0x10A4, 0x10A4, 0x10A4, 0x10A4, 0x10A4, 0x10A4, 0x10A4, 0x10A4, 0x10A4, 0x10A4, 0x10A4, 0x10A4, 0x10A4, 0x10A4, 0x10A4,
  0x10A4, 0x10A4, 0x10A4, 0x10A4, 0x10A4, 0x10A4, 0x10A4, 0x10A4, 0x10A4, 0x10A4, 0x10A4, 0x10A4, 0x10A4, 0x10A4, 0x10A4, 0x10A4,
  0x10A4, 0x10A4, 0x10A4, 0x10A4, 0x10A4, 0x10A4, 0x10A4, 0x10A4, 0x10A4, 0x10A4, 0x10A4, 0x10A4, 0x10A4, 0x10A4, 0x10A4, 0x10A4,
  0x10A4, 0x10A4, 0x10A4, 0x10A4, 0x10A4, 0x10A4, 0x10A4, 0x10A4, 0x10A4, 0x10A4, 0x10A4, 0x10A4, 0x10A4, 0x10A4, 0x10A4, 0x10A4,
  0x10A4, 0x10A4, 0x10A4, 0x10A4, 0x10A4, 0x10A4, 0x10A4, 0x10A4, 0x10A4, 0x10A4, 0x10A4, 0x10A4, 0x10A4, 0x10A4, 0x10A4, 0x10A4,
  0x10A4, 0x10A4, 0x10A4, 0x10A4, 0x10A4, 0x10A4, 0x10A4, 0x10A4, 0x10A4, 0x10A4, 0x10A4, 0x10A4, 0x10A4, 0x10A4, 0x10A4, 0x10A4,
  0x10A4, 0x10A4, 0x10A4, 0x10A4, 0x10A4, 0x10A4, 0x10A4, 0x10A4, 0x10A4, 0x10A4, 0x10A4, 0x10A4, 0x10A4, 0x10A4, 0x10A4, 0x10A4,
  0x10A4, 0x10A4, 0x10A4, 0x10A4, 0x10A4, 0x10A4, 0x10A4, 0x10A4, 0x10A4, 0x10A4, 0x10A4, 0x10A4, 0x10A4, 0x10C4, 0x10C4, 0x10C4,
  0x10C4, 0x10C4, 0x10C4, 0x10C4, 0x10C4, 0x10C4, 0x10C4, 0x10C4, 0x10C4, 0x10C4, 0x10E5, 0x10C4, 0x10E5, 0x10E5, 0x10E5, 0x10E5,
  0x10E5, 0x10E5, 0x1105, 0x1105, 0x1105, 0x1105, 0x1105, 0x1105, 0x1105, 0x1105, 0x1125, 0x1125, 0x1125, 0x1125, 0x1126, 0x1126,
  0x1126, 0x1146, 0x1146, 0x1146, 0x1146, 0x1146, 0x1146, 0x1146, 0x1166, 0x1166, 0x1166, 0x0966, 0x1167, 0x1187, 0x0987, 0x0987,
  0x0987, 0x0987, 0x0987, 0x0987, 0x0987, 0x1167, 0x1166, 0x1166, 0x1166, 0x1166, 0x1146, 0x1146, 0x1146, 0x1146, 0x1146, 0x1146,
  0x1146, 0x1126, 0x1126, 0x1126, 0x1126, 0x1126, 0x1125, 0x1125, 0x1125, 0x1105, 0x1105, 0x1105, 0x1105, 0x1105, 0x1105, 0x10E5,
  0x10E5, 0x10E5, 0x10E5, 0x10E5, 0x10E5, 0x10E5, 0x10E5, 0x10E5, 0x10E5, 0x10C4, 0x10C4, 0x10C4, 0x10C4, 0x10C4, 0x10C4, 0x10C4,
  0x10C4, 0x10C4, 0x10C4, 0x10C4, 0x10C4, 0x10C4, 0x10A4, 0x10A4, 0x10A4, 0x10A4, 0x10A4, 0x10A4, 0x10A4, 0x10A4, 0x10A4, 0x10A4,
  0x10A4, 0x10A4, 0x10A4, 0x10A4, 0x10A4, 0x10A4, 0x10A4, 0x10A4, 0x10A4, 0x10A4, 0x10A4, 0x10A4, 0x10A4, 0x10A4, 0x10A4, 0x10A4,
  0x10A4, 0x10A4, 0x10A4, 0x10A4, 0x10A4, 0x10A4, 0x10A4, 0x10A4, 0x10A4, 0x10A4, 0x10A4, 0x10A4, 0x10A4, 0x10A4, 0x10A4, 0x10A4,
  0x10A4, 0x10A4, 0x10A4, 0x10A4, 0x10A4, 0x10A4, 0x10A4, 0x10A4, 0x10A4, 0x10A4, 0x10A4, 0x10A4, 0x10A4, 0x10A4, 0x10A4, 0x10A4,
  0x10A4, 0x10A4, 0x10A4, 0x10A4, 0x10A4, 0x10A4, 0x10A4, 0x10A4, 0x10A4, 0x10A4, 0x10A4, 0x10A4, 0x10A4, 0x10A4, 0x10A4, 0x10A4,
  0x10A4, 0x10A4, 0x10A4, 0x10A4, 0x10A4, 0x10A4, 0x10A4, 0x10A4, 0x10A4, 0x10A4, 0x10A4, 0x10A4, 0x10A4, 0x10A4, 0x10A4, 0x10A4,
  0x10A4, 0x10A4, 0x10A4, 0x10A4, 0x10A4, 0x10A4, 0x10A4, 0x10A4, 0x10A4, 0x10A4, 0x10A4, 0x10A4, 0x10A4, 0x10A4, 0x10A4, 0x10A4,
  0x10A4, 0x10A4, 0x10A4, 0x10A4, 0x10A4, 0x10A4, 0x10A4, 0x10A4, 0x10A4, 0x10A4, 0x10A4, 0x10A4, 0x10A4, 0x10A4, 0x10A4, 0x10A4,
  0x10A4, 0x10A4, 0x10A4, 0x10A4, 0x10A4, 0x10A4, 0x10A4, 0x10A4, 0x10A4, 0x10A4, 0x10A4, 0x10A4, 0x10A4, 0x10A4, 0x10A4, 0x10A4,
  0x10A4, 0x10A4, 0x10A4, 0x10A4, 0x10A4, 0x10A4, 0x10A4, 0x10A4, 0x10A4, 0x10A4, 0x10A4, 0x10A4, 0x10A4, 0x10A4, 0x10A4, 0x10A4,
  0x10A4, 0x10A4, 0x10A4, 0x10A4, 0x10A4, 0x10A4, 0x10A4, 0x10A4, 0x10A4, 0x10A4, 0x10A4, 0x10A4, 0x10A4, 0x10A4, 0x10A4, 0x10A4,
  0x10A4, 0x10A4, 0x10A4, 0x10A4, 0x10A4, 0x10A4, 0x10A4, 0x10A4, 0x10A4, 0x10A4, 0x10A4, 0x10A4, 0x10A4, 0x10A4, 0x10A4, 0x10A4,
  0x10A4, 0x10A4, 0x10A4, 0x10A4, 0x10A4, 0x10A4, 0x10A4, 0x10A4, 0x10A4, 0x10A4, 0x10A4, 0x10A4, 0x10A4, 0x10A4, 0x10A4, 0x10A4,
  0x10A4, 0x10A4, 0x10A4, 0x10A4, 0x10A4, 0x10A4, 0x10A4, 0x10A4, 0x10A4, 0x10A4, 0x10C4, 0x10A4, 0x10C4, 0x10C4, 0x10C4, 0x10C4,
  0x10C4, 0x10C4, 0x10C4, 0x10C4, 0x10C4, 0x10C5, 0x10C4, 0x10E5, 0x10E5, 0x10E5, 0x10E5, 0x10E5, 0x10E5, 0x10E5, 0x10E5, 0x10E5,
  0x10E5, 0x1105, 0x1105, 0x1105, 0x1105, 0x1105, 0x1105, 0x1105, 0x1125, 0x1125, 0x1125, 0x1126, 0x1126, 0x1126, 0x1126, 0x1146,
  0x1146, 0x1146, 0x1146, 0x1146, 0x1146, 0x1146, 0x1166, 0x1166, 0x1166, 0x1167, 0x1167, 0x0967, 0x0987, 0x0987, 0x0987, 0x0987,
  0x0987, 0x0987, 0x0987, 0x0987, 0x0987, 0x1167, 0x1167, 0x1167, 0x1166, 0x1166, 0x1166, 0x1146, 0x1146, 0x1146, 0x1146, 0x1146,
  0x1146, 0x1126, 0x1126, 0x1126, 0x1126, 0x1125, 0x1125, 0x1105, 0x1105, 0x1105, 0x1105, 0x1105, 0x1105, 0x1105, 0x1105, 0x10E5,
  0x10E5, 0x10E5, 0x10E5, 0x10E5, 0x10E5, 0x10E5, 0x10E5, 0x10C4, 0x10E5, 0x10C4, 0x10C4, 0x10C5, 0x10C4, 0x10C4, 0x10C4, 0x10C4,
  0x10C4, 0x10C4, 0x10C4, 0x10C4, 0x10A4, 0x10C4, 0x10A4, 0x10A4, 0x10A4, 0x10A4, 0x10A4, 0x10A4, 0x10A4, 0x10A4, 0x10A4, 0x10A4,
  0x10A4, 0x10A4, 0x10A4, 0x10A4, 0x10A4, 0x10A4, 0x10A4, 0x10A4, 0x10A4, 0x10A4, 0x10A4, 0x10A4, 0x10A4, 0x10A4, 0x10A4, 0x10A4,
  0x10A4, 0x10A4, 0x10A4, 0x10A4, 0x10A4, 0x10A4, 0x10A4, 0x10A4, 0x10A4, 0x10A4, 0x10A4, 0x10A4, 0x10A4, 0x10A4, 0x10A4, 0x10A4,
  0x10A4, 0x10A4, 0x10A4, 0x10A4, 0x10A4, 0x10A4, 0x10A4, 0x10A4, 0x10A4, 0x10A4, 0x10A4, 0x10A4, 0x10A4, 0x10A4, 0x10A4, 0x10A4,
  0x10A4, 0x10A4, 0x10A4, 0x10A4, 0x10A4, 0x10A4, 0x10A4, 0x10A4, 0x10A4, 0x10A4, 0x10A4, 0x10A4, 0x10A4, 0x10A4, 0x10A4, 0x10A4,
  0x10A4, 0x10A4, 0x10A4, 0x10A4, 0x10A4, 0x10A4, 0x10A4, 0x10A4, 0x10A4, 0x10A4, 0x10A4, 0x10A4, 0x10A4, 0x10A4, 0x10A4, 0x10A4,
  0x10A4, 0x10A4, 0x10A4, 0x10A4, 0x10A4, 0x10A4, 0x10A4, 0x10A4, 0x10A4, 0x10A4, 0x10A4, 0x10A4, 0x10A4, 0x10A4, 0x10A4, 0x10A4,
  0x10A4, 0x10A4, 0x10A4, 0x10A4, 0x10A4, 0x10A4, 0x10A4, 0x10A4, 0x10A4, 0x10A4, 0x10A4, 0x10A4, 0x10A4, 0x10A4, 0x10A4, 0x10A4,
  0x10A4, 0x10A4, 0x10A4, 0x10A4, 0x10A4, 0x10A4, 0x10A4, 0x10A4, 0x10A4, 0x10A4, 0x10A4, 0x10A4, 0x10A4, 0x10A4, 0x10A4, 0x10A4,
  0x10A4, 0x10A4, 0x10A4, 0x10A4, 0x10A4, 0x10A4, 0x10A4, 0x10A4, 0x10A4, 0x10A4, 0x10A4, 0x10A4, 0x10A4, 0x10A4, 0x10A4, 0x10A4,
  0x10A4, 0x10A4, 0x10A4, 0x10A4, 0x10A4, 0x10A4, 0x10A4, 0x10A4, 0x10A4, 0x10A4, 0x10A4, 0x10A4, 0x10A4, 0x10A4, 0x10A4, 0x10A4,
  0x10A4, 0x10A4, 0x10A4, 0x10A4, 0x10A4, 0x10A4, 0x10A4, 0x10A4, 0x10A4, 0x10A4, 0x10A4, 0x10A4, 0x10A4, 0x10A4, 0x10A4, 0x10A4,
  0x10A4, 0x10A4, 0x10A4, 0x10A4, 0x10A4, 0x10A4, 0x10A4, 0x10A4, 0x10A4, 0x10A4, 0x10A4, 0x10A4, 0x10A4, 0x10A4, 0x10A4, 0x10A4,
  0x10A4, 0x10A4, 0x10A4, 0x10A4, 0x10A4, 0x10A4, 0x10A4, 0x10A4, 0x10A4, 0x10A4, 0x10C4, 0x10A4, 0x10C4, 0x10C4, 0x10C4, 0x10C4,
  0x10C4, 0x10C4, 0x10C4, 0x10C4, 0x10C4, 0x10C4, 0x10C4, 0x10E5, 0x10E5, 0x10E5, 0x10E5, 0x10E5, 0x10E5, 0x10E5, 0x10E5, 0x10E5,
  0x10E5, 0x10E5, 0x1105, 0x1105, 0x1105, 0x1105, 0x1105, 0x1105, 0x1105, 0x1125, 0x1125, 0x1126, 0x1126, 0x1126, 0x1126, 0x1146,
  0x1146, 0x1146, 0x1146, 0x1146, 0x1146, 0x1146, 0x1166, 0x1166, 0x1166, 0x1166, 0x1167, 0x1167, 0x0987, 0x0987, 0x0987, 0x0987,
  0x0987, 0x0987, 0x0987, 0x0987, 0x0987, 0x1167, 0x1167, 0x1166, 0x1166, 0x1166, 0x1166, 0x1146, 0x1146, 0x1146, 0x1146, 0x1146,
  0x1146, 0x1126, 0x1126, 0x1126, 0x1126, 0x1126, 0x1125, 0x1125, 0x1105, 0x1105, 0x1105, 0x1105, 0x1105, 0x1105, 0x10E5, 0x10E5,
  0x10E5, 0x10E5, 0x10E5, 0x10E5, 0x10E5, 0x10E5, 0x10E5, 0x10C4, 0x10E5, 0x10C4, 0x10C4, 0x10C4, 0x10C4, 0x10C4, 0x10C4, 0x10C4,
  0x10C4, 0x10C4, 0x10C4, 0x10C4, 0x10A4, 0x10A4, 0x10A4, 0x10A4, 0x10A4, 0x10A4, 0x10A4, 0x10A4, 0x10A4, 0x10A4, 0x10A4, 0x10A4,
  0x10A4, 0x10A4, 0x10A4, 0x10A4, 0x10A4, 0x10A4, 0x10A4, 0x10A4, 0x10A4, 0x10A4, 0x10A4, 0x10A4, 0x10A4, 0x10A4, 0x10A4, 0x10A4,
  0x10A4, 0x10A4, 0x10A4, 0x10A4, 0x10A4, 0x10A4, 0x10A4, 0x10A4, 0x10A4, 0x10A4, 0x10A4, 0x10A4, 0x10A4, 0x10A4, 0x10A4, 0x10A4,
  0x10A4, 0x10A4, 0x10A4, 0x10A4, 0x10A4, 0x10A4, 0x10A4, 0x10A4, 0x10A4, 0x10A4, 0x10A4, 0x10A4, 0x10A4, 0x10A4, 0x10A4, 0x10A4,
  0x10A4, 0x10A4, 0x10A4, 0x10A4, 0x10A4, 0x10A4, 0x10A4, 0x10A4, 0x10A4, 0x10A4, 0x10A4, 0x10A4, 0x10A4, 0x10A4, 0x10A4, 0x10A4,
  0x10A4, 0x10A4, 0x10A4, 0x10A4, 0x10A4, 0x10A4, 0x10A4, 0x10A4, 0x10A4, 0x10A4, 0x10A4, 0x10A4, 0x10A4, 0x10A4, 0x10A4, 0x10A4,
  0x10A4, 0x10A4, 0x10A4, 0x10A4, 0x10A4, 0x10A4, 0x10A4, 0x10A4, 0x10A4, 0x10A4, 0x10A4, 0x10A4, 0x10A4, 0x10A4, 0x10A4, 0x10A4,
  0x10A4, 0x10A4, 0x10A4, 0x10A4, 0x10A4, 0x10A4, 0x10A4, 0x10A4, 0x10A4, 0x10A4, 0x10A4, 0x10A4, 0x10A4, 0x10A4, 0x10A4, 0x10A4,
  0x10A4, 0x10A4, 0x10A4, 0x10A4, 0x10A4, 0x10A4, 0x10A4, 0x10A4, 0x10A4, 0x10A4, 0x10A4, 0x10A4, 0x10A4, 0x10A4, 0x10A4, 0x10A4,
  0x10A4, 0x10A4, 0x10A4, 0x10A4, 0x10A4, 0x10A4, 0x10A4, 0x10A4, 0x10A4, 0x10A4, 0x10A4, 0x10A4, 0x10A4, 0x10A4, 0x10A4, 0x10A4,
  0x10A4, 0x10A4, 0x10A4, 0x10A4, 0x10A4, 0x10A4, 0x10A4, 0x10A4, 0x10A4, 0x10A4, 0x10A4, 0x10A4, 0x10A4, 0x10A4, 0x10A4, 0x10A4,
  0x10A4, 0x10A4, 0x10A4, 0x10A4, 0x10A4, 0x10A4, 0x10A4, 0x10A4, 0x10A4, 0x10A4, 0x10A4, 0x10A4, 0x10A4, 0x10A4, 0x10A4, 0x10A4,
  0x10A4, 0x10A4, 0x10A4, 0x10A4, 0x10A4, 0x10A4, 0x10A4, 0x10A4, 0x10A4, 0x10A4, 0x10A4, 0x10A4, 0x10A4, 0x10A4, 0x10A4, 0x10A4,
  0x10A4, 0x10A4, 0x10A4, 0x10A4, 0x10A4, 0x10A4, 0x10A4, 0x10A4, 0x10A4, 0x10C4, 0x10C4, 0x10A4, 0x10C4, 0x10C4, 0x10C4, 0x10C4,
  0x10C4, 0x10C4, 0x10C4, 0x10C4, 0x10C4, 0x10C4, 0x10C4, 0x10E5, 0x10E5, 0x10E5, 0x10E5, 0x10E5, 0x10E5, 0x10E5, 0x10E5, 0x10E5,
  0x10E5, 0x1105, 0x1105, 0x1105, 0x1105, 0x1105, 0x1105, 0x1105, 0x1105, 0x1125, 0x1125, 0x1126, 0x1126, 0x1126, 0x1126, 0x1146,
  0x1146, 0x1146, 0x1146, 0x1146, 0x1146, 0x1146, 0x1166, 0x1166, 0x1166, 0x1166, 0x1167, 0x1167, 0x0987, 0x0987, 0x0987, 0x0987,
  0x0987, 0x0987, 0x0987, 0x1187, 0x1187, 0x1167, 0x1166, 0x1166, 0x1166, 0x1166, 0x1166, 0x1146, 0x1146, 0x1146, 0x1146, 0x1146,
  0x1146, 0x1126, 0x1126, 0x1126, 0x1126, 0x1125, 0x1125, 0x1125, 0x1105, 0x1105, 0x1105, 0x1105, 0x1105, 0x1105, 0x1105, 0x10E5,
  0x10E5, 0x10E5, 0x10E5, 0x10E5, 0x10E5, 0x10E5, 0x10E5, 0x10C4, 0x10E5, 0x10C4, 0x10C4, 0x10C4, 0x10C4, 0x10C4, 0x10C4, 0x10C4,
  0x10C4, 0x10C4, 0x10C4, 0x10C4, 0x10A4, 0x10C4, 0x10A4, 0x10A4, 0x10A4, 0x10A4, 0x10A4, 0x10A4, 0x10A4, 0x10A4, 0x10A4, 0x10A4,
  0x10A4, 0x10A4, 0x10A4, 0x10A4, 0x10A4, 0x10A4, 0x10A4, 0x10A4, 0x10A4, 0x10A4, 0x10A4, 0x10A4, 0x10A4, 0x10A4, 0x10A4, 0x10A4,
  0x10A4, 0x10A4, 0x10A4, 0x10A4, 0x10A4, 0x10A4, 0x10A4, 0x10A4, 0x10A4, 0x10A4, 0x10A4, 0x10A4, 0x10A4, 0x10A4, 0x10A4, 0x10A4,
  0x10A4, 0x10A4, 0x10A4, 0x10A4, 0x10A4, 0x10A4, 0x10A4, 0x10A4, 0x10A4, 0x10A4, 0x10A4, 0x10A4, 0x10A4, 0x10A4, 0x10A4, 0x10A4,
  0x10A4, 0x10A4, 0x10A4, 0x10A4, 0x10A4, 0x10A4, 0x10A4, 0x10A4, 0x10A4, 0x10A4, 0x10A4, 0x10A4, 0x10A4, 0x10A4, 0x10A4, 0x10A4,
  0x10A4, 0x10A4, 0x10A4, 0x10A4, 0x10A4, 0x10A4, 0x10A4, 0x10A4, 0x10A4, 0x10A4, 0x10A4, 0x10A4, 0x10A4, 0x10A4, 0x10A4, 0x10A4,
  0x10A4, 0x10A4, 0x10A4, 0x10A4, 0x10A4, 0x10A4, 0x10A4, 0x10A4, 0x10A4, 0x10A4, 0x10A4, 0x10A4, 0x10A4, 0x10A4, 0x10A4, 0x10A4,
  0x10A4, 0x10A4, 0x10A4, 0x10A4, 0x10A4, 0x10A4, 0x10A4, 0x10A4, 0x10A4, 0x10A4, 0x10A4, 0x10A4, 0x10A4, 0x10A4, 0x10A4, 0x10A4,
  0x10A4, 0x10A4, 0x10A4, 0x10A4, 0x10A4, 0x10A4, 0x10A4, 0x10A4, 0x10A4, 0x10A4, 0x10A4, 0x10A4, 0x10A4, 0x10A4, 0x10A4, 0x10A4,
  0x10A4, 0x10A4, 0x10A4, 0x10A4, 0x10A4, 0x10A4, 0x10A4, 0x10A4, 0x10A4, 0x10A4, 0x10A4, 0x10A4, 0x10A4, 0x10A4, 0x10A4, 0x10A4,
  0x10A4, 0x10A4, 0x10A4, 0x10A4, 0x10A4, 0x10A4, 0x10A4, 0x10A4, 0x10A4, 0x10A4, 0x10A4, 0x10A4, 0x10A4, 0x10A4, 0x10A4, 0x10A4,
  0x10A4, 0x10A4, 0x10A4, 0x10A4, 0x10A4, 0x10A4, 0x10A4, 0x10A4, 0x10A4, 0x10A4, 0x10A4, 0x10A4, 0x10A4, 0x10A4, 0x10A4, 0x10A4,
  0x10A4, 0x10A4, 0x10A4, 0x10A4, 0x10A4, 0x10A4, 0x10A4, 0x10A4, 0x10A4, 0x10A4, 0x10A4, 0x10A4, 0x10A4, 0x10A4, 0x10A4, 0x10A4,
  0x10A4, 0x10A4, 0x10A4, 0x10A4, 0x10A4, 0x10A4, 0x10A4, 0x10A4, 0x10A4, 0x10A4, 0x10A4, 0x10A4, 0x10C4, 0x10C4, 0x10C4, 0x10C4,
  0x10C4, 0x10C4, 0x10C4, 0x10C4, 0x10C4, 0x10C4, 0x10C4, 0x10E5, 0x10E5, 0x10E5, 0x10E5, 0x10E5, 0x10E5, 0x10E5, 0x10E5, 0x10E5,
  0x10E5, 0x10E5, 0x1105, 0x1105, 0x1105, 0x1105, 0x1105, 0x1105, 0x1125, 0x1125, 0x1125, 0x1126, 0x1126, 0x1126, 0x1126, 0x1126,
  0x1146, 0x1146, 0x1146, 0x1146, 0x1146, 0x1146, 0x1166, 0x1166, 0x1166, 0x1167, 0x1167, 0x1167, 0x0987, 0x0987, 0x0987, 0x0987,
  0x0987, 0x0987, 0x0987, 0x0987, 0x0987, 0x1167, 0x1167, 0x1166, 0x1166, 0x1166, 0x1146, 0x1146, 0x1146, 0x1146, 0x1146, 0x1146,
  0x1146, 0x1126, 0x1126, 0x1126, 0x1126, 0x1125, 0x1125, 0x1125, 0x1125, 0x1105, 0x1105, 0x1105, 0x1105, 0x1105, 0x1105, 0x1105,
  0x10E5, 0x10E5, 0x10E5, 0x10E5, 0x10E5, 0x10E5, 0x10E5, 0x10E5, 0x10C5, 0x10C4, 0x10E4, 0x10C4, 0x10C4, 0x10C4, 0x10C4, 0x10C4,
  0x10C4, 0x10C4, 0x10C4, 0x10C4, 0x10C4, 0x10A4, 0x10A4, 0x10A4, 0x10A4, 0x10A4, 0x10A4, 0x10A4, 0x10A4, 0x10A4, 0x10A4, 0x10A4,
  0x10A4, 0x10A4, 0x10A4, 0x10A4, 0x10A4, 0x10A4, 0x10A4, 0x10A4, 0x10A4, 0x10A4, 0x10A4, 0x10A4, 0x10A4, 0x10A4, 0x10A4, 0x10A4,
  0x10A4, 0x10A4, 0x10A4, 0x10A4, 0x10A4, 0x10A4, 0x10A4, 0x10A4, 0x10A4, 0x10A4, 0x10A4, 0x10A4, 0x10A4, 0x10A4, 0x10A4, 0x10A4,
  0x10A4, 0x10A4, 0x10A4, 0x10A4, 0x10A4, 0x10A4, 0x10A4, 0x10A4, 0x10A4, 0x10A4, 0x10A4, 0x10A4, 0x10A4, 0x10A4, 0x10A4, 0x10A4,
  0x10A4, 0x10A4, 0x10A4, 0x10A4, 0x10A4, 0x10A4, 0x10A4, 0x10A4, 0x10A4, 0x10A4, 0x10A4, 0x10A4, 0x10A4, 0x10A4, 0x10A4, 0x10A4,
  0x10A4, 0x10A4, 0x10A4, 0x10A4, 0x10A4, 0x10A4, 0x10A4, 0x10A4, 0x10A4, 0x10A4, 0x10A4, 0x10A4, 0x10A4, 0x10A4, 0x10A4, 0x10A4,
  0x10A4, 0x10A4, 0x10A4, 0x10A4, 0x10A4, 0x10A4, 0x10A4, 0x10A4, 0x10A4, 0x10A4, 0x10A4, 0x10A4, 0x10A4, 0x10A4, 0x10A4, 0x10A4,
  0x10A4, 0x10A4, 0x10A4, 0x10A4, 0x10A4, 0x10A4, 0x10A4, 0x10A4, 0x10A4, 0x10A4, 0x10A4, 0x10A4, 0x10A4, 0x10A4, 0x10A4, 0x10A4,
  0x10A4, 0x10A4, 0x10A4, 0x10A4, 0x10A4, 0x10A4, 0x10A4, 0x10A4, 0x10A4, 0x10A4, 0x10A4, 0x10A4, 0x10A4, 0x10A4, 0x10A4, 0x10A4,
  0x10A4, 0x10A4, 0x10A4, 0x10A4, 0x10A4, 0x10A4, 0x10A4, 0x10A4, 0x10A4, 0x10A4, 0x10A4, 0x10A4, 0x10A4, 0x10A4, 0x10A4, 0x10A4,
  0x10A4, 0x10A4, 0x10A4, 0x10A4, 0x10A4, 0x10A4, 0x10A4, 0x10A4, 0x10A4, 0x10A4, 0x10A4, 0x10A4, 0x10A4, 0x10A4, 0x10A4, 0x10A4,
  0x10A4, 0x10A4, 0x10A4, 0x10A4, 0x10A4, 0x10A4, 0x10A4, 0x10A4, 0x10A4, 0x10A4, 0x10A4, 0x10A4, 0x10A4, 0x10A4, 0x10A4, 0x10A4,
  0x10A4, 0x10A4, 0x10A4, 0x10A4, 0x10A4, 0x10A4, 0x10A4, 0x10A4, 0x10A4, 0x10A4, 0x10A4, 0x10A4, 0x10A4, 0x10A4, 0x10A4, 0x10A4,
  0x10A4, 0x10A4, 0x10A4, 0x10A4, 0x10A4, 0x10A4, 0x10A4, 0x10A4, 0x10A4, 0x10C4, 0x10A4, 0x10A4, 0x10C4, 0x10C4, 0x10C4, 0x10C4,
  0x10C4, 0x10C4, 0x10C4, 0x10C4, 0x10C4, 0x10C4, 0x10C4, 0x10E5, 0x10E5, 0x10E5, 0x10E5, 0x10E5, 0x10E5, 0x10E5, 0x10E5, 0x10E5,
  0x10E5, 0x1105, 0x1105, 0x1105, 0x1105, 0x1105, 0x1105, 0x1105, 0x1125, 0x1125, 0x1125, 0x1126, 0x1126, 0x1126, 0x1126, 0x1146,
  0x1146, 0x1146, 0x1146, 0x1146, 0x1146, 0x1146, 0x1146, 0x1166, 0x1166, 0x1166, 0x1166, 0x0967, 0x0987, 0x0987, 0x0987, 0x0987,
  0x0987, 0x0987, 0x0987, 0x0987, 0x0987, 0x1167, 0x1166, 0x1166, 0x1166, 0x1166, 0x1146, 0x1146, 0x1146, 0x1146, 0x1146, 0x1146,
  0x1146, 0x1126, 0x1126, 0x1126, 0x1126, 0x1126, 0x1125, 0x1125, 0x1105, 0x1105, 0x1105, 0x1105, 0x1105, 0x1105, 0x1105, 0x1105,
  0x1105, 0x10E5, 0x10E5, 0x10E5, 0x10E5, 0x10E5, 0x10E5, 0x10E5, 0x10C5, 0x10C4, 0x10C4, 0x10C5, 0x10C4, 0x10C4, 0x10C4, 0x10C4,
  0x10C4, 0x10C4, 0x10C4, 0x10C4, 0x10A4, 0x10A4, 0x10A4, 0x10A4, 0x10A4, 0x10A4, 0x10A4, 0x10A4, 0x10A4, 0x10A4, 0x10A4, 0x10A4,
  0x10A4, 0x10A4, 0x10A4, 0x10A4, 0x10A4, 0x10A4, 0x10A4, 0x10A4, 0x10A4, 0x10A4, 0x10A4, 0x10A4, 0x10A4, 0x10A4, 0x10A4, 0x10A4,
  0x10A4, 0x10A4, 0x10A4, 0x10A4, 0x10A4, 0x10A4, 0x10A4, 0x10A4, 0x10A4, 0x10A4, 0x10A4, 0x10A4, 0x10A4, 0x10A4, 0x10A4, 0x10A4,
  0x10A4, 0x10A4, 0x10A4, 0x10A4, 0x10A4, 0x10A4, 0x10A4, 0x10A4, 0x10A4, 0x10A4, 0x10A4, 0x10A4, 0x10A4, 0x10A4, 0x10A4, 0x10A4,
  0x10A4, 0x10A4, 0x10A4, 0x10A4, 0x10A4, 0x10A4, 0x10A4, 0x10A4, 0x10A4, 0x10A4, 0x10A4, 0x10A4, 0x10A4, 0x10A4, 0x10A4, 0x10A4,
  0x10A4, 0x10A4, 0x10A4, 0x10A4, 0x10A4, 0x10A4, 0x10A4, 0x10A4, 0x10A4, 0x10A4, 0x10A4, 0x10A4, 0x10A4, 0x10A4, 0x10A4, 0x10A4,
  0x10A4, 0x10A4, 0x10A4, 0x10A4, 0x10A4, 0x10A4, 0x10A4, 0x10A4, 0x10A4, 0x10A4, 0x10A4, 0x10A4, 0x10A4, 0x10A4, 0x10A4, 0x10A4,
  0x10A4, 0x10A4, 0x10A4, 0x10A4, 0x10A4, 0x10A4, 0x10A4, 0x10A4, 0x10A4, 0x10A4, 0x10A4, 0x10A4, 0x10A4, 0x10A4, 0x10A4, 0x10A4,
  0x10A4, 0x10A4, 0x10A4, 0x10A4, 0x10A4, 0x10A4, 0x10A4, 0x10A4, 0x10A4, 0x10A4, 0x10A4, 0x10A4, 0x10A4, 0x10A4, 0x10A4, 0x10A4,
  0x10A4, 0x10A4, 0x10A4, 0x10A4, 0x10A4, 0x10A4, 0x10A4, 0x10A4, 0x10A4, 0x10A4, 0x10A4, 0x10A4, 0x10A4, 0x10A4, 0x10A4, 0x10A4,
  0x10A4, 0x10A4, 0x10A4, 0x10A4, 0x10A4, 0x10A4, 0x10A4, 0x10A4, 0x10A4, 0x10A4, 0x10A4, 0x10A4, 0x10A4, 0x10A4, 0x10A4, 0x10A4,
  0x10A4, 0x10A4, 0x10A4, 0x10A4, 0x10A4, 0x10A4, 0x10A4, 0x10A4, 0x10A4, 0x10A4, 0x10A4, 0x10A4, 0x10A4, 0x10A4, 0x10A4, 0x10A4,
  0x10A4, 0x10A4, 0x10A4, 0x10A4, 0x10A4, 0x10A4, 0x10A4, 0x10A4, 0x10A4, 0x10A4, 0x10A4, 0x10A4, 0x10A4, 0x10A4, 0x10A4, 0x10A4,
  0x10A4, 0x10A4, 0x10A4, 0x10A4, 0x10A4, 0x10A4, 0x10A4, 0x10A4, 0x10A4, 0x10A4, 0x10A4, 0x10C4, 0x10C4, 0x10C4, 0x10C4, 0x10C4,
  0x10C4, 0x10C4, 0x10C4, 0x10C4, 0x10C4, 0x10C4, 0x10C4, 0x10E5, 0x10E5, 0x10C4, 0x10E5, 0x10E5, 0x10E5, 0x10E5, 0x10E5, 0x10E5,
  0x10E5, 0x1105, 0x1105, 0x1105, 0x1105, 0x1105, 0x1105, 0x1105, 0x1125, 0x1125, 0x1125, 0x1125, 0x1126, 0x1126, 0x1126, 0x1146,
  0x1146, 0x1146, 0x1146, 0x1146, 0x1146, 0x1146, 0x1166, 0x1166, 0x1166, 0x1166, 0x1166, 0x1167, 0x1167, 0x0987, 0x0987, 0x0987,
  0x0987, 0x0987, 0x1187, 0x0987, 0x0987, 0x1167, 0x1166, 0x1166, 0x1166, 0x1166, 0x1146, 0x1146, 0x1146, 0x1146, 0x1146, 0x1146,
  0x1146, 0x1126, 0x1126, 0x1126, 0x1126, 0x1125, 0x1125, 0x1125, 0x1105, 0x1105, 0x1105, 0x1105, 0x1105, 0x1105, 0x1105, 0x1105,
  0x10E5, 0x10E5, 0x10E5, 0x10E5, 0x10E5, 0x10E5, 0x10E5, 0x10C4, 0x10C5, 0x10C4, 0x10C4, 0x10C4, 0x10C4, 0x10C4, 0x10C4, 0x10C4,
  0x10C4, 0x10C4, 0x10C4, 0x10C4, 0x10A4, 0x10C4, 0x10C4, 0x10A4, 0x10A4, 0x10A4, 0x10A4, 0x10A4, 0x10A4, 0x10A4, 0x10A4, 0x10A4,
  0x10A4, 0x10A4, 0x10A4, 0x10A4, 0x10A4, 0x10A4, 0x10A4, 0x10A4, 0x10A4, 0x10A4, 0x10A4, 0x10A4, 0x10A4, 0x10A4, 0x10A4, 0x10A4,
  0x10A4, 0x10A4, 0x10A4, 0x10A4, 0x10A4, 0x10A4, 0x10A4, 0x10A4, 0x10A4, 0x10A4, 0x10A4, 0x10A4, 0x10A4, 0x10A4, 0x10A4, 0x10A4,
  0x10A4, 0x10A4, 0x10A4, 0x10A4, 0x10A4, 0x10A4, 0x10A4, 0x10A4, 0x10A4, 0x10A4, 0x10A4, 0x10A4, 0x10A4, 0x10A4, 0x10A4, 0x10A4,
  0x10A4, 0x10A4, 0x10A4, 0x10A4, 0x10A4, 0x10A4, 0x10A4, 0x10A4, 0x10A4, 0x10A4, 0x10A4, 0x10A4, 0x10A4, 0x10A4, 0x10A4, 0x10A4,
  0x10A4, 0x10A4, 0x10A4, 0x10A4, 0x10A4, 0x10A4, 0x10A4, 0x10A4, 0x10A4, 0x10A4, 0x10A4, 0x10A4, 0x10A4, 0x10A4, 0x10A4, 0x10A4,
  0x10A4, 0x10A4, 0x10A4, 0x10A4, 0x10A4, 0x10A4, 0x10A4, 0x10A4, 0x10A4, 0x10A4, 0x10A4, 0x10A4, 0x10A4, 0x10A4, 0x10A4, 0x10A4,
  0x10A4, 0x10A4, 0x10A4, 0x10A4, 0x10A4, 0x10A4, 0x10A4, 0x10A4, 0x10A4, 0x10A4, 0x10A4, 0x10A4, 0x10A4, 0x10A4, 0x10A4, 0x10A4,
  0x10A4, 0x10A4, 0x10A4, 0x10A4, 0x10A4, 0x10A4, 0x10A4, 0x10A4, 0x10A4, 0x10A4, 0x10A4, 0x10A4, 0x10A4, 0x10A4, 0x10A4, 0x10A4,
  0x10A4, 0x10A4, 0x10A4, 0x10A4, 0x10A4, 0x10A4, 0x10A4, 0x10A4, 0x10A4, 0x10A4, 0x10A4, 0x10A4, 0x10A4, 0x10A4, 0x10A4, 0x10A4,
  0x10A4, 0x10A4, 0x10A4, 0x10A4, 0x10A4, 0x10A4, 0x10A4, 0x10A4, 0x10A4, 0x10A4, 0x10A4, 0x10A4, 0x10A4, 0x10A4, 0x10A4, 0x10A4,
  0x10A4, 0x10A4, 0x10A4, 0x10A4, 0x10A4, 0x10A4, 0x10A4, 0x10A4, 0x10A4, 0x10A4, 0x10A4, 0x10A4, 0x10A4, 0x10A4, 0x10A4, 0x10A4,
  0x10A4, 0x10A4, 0x10A4, 0x10A4, 0x10A4, 0x10A4, 0x10A4, 0x10A4, 0x10A4, 0x10A4, 0x10A4, 0x10A4, 0x10A4, 0x10A4, 0x10A4, 0x10A4,
  0x10A4, 0x10A4, 0x10A4, 0x10A4, 0x10A4, 0x10A4, 0x10A4, 0x10A4, 0x10A4, 0x10A4, 0x10C4, 0x10C4, 0x10C4, 0x10C4, 0x10C4, 0x10C4,
  0x10C4, 0x10C4, 0x10C4, 0x10C4, 0x10C4, 0x10C4, 0x10C4, 0x10C5, 0x10E5, 0x10E5, 0x10E5, 0x10E5, 0x10E5, 0x10E5, 0x10E5, 0x10E5,
  0x10E5, 0x1105, 0x1105, 0x1105, 0x1105, 0x1105, 0x1105, 0x1105, 0x1125, 0x1125, 0x1125, 0x1126, 0x1126, 0x1126, 0x1126, 0x1126,
  0x1146, 0x1146, 0x1146, 0x1146, 0x1146, 0x1146, 0x1166, 0x1166, 0x1166, 0x1166, 0x1166, 0x1167, 0x0987, 0x0987, 0x0987, 0x0987,
  0x0987, 0x0987, 0x0987, 0x0987, 0x1167, 0x1167, 0x1166, 0x1166, 0x1166, 0x1166, 0x1146, 0x1146, 0x1146, 0x1146, 0x1146, 0x1146,
  0x1146, 0x1146, 0x1126, 0x1126, 0x1126, 0x1125, 0x1125, 0x1125, 0x1105, 0x1105, 0x1105, 0x1105, 0x1105, 0x1105, 0x1105, 0x1105,
  0x10E5, 0x10E5, 0x10E5, 0x10E5, 0x10E5, 0x10E5, 0x10E5, 0x10C4, 0x10C5, 0x10C4, 0x10C4, 0x10C4, 0x10C4, 0x10C4, 0x10C4, 0x10C4,
  0x10C4, 0x10C4, 0x10C4, 0x10C4, 0x10A4, 0x10C4, 0x10A4, 0x10A4, 0x10A4, 0x10A4, 0x10A4, 0x10A4, 0x10A4, 0x10A4, 0x10A4, 0x10A4,
  0x10A4, 0x10A4, 0x10A4, 0x10A4, 0x10A4, 0x10A4, 0x10A4, 0x10A4, 0x10A4, 0x10A4, 0x10A4, 0x10A4, 0x10A4, 0x10A4, 0x10A4, 0x10A4,
  0x10A4, 0x10A4, 0x10A4, 0x10A4, 0x10A4, 0x10A4, 0x10A4, 0x10A4, 0x10A4, 0x10A4, 0x10A4, 0x10A4, 0x10A4, 0x10A4, 0x10A4, 0x10A4,
  0x10A4, 0x10A4, 0x10A4, 0x10A4, 0x10A4, 0x10A4, 0x10A4, 0x10A4, 0x10A4, 0x10A4, 0x10A4, 0x10A4, 0x10A4, 0x10A4, 0x10A4, 0x10A4,
  0x10A4, 0x10A4, 0x10A4, 0x10A4, 0x10A4, 0x10A4, 0x10A4, 0x10A4, 0x10A4, 0x10A4, 0x10A4, 0x10A4, 0x10A4, 0x10A4, 0x10A4, 0x10A4,
  0x10A4, 0x10A4, 0x10A4, 0x10A4, 0x10A4, 0x10A4, 0x10A4, 0x10A4, 0x10A4, 0x10A4, 0x10A4, 0x10A4, 0x10A4, 0x10A4, 0x10A4, 0x10A4,
  0x10A4, 0x10A4, 0x10A4, 0x10A4, 0x10A4, 0x10A4, 0x10A4, 0x10A4, 0x10A4, 0x10A4, 0x10A4, 0x10A4, 0x10A4, 0x10A4, 0x10A4, 0x10A4,
  0x10A4, 0x10A4, 0x10A4, 0x10A4, 0x10A4, 0x10A4, 0x10A4, 0x10A4, 0x10A4, 0x10A4, 0x10A4, 0x10A4, 0x10A4, 0x10A4, 0x10A4, 0x10A4,
  0x10A4, 0x10A4, 0x10A4, 0x10A4, 0x10A4, 0x10A4, 0x10A4, 0x10A4, 0x10A4, 0x10A4, 0x10A4, 0x10A4, 0x10A4, 0x10A4, 0x10A4, 0x10A4,
  0x10A4, 0x10A4, 0x10A4, 0x10A4, 0x10A4, 0x10A4, 0x10A4, 0x10A4, 0x10A4, 0x10A4, 0x10A4, 0x10A4, 0x10A4, 0x10A4, 0x10A4, 0x10A4,
  0x10A4, 0x10A4, 0x10A4, 0x10A4, 0x10A4, 0x10A4, 0x10A4, 0x10A4, 0x10A4, 0x10A4, 0x10A4, 0x10A4, 0x10A4, 0x10A4, 0x10A4, 0x10A4,
  0x10A4, 0x10A4, 0x10A4, 0x10A4, 0x10A4, 0x10A4, 0x10A4, 0x10A4, 0x10A4, 0x10A4, 0x10A4, 0x10A4, 0x10A4, 0x10A4, 0x10A4, 0x10A4,
  0x10A4, 0x10A4, 0x10A4, 0x10A4, 0x10A4, 0x10A4, 0x10A4, 0x10A4, 0x10A4, 0x10A4, 0x10A4, 0x10A4, 0x10A4, 0x10A4, 0x10A4, 0x10A4,
  0x10A4, 0x10A4, 0x10A4, 0x10A4, 0x10A4, 0x10A4, 0x10A4, 0x10A4, 0x10A4, 0x10A4, 0x10A4, 0x10C4, 0x10C4, 0x10C4, 0x10C4, 0x10C4,
  0x10C4, 0x10C4, 0x10C4, 0x10C4, 0x10C4, 0x10C4, 0x10C4, 0x10C5, 0x10E5, 0x10E5, 0x10E5, 0x10E5, 0x10E5, 0x10E5, 0x10E5, 0x10E5,
  0x10E5, 0x1105, 0x1105, 0x1105, 0x1105, 0x1105, 0x1105, 0x1105, 0x1105, 0x1125, 0x1125, 0x1125, 0x1126, 0x1126, 0x1126, 0x1126,
  0x1146, 0x1146, 0x1146, 0x1146, 0x1146, 0x1146, 0x1166, 0x1166, 0x1166, 0x1166, 0x1166, 0x1167, 0x1167, 0x0987, 0x1187, 0x1187,
  0x0987, 0x0987, 0x0987, 0x0987, 0x1167, 0x1167, 0x1166, 0x1166, 0x1166, 0x1166, 0x1146, 0x1146, 0x1146, 0x1146, 0x1146, 0x1146,
  0x1146, 0x1146, 0x1126, 0x1126, 0x1125, 0x1126, 0x1125, 0x1125, 0x1125, 0x1105, 0x1105, 0x1105, 0x1105, 0x1105, 0x1105, 0x10E5,
  0x10E5, 0x10E5, 0x10E5, 0x10E5, 0x10E5, 0x10E5, 0x10E5, 0x10E5, 0x10E5, 0x10C4, 0x10C4, 0x10C4, 0x10C4, 0x10C4, 0x10C4, 0x10C4,
  0x10C4, 0x10C4, 0x10C4, 0x10C4, 0x10C4, 0x10C4, 0x10C4, 0x10A4, 0x10A4, 0x10A4, 0x10A4, 0x10A4, 0x10A4, 0x10A4, 0x10A4, 0x10A4,
  0x10A4, 0x10A4, 0x10A4, 0x10A4, 0x10A4, 0x10A4, 0x10A4, 0x10A4, 0x10A4, 0x10A4, 0x10A4, 0x10A4, 0x10A4, 0x10A4, 0x10A4, 0x10A4,
  0x10A4, 0x10A4, 0x10A4, 0x10A4, 0x10A4, 0x10A4, 0x10A4, 0x10A4, 0x10A4, 0x10A4, 0x10A4, 0x10A4, 0x10A4, 0x10A4, 0x10A4, 0x10A4,
  0x10A4, 0x10A4, 0x10A4, 0x10A4, 0x10A4, 0x10A4, 0x10A4, 0x10A4, 0x10A4, 0x10A4, 0x10A4, 0x10A4, 0x10A4, 0x10A4, 0x10A4, 0x10A4,
  0x10A4, 0x10A4, 0x10A4, 0x10A4, 0x10A4, 0x10A4, 0x10A4, 0x10A4, 0x10A4, 0x10A4, 0x10A4, 0x10A4, 0x10A4, 0x10A4, 0x10A4, 0x10A4,
  0x10A4, 0x10A4, 0x10A4, 0x10A4, 0x10A4, 0x10A4, 0x10A4, 0x10A4, 0x10A4, 0x10A4, 0x10A4, 0x10A4, 0x10A4, 0x10A4, 0x10A4, 0x10A4,
  0x10A4, 0x10A4, 0x10A4, 0x10A4, 0x10A4, 0x10A4, 0x10A4, 0x10A4, 0x10A4, 0x10A4, 0x10A4, 0x10A4, 0x10A4, 0x10A4, 0x10A4, 0x10A4,
  0x10A4, 0x10A4, 0x10A4, 0x10A4, 0x10A4, 0x10A4, 0x10A4, 0x10A4, 0x10A4, 0x10A4, 0x10A4, 0x10A4, 0x10A4, 0x10A4, 0x10A4, 0x10A4,
  0x10A4, 0x10A4, 0x10A4, 0x10A4, 0x10A4, 0x10A4, 0x10A4, 0x10A4, 0x10A4, 0x10A4, 0x10A4, 0x10A4, 0x10A4, 0x10A4, 0x10A4, 0x10A4,
  0x10A4, 0x10A4, 0x10A4, 0x10A4, 0x10A4, 0x10A4, 0x10A4, 0x10A4, 0x10A4, 0x10A4, 0x10A4, 0x10A4, 0x10A4, 0x10A4, 0x10A4, 0x10A4,
  0x10A4, 0x10A4, 0x10A4, 0x10A4, 0x10A4, 0x10A4, 0x10A4, 0x10A4, 0x10A4, 0x10A4, 0x10A4, 0x10A4, 0x10A4, 0x10A4, 0x10A4, 0x10A4,
  0x10A4, 0x10A4, 0x10A4, 0x10A4, 0x10A4, 0x10A4, 0x10A4, 0x10A4, 0x10A4, 0x10A4, 0x10A4, 0x10A4, 0x10A4, 0x10A4, 0x10A4, 0x10A4,
  0x10A4, 0x10A4, 0x10A4, 0x10A4, 0x10A4, 0x10A4, 0x10A4, 0x10A4, 0x10A4, 0x10A4, 0x10A4, 0x10A4, 0x10A4, 0x10A4, 0x10A4, 0x10A4,
  0x10A4, 0x10A4, 0x10A4, 0x10A4, 0x10A4, 0x10A4, 0x10A4, 0x10A4, 0x10A4, 0x10A4, 0x10A4, 0x10A4, 0x10A4, 0x10C4, 0x10C4, 0x10C4,
  0x10C4, 0x10C4, 0x10C4, 0x10C4, 0x10C4, 0x10C5, 0x10C4, 0x10C4, 0x10E5, 0x10C4, 0x10E5, 0x10E5, 0x10E5, 0x10E5, 0x10E5, 0x10E5,
  0x10E5, 0x10E5, 0x1105, 0x1105, 0x1105, 0x1105, 0x1105, 0x1105, 0x1125, 0x1125, 0x1125, 0x1125, 0x1126, 0x1126, 0x1126, 0x1146,
  0x1146, 0x1146, 0x1146, 0x1146, 0x1146, 0x1146, 0x1146, 0x1166, 0x1166, 0x1166, 0x1166, 0x1167, 0x1167, 0x1167, 0x1187, 0x1187,
  0x0987, 0x0987, 0x0987, 0x0987, 0x1167, 0x1166, 0x1166, 0x1166, 0x1166, 0x1166, 0x1146, 0x1146, 0x1146, 0x1146, 0x1146, 0x1146,
  0x1146, 0x1126, 0x1126, 0x1126, 0x1125, 0x1125, 0x1125, 0x1105, 0x1105, 0x1105, 0x1105, 0x1105, 0x1105, 0x1105, 0x1105, 0x10E5,
  0x10E5, 0x10E5, 0x10E5, 0x10E5, 0x10E5, 0x10E5, 0x10E5, 0x10C4, 0x10E5, 0x10C4, 0x10C4, 0x10C5, 0x10C4, 0x10C4, 0x10C4, 0x10C4,
  0x10C4, 0x10C4, 0x10C4, 0x10C4, 0x10C4, 0x10C4, 0x10A4, 0x10A4, 0x10A4, 0x10A4, 0x10A4, 0x10A4, 0x10A4, 0x10A4, 0x10A4, 0x10A4,
  0x10A4, 0x10A4, 0x10A4, 0x10A4, 0x10A4, 0x10A4, 0x10A4, 0x10A4, 0x10A4, 0x10A4, 0x10A4, 0x10A4, 0x10A4, 0x10A4, 0x10A4, 0x10A4,
  0x10A4, 0x10A4, 0x10A4, 0x10A4, 0x10A4, 0x10A4, 0x10A4, 0x10A4, 0x10A4, 0x10A4, 0x10A4, 0x10A4, 0x10A4, 0x10A4, 0x10A4, 0x10A4,
  0x10A4, 0x10A4, 0x10A4, 0x10A4, 0x10A4, 0x10A4, 0x10A4, 0x10A4, 0x10A4, 0x10A4, 0x10A4, 0x10A4, 0x10A4, 0x10A4, 0x10A4, 0x10A4,
  0x10A4, 0x10A4, 0x10A4, 0x10A4, 0x10A4, 0x10A4, 0x10A4, 0x10A4, 0x10A4, 0x10A4, 0x10A4, 0x10A4, 0x10A4, 0x10A4, 0x10A4, 0x10A4,
  0x10A4, 0x10A4, 0x10A4, 0x10A4, 0x10A4, 0x10A4, 0x10A4, 0x10A4, 0x10A4, 0x10A4, 0x10A4, 0x10A4, 0x10A4, 0x10A4, 0x10A4, 0x10A4,
  0x10A4, 0x10A4, 0x10A4, 0x10A4, 0x10A4, 0x10A4, 0x10A4, 0x10A4, 0x10A4, 0x10A4, 0x10A4, 0x10A4, 0x10A4, 0x10A4, 0x10A4, 0x10A4,
  0x10A4, 0x10A4, 0x10A4, 0x10A4, 0x10A4, 0x10A4, 0x10A4, 0x10A4, 0x10A4, 0x10A4, 0x10A4, 0x10A4, 0x10A4, 0x10A4, 0x10A4, 0x10A4,
  0x10A4, 0x10A4, 0x10A4, 0x10A4, 0x10A4, 0x10A4, 0x10A4, 0x10A4, 0x10A4, 0x10A4, 0x10A4, 0x10A4, 0x10A4, 0x10A4, 0x10A4, 0x10A4,
  0x10A4, 0x10A4, 0x10A4, 0x10A4, 0x10A4, 0x10A4, 0x10A4, 0x10A4, 0x10A4, 0x10A4, 0x10A4, 0x10A4, 0x10A4, 0x10A4, 0x10A4, 0x10A4,
  0x10A4, 0x10A4, 0x10A4, 0x10A4, 0x10A4, 0x10A4, 0x10A4, 0x10A4, 0x10A4, 0x10A4, 0x10A4, 0x10A4, 0x10A4, 0x10A4, 0x10A4, 0x10A4,
  0x10A4, 0x10A4, 0x10A4, 0x10A4, 0x10A4, 0x10A4, 0x10A4, 0x10A4, 0x10A4, 0x10A4, 0x10A4, 0x10A4, 0x10A4, 0x10A4, 0x10A4, 0x10A4,
  0x10A4, 0x10A4, 0x10A4, 0x10A4, 0x10A4, 0x10A4, 0x10A4, 0x10A4, 0x10A4, 0x10A4, 0x10A4, 0x10A4, 0x10A4, 0x10A4, 0x10A4, 0x10A4,
  0x10A4, 0x10A4, 0x10A4, 0x10A4, 0x10A4, 0x10A4, 0x10A4, 0x10A4, 0x10A4, 0x10A4, 0x10A4, 0x10A4, 0x10C4, 0x10C4, 0x10C4, 0x10C4,
  0x10C4, 0x10C4, 0x10C4, 0x10C4, 0x10C4, 0x10C5, 0x10C4, 0x10C4, 0x10E5, 0x10C4, 0x10E5, 0x10E5, 0x10E5, 0x10E5, 0x10E5, 0x10E5,
  0x10E5, 0x10E5, 0x1105, 0x1105, 0x1105, 0x1105, 0x1105, 0x1105, 0x1125, 0x1125, 0x1125, 0x1126, 0x1126, 0x1126, 0x1126, 0x1126,
  0x1146, 0x1146, 0x1146, 0x1146, 0x1146, 0x1146, 0x1146, 0x1166, 0x1166, 0x1166, 0x1166, 0x1167, 0x1167, 0x1167, 0x1167, 0x0987,
  0x1187, 0x0987, 0x1167, 0x1167, 0x1167, 0x1167, 0x1166, 0x1166, 0x1166, 0x1166, 0x1146, 0x1146, 0x1146, 0x1146, 0x1146, 0x1146,
  0x1146, 0x1126, 0x1126, 0x1126, 0x1126, 0x1125, 0x1125, 0x1125, 0x1105, 0x1105, 0x1105, 0x1105, 0x1105, 0x1105, 0x10E5, 0x1105,
  0x10E5, 0x10E5, 0x10E5, 0x10E5, 0x10E5, 0x10E5, 0x10E5, 0x10C4, 0x10C5, 0x10C4, 0x10E4, 0x10C4, 0x10C4, 0x10C4, 0x10C4, 0x10C4,
  0x10C4, 0x10C4, 0x10C4, 0x10C4, 0x10A4, 0x10A4, 0x10A4, 0x10A4, 0x10A4, 0x10A4, 0x10A4, 0x10A4, 0x10A4, 0x10A4, 0x10A4, 0x10A4,
  0x10A4, 0x10A4, 0x10A4, 0x10A4, 0x10A4, 0x10A4, 0x10A4, 0x10A4, 0x10A4, 0x10A4, 0x10A4, 0x10A4, 0x10A4, 0x10A4, 0x10A4, 0x10A4,
  0x10A4, 0x10A4, 0x10A4, 0x10A4, 0x10A4, 0x10A4, 0x10A4, 0x10A4, 0x10A4, 0x10A4, 0x10A4, 0x10A4, 0x10A4, 0x10A4, 0x10A4, 0x10A4,
  0x10A4, 0x10A4, 0x10A4, 0x10A4, 0x10A4, 0x10A4, 0x10A4, 0x10A4, 0x10A4, 0x10A4, 0x10A4, 0x10A4, 0x10A4, 0x10A4, 0x10A4, 0x10A4,
  0x10A4, 0x10A4, 0x10A4, 0x10A4, 0x10A4, 0x10A4, 0x10A4, 0x10A4, 0x10A4, 0x10A4, 0x10A4, 0x10A4, 0x10A4, 0x10A4, 0x10A4, 0x10A4,
  0x10A4, 0x10A4, 0x10A4, 0x10A4, 0x10A4, 0x10A4, 0x10A4, 0x10A4, 0x10A4, 0x10A4, 0x10A4, 0x10A4, 0x10A4, 0x10A4, 0x10A4, 0x10A4,
  0x10A4, 0x10A4, 0x10A4, 0x10A4, 0x10A4, 0x10A4, 0x10A4, 0x10A4, 0x10A4, 0x10A4, 0x10A4, 0x10A4, 0x10A4, 0x10A4, 0x10A4, 0x10A4,
  0x10A4, 0x10A4, 0x10A4, 0x10A4, 0x10A4, 0x10A4, 0x10A4, 0x10A4, 0x10A4, 0x10A4, 0x10A4, 0x10A4, 0x10A4, 0x10A4, 0x10A4, 0x10A4,
  0x10A4, 0x10A4, 0x10A4, 0x10A4, 0x10A4, 0x10A4, 0x10A4, 0x10A4, 0x10A4, 0x10A4, 0x10A4, 0x10A4, 0x10A4, 0x10A4, 0x10A4, 0x10A4,
  0x10A4, 0x10A4, 0x10A4, 0x10A4, 0x10A4, 0x10A4, 0x10A4, 0x10A4, 0x10A4, 0x10A4, 0x10A4, 0x10A4, 0x10A4, 0x10A4, 0x10A4, 0x10A4,
  0x10A4, 0x10A4, 0x10A4, 0x10A4, 0x10A4, 0x10A4, 0x10A4, 0x10A4, 0x10A4, 0x10A4, 0x10A4, 0x10A4, 0x10A4, 0x10A4, 0x10A4, 0x10A4,
  0x10A4, 0x10A4, 0x10A4, 0x10A4, 0x10A4, 0x10A4, 0x10A4, 0x10A4, 0x10A4, 0x10A4, 0x10A4, 0x10A4, 0x10A4, 0x10A4, 0x10A4, 0x10A4,
  0x10A4, 0x10A4, 0x10A4, 0x10A4, 0x10A4, 0x10A4, 0x10A4, 0x10A4, 0x10A4, 0x10A4, 0x10A4, 0x10A4, 0x10A4, 0x10A4, 0x10A4, 0x10A4,
  0x10A4, 0x10A4, 0x10A4, 0x10A4, 0x10A4, 0x10A4, 0x10A4, 0x10A4, 0x10A4, 0x10A4, 0x10A4, 0x10C4, 0x10C4, 0x10C4, 0x10C4, 0x10C4,
  0x10C4, 0x10C4, 0x10C4, 0x10C4, 0x10C4, 0x10C5, 0x10C4, 0x10C5, 0x10E5, 0x10E4, 0x10E5, 0x10E5, 0x10E5, 0x10E5, 0x10E5, 0x10E5,
  0x10E5, 0x10E5, 0x1105, 0x1105, 0x1105, 0x1105, 0x1105, 0x1105, 0x1105, 0x1125, 0x1125, 0x1125, 0x1126, 0x1126, 0x1126, 0x1126,
  0x1146, 0x1146, 0x1146, 0x1146, 0x1146, 0x1146, 0x1146, 0x1166, 0x1166, 0x1166, 0x1166, 0x1167, 0x1167, 0x1167, 0x1167, 0x0967,
  0x1167, 0x0967, 0x1187, 0x1167, 0x1166, 0x1167, 0x1166, 0x1166, 0x1166, 0x1166, 0x1146, 0x1146, 0x1146, 0x1146, 0x1146, 0x1146,
  0x1146, 0x1146, 0x1126, 0x1126, 0x1126, 0x1125, 0x1125, 0x1125, 0x1105, 0x1105, 0x1105, 0x1105, 0x1105, 0x1105, 0x10E5, 0x1105,
  0x10E5, 0x10E5, 0x10E5, 0x10E5, 0x10E5, 0x10E5, 0x10E5, 0x10C4, 0x10C5, 0x10C4, 0x10C4, 0x10C4, 0x10C4, 0x10C4, 0x10C4, 0x10C4,
  0x10C4, 0x10C4, 0x10C4, 0x10C4, 0x10A4, 0x10A4, 0x10A4, 0x10A4, 0x10A4, 0x10A4, 0x10A4, 0x10A4, 0x10A4, 0x10A4, 0x10A4, 0x10A4,
  0x10A4, 0x10A4, 0x10A4, 0x10A4, 0x10A4, 0x10A4, 0x10A4, 0x10A4, 0x10A4, 0x10A4, 0x10A4, 0x10A4, 0x10A4, 0x10A4, 0x10A4, 0x10A4,
  0x10A4, 0x10A4, 0x10A4, 0x10A4, 0x10A4, 0x10A4, 0x10A4, 0x10A4, 0x10A4, 0x10A4, 0x10A4, 0x10A4, 0x10A4, 0x10A4, 0x10A4, 0x10A4,
  0x10A4, 0x10A4, 0x10A4, 0x10A4, 0x10A4, 0x10A4, 0x10A4, 0x10A4, 0x10A4, 0x10A4, 0x10A4, 0x10A4, 0x10A4, 0x10A4, 0x10A4, 0x10A4,
  0x10A4, 0x10A4, 0x10A4, 0x10A4, 0x10A4, 0x10A4, 0x10A4, 0x10A4, 0x10A4, 0x10A4, 0x10A4, 0x10A4, 0x10A4, 0x10A4, 0x10A4, 0x10A4,
  0x10A4, 0x10A4, 0x10A4, 0x10A4, 0x10A4, 0x10A4, 0x10A4, 0x10A4, 0x10A4, 0x10A4, 0x10A4, 0x10A4, 0x10A4, 0x10A4, 0x10A4, 0x10A4,
  0x10A4, 0x10A4, 0x10A4, 0x10A4, 0x10A4, 0x10A4, 0x10A4, 0x10A4, 0x10A4, 0x10A4, 0x10A4, 0x10A4, 0x10A4, 0x10A4, 0x10A4, 0x10A4,
  0x10A4, 0x10A4, 0x10A4, 0x10A4, 0x10A4, 0x10A4, 0x10A4, 0x10A4, 0x10A4, 0x10A4, 0x10A4, 0x10A4, 0x10A4, 0x10A4, 0x10A4, 0x10A4,
  0x10A4, 0x10A4, 0x10A4, 0x10A4, 0x10A4, 0x10A4, 0x10A4, 0x10A4, 0x10A4, 0x10A4, 0x10A4, 0x10A4, 0x10A4, 0x10A4, 0x10A4, 0x10A4,
  0x10A4, 0x10A4, 0x10A4, 0x10A4, 0x10A4, 0x10A4, 0x10A4, 0x10A4, 0x10A4, 0x10A4, 0x10A4, 0x10A4, 0x10A4, 0x10A4, 0x10A4, 0x10A4,
  0x10A4, 0x10A4, 0x10A4, 0x10A4, 0x10A4, 0x10A4, 0x10A4, 0x10A4, 0x10A4, 0x10A4, 0x10A4, 0x10A4, 0x10A4, 0x10A4, 0x10A4, 0x10A4,
  0x10A4, 0x10A4, 0x10A4, 0x10A4, 0x10A4, 0x10A4, 0x10A4, 0x10A4, 0x10A4, 0x10A4, 0x10A4, 0x10A4, 0x10A4, 0x10A4, 0x10A4, 0x10A4,
  0x10A4, 0x10A4, 0x10A4, 0x10A4, 0x10A4, 0x10A4, 0x10A4, 0x10A4, 0x10A4, 0x10A4, 0x10A4, 0x10A4, 0x10A4, 0x10A4, 0x10A4, 0x10A4,
  0x10A4, 0x10A4, 0x10A4, 0x10A4, 0x10A4, 0x10A4, 0x10A4, 0x10A4, 0x10A4, 0x10A4, 0x10A4, 0x10A4, 0x10A4, 0x10C4, 0x10C4, 0x10C4,
  0x10C4, 0x10C4, 0x10C4, 0x10C4, 0x10C4, 0x10C4, 0x10C4, 0x10C5, 0x10E5, 0x10E4, 0x10E5, 0x10E5, 0x10E5, 0x10E5, 0x10E5, 0x10E5,
  0x10E5, 0x10E5, 0x10E5, 0x1105, 0x1105, 0x1105, 0x1105, 0x1105, 0x1105, 0x1105, 0x1125, 0x1125, 0x1126, 0x1126, 0x1126, 0x1146,
  0x1146, 0x1146, 0x1146, 0x1146, 0x1146, 0x1146, 0x1146, 0x1166, 0x1166, 0x1166, 0x1166, 0x1166, 0x1166, 0x1167, 0x1187, 0x0967,
  0x0987, 0x1187, 0x1167, 0x1167, 0x1166, 0x1166, 0x1166, 0x1166, 0x1166, 0x1146, 0x1146, 0x1146, 0x1146, 0x1146, 0x1146, 0x1146,
  0x1126, 0x1126, 0x1126, 0x1126, 0x1126, 0x1125, 0x1125, 0x1125, 0x1105, 0x1105, 0x1105, 0x1105, 0x1105, 0x1105, 0x10E5, 0x10E5,
  0x10E5, 0x10E5, 0x10E5, 0x10E5, 0x10E5, 0x10E5, 0x10E5, 0x10C4, 0x10C5, 0x10C4, 0x10C4, 0x10C5, 0x10C4, 0x10C4, 0x10C4, 0x10C4,
  0x10C4, 0x10C4, 0x10C4, 0x10C4, 0x10A4, 0x10A4, 0x10C4, 0x10A4, 0x10A4, 0x10A4, 0x10A4, 0x10A4, 0x10A4, 0x10A4, 0x10A4, 0x10A4,
  0x10A4, 0x10A4, 0x10A4, 0x10A4, 0x10A4, 0x10A4, 0x10A4, 0x10A4, 0x10A4, 0x10A4, 0x10A4, 0x10A4, 0x10A4, 0x10A4, 0x10A4, 0x10A4,
  0x10A4, 0x10A4, 0x10A4, 0x10A4, 0x10A4, 0x10A4, 0x10A4, 0x10A4, 0x10A4, 0x10A4, 0x10A4, 0x10A4, 0x10A4, 0x10A4, 0x10A4, 0x10A4,
  0x10A4, 0x10A4, 0x10A4, 0x10A4, 0x10A4, 0x10A4, 0x10A4, 0x10A4, 0x10A4, 0x10A4, 0x10A4, 0x10A4, 0x10A4, 0x10A4, 0x10A4, 0x10A4,
  0x10A4, 0x10A4, 0x10A4, 0x10A4, 0x10A4, 0x10A4, 0x10A4, 0x10A4, 0x10A4, 0x10A4, 0x10A4, 0x10A4, 0x10A4, 0x10A4, 0x10A4, 0x10A4,
  0x10A4, 0x10A4, 0x10A4, 0x10A4, 0x10A4, 0x10A4, 0x10A4, 0x10A4, 0x10A4, 0x10A4, 0x10A4, 0x10A4, 0x10A4, 0x10A4, 0x10A4, 0x10A4,
  0x10A4, 0x10A4, 0x10A4, 0x10A4, 0x10A4, 0x10A4, 0x10A4, 0x10A4, 0x10A4, 0x10A4, 0x10A4, 0x10A4, 0x10A4, 0x10A4, 0x10A4, 0x10A4,
  0x10A4, 0x10A4, 0x10A4, 0x10A4, 0x10A4, 0x10A4, 0x10A4, 0x10A4, 0x10A4, 0x10A4, 0x10A4, 0x10A4, 0x10A4, 0x10A4, 0x10A4, 0x10A4,
  0x10A4, 0x10A4, 0x10A4, 0x10A4, 0x10A4, 0x10A4, 0x10A4, 0x10A4, 0x10A4, 0x10A4, 0x10A4, 0x10A4, 0x10A4, 0x10A4, 0x10A4, 0x10A4,
  0x10A4, 0x10A4, 0x10A4, 0x10A4, 0x10A4, 0x10A4, 0x10A4, 0x10A4, 0x10A4, 0x10A4, 0x10A4, 0x10A4, 0x10A4, 0x10A4, 0x10A4, 0x10A4,
  0x10A4, 0x10A4, 0x10A4, 0x10A4, 0x10A4, 0x10A4, 0x10A4, 0x10A4, 0x10A4, 0x10A4, 0x10A4, 0x10A4, 0x10A4, 0x10A4, 0x10A4, 0x10A4,
  0x10A4, 0x10A4, 0x10A4, 0x10A4, 0x10A4, 0x10A4, 0x10A4, 0x10A4, 0x10A4, 0x10A4, 0x10A4, 0x10A4, 0x10A4, 0x10A4, 0x10A4, 0x10A4,
  0x10A4, 0x10A4, 0x10A4, 0x10A4, 0x10A4, 0x10A4, 0x10A4, 0x10A4, 0x10A4, 0x10A4, 0x10A4, 0x10A4, 0x10A4, 0x10A4, 0x10A4, 0x10A4,
  0x10A4, 0x10A4, 0x10A4, 0x10A4, 0x10A4, 0x10A4, 0x10A4, 0x10A4, 0x10A4, 0x10A4, 0x10C4, 0x10A4, 0x10C4, 0x10C4, 0x10C4, 0x10C4,
  0x10C4, 0x10C4, 0x10C4, 0x10C4, 0x10C4, 0x10C4, 0x10C4, 0x10C5, 0x10C5, 0x10C4, 0x10E5, 0x10E5, 0x10E5, 0x10E5, 0x10E5, 0x10E5,
  0x10E5, 0x10E5, 0x1105, 0x1105, 0x1105, 0x1105, 0x1105, 0x1105, 0x1105, 0x1105, 0x1125, 0x1125, 0x1126, 0x1126, 0x1126, 0x1126,
  0x1146, 0x1146, 0x1146, 0x1146, 0x1146, 0x1146, 0x1146, 0x1146, 0x1166, 0x1166, 0x1166, 0x1166, 0x1166, 0x1166, 0x1167, 0x1167,
  0x1167, 0x1167, 0x1167, 0x1166, 0x1167, 0x1166, 0x1166, 0x1166, 0x1166, 0x1146, 0x1146, 0x1146, 0x1146, 0x1146, 0x1146, 0x1146,
  0x1126, 0x1126, 0x1126, 0x1126, 0x1125, 0x1125, 0x1125, 0x1105, 0x1105, 0x1105, 0x1105, 0x1105, 0x1105, 0x1105, 0x1105, 0x10E5,
  0x10E5, 0x10E5, 0x10E5, 0x10E5, 0x10E5, 0x10E5, 0x10E5, 0x10E5, 0x10C5, 0x10C4, 0x10C4, 0x10C4, 0x10C4, 0x10C4, 0x10C4, 0x10C4,
  0x10C4, 0x10C4, 0x10C4, 0x10C4, 0x10C4, 0x10C4, 0x10A4, 0x10A4, 0x10A4, 0x10A4, 0x10A4, 0x10A4, 0x10A4, 0x10A4, 0x10A4, 0x10A4,
  0x10A4, 0x10A4, 0x10A4, 0x10A4, 0x10A4, 0x10A4, 0x10A4, 0x10A4, 0x10A4, 0x10A4, 0x10A4, 0x10A4, 0x10A4, 0x10A4, 0x10A4, 0x10A4,
  0x10A4, 0x10A4, 0x10A4, 0x10A4, 0x10A4, 0x10A4, 0x10A4, 0x10A4, 0x10A4, 0x10A4, 0x10A4, 0x10A4, 0x10A4, 0x10A4, 0x10A4, 0x10A4,
  0x10A4, 0x10A4, 0x10A4, 0x10A4, 0x10A4, 0x10A4, 0x10A4, 0x10A4, 0x10A4, 0x10A4, 0x10A4, 0x10A4, 0x10A4, 0x10A4, 0x10A4, 0x10A4,
  0x10A4, 0x10A4, 0x10A4, 0x10A4, 0x10A4, 0x10A4, 0x10A4, 0x10A4, 0x10A4, 0x10A4, 0x10A4, 0x10A4, 0x10A4, 0x10A4, 0x10A4, 0x10A4,
  0x10A4, 0x10A4, 0x10A4, 0x10A4, 0x10A4, 0x10A4, 0x10A4, 0x10A4, 0x10A4, 0x10A4, 0x10A4, 0x10A4, 0x10A4, 0x10A4, 0x10A4, 0x10A4,
  0x10A4, 0x10A4, 0x10A4, 0x10A4, 0x10A4, 0x10A4, 0x10A4, 0x10A4, 0x10A4, 0x10A4, 0x10A4, 0x10A4, 0x10A4, 0x10A4, 0x10A4, 0x10A4,
  0x10A4, 0x10A4, 0x10A4, 0x10A4, 0x10A4, 0x10A4, 0x10A4, 0x10A4, 0x10A4, 0x10A4, 0x10A4, 0x10A4, 0x10A4, 0x10A4, 0x10A4, 0x10A4,
  0x10A4, 0x10A4, 0x10A4, 0x10A4, 0x10A4, 0x10A4, 0x10A4, 0x10A4, 0x10A4, 0x10A4, 0x10A4, 0x10A4, 0x10A4, 0x10A4, 0x10A4, 0x10A4,
  0x10A4, 0x10A4, 0x10A4, 0x10A4, 0x10A4, 0x10A4, 0x10A4, 0x10A4, 0x10A4, 0x10A4, 0x10A4, 0x10A4, 0x10A4, 0x10A4, 0x10A4, 0x10A4,
  0x10A4, 0x10A4, 0x10A4, 0x10A4, 0x10A4, 0x10A4, 0x10A4, 0x10A4, 0x10A4, 0x10A4, 0x10A4, 0x10A4, 0x10A4, 0x10A4, 0x10A4, 0x10A4,
  0x10A4, 0x10A4, 0x10A4, 0x10A4, 0x10A4, 0x10A4, 0x10A4, 0x10A4, 0x10A4, 0x10A4, 0x10A4, 0x10A4, 0x10A4, 0x10A4, 0x10A4, 0x10A4,
  0x10A4, 0x10A4, 0x10A4, 0x10A4, 0x10A4, 0x10A4, 0x10A4, 0x10A4, 0x10A4, 0x10A4, 0x10A4, 0x10A4, 0x10A4, 0x10A4, 0x10A4, 0x10A4,
  0x10A4, 0x10A4, 0x10A4, 0x10A4, 0x10A4, 0x10A4, 0x10A4, 0x10A4, 0x10A4, 0x10A4, 0x10C4, 0x10A4, 0x10C4, 0x10C4, 0x10C4, 0x10C4,
  0x10C4, 0x10C4, 0x10C4, 0x10C4, 0x10C4, 0x10C4, 0x10C4, 0x10C5, 0x10C5, 0x10C5, 0x10E5, 0x10E5, 0x10E5, 0x10E5, 0x10E5, 0x10E5,
  0x10E5, 0x10E5, 0x1105, 0x1105, 0x1105, 0x1105, 0x1105, 0x1105, 0x1105, 0x1125, 0x1125, 0x1126, 0x1125, 0x1126, 0x1126, 0x1126,
  0x1146, 0x1146, 0x1146, 0x1146, 0x1146, 0x1146, 0x1146, 0x1146, 0x1166, 0x1166, 0x1166, 0x1166, 0x1166, 0x1167, 0x1166, 0x1167,
  0x1167, 0x1166, 0x1166, 0x1166, 0x1166, 0x1166, 0x1166, 0x1166, 0x1146, 0x1146, 0x1146, 0x1146, 0x1146, 0x1146, 0x1146, 0x1146,
  0x1146, 0x1146, 0x1126, 0x1126, 0x1126, 0x1125, 0x1125, 0x1125, 0x1105, 0x1105, 0x1105, 0x1105, 0x1105, 0x1105, 0x1105, 0x10E5,
  0x10E5, 0x10E5, 0x10E5, 0x10E5, 0x10E5, 0x10E5, 0x10E5, 0x10E5, 0x10E5, 0x10C4, 0x10C4, 0x10C4, 0x10C4, 0x10C4, 0x10C4, 0x10C4,
  0x10C4, 0x10C4, 0x10C4, 0x10C4, 0x10A4, 0x10C4, 0x10C4, 0x10A4, 0x10A4, 0x10A4, 0x10A4, 0x10A4, 0x10A4, 0x10A4, 0x10A4, 0x10A4,
  0x10A4, 0x10A4, 0x10A4, 0x10A4, 0x10A4, 0x10A4, 0x10A4, 0x10A4, 0x10A4, 0x10A4, 0x10A4, 0x10A4, 0x10A4, 0x10A4, 0x10A4, 0x10A4,
  0x10A4, 0x10A4, 0x10A4, 0x10A4, 0x10A4, 0x10A4, 0x10A4, 0x10A4, 0x10A4, 0x10A4, 0x10A4, 0x10A4, 0x10A4, 0x10A4, 0x10A4, 0x10A4,
  0x10A4, 0x10A4, 0x10A4, 0x10A4, 0x10A4, 0x10A4, 0x10A4, 0x10A4, 0x10A4, 0x10A4, 0x10A4, 0x10A4, 0x10A4, 0x10A4, 0x10A4, 0x10A4,
  0x10A4, 0x10A4, 0x10A4, 0x10A4, 0x10A4, 0x10A4, 0x10A4, 0x10A4, 0x10A4, 0x10A4, 0x10A4, 0x10A4, 0x10A4, 0x10A4, 0x10A4, 0x10A4,
  0x10A4, 0x10A4, 0x10A4, 0x10A4, 0x10A4, 0x10A4, 0x10A4, 0x10A4, 0x10A4, 0x10A4, 0x10A4, 0x10A4, 0x10A4, 0x10A4, 0x10A4, 0x10A4,
  0x10A4, 0x10A4, 0x10A4, 0x10A4, 0x10A4, 0x10A4, 0x10A4, 0x10A4, 0x10A4, 0x10A4, 0x10A4, 0x10A4, 0x10A4, 0x10A4, 0x10A4, 0x10A4,
  0x10A4, 0x10A4, 0x10A4, 0x10A4, 0x10A4, 0x10A4, 0x10A4, 0x10A4, 0x10A4, 0x10A4, 0x10A4, 0x10A4, 0x10A4, 0x10A4, 0x10A4, 0x10A4,
  0x10A4, 0x10A4, 0x10A4, 0x10A4, 0x10A4, 0x10A4, 0x10A4, 0x10A4, 0x10A4, 0x10A4, 0x10A4, 0x10A4, 0x10A4, 0x10A4, 0x10A4, 0x10A4,
  0x10A4, 0x10A4, 0x10A4, 0x10A4, 0x10A4, 0x10A4, 0x10A4, 0x10A4, 0x10A4, 0x10A4, 0x10A4, 0x10A4, 0x10A4, 0x10A4, 0x10A4, 0x10A4,
  0x10A4, 0x10A4, 0x10A4, 0x10A4, 0x10A4, 0x10A4, 0x10A4, 0x10A4, 0x10A4, 0x10A4, 0x10A4, 0x10A4, 0x10A4, 0x10A4, 0x10A4, 0x10A4,
  0x10A4, 0x10A4, 0x10A4, 0x10A4, 0x10A4, 0x10A4, 0x10A4, 0x10A4, 0x10A4, 0x10A4, 0x10A4, 0x10A4, 0x10A4, 0x10A4, 0x10A4, 0x10A4,
  0x10A4, 0x10A4, 0x10A4, 0x10A4, 0x10A4, 0x10A4, 0x10A4, 0x10A4, 0x10A4, 0x10A4, 0x10A4, 0x10A4, 0x10A4, 0x10A4, 0x10A4, 0x10A4,
  0x10A4, 0x10A4, 0x10A4, 0x10A4, 0x10A4, 0x10A4, 0x10A4, 0x10A4, 0x10A4, 0x10A4, 0x10C4, 0x10A4, 0x10C4, 0x10C4, 0x10C4, 0x10C4,
  0x10C4, 0x10C4, 0x10C4, 0x10C4, 0x10C4, 0x10C4, 0x10C4, 0x10C4, 0x10E5, 0x10C4, 0x10E5, 0x10E5, 0x10E5, 0x10E5, 0x10E5, 0x10E5,
  0x10E5, 0x1105, 0x1105, 0x1105, 0x1105, 0x1105, 0x1105, 0x1105, 0x1105, 0x1105, 0x1125, 0x1125, 0x1126, 0x1126, 0x1126, 0x1126,
  0x1146, 0x1146, 0x1146, 0x1146, 0x1146, 0x1146, 0x1146, 0x1146, 0x1166, 0x1166, 0x1166, 0x1166, 0x1166, 0x1167, 0x1167, 0x1166,
  0x1166, 0x1167, 0x1167, 0x1167, 0x1166, 0x1166, 0x1166, 0x1166, 0x1146, 0x1146, 0x1146, 0x1146, 0x1146, 0x1146, 0x1146, 0x1146,
  0x1126, 0x1126, 0x1126, 0x1126, 0x1125, 0x1125, 0x1125, 0x1105, 0x1105, 0x1105, 0x1105, 0x1105, 0x1105, 0x1105, 0x10E5, 0x10E5,
  0x10E5, 0x10E5, 0x10E5, 0x10E5, 0x10E5, 0x10E5, 0x10C4, 0x10E4, 0x10E5, 0x10C4, 0x10C4, 0x10C4, 0x10C4, 0x10C4, 0x10C4, 0x10C4,
  0x10C4, 0x10C4, 0x10C4, 0x10C4, 0x10A4, 0x10C4, 0x10C4, 0x10A4, 0x10A4, 0x10A4, 0x10A4, 0x10A4, 0x10A4, 0x10A4, 0x10A4, 0x10A4,
  0x10A4, 0x10A4, 0x10A4, 0x10A4, 0x10A4, 0x10A4, 0x10A4, 0x10A4, 0x10A4, 0x10A4, 0x10A4, 0x10A4, 0x10A4, 0x10A4, 0x10A4, 0x10A4,
  0x10A4, 0x10A4, 0x10A4, 0x10A4, 0x10A4, 0x10A4, 0x10A4, 0x10A4, 0x10A4, 0x10A4, 0x10A4, 0x10A4, 0x10A4, 0x10A4, 0x10A4, 0x10A4,
  0x10A4, 0x10A4, 0x10A4, 0x10A4, 0x10A4, 0x10A4, 0x10A4, 0x10A4, 0x10A4, 0x10A4, 0x10A4, 0x10A4, 0x10A4, 0x10A4, 0x10A4, 0x10A4,
  0x10A4, 0x10A4, 0x10A4, 0x10A4, 0x10A4, 0x10A4, 0x10A4, 0x10A4, 0x10A4, 0x10A4, 0x10A4, 0x10A4, 0x10A4, 0x10A4, 0x10A4, 0x10A4,
  0x10A4, 0x10A4, 0x10A4, 0x10A4, 0x10A4, 0x10A4, 0x10A4, 0x10A4, 0x10A4, 0x10A4, 0x10A4, 0x10A4, 0x10A4, 0x10A4, 0x10A4, 0x10A4,
  0x10A4, 0x10A4, 0x10A4, 0x10A4, 0x10A4, 0x10A4, 0x10A4, 0x10A4, 0x10A4, 0x10A4, 0x10A4, 0x10A4, 0x10A4, 0x10A4, 0x10A4, 0x10A4,
  0x10A4, 0x10A4, 0x10A4, 0x10A4, 0x10A4, 0x10A4, 0x10A4, 0x10A4, 0x10A4, 0x10A4, 0x10A4, 0x10A4, 0x10A4, 0x10A4, 0x10A4, 0x10A4,
  0x10A4, 0x10A4, 0x10A4, 0x10A4, 0x10A4, 0x10A4, 0x10A4, 0x10A4, 0x10A4, 0x10A4, 0x10A4, 0x10A4, 0x10A4, 0x10A4, 0x10A4, 0x10A4,
  0x10A4, 0x10A4, 0x10A4, 0x10A4, 0x10A4, 0x10A4, 0x10A4, 0x10A4, 0x10A4, 0x10A4, 0x10A4, 0x10A4, 0x10A4, 0x10A4, 0x10A4, 0x10A4,
  0x10A4, 0x10A4, 0x10A4, 0x10A4, 0x10A4, 0x10A4, 0x10A4, 0x10A4, 0x10A4, 0x10A4, 0x10A4, 0x10A4, 0x10A4, 0x10A4, 0x10A4, 0x10A4,
  0x10A4, 0x10A4, 0x10A4, 0x10A4, 0x10A4, 0x10A4, 0x10A4, 0x10A4, 0x10A4, 0x10A4, 0x10A4, 0x10A4, 0x10A4, 0x10A4, 0x10A4, 0x10A4,
  0x10A4, 0x10A4, 0x10A4, 0x10A4, 0x10A4, 0x10A4, 0x10A4, 0x10A4, 0x10A4, 0x10A4, 0x10A4, 0x10A4, 0x10A4, 0x10A4, 0x10A4, 0x10A4,
  0x10A4, 0x10A4, 0x10A4, 0x10A4, 0x10A4, 0x10A4, 0x10A4, 0x10A4, 0x10A4, 0x10A4, 0x10C4, 0x10A4, 0x10A4, 0x10C4, 0x10C4, 0x10C4,
  0x10C4, 0x10C4, 0x10C4, 0x10C4, 0x10C4, 0x10C4, 0x10C4, 0x10C4, 0x10E5, 0x10C4, 0x10E5, 0x10E5, 0x10E5, 0x10E5, 0x10E5, 0x10E5,
  0x10E5, 0x10E5, 0x1105, 0x1105, 0x1105, 0x1105, 0x1105, 0x1105, 0x1105, 0x1105, 0x1125, 0x1125, 0x1125, 0x1126, 0x1126, 0x1126,
  0x1126, 0x1146, 0x1146, 0x1146, 0x1146, 0x1146, 0x1146, 0x1146, 0x1146, 0x1166, 0x1166, 0x1166, 0x1166, 0x1166, 0x1166, 0x1166,
  0x1166, 0x1167, 0x1166, 0x1166, 0x1166, 0x1166, 0x1166, 0x1166, 0x1146, 0x1146, 0x1146, 0x1146, 0x1146, 0x1146, 0x1146, 0x1146,
  0x1126, 0x1126, 0x1126, 0x1126, 0x1125, 0x1125, 0x1125, 0x1125, 0x1105, 0x1105, 0x1105, 0x1105, 0x1105, 0x1105, 0x1105, 0x10E5,
  0x10E5, 0x10E5, 0x10E5, 0x10E5, 0x10E5, 0x10E5, 0x10E5, 0x10E5, 0x10C4, 0x10C4, 0x10C5, 0x10C4, 0x10C4, 0x10C4, 0x10C4, 0x10C4,
  0x10C4, 0x10C4, 0x10C4, 0x10C4, 0x10C4, 0x10A4, 0x10A4, 0x10A4, 0x10A4, 0x10A4, 0x10A4, 0x10A4, 0x10A4, 0x10A4, 0x10A4, 0x10A4,
  0x10A4, 0x10A4, 0x10A4, 0x10A4, 0x10A4, 0x10A4, 0x10A4, 0x10A4, 0x10A4, 0x10A4, 0x10A4, 0x10A4, 0x10A4, 0x10A4, 0x10A4, 0x10A4,
  0x10A4, 0x10A4, 0x10A4, 0x10A4, 0x10A4, 0x10A4, 0x10A4, 0x10A4, 0x10A4, 0x10A4, 0x10A4, 0x10A4, 0x10A4, 0x10A4, 0x10A4, 0x10A4,
  0x10A4, 0x10A4, 0x10A4, 0x10A4, 0x10A4, 0x10A4, 0x10A4, 0x10A4, 0x10A4, 0x10A4, 0x10A4, 0x10A4, 0x10A4, 0x10A4, 0x10A4, 0x10A4,
  0x10A4, 0x10A4, 0x10A4, 0x10A4, 0x10A4, 0x10A4, 0x10A4, 0x10A4, 0x10A4, 0x10A4, 0x10A4, 0x10A4, 0x10A4, 0x10A4, 0x10A4, 0x10A4,
  0x10A4, 0x10A4, 0x10A4, 0x10A4, 0x10A4, 0x10A4, 0x10A4, 0x10A4, 0x10A4, 0x10A4, 0x10A4, 0x10A4, 0x10A4, 0x10A4, 0x10A4, 0x10A4,
  0x10A4, 0x10A4, 0x10A4, 0x10A4, 0x10A4, 0x10A4, 0x10A4, 0x10A4, 0x10A4, 0x10A4, 0x10A4, 0x10A4, 0x10A4, 0x10A4, 0x10A4, 0x10A4,
  0x10A4, 0x10A4, 0x10A4, 0x10A4, 0x10A4, 0x10A4, 0x10A4, 0x10A4, 0x10A4, 0x10A4, 0x10A4, 0x10A4, 0x10A4, 0x10A4, 0x10A4, 0x10A4,
  0x10A4, 0x10A4, 0x10A4, 0x10A4, 0x10A4, 0x10A4, 0x10A4, 0x10A4, 0x10A4, 0x10A4, 0x10A4, 0x10A4, 0x10A4, 0x10A4, 0x10A4, 0x10A4,
  0x10A4, 0x10A4, 0x10A4, 0x10A4, 0x10A4, 0x10A4, 0x10A4, 0x10A4, 0x10A4, 0x10A4, 0x10A4, 0x10A4, 0x10A4, 0x10A4, 0x10A4, 0x10A4,
  0x10A4, 0x10A4, 0x10A4, 0x10A4, 0x10A4, 0x10A4, 0x10A4, 0x10A4, 0x10A4, 0x10A4, 0x10A4, 0x10A4, 0x10A4, 0x10A4, 0x10A4, 0x10A4,
  0x10A4, 0x10A4, 0x10A4, 0x10A4, 0x10A4, 0x10A4, 0x10A4, 0x10A4, 0x10A4, 0x10A4, 0x10A4, 0x10A4, 0x10A4, 0x10A4, 0x10A4, 0x10A4,
  0x10A4, 0x10A4, 0x10A4, 0x10A4, 0x10A4, 0x10A4, 0x10A4, 0x10A4, 0x10A4, 0x10A4, 0x10A4, 0x10A4, 0x10A4, 0x10A4, 0x10A4, 0x10A4,
  0x10A4, 0x10A4, 0x10A4, 0x10A4, 0x10A4, 0x10A4, 0x10A4, 0x10A4, 0x10A4, 0x10A4, 0x10C4, 0x10C4, 0x10A4, 0x10C4, 0x10C4, 0x10C4,
  0x10C4, 0x10C4, 0x10C4, 0x10C4, 0x10C4, 0x10C5, 0x10C4, 0x10C4, 0x10E5, 0x10E5, 0x10E5, 0x10E5, 0x10E5, 0x10E5, 0x10E5, 0x10E5,
  0x10E5, 0x10E5, 0x10E5, 0x1105, 0x1105, 0x1105, 0x1105, 0x1105, 0x1105, 0x1125, 0x1125, 0x1125, 0x1125, 0x1126, 0x1126, 0x1126,
  0x1126, 0x1146, 0x1146, 0x1146, 0x1146, 0x1146, 0x1146, 0x1146, 0x1166, 0x1146, 0x1166, 0x1166, 0x1166, 0x1166, 0x1166, 0x1166,
  0x1167, 0x1166, 0x1166, 0x1166, 0x1166, 0x1166, 0x1166, 0x1166, 0x1146, 0x1146, 0x1146, 0x1146, 0x1146, 0x1146, 0x1146, 0x1146,
  0x1126, 0x1126, 0x1126, 0x1126, 0x1126, 0x1125, 0x1105, 0x1105, 0x1105, 0x1105, 0x1105, 0x1105, 0x1105, 0x1105, 0x1105, 0x10E5,
  0x10E5, 0x10E5, 0x10E5, 0x10E5, 0x10E5, 0x10E5, 0x10C4, 0x10C5, 0x10C5, 0x10C4, 0x10C4, 0x10C4, 0x10C4, 0x10C4, 0x10C4, 0x10C4,
  0x10C4, 0x10C4, 0x10C4, 0x10C4, 0x10A4, 0x10C4, 0x10A4, 0x10A4, 0x10A4, 0x10A4, 0x10A4, 0x10A4, 0x10A4, 0x10A4, 0x10A4, 0x10A4,
  0x10A4, 0x10A4, 0x10A4, 0x10A4, 0x10A4, 0x10A4, 0x10A4, 0x10A4, 0x10A4, 0x10A4, 0x10A4, 0x10A4, 0x10A4, 0x10A4, 0x10A4, 0x10A4,
  0x10A4, 0x10A4, 0x10A4, 0x10A4, 0x10A4, 0x10A4, 0x10A4, 0x10A4, 0x10A4, 0x10A4, 0x10A4, 0x10A4, 0x10A4, 0x10A4, 0x10A4, 0x10A4,
  0x10A4, 0x10A4, 0x10A4, 0x10A4, 0x10A4, 0x10A4, 0x10A4, 0x10A4, 0x10A4, 0x10A4, 0x10A4, 0x10A4, 0x10A4, 0x10A4, 0x10A4, 0x10A4,
  0x10A4, 0x10A4, 0x10A4, 0x10A4, 0x10A4, 0x10A4, 0x10A4, 0x10A4, 0x10A4, 0x10A4, 0x10A4, 0x10A4, 0x10A4, 0x10A4, 0x10A4, 0x10A4,
  0x10A4, 0x10A4, 0x10A4, 0x10A4, 0x10A4, 0x10A4, 0x10A4, 0x10A4, 0x10A4, 0x10A4, 0x10A4, 0x10A4, 0x10A4, 0x10A4, 0x10A4, 0x10A4,
  0x10A4, 0x10A4, 0x10A4, 0x10A4, 0x10A4, 0x10A4, 0x10A4, 0x10A4, 0x10A4, 0x10A4, 0x10A4, 0x10A4, 0x10A4, 0x10A4, 0x10A4, 0x10A4,
  0x10A4, 0x10A4, 0x10A4, 0x10A4, 0x10A4, 0x10A4, 0x10A4, 0x10A4, 0x10A4, 0x10A4, 0x10A4, 0x10A4, 0x10A4, 0x10A4, 0x10A4, 0x10A4,
  0x10A4, 0x10A4, 0x10A4, 0x10A4, 0x10A4, 0x10A4, 0x10A4, 0x10A4, 0x10A4, 0x10A4, 0x10A4, 0x10A4, 0x10A4, 0x10A4, 0x10A4, 0x10A4,
  0x10A4, 0x10A4, 0x10A4, 0x10A4, 0x10A4, 0x10A4, 0x10A4, 0x10A4, 0x10A4, 0x10A4, 0x10A4, 0x10A4, 0x10A4, 0x10A4, 0x10A4, 0x10A4,
  0x10A4, 0x10A4, 0x10A4, 0x10A4, 0x10A4, 0x10A4, 0x10A4, 0x10A4, 0x10A4, 0x10A4, 0x10A4, 0x10A4, 0x10A4, 0x10A4, 0x10A4, 0x10A4,
  0x10A4, 0x10A4, 0x10A4, 0x10A4, 0x10A4, 0x10A4, 0x10A4, 0x10A4, 0x10A4, 0x10A4, 0x10A4, 0x10A4, 0x10A4, 0x10A4, 0x10A4, 0x10A4,
  0x10A4, 0x10A4, 0x10A4, 0x10A4, 0x10A4, 0x10A4, 0x10A4, 0x10A4, 0x10A4, 0x10A4, 0x10A4, 0x10A4, 0x10A4, 0x10A4, 0x10A4, 0x10A4,
  0x10A4, 0x10A4, 0x10A4, 0x10A4, 0x10A4, 0x10A4, 0x10A4, 0x10A4, 0x10A4, 0x10A4, 0x10A4, 0x10A4, 0x10A4, 0x10C4, 0x10C4, 0x10C4,
  0x10C4, 0x10C4, 0x10C4, 0x10C4, 0x10C4, 0x10C4, 0x10E4, 0x10C4, 0x10E5, 0x10E5, 0x10E5, 0x10E5, 0x10E5, 0x10E5, 0x10E5, 0x10E5,
  0x10E5, 0x10E5, 0x10E5, 0x1105, 0x1105, 0x1105, 0x1105, 0x1105, 0x1105, 0x1125, 0x1125, 0x1125, 0x1125, 0x1126, 0x1126, 0x1126,
  0x1126, 0x1146, 0x1146, 0x1146, 0x1146, 0x1146, 0x1146, 0x1146, 0x1146, 0x1146, 0x1166, 0x1166, 0x1166, 0x1166, 0x1166, 0x1166,
  0x1166, 0x1166, 0x1166, 0x1166, 0x1166, 0x1166, 0x1166, 0x1146, 0x1146, 0x1146, 0x1146, 0x1146, 0x1146, 0x1146, 0x1146, 0x1146,
  0x1146, 0x1126, 0x1126, 0x1126, 0x1125, 0x1125, 0x1125, 0x1105, 0x1105, 0x1105, 0x1105, 0x1105, 0x1105, 0x1105, 0x10E5, 0x10E5,
  0x10E5, 0x10E5, 0x10E5, 0x10E5, 0x10E5, 0x10E5, 0x10C4, 0x10E5, 0x10C5, 0x10C4, 0x10C5, 0x10C4, 0x10C4, 0x10C4, 0x10C4, 0x10C4,
  0x10C4, 0x10C4, 0x10C4, 0x10A4, 0x10A4, 0x10A4, 0x10A4, 0x10A4, 0x10A4, 0x10A4, 0x10A4, 0x10A4, 0x10A4, 0x10A4, 0x10A4, 0x10A4,
  0x10A4, 0x10A4, 0x10A4, 0x10A4, 0x10A4, 0x10A4, 0x10A4, 0x10A4, 0x10A4, 0x10A4, 0x10A4, 0x10A4, 0x10A4, 0x10A4, 0x10A4, 0x10A4,
  0x10A4, 0x10A4, 0x10A4, 0x10A4, 0x10A4, 0x10A4, 0x10A4, 0x10A4, 0x10A4, 0x10A4, 0x10A4, 0x10A4, 0x10A4, 0x10A4, 0x10A4, 0x10A4,
  0x10A4, 0x10A4, 0x10A4, 0x10A4, 0x10A4, 0x10A4, 0x10A4, 0x10A4, 0x10A4, 0x10A4, 0x10A4, 0x10A4, 0x10A4, 0x10A4, 0x10A4, 0x10A4,
  0x10A4, 0x10A4, 0x10A4, 0x10A4, 0x10A4, 0x10A4, 0x10A4, 0x10A4, 0x10A4, 0x10A4, 0x10A4, 0x10A4, 0x10A4, 0x10A4, 0x10A4, 0x10A4,
  0x10A4, 0x10A4, 0x10A4, 0x10A4, 0x10A4, 0x10A4, 0x10A4, 0x10A4, 0x10A4, 0x10A4, 0x10A4, 0x10A4, 0x10A4, 0x10A4, 0x10A4, 0x10A4,
  0x10A4, 0x10A4, 0x10A4, 0x10A4, 0x10A4, 0x10A4, 0x10A4, 0x10A4, 0x10A4, 0x10A4, 0x10A4, 0x10A4, 0x10A4, 0x10A4, 0x10A4, 0x10A4,
  0x10A4, 0x10A4, 0x10A4, 0x10A4, 0x10A4, 0x10A4, 0x10A4, 0x10A4, 0x10A4, 0x10A4, 0x10A4, 0x10A4, 0x10A4, 0x10A4, 0x10A4, 0x10A4,
  0x10A4, 0x10A4, 0x10A4, 0x10A4, 0x10A4, 0x10A4, 0x10A4, 0x10A4, 0x10A4, 0x10A4, 0x10A4, 0x10A4, 0x10A4, 0x10A4, 0x10A4, 0x10A4,
  0x10A4, 0x10A4, 0x10A4, 0x10A4, 0x10A4, 0x10A4, 0x10A4, 0x10A4, 0x10A4, 0x10A4, 0x10A4, 0x10A4, 0x10A4, 0x10A4, 0x10A4, 0x10A4,
  0x10A4, 0x10A4, 0x10A4, 0x10A4, 0x10A4, 0x10A4, 0x10A4, 0x10A4, 0x10A4, 0x10A4, 0x10A4, 0x10A4, 0x10A4, 0x10A4, 0x10A4, 0x10A4,
  0x10A4, 0x10A4, 0x10A4, 0x10A4, 0x10A4, 0x10A4, 0x10A4, 0x10A4, 0x10A4, 0x10A4, 0x10A4, 0x10A4, 0x10A4, 0x10A4, 0x10A4, 0x10A4,
  0x10A4, 0x10A4, 0x10A4, 0x10A4, 0x10A4, 0x10A4, 0x10A4, 0x10A4, 0x10A4, 0x10A4, 0x10A4, 0x10A4, 0x10A4, 0x10A4, 0x10A4, 0x10A4,
  0x10A4, 0x10A4, 0x10A4, 0x10A4, 0x10A4, 0x10A4, 0x10A4, 0x10A4, 0x10A4, 0x10A4, 0x10A4, 0x10A4, 0x10A4, 0x10C4, 0x10C4, 0x10C4,
  0x10C4, 0x10C4, 0x10C4, 0x10C4, 0x10C4, 0x10C4, 0x10C4, 0x10C4, 0x10C5, 0x10C4, 0x10E5, 0x10E5, 0x10E5, 0x10E5, 0x10E5, 0x10E5,
  0x10E5, 0x10E5, 0x1105, 0x1105, 0x1105, 0x1105, 0x1105, 0x1105, 0x1105, 0x1105, 0x1125, 0x1126, 0x1126, 0x1126, 0x1126, 0x1126,
  0x1126, 0x1146, 0x1146, 0x1146, 0x1146, 0x1146, 0x1146, 0x1146, 0x1146, 0x1146, 0x1146, 0x1166, 0x1166, 0x1166, 0x1166, 0x1166,
  0x1166, 0x1166, 0x1166, 0x1166, 0x1166, 0x1166, 0x1166, 0x1166, 0x1146, 0x1146, 0x1146, 0x1146, 0x1146, 0x1146, 0x1146, 0x1126,
  0x1126, 0x1126, 0x1126, 0x1125, 0x1125, 0x1125, 0x1105, 0x1105, 0x1105, 0x1105, 0x1105, 0x1105, 0x1105, 0x10E5, 0x10E5, 0x10E5,
  0x10E5, 0x10E5, 0x10E5, 0x10E5, 0x10E5, 0x10E5, 0x10C4, 0x10E5, 0x10C4, 0x10C4, 0x10C4, 0x10C4, 0x10C4, 0x10C4, 0x10C4, 0x10C4,
  0x10C4, 0x10C4, 0x10C4, 0x10A4, 0x10A4, 0x10A4, 0x10A4, 0x10A4, 0x10A4, 0x10A4, 0x10A4, 0x10A4, 0x10A4, 0x10A4, 0x10A4, 0x10A4,
  0x10A4, 0x10A4, 0x10A4, 0x10A4, 0x10A4, 0x10A4, 0x10A4, 0x10A4, 0x10A4, 0x10A4, 0x10A4, 0x10A4, 0x10A4, 0x10A4, 0x10A4, 0x10A4,
  0x10A4, 0x10A4, 0x10A4, 0x10A4, 0x10A4, 0x10A4, 0x10A4, 0x10A4, 0x10A4, 0x10A4, 0x10A4, 0x10A4, 0x10A4, 0x10A4, 0x10A4, 0x10A4,
  0x10A4, 0x10A4, 0x10A4, 0x10A4, 0x10A4, 0x10A4, 0x10A4, 0x10A4, 0x10A4, 0x10A4, 0x10A4, 0x10A4, 0x10A4, 0x10A4, 0x10A4, 0x10A4,
  0x10A4, 0x10A4, 0x10A4, 0x10A4, 0x10A4, 0x10A4, 0x10A4, 0x10A4, 0x10A4, 0x10A4, 0x10A4, 0x10A4, 0x10A4, 0x10A4, 0x10A4, 0x10A4,
  0x10A4, 0x10A4, 0x10A4, 0x10A4, 0x10A4, 0x10A4, 0x10A4, 0x10A4, 0x10A4, 0x10A4, 0x10A4, 0x10A4, 0x10A4, 0x10A4, 0x10A4, 0x10A4,
  0x10A4, 0x10A4, 0x10A4, 0x10A4, 0x10A4, 0x10A4, 0x10A4, 0x10A4, 0x10A4, 0x10A4, 0x10A4, 0x10A4, 0x10A4, 0x10A4, 0x10A4, 0x10A4,
  0x10A4, 0x10A4, 0x10A4, 0x10A4, 0x10A4, 0x10A4, 0x10A4, 0x10A4, 0x10A4, 0x10A4, 0x10A4, 0x10A4, 0x10A4, 0x10A4, 0x10A4, 0x10A4,
  0x10A4, 0x10A4, 0x10A4, 0x10A4, 0x10A4, 0x10A4, 0x10A4, 0x10A4, 0x10A4, 0x10A4, 0x10A4, 0x10A4, 0x10A4, 0x10A4, 0x10A4, 0x10A4,
  0x10A4, 0x10A4, 0x10A4, 0x10A4, 0x10A4, 0x10A4, 0x10A4, 0x10A4, 0x10A4, 0x10A4, 0x10A4, 0x10A4, 0x10A4, 0x10A4, 0x10A4, 0x10A4,
  0x10A4, 0x10A4, 0x10A4, 0x10A4, 0x10A4, 0x10A4, 0x10A4, 0x10A4, 0x10A4, 0x10A4, 0x10A4, 0x10A4, 0x10A4, 0x10A4, 0x10A4, 0x10A4,
  0x10A4, 0x10A4, 0x10A4, 0x10A4, 0x10A4, 0x10A4, 0x10A4, 0x10A4, 0x10A4, 0x10A4, 0x10A4, 0x10A4, 0x10A4, 0x10A4, 0x10A4, 0x10A4,
  0x10A4, 0x10A4, 0x10A4, 0x10A4, 0x10A4, 0x10A4, 0x10A4, 0x10A4, 0x10A4, 0x10A4, 0x10A4, 0x10A4, 0x10A4, 0x10A4, 0x10A4, 0x10A4,
  0x10A4, 0x10A4, 0x10A4, 0x10A4, 0x10A4, 0x10A4, 0x10A4, 0x10A4, 0x10A4, 0x10A4, 0x10C4, 0x10A4, 0x10A4, 0x10C4, 0x10C4, 0x10C4,
  0x10C4, 0x10C4, 0x10C4, 0x10C4, 0x10C4, 0x10C4, 0x10C4, 0x10C4, 0x10C4, 0x10C4, 0x10C4, 0x10E5, 0x10E5, 0x10E5, 0x10E5, 0x10E5,
  0x10E5, 0x10E5, 0x1105, 0x10E5, 0x1105, 0x1105, 0x1105, 0x1105, 0x1105, 0x1105, 0x1125, 0x1125, 0x1125, 0x1125, 0x1126, 0x1126,
  0x1126, 0x1126, 0x1126, 0x1146, 0x1146, 0x1146, 0x1146, 0x1146, 0x1146, 0x1146, 0x1146, 0x1166, 0x1166, 0x1166, 0x1166, 0x1166,
  0x1166, 0x1166, 0x1166, 0x1166, 0x1166, 0x1166, 0x1146, 0x1146, 0x1146, 0x1146, 0x1146, 0x1146, 0x1146, 0x1146, 0x1146, 0x1126,
  0x1126, 0x1126, 0x1126, 0x1126, 0x1125, 0x1125, 0x1105, 0x1105, 0x1105, 0x1105, 0x1105, 0x1105, 0x1105, 0x10E5, 0x10E5, 0x10E5,
  0x10E5, 0x10E5, 0x10E5, 0x10E5, 0x10E5, 0x10E5, 0x10C4, 0x10E5, 0x10C4, 0x10C4, 0x10C4, 0x10C4, 0x10C4, 0x10C4, 0x10C4, 0x10C4,
  0x10C4, 0x10C4, 0x10C4, 0x10C4, 0x10A4, 0x10C4, 0x10A4, 0x10A4, 0x10A4, 0x10A4, 0x10A4, 0x10A4, 0x10A4, 0x10A4, 0x10A4, 0x10A4,
  0x10A4, 0x10A4, 0x10A4, 0x10A4, 0x10A4, 0x10A4, 0x10A4, 0x10A4, 0x10A4, 0x10A4, 0x10A4, 0x10A4, 0x10A4, 0x10A4, 0x10A4, 0x10A4,
  0x10A4, 0x10A4, 0x10A4, 0x10A4, 0x10A4, 0x10A4, 0x10A4, 0x10A4, 0x10A4, 0x10A4, 0x10A4, 0x10A4, 0x10A4, 0x10A4, 0x10A4, 0x10A4,
  0x10A4, 0x10A4, 0x10A4, 0x10A4, 0x10A4, 0x10A4, 0x10A4, 0x10A4, 0x10A4, 0x10A4, 0x10A4, 0x10A4, 0x10A4, 0x10A4, 0x10A4, 0x10A4,
  0x10A4, 0x10A4, 0x10A4, 0x10A4, 0x10A4, 0x10A4, 0x10A4, 0x10A4, 0x10A4, 0x10A4, 0x10A4, 0x10A4, 0x10A4, 0x10A4, 0x10A4, 0x10A4,
  0x10A4, 0x10A4, 0x10A4, 0x10A4, 0x10A4, 0x10A4, 0x10A4, 0x10A4, 0x10A4, 0x10A4, 0x10A4, 0x10A4, 0x10A4, 0x10A4, 0x10A4, 0x10A4,
  0x10A4, 0x10A4, 0x10A4, 0x10A4, 0x10A4, 0x10A4, 0x10A4, 0x10A4, 0x10A4, 0x10A4, 0x10A4, 0x10A4, 0x10A4, 0x10A4, 0x10A4, 0x10A4,
  0x10A4, 0x10A4, 0x10A4, 0x10A4, 0x10A4, 0x10A4, 0x10A4, 0x10A4, 0x10A4, 0x10A4, 0x10A4, 0x10A4, 0x10A4, 0x10A4, 0x10A4, 0x10A4,
  0x10A4, 0x10A4, 0x10A4, 0x10A4, 0x10A4, 0x10A4, 0x10A4, 0x10A4, 0x10A4, 0x10A4, 0x10A4, 0x10A4, 0x10A4, 0x10A4, 0x10A4, 0x10A4,
  0x10A4, 0x10A4, 0x10A4, 0x10A4, 0x10A4, 0x10A4, 0x10A4, 0x10A4, 0x10A4, 0x10A4, 0x10A4, 0x10A4, 0x10A4, 0x10A4, 0x10A4, 0x10A4,
  0x10A4, 0x10A4, 0x10A4, 0x10A4, 0x10A4, 0x10A4, 0x10A4, 0x10A4, 0x10A4, 0x10A4, 0x10A4, 0x10A4, 0x10A4, 0x10A4, 0x10A4, 0x10A4,
  0x10A4, 0x10A4, 0x10A4, 0x10A4, 0x10A4, 0x10A4, 0x10A4, 0x10A4, 0x10A4, 0x10A4, 0x10A4, 0x10A4, 0x10A4, 0x10A4, 0x10A4, 0x10A4,
  0x10A4, 0x10A4, 0x10A4, 0x10A4, 0x10A4, 0x10A4, 0x10A4, 0x10A4, 0x10A4, 0x10A4, 0x10A4, 0x10A4, 0x10A4, 0x10A4, 0x10A4, 0x10A4,
  0x10A4, 0x10A4, 0x10A4, 0x10A4, 0x10A4, 0x10A4, 0x10A4, 0x10A4, 0x10A4, 0x10A4, 0x10C4, 0x10C4, 0x10A4, 0x10C4, 0x10C4, 0x10C4,
  0x10C4, 0x10C4, 0x10C4, 0x10C4, 0x10C4, 0x10C4, 0x10C5, 0x10C4, 0x10C4, 0x10E5, 0x10E5, 0x10E5, 0x10E5, 0x10E5, 0x10E5, 0x10E5,
  0x10E5, 0x10E5, 0x1105, 0x10E5, 0x1105, 0x1105, 0x1105, 0x1105, 0x1105, 0x1105, 0x1105, 0x1126, 0x1125, 0x1125, 0x1126, 0x1126,
  0x1126, 0x1146, 0x1126, 0x1146, 0x1146, 0x1146, 0x1146, 0x1146, 0x1146, 0x1146, 0x1166, 0x1146, 0x1166, 0x1166, 0x1166, 0x1166,
  0x1166, 0x1166, 0x1166, 0x1166, 0x1146, 0x1146, 0x1166, 0x1166, 0x1146, 0x1146, 0x0946, 0x1146, 0x1146, 0x1146, 0x1126, 0x1126,
  0x1126, 0x1126, 0x1125, 0x1126, 0x1125, 0x1125, 0x1105, 0x1105, 0x1105, 0x1105, 0x1105, 0x1105, 0x1105, 0x1105, 0x10E5, 0x10E5,
  0x10E5, 0x10E5, 0x10E5, 0x10E5, 0x10E5, 0x10E5, 0x10C4, 0x10E5, 0x10C4, 0x10C4, 0x10C4, 0x10C4, 0x10C4, 0x10C4, 0x10C4, 0x10C4,
  0x10C4, 0x10C4, 0x10C4, 0x10C4, 0x10C4, 0x10A4, 0x10A4, 0x10A4, 0x10A4, 0x10A4, 0x10A4, 0x10A4, 0x10A4, 0x10A4, 0x10A4, 0x10A4,
  0x10A4, 0x10A4, 0x10A4, 0x10A4, 0x10A4, 0x10A4, 0x10A4, 0x10A4, 0x10A4, 0x10A4, 0x10A4, 0x10A4, 0x10A4, 0x10A4, 0x10A4, 0x10A4,
  0x10A4, 0x10A4, 0x10A4, 0x10A4, 0x10A4, 0x10A4, 0x10A4, 0x10A4, 0x10A4, 0x10A4, 0x10A4, 0x10A4, 0x10A4, 0x10A4, 0x10A4, 0x10A4,
  0x10A4, 0x10A4, 0x10A4, 0x10A4, 0x10A4, 0x10A4, 0x10A4, 0x10A4, 0x10A4, 0x10A4, 0x10A4, 0x10A4, 0x10A4, 0x10A4, 0x10A4, 0x10A4,
  0x10A4, 0x10A4, 0x10A4, 0x10A4, 0x10A4, 0x10A4, 0x10A4, 0x10A4, 0x10A4, 0x10A4, 0x10A4, 0x10A4, 0x10A4, 0x10A4, 0x10A4, 0x10A4,
  0x10A4, 0x10A4, 0x10A4, 0x10A4, 0x10A4, 0x10A4, 0x10A4, 0x10A4, 0x10A4, 0x10A4, 0x10A4, 0x10A4, 0x10A4, 0x10A4, 0x10A4, 0x10A4,
  0x10A4, 0x10A4, 0x10A4, 0x10A4, 0x10A4, 0x10A4, 0x10A4, 0x10A4, 0x10A4, 0x10A4, 0x10A4, 0x10A4, 0x10A4, 0x10A4, 0x10A4, 0x10A4,
  0x10A4, 0x10A4, 0x10A4, 0x10A4, 0x10A4, 0x10A4, 0x10A4, 0x10A4, 0x10A4, 0x10A4, 0x10A4, 0x10A4, 0x10A4, 0x10A4, 0x10A4, 0x10A4,
  0x10A4, 0x10A4, 0x10A4, 0x10A4, 0x10A4, 0x10A4, 0x10A4, 0x10A4, 0x10A4, 0x10A4, 0x10A4, 0x10A4, 0x10A4, 0x10A4, 0x10A4, 0x10A4,
  0x10A4, 0x10A4, 0x10A4, 0x10A4, 0x10A4, 0x10A4, 0x10A4, 0x10A4, 0x10A4, 0x10A4, 0x10A4, 0x10A4, 0x10A4, 0x10A4, 0x10A4, 0x10A4,
  0x10A4, 0x10A4, 0x10A4, 0x10A4, 0x10A4, 0x10A4, 0x10A4, 0x10A4, 0x10A4, 0x10A4, 0x10A4, 0x10A4, 0x10A4, 0x10A4, 0x10A4, 0x10A4,
  0x10A4, 0x10A4, 0x10A4, 0x10A4, 0x10A4, 0x10A4, 0x10A4, 0x10A4, 0x10A4, 0x10A4, 0x10A4, 0x10A4, 0x10A4, 0x10A4, 0x10A4, 0x10A4,
  0x10A4, 0x10A4, 0x10A4, 0x10A4, 0x10A4, 0x10A4, 0x10A4, 0x10A4, 0x10A4, 0x10A4, 0x10A4, 0x10A4, 0x10A4, 0x10A4, 0x10A4, 0x10A4,
  0x10A4, 0x10A4, 0x10A4, 0x10A4, 0x10A4, 0x10A4, 0x10A4, 0x10A4, 0x10A4, 0x10A4, 0x10A4, 0x10A4, 0x10C4, 0x10C4, 0x10C4, 0x10C4,
  0x10C4, 0x10C4, 0x10C4, 0x10C4, 0x10C4, 0x10C4, 0x10C5, 0x10C4, 0x10C4, 0x10E5, 0x10C4, 0x10E5, 0x10E5, 0x10E5, 0x10E5, 0x10E5,
  0x10E5, 0x10E5, 0x1105, 0x10E5, 0x1105, 0x0905, 0x1105, 0x1105, 0x1105, 0x0905, 0x1126, 0x1126, 0x0925, 0x1125, 0x1125, 0x1126,
  0x1126, 0x1126, 0x1126, 0x1146, 0x1146, 0x1146, 0x1146, 0x1146, 0x1146, 0x1146, 0x1146, 0x1146, 0x1166, 0x1166, 0x1166, 0x1166,
  0x1146, 0x1146, 0x1166, 0x1146, 0x1146, 0x1146, 0x1146, 0x1146, 0x1146, 0x1146, 0x1146, 0x1146, 0x1146, 0x1146, 0x1126, 0x1126,
  0x1126, 0x1126, 0x1126, 0x1125, 0x1125, 0x1105, 0x1105, 0x1105, 0x1105, 0x1105, 0x1105, 0x1105, 0x1105, 0x1105, 0x10E5, 0x10E5,
  0x10E5, 0x10E5, 0x10E5, 0x10E5, 0x10E5, 0x10E5, 0x10E5, 0x10C5, 0x10C4, 0x10C5, 0x10C5, 0x10C4, 0x10C4, 0x10C4, 0x10C4, 0x10C4,
  0x10C4, 0x10C4, 0x10C4, 0x10C4, 0x10A4, 0x10A4, 0x10A4, 0x10A4, 0x10A4, 0x10A4, 0x10A4, 0x10A4, 0x10A4, 0x10A4, 0x10A4, 0x10A4,
  0x10A4, 0x10A4, 0x10A4, 0x10A4, 0x10A4, 0x10A4, 0x10A4, 0x10A4, 0x10A4, 0x10A4, 0x10A4, 0x10A4, 0x10A4, 0x10A4, 0x10A4, 0x10A4,
  0x10A4, 0x10A4, 0x10A4, 0x10A4, 0x10A4, 0x10A4, 0x10A4, 0x10A4, 0x10A4, 0x10A4, 0x10A4, 0x10A4, 0x10A4, 0x10A4, 0x10A4, 0x10A4,
  0x10A4, 0x10A4, 0x10A4, 0x10A4, 0x10A4, 0x10A4, 0x10A4, 0x10A4, 0x10A4, 0x10A4, 0x10A4, 0x10A4, 0x10A4, 0x10A4, 0x10A4, 0x10A4,
  0x10A4, 0x10A4, 0x10A4, 0x10A4, 0x10A4, 0x10A4, 0x10A4, 0x10A4, 0x10A4, 0x10A4, 0x10A4, 0x10A4, 0x10A4, 0x10A4, 0x10A4, 0x10A4,
  0x10A4, 0x10A4, 0x10A4, 0x10A4, 0x10A4, 0x10A4, 0x10A4, 0x10A4, 0x10A4, 0x10A4, 0x10A4, 0x10A4, 0x10A4, 0x10A4, 0x10A4, 0x10A4,
  0x10A4, 0x10A4, 0x10A4, 0x10A4, 0x10A4, 0x10A4, 0x10A4, 0x10A4, 0x10A4, 0x10A4, 0x10A4, 0x10A4, 0x10A4, 0x10A4, 0x10A4, 0x10A4,
  0x10A4, 0x10A4, 0x10A4, 0x10A4, 0x10A4, 0x10A4, 0x10A4, 0x10A4, 0x10A4, 0x10A4, 0x10A4, 0x10A4, 0x10A4, 0x10A4, 0x10A4, 0x10A4,
  0x10A4, 0x10A4, 0x10A4, 0x10A4, 0x10A4, 0x10A4, 0x10A4, 0x10A4, 0x10A4, 0x10A4, 0x10A4, 0x10A4, 0x10A4, 0x10A4, 0x10A4, 0x10A4,
  0x10A4, 0x10A4, 0x10A4, 0x10A4, 0x10A4, 0x10A4, 0x10A4, 0x10A4, 0x10A4, 0x10A4, 0x10A4, 0x10A4, 0x10A4, 0x10A4, 0x10A4, 0x10A4,
  0x10A4, 0x10A4, 0x10A4, 0x10A4, 0x10A4, 0x10A4, 0x10A4, 0x10A4, 0x10A4, 0x10A4, 0x10A4, 0x10A4, 0x10A4, 0x10A4, 0x10A4, 0x10A4,
  0x10A4, 0x10A4, 0x10A4, 0x10A4, 0x10A4, 0x10A4, 0x10A4, 0x10A4, 0x10A4, 0x10A4, 0x10A4, 0x10A4, 0x10A4, 0x10A4, 0x10A4, 0x10A4,
  0x10A4, 0x10A4, 0x10A4, 0x10A4, 0x10A4, 0x10A4, 0x10A4, 0x10A4, 0x10A4, 0x10A4, 0x10A4, 0x10A4, 0x10A4, 0x10A4, 0x10A4, 0x10A4,
  0x10A4, 0x10A4, 0x10A4, 0x10A4, 0x10A4, 0x10A4, 0x10A4, 0x10A4, 0x10A4, 0x10A4, 0x10A4, 0x10A4, 0x10A4, 0x10C4, 0x10C4, 0x10C4,
  0x10C4, 0x10C4, 0x10C4, 0x10C4, 0x10C4, 0x10C4, 0x10C4, 0x10E5, 0x10E5, 0x10E5, 0x10C4, 0x10E5, 0x10E5, 0x10E5, 0x10E5, 0x1105,
  0x08E5, 0x10E5, 0x10E5, 0x1105, 0x1105, 0x1105, 0x1125, 0x1105, 0x1105, 0x1105, 0x1105, 0x1125, 0x1125, 0x1125, 0x1126, 0x1126,
  0x1126, 0x1126, 0x1126, 0x1146, 0x1126, 0x1146, 0x1146, 0x1146, 0x1146, 0x1146, 0x1146, 0x1146, 0x1166, 0x1146, 0x1146, 0x1166,
  0x1166, 0x1166, 0x1146, 0x1146, 0x1146, 0x1146, 0x0946, 0x1146, 0x1146, 0x1166, 0x1146, 0x1146, 0x1126, 0x1146, 0x1126, 0x1126,
  0x1126, 0x1126, 0x1126, 0x1125, 0x0905, 0x1125, 0x1125, 0x1105, 0x1105, 0x1105, 0x1105, 0x1105, 0x1105, 0x10E5, 0x1105, 0x10E5,
  0x10E5, 0x10E5, 0x10E5, 0x10E5, 0x10E5, 0x10E5, 0x10E5, 0x10E5, 0x10C4, 0x10C4, 0x10C4, 0x10C4, 0x10C4, 0x10C4, 0x10C4, 0x10C4,
  0x10C4, 0x10C4, 0x10C4, 0x10C4, 0x10A4, 0x10A4, 0x10A4, 0x10A4, 0x10A4, 0x10A4, 0x10A4, 0x10A4, 0x10A4, 0x10A4, 0x10A4, 0x10A4,
  0x10A4, 0x10A4, 0x10A4, 0x10A4, 0x10A4, 0x10A4, 0x10A4, 0x10A4, 0x10A4, 0x10A4, 0x10A4, 0x10A4, 0x10A4, 0x10A4, 0x10A4, 0x10A4,
  0x10A4, 0x10A4, 0x10A4, 0x10A4, 0x10A4, 0x10A4, 0x10A4, 0x10A4, 0x10A4, 0x10A4, 0x10A4, 0x10A4, 0x10A4, 0x10A4, 0x10A4, 0x10A4,
  0x10A4, 0x10A4, 0x10A4, 0x10A4, 0x10A4, 0x10A4, 0x10A4, 0x10A4, 0x10A4, 0x10A4, 0x10A4, 0x10A4, 0x10A4, 0x10A4, 0x10A4, 0x10A4,
  0x10A4, 0x10A4, 0x10A4, 0x10A4, 0x10A4, 0x10A4, 0x10A4, 0x10A4, 0x10A4, 0x10A4, 0x10A4, 0x10A4, 0x10A4, 0x10A4, 0x10A4, 0x10A4,
  0x10A4, 0x10A4, 0x10A4, 0x10A4, 0x10A4, 0x10A4, 0x10A4, 0x10A4, 0x10A4, 0x10A4, 0x10A4, 0x10A4, 0x10A4, 0x10A4, 0x10A4, 0x10A4,
  0x10A4, 0x10A4, 0x10A4, 0x10A4, 0x10A4, 0x10A4, 0x10A4, 0x10A4, 0x10A4, 0x10A4, 0x10A4, 0x10A4, 0x10A4, 0x10A4, 0x10A4, 0x10A4,
  0x10A4, 0x10A4, 0x10A4, 0x10A4, 0x10A4, 0x10A4, 0x10A4, 0x10A4, 0x10A4, 0x10A4, 0x10A4, 0x10A4, 0x10A4, 0x10A4, 0x10A4, 0x10A4,
  0x10A4, 0x10A4, 0x10A4, 0x10A4, 0x10A4, 0x10A4, 0x10A4, 0x10A4, 0x10A4, 0x10A4, 0x10A4, 0x10A4, 0x10A4, 0x10A4, 0x10A4, 0x10A4,
  0x10A4, 0x10A4, 0x10A4, 0x10A4, 0x10A4, 0x10A4, 0x10A4, 0x10A4, 0x10A4, 0x10A4, 0x10A4, 0x10A4, 0x10A4, 0x10A4, 0x10A4, 0x10A4,
  0x10A4, 0x10A4, 0x10A4, 0x10A4, 0x10A4, 0x10A4, 0x10A4, 0x10A4, 0x10A4, 0x10A4, 0x10A4, 0x10A4, 0x10A4, 0x10A4, 0x10A4, 0x10A4,
  0x10A4, 0x10A4, 0x10A4, 0x10A4, 0x10A4, 0x10A4, 0x10A4, 0x10A4, 0x10A4, 0x10A4, 0x10A4, 0x10A4, 0x10A4, 0x10A4, 0x10A4, 0x10A4,
  0x10A4, 0x10A4, 0x10A4, 0x10A4, 0x10A4, 0x10A4, 0x10A4, 0x10A4, 0x10A4, 0x10A4, 0x10A4, 0x10A4, 0x10A4, 0x10A4, 0x10A4, 0x10A4,
  0x10A4, 0x10A4, 0x10A4, 0x10A4, 0x10A4, 0x10A4, 0x10A4, 0x10A4, 0x10A4, 0x10A4, 0x10A4, 0x10C4, 0x10A4, 0x10C4, 0x10C4, 0x10C4,
  0x10C4, 0x10C4, 0x10C4, 0x10C4, 0x10C4, 0x10C4, 0x10E5, 0x10E5, 0x10C4, 0x10E5, 0x10E5, 0x10E5, 0x10E5, 0x10E5, 0x10E5, 0x10E5,
  0x10E5, 0x10E5, 0x1105, 0x1105, 0x1105, 0x1105, 0x1105, 0x1105, 0x1105, 0x1105, 0x1105, 0x1125, 0x1125, 0x1125, 0x1126, 0x1126,
  0x1126, 0x1146, 0x1146, 0x1146, 0x1146, 0x1146, 0x1146, 0x1146, 0x1146, 0x1146, 0x1146, 0x1146, 0x1146, 0x1166, 0x1166, 0x1166,
  0x1166, 0x1146, 0x1146, 0x1146, 0x1146, 0x1146, 0x1146, 0x1146, 0x1146, 0x1146, 0x1146, 0x1146, 0x1146, 0x1146, 0x1126, 0x1126,
  0x1126, 0x1126, 0x1126, 0x1125, 0x1125, 0x1125, 0x1105, 0x1105, 0x1105, 0x1105, 0x1105, 0x1105, 0x1105, 0x1105, 0x10E5, 0x10E5,
  0x10E5, 0x10E5, 0x10E5, 0x10E5, 0x10E5, 0x10C4, 0x10C4, 0x10E5, 0x10C4, 0x10E5, 0x10C4, 0x10C4, 0x10C4, 0x10C4, 0x10C4, 0x10C4,
  0x10C4, 0x10C4, 0x10C4, 0x10A4, 0x10A4, 0x10A4, 0x10A4, 0x10A4, 0x10A4, 0x10A4, 0x10A4, 0x10A4, 0x10A4, 0x10A4, 0x10A4, 0x10A4,
  0x10A4, 0x10A4, 0x10A4, 0x10A4, 0x10A4, 0x10A4, 0x10A4, 0x10A4, 0x10A4, 0x10A4, 0x10A4, 0x10A4, 0x10A4, 0x10A4, 0x10A4, 0x10A4,
  0x10A4, 0x10A4, 0x10A4, 0x10A4, 0x10A4, 0x10A4, 0x10A4, 0x10A4, 0x10A4, 0x10A4, 0x10A4, 0x10A4, 0x10A4, 0x10A4, 0x10A4, 0x10A4,
  0x10A4, 0x10A4, 0x10A4, 0x10A4, 0x10A4, 0x10A4, 0x10A4, 0x10A4, 0x10A4, 0x10A4, 0x10A4, 0x10A4, 0x10A4, 0x10A4, 0x10A4, 0x10A4,
  0x10A4, 0x10A4, 0x10A4, 0x10A4, 0x10A4, 0x10A4, 0x10A4, 0x10A4, 0x10A4, 0x10A4, 0x10A4, 0x10A4, 0x10A4, 0x10A4, 0x10A4, 0x10A4,
  0x10A4, 0x10A4, 0x10A4, 0x10A4, 0x10A4, 0x10A4, 0x10A4, 0x10A4, 0x10A4, 0x10A4, 0x10A4, 0x10A4, 0x10A4, 0x10A4, 0x10A4, 0x10A4,
  0x10A4, 0x10A4, 0x10A4, 0x10A4, 0x10A4, 0x10A4, 0x10A4, 0x10A4, 0x10A4, 0x10A4, 0x10A4, 0x10A4, 0x10A4, 0x10A4, 0x10A4, 0x10A4,
  0x10A4, 0x10A4, 0x10A4, 0x10A4, 0x10A4, 0x10A4, 0x10A4, 0x10A4, 0x10A4, 0x10A4, 0x10A4, 0x10A4, 0x10A4, 0x10A4, 0x10A4, 0x10A4,
  0x10A4, 0x10A4, 0x10A4, 0x10A4, 0x10A4, 0x10A4, 0x10A4, 0x10A4, 0x10A4, 0x10A4, 0x10A4, 0x10A4, 0x10A4, 0x10A4, 0x10A4, 0x10A4,
  0x10A4, 0x10A4, 0x10A4, 0x10A4, 0x10A4, 0x10A4, 0x10A4, 0x10A4, 0x10A4, 0x10A4, 0x10A4, 0x10A4, 0x10A4, 0x10A4, 0x10A4, 0x10A4,
  0x10A4, 0x10A4, 0x10A4, 0x10A4, 0x10A4, 0x10A4, 0x10A4, 0x10A4, 0x10A4, 0x10A4, 0x10A4, 0x10A4, 0x10A4, 0x10A4, 0x10A4, 0x10A4,
  0x10A4, 0x10A4, 0x10A4, 0x10A4, 0x10A4, 0x10A4, 0x10A4, 0x10A4, 0x10A4, 0x10A4, 0x10A4, 0x10A4, 0x10A4, 0x10A4, 0x10A4, 0x10A4,
  0x10A4, 0x10A4, 0x10A4, 0x10A4, 0x10A4, 0x10A4, 0x10A4, 0x10A4, 0x10A4, 0x10A4, 0x10A4, 0x10A4, 0x10A4, 0x10A4, 0x10A4, 0x10A4,
  0x10A4, 0x10A4, 0x10A4, 0x10A4, 0x10A4, 0x10A4, 0x10A4, 0x10A4, 0x10A4, 0x10A4, 0x10A4, 0x10A4, 0x10A4, 0x10C4, 0x10C4, 0x10C4,
  0x10C4, 0x10C4, 0x10C4, 0x10C4, 0x10C4, 0x10C4, 0x10C5, 0x10E4, 0x10C5, 0x10E5, 0x10C4, 0x10E5, 0x10E5, 0x10E5, 0x10E5, 0x10E5,
  0x10E5, 0x10E5, 0x10E5, 0x1105, 0x1105, 0x1105, 0x1105, 0x1105, 0x1105, 0x1105, 0x1125, 0x1125, 0x1125, 0x1125, 0x1126, 0x1126,
  0x1126, 0x1126, 0x1146, 0x1146, 0x1146, 0x1146, 0x1146, 0x1146, 0x1146, 0x1146, 0x1146, 0x1146, 0x1146, 0x1146, 0x1166, 0x1166,
  0x1166, 0x1166, 0x1146, 0x1146, 0x1146, 0x1146, 0x1146, 0x1146, 0x1146, 0x1146, 0x1146, 0x1146, 0x1146, 0x1146, 0x1126, 0x1126,
  0x1126, 0x1125, 0x1126, 0x1125, 0x1125, 0x1105, 0x1105, 0x1105, 0x1105, 0x1105, 0x1105, 0x1105, 0x1105, 0x1105, 0x10E5, 0x10E5,
  0x10E5, 0x10E5, 0x10E5, 0x10E5, 0x10E5, 0x10E5, 0x10E5, 0x10E5, 0x10C4, 0x10C4, 0x10C4, 0x10C4, 0x10C4, 0x10C4, 0x10C4, 0x10C4,
  0x10C4, 0x10C4, 0x10C4, 0x10A4, 0x10A4, 0x10C4, 0x10A4, 0x10A4, 0x10A4, 0x10A4, 0x10A4, 0x10A4, 0x10A4, 0x10A4, 0x10A4, 0x10A4,
  0x10A4, 0x10A4, 0x10A4, 0x10A4, 0x10A4, 0x10A4, 0x10A4, 0x10A4, 0x10A4, 0x10A4, 0x10A4, 0x10A4, 0x10A4, 0x10A4, 0x10A4, 0x10A4,
  0x10A4, 0x10A4, 0x10A4, 0x10A4, 0x10A4, 0x10A4, 0x10A4, 0x10A4, 0x10A4, 0x10A4, 0x10A4, 0x10A4, 0x10A4, 0x10A4, 0x10A4, 0x10A4,
  0x10A4, 0x10A4, 0x10A4, 0x10A4, 0x10A4, 0x10A4, 0x10A4, 0x10A4, 0x10A4, 0x10A4, 0x10A4, 0x10A4, 0x10A4, 0x10A4, 0x10A4, 0x10A4,
  0x10A4, 0x10A4, 0x10A4, 0x10A4, 0x10A4, 0x10A4, 0x10A4, 0x10A4, 0x10A4, 0x10A4, 0x10A4, 0x10A4, 0x10A4, 0x10A4, 0x10A4, 0x10A4,
  0x10A4, 0x10A4, 0x10A4, 0x10A4, 0x10A4, 0x10A4, 0x10A4, 0x10A4, 0x10A4, 0x10A4, 0x10A4, 0x10A4, 0x10A4, 0x10A4, 0x10A4, 0x10A4,
  0x10A4, 0x10A4, 0x10A4, 0x10A4, 0x10A4, 0x10A4, 0x10A4, 0x10A4, 0x10A4, 0x10A4, 0x10A4, 0x10A4, 0x10A4, 0x10A4, 0x10A4, 0x10A4,
  0x10A4, 0x10A4, 0x10A4, 0x10A4, 0x10A4, 0x10A4, 0x10A4, 0x10A4, 0x10A4, 0x10A4, 0x10A4, 0x10A4, 0x10A4, 0x10A4, 0x10A4, 0x10A4,
  0x10A4, 0x10A4, 0x10A4, 0x10A4, 0x10A4, 0x10A4, 0x10A4, 0x10A4, 0x10A4, 0x10A4, 0x10A4, 0x10A4, 0x10A4, 0x10A4, 0x10A4, 0x10A4,
  0x10A4, 0x10A4, 0x10A4, 0x10A4, 0x10A4, 0x10A4, 0x10A4, 0x10A4, 0x10A4, 0x10A4, 0x10A4, 0x10A4, 0x10A4, 0x10A4, 0x10A4, 0x10A4,
  0x10A4, 0x10A4, 0x10A4, 0x10A4, 0x10A4, 0x10A4, 0x10A4, 0x10A4, 0x10A4, 0x10A4, 0x10A4, 0x10A4, 0x10A4, 0x10A4, 0x10A4, 0x10A4,
  0x10A4, 0x10A4, 0x10A4, 0x10A4, 0x10A4, 0x10A4, 0x10A4, 0x10A4, 0x10A4, 0x10A4, 0x10A4, 0x10A4, 0x10A4, 0x10A4, 0x10A4, 0x10A4,
  0x10A4, 0x10A4, 0x10A4, 0x10A4, 0x10A4, 0x10A4, 0x10A4, 0x10A4, 0x10A4, 0x10A4, 0x10A4, 0x10A4, 0x10A4, 0x10A4, 0x10A4, 0x10A4,
  0x10A4, 0x10A4, 0x10A4, 0x10A4, 0x10A4, 0x10A4, 0x10A4, 0x10A4, 0x10A4, 0x10A4, 0x10A4, 0x10A4, 0x10A4, 0x10C4, 0x10C4, 0x10C4,
  0x10C4, 0x10C4, 0x10C4, 0x10C4, 0x10C4, 0x10C4, 0x10C4, 0x10C4, 0x10C4, 0x10E5, 0x10C4, 0x10E5, 0x10E5, 0x10E5, 0x10E5, 0x10E5,
  0x10E5, 0x10E5, 0x10E5, 0x1105, 0x1105, 0x1105, 0x1105, 0x1105, 0x1105, 0x1105, 0x1105, 0x1105, 0x1125, 0x1125, 0x1126, 0x1126,
  0x1126, 0x1126, 0x1126, 0x1146, 0x1146, 0x1146, 0x1146, 0x1146, 0x1146, 0x1146, 0x1146, 0x1146, 0x1146, 0x1146, 0x1146, 0x1146,
  0x1146, 0x1146, 0x1146, 0x1146, 0x1146, 0x1146, 0x1146, 0x1146, 0x1146, 0x1146, 0x1146, 0x1146, 0x1146, 0x1146, 0x1126, 0x1126,
  0x1126, 0x1126, 0x1125, 0x1125, 0x1125, 0x1105, 0x1105, 0x1105, 0x1105, 0x1105, 0x1105, 0x1105, 0x1105, 0x1105, 0x10E5, 0x10E5,
  0x10E5, 0x10E5, 0x10E5, 0x10E5, 0x10E5, 0x10E5, 0x10E5, 0x10E5, 0x10C4, 0x10C5, 0x10C4, 0x10C4, 0x10C4, 0x10C4, 0x10C4, 0x10C4,
  0x10C4, 0x10C4, 0x10C4, 0x10A4, 0x10C4, 0x10C4, 0x10A4, 0x10A4, 0x10A4, 0x10A4, 0x10A4, 0x10A4, 0x10A4, 0x10A4, 0x10A4, 0x10A4,
  0x10A4, 0x10A4, 0x10A4, 0x10A4, 0x10A4, 0x10A4, 0x10A4, 0x10A4, 0x10A4, 0x10A4, 0x10A4, 0x10A4, 0x10A4, 0x10A4, 0x10A4, 0x10A4,
  0x10A4, 0x10A4, 0x10A4, 0x10A4, 0x10A4, 0x10A4, 0x10A4, 0x10A4, 0x10A4, 0x10A4, 0x10A4, 0x10A4, 0x10A4, 0x10A4, 0x10A4, 0x10A4,
  0x10A4, 0x10A4, 0x10A4, 0x10A4, 0x10A4, 0x10A4, 0x10A4, 0x10A4, 0x10A4, 0x10A4, 0x10A4, 0x10A4, 0x10A4, 0x10A4, 0x10A4, 0x10A4,
  0x10A4, 0x10A4, 0x10A4, 0x10A4, 0x10A4, 0x10A4, 0x10A4, 0x10A4, 0x10A4, 0x10A4, 0x10A4, 0x10A4, 0x10A4, 0x10A4, 0x10A4, 0x10A4,
  0x10A4, 0x10A4, 0x10A4, 0x10A4, 0x10A4, 0x10A4, 0x10A4, 0x10A4, 0x10A4, 0x10A4, 0x10A4, 0x10A4, 0x10A4, 0x10A4, 0x10A4, 0x10A4,
  0x10A4, 0x10A4, 0x10A4, 0x10A4, 0x10A4, 0x10A4, 0x10A4, 0x10A4, 0x10A4, 0x10A4, 0x10A4, 0x10A4, 0x10A4, 0x10A4, 0x10A4, 0x10A4,
  0x10A4, 0x10A4, 0x10A4, 0x10A4, 0x10A4, 0x10A4, 0x10A4, 0x10A4, 0x10A4, 0x10A4, 0x10A4, 0x10A4, 0x10A4, 0x10A4, 0x10A4, 0x10A4,
  0x10A4, 0x10A4, 0x10A4, 0x10A4, 0x10A4, 0x10A4, 0x10A4, 0x10A4, 0x10A4, 0x10A4, 0x10A4, 0x10A4, 0x10A4, 0x10A4, 0x10A4, 0x10A4,
  0x10A4, 0x10A4, 0x10A4, 0x10A4, 0x10A4, 0x10A4, 0x10A4, 0x10A4, 0x10A4, 0x10A4, 0x10A4, 0x10A4, 0x10A4, 0x10A4, 0x10A4, 0x10A4,
  0x10A4, 0x10A4, 0x10A4, 0x10A4, 0x10A4, 0x10A4, 0x10A4, 0x10A4, 0x10A4, 0x10A4, 0x10A4, 0x10A4, 0x10A4, 0x10A4, 0x10A4, 0x10A4,
  0x10A4, 0x10A4, 0x10A4, 0x10A4, 0x10A4, 0x10A4, 0x10A4, 0x10A4, 0x10A4, 0x10A4, 0x10A4, 0x10A4, 0x10A4, 0x10A4, 0x10A4, 0x10A4,
  0x10A4, 0x10A4, 0x10A4, 0x10A4, 0x10A4, 0x10A4, 0x10A4, 0x10A4, 0x10A4, 0x10A4, 0x10A4, 0x10A4, 0x10A4, 0x10A4, 0x10A4, 0x10A4,
  0x10A4, 0x10A4, 0x10A4, 0x10A4, 0x10A4, 0x10A4, 0x10A4, 0x10A4, 0x10A4, 0x10A4, 0x10A4, 0x10C4, 0x10A4, 0x10C4, 0x10C4, 0x10C4,
  0x10C4, 0x10C4, 0x10C4, 0x10C4, 0x10C4, 0x10C4, 0x10C4, 0x10C4, 0x10C4, 0x10C5, 0x10E5, 0x10E5, 0x10E5, 0x10E5, 0x10E5, 0x10E5,
  0x10E5, 0x10E5, 0x10E5, 0x1105, 0x1105, 0x1105, 0x1105, 0x1105, 0x1105, 0x1105, 0x1125, 0x1105, 0x1125, 0x1125, 0x1125, 0x1125,
  0x1126, 0x1126, 0x1126, 0x1126, 0x1146, 0x1146, 0x1146, 0x1146, 0x1146, 0x1146, 0x1146, 0x1146, 0x1146, 0x1146, 0x1146, 0x1146,
  0x1146, 0x1146, 0x1146, 0x1146, 0x1146, 0x1146, 0x1146, 0x1146, 0x1146, 0x1146, 0x1146, 0x1146, 0x1146, 0x1126, 0x1126, 0x1126,
  0x1126, 0x1125, 0x1125, 0x1125, 0x1125, 0x1125, 0x1105, 0x1105, 0x1105, 0x1105, 0x1105, 0x1105, 0x10E5, 0x1105, 0x10E5, 0x10E5,
  0x10E5, 0x10E5, 0x10E5, 0x10E5, 0x10E5, 0x10E5, 0x10C5, 0x10C5, 0x10C4, 0x10C5, 0x10C4, 0x10C4, 0x10C4, 0x10C4, 0x10C4, 0x10C4,
  0x10C4, 0x10C4, 0x10C4, 0x10A4, 0x10C4, 0x10C4, 0x10A4, 0x10A4, 0x10A4, 0x10A4, 0x10A4, 0x10A4, 0x10A4, 0x10A4, 0x10A4, 0x10A4,
  0x10A4, 0x10A4, 0x10A4, 0x10A4, 0x10A4, 0x10A4, 0x10A4, 0x10A4, 0x10A4, 0x10A4, 0x10A4, 0x10A4, 0x10A4, 0x10A4, 0x10A4, 0x10A4,
  0x10A4, 0x10A4, 0x10A4, 0x10A4, 0x10A4, 0x10A4, 0x10A4, 0x10A4, 0x10A4, 0x10A4, 0x10A4, 0x10A4, 0x10A4, 0x10A4, 0x10A4, 0x10A4,
  0x10A4, 0x10A4, 0x10A4, 0x10A4, 0x10A4, 0x10A4, 0x10A4, 0x10A4, 0x10A4, 0x10A4, 0x10A4, 0x10A4, 0x10A4, 0x10A4, 0x10A4, 0x10A4,
  0x10A4, 0x10A4, 0x10A4, 0x10A4, 0x10A4, 0x10A4, 0x10A4, 0x10A4, 0x10A4, 0x10A4, 0x10A4, 0x10A4, 0x10A4, 0x10A4, 0x10A4, 0x10A4,
  0x10A4, 0x10A4, 0x10A4, 0x10A4, 0x10A4, 0x10A4, 0x10A4, 0x10A4, 0x10A4, 0x10A4, 0x10A4, 0x10A4, 0x10A4, 0x10A4, 0x10A4, 0x10A4,
  0x10A4, 0x10A4, 0x10A4, 0x10A4, 0x10A4, 0x10A4, 0x10A4, 0x10A4, 0x10A4, 0x10A4, 0x10A4, 0x10A4, 0x10A4, 0x10A4, 0x10A4, 0x10A4,
  0x10A4, 0x10A4, 0x10A4, 0x10A4, 0x10A4, 0x10A4, 0x10A4, 0x10A4, 0x10A4, 0x10A4, 0x10A4, 0x10A4, 0x10A4, 0x10A4, 0x10A4, 0x10A4,
  0x10A4, 0x10A4, 0x10A4, 0x10A4, 0x10A4, 0x10A4, 0x10A4, 0x10A4, 0x10A4, 0x10A4, 0x10A4, 0x10A4, 0x10A4, 0x10A4, 0x10A4, 0x10A4,
  0x10A4, 0x10A4, 0x10A4, 0x10A4, 0x10A4, 0x10A4, 0x10A4, 0x10A4, 0x10A4, 0x10A4, 0x10A4, 0x10A4, 0x10A4, 0x10A4, 0x10A4, 0x10A4,
  0x10A4, 0x10A4, 0x10A4, 0x10A4, 0x10A4, 0x10A4, 0x10A4, 0x10A4, 0x10A4, 0x10A4, 0x10A4, 0x10A4, 0x10A4, 0x10A4, 0x10A4, 0x10A4,
  0x10A4, 0x10A4, 0x10A4, 0x10A4, 0x10A4, 0x10A4, 0x10A4, 0x10A4, 0x10A4, 0x10A4, 0x10A4, 0x10A4, 0x10A4, 0x10A4, 0x10A4, 0x10A4,
  0x10A4, 0x10A4, 0x10A4, 0x10A4, 0x10A4, 0x10A4, 0x10A4, 0x10A4, 0x10A4, 0x10A4, 0x10A4, 0x10A4, 0x10A4, 0x10A4, 0x10A4, 0x10A4,
  0x10A4, 0x10A4, 0x10A4, 0x10A4, 0x10A4, 0x10A4, 0x10A4, 0x10A4, 0x10A4, 0x10A4, 0x10A4, 0x10C4, 0x10A4, 0x10A4, 0x10C4, 0x10C4,
  0x10C4, 0x10C4, 0x10C4, 0x10C4, 0x10C4, 0x10C4, 0x10C4, 0x10C4, 0x10C4, 0x10C5, 0x10C4, 0x10E5, 0x10E5, 0x10E5, 0x10E5, 0x10E5,
  0x10E5, 0x10E5, 0x10E5, 0x1105, 0x1105, 0x1105, 0x1105, 0x1105, 0x1105, 0x1105, 0x1105, 0x1125, 0x1125, 0x1125, 0x1126, 0x1125,
  0x1126, 0x1126, 0x1126, 0x1126, 0x1146, 0x1146, 0x1146, 0x1146, 0x1146, 0x1146, 0x1146, 0x1146, 0x1146, 0x1146, 0x1146, 0x1146,
  0x1146, 0x1146, 0x1146, 0x1146, 0x1146, 0x1146, 0x1146, 0x1146, 0x1146, 0x1146, 0x1146, 0x1146, 0x1126, 0x1126, 0x1126, 0x1126,
  0x1126, 0x1126, 0x1125, 0x1125, 0x1125, 0x1105, 0x1105, 0x1105, 0x1105, 0x1105, 0x1105, 0x1105, 0x1105, 0x10E5, 0x10E5, 0x10E5,
  0x10E5, 0x10E5, 0x10E5, 0x10E5, 0x10E5, 0x10E5, 0x10E5, 0x10C5, 0x10C4, 0x10C4, 0x10C4, 0x10C4, 0x10C4, 0x10C4, 0x10C4, 0x10C4,
  0x10C4, 0x10C4, 0x10C4, 0x10A4, 0x10C4, 0x10A4, 0x10A4, 0x10A4, 0x10A4, 0x10A4, 0x10A4, 0x10A4, 0x10A4, 0x10A4, 0x10A4, 0x10A4,
  0x10A4, 0x10A4, 0x10A4, 0x10A4, 0x10A4, 0x10A4, 0x10A4, 0x10A4, 0x10A4, 0x10A4, 0x10A4, 0x10A4, 0x10A4, 0x10A4, 0x10A4, 0x10A4,
  0x10A4, 0x10A4, 0x10A4, 0x10A4, 0x10A4, 0x10A4, 0x10A4, 0x10A4, 0x10A4, 0x10A4, 0x10A4, 0x10A4, 0x10A4, 0x10A4, 0x10A4, 0x10A4,
  0x10A4, 0x10A4, 0x10A4, 0x10A4, 0x10A4, 0x10A4, 0x10A4, 0x10A4, 0x10A4, 0x10A4, 0x10A4, 0x10A4, 0x10A4, 0x10A4, 0x10A4, 0x10A4,
  0x10A4, 0x10A4, 0x10A4, 0x10A4, 0x10A4, 0x10A4, 0x10A4, 0x10A4, 0x10A4, 0x10A4, 0x10A4, 0x10A4, 0x10A4, 0x10A4, 0x10A4, 0x10A4,
  0x10A4, 0x10A4, 0x10A4, 0x10A4, 0x10A4, 0x10A4, 0x10A4, 0x10A4, 0x10A4, 0x10A4, 0x10A4, 0x10A4, 0x10A4, 0x10A4, 0x10A4, 0x10A4,
  0x10A4, 0x10A4, 0x10A4, 0x10A4, 0x10A4, 0x10A4, 0x10A4, 0x10A4, 0x10A4, 0x10A4, 0x10A4, 0x10A4, 0x10A4, 0x10A4, 0x10A4, 0x10A4,
  0x10A4, 0x10A4, 0x10A4, 0x10A4, 0x10A4, 0x10A4, 0x10A4, 0x10A4, 0x10A4, 0x10A4, 0x10A4, 0x10A4, 0x10A4, 0x10A4, 0x10A4, 0x10A4,
  0x10A4, 0x10A4, 0x10A4, 0x10A4, 0x10A4, 0x10A4, 0x10A4, 0x10A4, 0x10A4, 0x10A4, 0x10A4, 0x10A4, 0x10A4, 0x10A4, 0x10A4, 0x10A4,
  0x10A4, 0x10A4, 0x10A4, 0x10A4, 0x10A4, 0x10A4, 0x10A4, 0x10A4, 0x10A4, 0x10A4, 0x10A4, 0x10A4, 0x10A4, 0x10A4, 0x10A4, 0x10A4,
  0x10A4, 0x10A4, 0x10A4, 0x10A4, 0x10A4, 0x10A4, 0x10A4, 0x10A4, 0x10A4, 0x10A4, 0x10A4, 0x10A4, 0x10A4, 0x10A4, 0x10A4, 0x10A4,
  0x10A4, 0x10A4, 0x10A4, 0x10A4, 0x10A4, 0x10A4, 0x10A4, 0x10A4, 0x10A4, 0x10A4, 0x10A4, 0x10A4, 0x10A4, 0x10A4, 0x10A4, 0x10A4,
  0x10A4, 0x10A4, 0x10A4, 0x10A4, 0x10A4, 0x10A4, 0x10A4, 0x10A4, 0x10A4, 0x10A4, 0x10A4, 0x10A4, 0x10A4, 0x10A4, 0x10A4, 0x10A4,
  0x10A4, 0x10A4, 0x10A4, 0x10A4, 0x10A4, 0x10A4, 0x10A4, 0x10A4, 0x10A4, 0x10A4, 0x10A4, 0x10C4, 0x10C4, 0x10A4, 0x10C4, 0x10C4,
  0x10C4, 0x10C4, 0x10C4, 0x10C4, 0x10C4, 0x10C4, 0x10C4, 0x10C4, 0x10C4, 0x10E5, 0x10C5, 0x10E5, 0x10E5, 0x10E5, 0x10E5, 0x10E5,
  0x10E5, 0x10E5, 0x10E5, 0x10E5, 0x10E5, 0x1105, 0x1105, 0x1105, 0x1105, 0x1105, 0x1105, 0x1125, 0x1125, 0x1125, 0x1126, 0x1125,
  0x1126, 0x1126, 0x1126, 0x1126, 0x1126, 0x1146, 0x1146, 0x1146, 0x1146, 0x1146, 0x1146, 0x1146, 0x1146, 0x1146, 0x1146, 0x1146,
  0x1146, 0x1146, 0x1146, 0x1146, 0x1146, 0x1146, 0x1146, 0x1146, 0x1146, 0x1146, 0x1146, 0x1146, 0x1126, 0x1126, 0x1126, 0x1126,
  0x1126, 0x1126, 0x1125, 0x1125, 0x1125, 0x1105, 0x1105, 0x1105, 0x1105, 0x1105, 0x1105, 0x1105, 0x1105, 0x10E5, 0x10E5, 0x10E5,
  0x10E5, 0x10E5, 0x10E5, 0x10E5, 0x10E5, 0x10E5, 0x10E5, 0x10C4, 0x10C4, 0x10C5, 0x10C4, 0x10C4, 0x10C4, 0x10C4, 0x10C4, 0x10C4,
  0x10C4, 0x10C4, 0x10C4, 0x10C4, 0x10C4, 0x10C4, 0x10A4, 0x10A4, 0x10A4, 0x10A4, 0x10A4, 0x10A4, 0x10A4, 0x10A4, 0x10A4, 0x10A4,
  0x10A4, 0x10A4, 0x10A4, 0x10A4, 0x10A4, 0x10A4, 0x10A4, 0x10A4, 0x10A4, 0x10A4, 0x10A4, 0x10A4, 0x10A4, 0x10A4, 0x10A4, 0x10A4,
  0x10A4, 0x10A4, 0x10A4, 0x10A4, 0x10A4, 0x10A4, 0x10A4, 0x10A4, 0x10A4, 0x10A4, 0x10A4, 0x10A4, 0x10A4, 0x10A4, 0x10A4, 0x10A4,
  0x10A4, 0x10A4, 0x10A4, 0x10A4, 0x10A4, 0x10A4, 0x10A4, 0x10A4, 0x10A4, 0x10A4, 0x10A4, 0x10A4, 0x10A4, 0x10A4, 0x10A4, 0x10A4,
  0x10A4, 0x10A4, 0x10A4, 0x10A4, 0x10A4, 0x10A4, 0x10A4, 0x10A4, 0x10A4, 0x10A4, 0x10A4, 0x10A4, 0x10A4, 0x10A4, 0x10A4, 0x10A4,
  0x10A4, 0x10A4, 0x10A4, 0x10A4, 0x10A4, 0x10A4, 0x10A4, 0x10A4, 0x10A4, 0x10A4, 0x10A4, 0x10A4, 0x10A4, 0x10A4, 0x10A4, 0x10A4,
  0x10A4, 0x10A4, 0x10A4, 0x10A4, 0x10A4, 0x10A4, 0x10A4, 0x10A4, 0x10A4, 0x10A4, 0x10A4, 0x10A4, 0x10A4, 0x10A4, 0x10A4, 0x10A4,
  0x10A4, 0x10A4, 0x10A4, 0x10A4, 0x10A4, 0x10A4, 0x10A4, 0x10A4, 0x10A4, 0x10A4, 0x10A4, 0x10A4, 0x10A4, 0x10A4, 0x10A4, 0x10A4,
  0x10A4, 0x10A4, 0x10A4, 0x10A4, 0x10A4, 0x10A4, 0x10A4, 0x10A4, 0x10A4, 0x10A4, 0x10A4, 0x10A4, 0x10A4, 0x10A4, 0x10A4, 0x10A4,
  0x10A4, 0x10A4, 0x10A4, 0x10A4, 0x10A4, 0x10A4, 0x10A4, 0x10A4, 0x10A4, 0x10A4, 0x10A4, 0x10A4, 0x10A4, 0x10A4, 0x10A4, 0x10A4,
  0x10A4, 0x10A4, 0x10A4, 0x10A4, 0x10A4, 0x10A4, 0x10A4, 0x10A4, 0x10A4, 0x10A4, 0x10A4, 0x10A4, 0x10A4, 0x10A4, 0x10A4, 0x10A4,
  0x10A4, 0x10A4, 0x10A4, 0x10A4, 0x10A4, 0x10A4, 0x10A4, 0x10A4, 0x10A4, 0x10A4, 0x10A4, 0x10A4, 0x10A4, 0x10A4, 0x10A4, 0x10A4,
  0x10A4, 0x10A4, 0x10A4, 0x10A4, 0x10A4, 0x10A4, 0x10A4, 0x10A4, 0x10A4, 0x10A4, 0x10A4, 0x10A4, 0x10A4, 0x10A4, 0x10A4, 0x10A4,
  0x10A4, 0x10A4, 0x10A4, 0x10A4, 0x10A4, 0x10A4, 0x10A4, 0x10A4, 0x10A4, 0x10A4, 0x10A4, 0x10C4, 0x10C4, 0x10C4, 0x10C4, 0x10C4,
  0x10C4, 0x10C4, 0x10C4, 0x10C4, 0x10C4, 0x10C4, 0x10C4, 0x10C4, 0x10C4, 0x10E4, 0x10E5, 0x10E5, 0x10E5, 0x10E5, 0x10E5, 0x10E5,
  0x10E5, 0x10E5, 0x10E5, 0x10E5, 0x10E5, 0x1105, 0x1105, 0x1105, 0x1105, 0x1105, 0x1105, 0x1105, 0x1125, 0x1125, 0x1125, 0x1126,
  0x1126, 0x1126, 0x1126, 0x1126, 0x1146, 0x1146, 0x1146, 0x1146, 0x1146, 0x1146, 0x1146, 0x1146, 0x1146, 0x1146, 0x1146, 0x1146,
  0x1146, 0x1146, 0x1146, 0x1146, 0x1146, 0x1146, 0x1146, 0x1146, 0x1146, 0x1146, 0x1146, 0x1146, 0x1126, 0x1126, 0x1126, 0x1126,
  0x1125, 0x1126, 0x1125, 0x1125, 0x1125, 0x1105, 0x1105, 0x1105, 0x1105, 0x1105, 0x1105, 0x1105, 0x1105, 0x10E5, 0x10E5, 0x10E5,
  0x10E5, 0x10E5, 0x10E5, 0x10E5, 0x10E5, 0x10E5, 0x10C5, 0x10C4, 0x10C4, 0x10C5, 0x10C4, 0x10C4, 0x10C4, 0x10C4, 0x10C4, 0x10C4,
  0x10C4, 0x10C4, 0x10C4, 0x10A4, 0x10C4, 0x10C4, 0x10A4, 0x10A4, 0x10A4, 0x10A4, 0x10A4, 0x10A4, 0x10A4, 0x10A4, 0x10A4, 0x10A4,
  0x10A4, 0x10A4, 0x10A4, 0x10A4, 0x10A4, 0x10A4, 0x10A4, 0x10A4, 0x10A4, 0x10A4, 0x10A4, 0x10A4, 0x10A4, 0x10A4, 0x10A4, 0x10A4,
  0x10A4, 0x10A4, 0x10A4, 0x10A4, 0x10A4, 0x10A4, 0x10A4, 0x10A4, 0x10A4, 0x10A4, 0x10A4, 0x10A4, 0x10A4, 0x10A4, 0x10A4, 0x10A4,
  0x10A4, 0x10A4, 0x10A4, 0x10A4, 0x10A4, 0x10A4, 0x10A4, 0x10A4, 0x10A4, 0x10A4, 0x10A4, 0x10A4, 0x10A4, 0x10A4, 0x10A4, 0x10A4,
  0x10A4, 0x10A4, 0x10A4, 0x10A4, 0x10A4, 0x10A4, 0x10A4, 0x10A4, 0x10A4, 0x10A4, 0x10A4, 0x10A4, 0x10A4, 0x10A4, 0x10A4, 0x10A4,
  0x10A4, 0x10A4, 0x10A4, 0x10A4, 0x10A4, 0x10A4, 0x10A4, 0x10A4, 0x10A4, 0x10A4, 0x10A4, 0x10A4, 0x10A4, 0x10A4, 0x10A4, 0x10A4,
  0x10A4, 0x10A4, 0x10A4, 0x10A4, 0x10A4, 0x10A4, 0x10A4, 0x10A4, 0x10A4, 0x10A4, 0x10A4, 0x10A4, 0x10A4, 0x10A4, 0x10A4, 0x10A4,
  0x10A4, 0x10A4, 0x10A4, 0x10A4, 0x10A4, 0x10A4, 0x10A4, 0x10A4, 0x10A4, 0x10A4, 0x10A4, 0x10A4, 0x10A4, 0x10A4, 0x10A4, 0x10A4,
  0x10A4, 0x10A4, 0x10A4, 0x10A4, 0x10A4, 0x10A4, 0x10A4, 0x10A4, 0x10A4, 0x10A4, 0x10A4, 0x10A4, 0x10A4, 0x10A4, 0x10A4, 0x10A4,
  0x10A4, 0x10A4, 0x10A4, 0x10A4, 0x10A4, 0x10A4, 0x10A4, 0x10A4, 0x10A4, 0x10A4, 0x10A4, 0x10A4, 0x10A4, 0x10A4, 0x10A4, 0x10A4,
  0x10A4, 0x10A4, 0x10A4, 0x10A4, 0x10A4, 0x10A4, 0x10A4, 0x10A4, 0x10A4, 0x10A4, 0x10A4, 0x10A4, 0x10A4, 0x10A4, 0x10A4, 0x10A4,
  0x10A4, 0x10A4, 0x10A4, 0x10A4, 0x10A4, 0x10A4, 0x10A4, 0x10A4, 0x10A4, 0x10A4, 0x10A4, 0x10A4, 0x10A4, 0x10A4, 0x10A4, 0x10A4,
  0x10A4, 0x10A4, 0x10A4, 0x10A4, 0x10A4, 0x10A4, 0x10A4, 0x10A4, 0x10A4, 0x10A4, 0x10A4, 0x10A4, 0x10A4, 0x10A4, 0x10A4, 0x10A4,
  0x10A4, 0x10A4, 0x10A4, 0x10A4, 0x10A4, 0x10A4, 0x10A4, 0x10A4, 0x10A4, 0x10A4, 0x10A4, 0x10C4, 0x10A4, 0x10A4, 0x10C4, 0x10C4,
  0x10C4, 0x10C4, 0x10C4, 0x10C4, 0x10C4, 0x10C4, 0x10C4, 0x10C5, 0x10C4, 0x10C4, 0x10E5, 0x10C4, 0x10E5, 0x10E5, 0x10E5, 0x10E5,
  0x10E5, 0x10E5, 0x10E5, 0x10E5, 0x10E5, 0x1105, 0x1105, 0x1105, 0x1105, 0x1105, 0x1105, 0x1105, 0x1125, 0x1125, 0x1125, 0x1125,
  0x1126, 0x1126, 0x1126, 0x1126, 0x1146, 0x1146, 0x1146, 0x1146, 0x1146, 0x1146, 0x1146, 0x1146, 0x1146, 0x1146, 0x1146, 0x1146,
  0x1146, 0x1146, 0x1146, 0x1146, 0x1146, 0x1146, 0x1146, 0x1146, 0x1146, 0x1146, 0x1146, 0x1146, 0x1126, 0x1126, 0x1126, 0x1126,
  0x1126, 0x1125, 0x1125, 0x1125, 0x1125, 0x1105, 0x1105, 0x1105, 0x1105, 0x1105, 0x1105, 0x1105, 0x10E5, 0x10E5, 0x10E5, 0x10E5,
  0x10E5, 0x10E5, 0x10E5, 0x10E5, 0x10E5, 0x10E5, 0x10C5, 0x10C4, 0x10C4, 0x10C4, 0x10C4, 0x10C4, 0x10C4, 0x10C4, 0x10C4, 0x10C4,
  0x10C4, 0x10C4, 0x10C4, 0x10A4, 0x10A4, 0x10A4, 0x10A4, 0x10A4, 0x10A4, 0x10A4, 0x10A4, 0x10A4, 0x10A4, 0x10A4, 0x10A4, 0x10A4,
  0x10A4, 0x10A4, 0x10A4, 0x10A4, 0x10A4, 0x10A4, 0x10A4, 0x10A4, 0x10A4, 0x10A4, 0x10A4, 0x10A4, 0x10A4, 0x10A4, 0x10A4, 0x10A4,
  0x10A4, 0x10A4, 0x10A4, 0x10A4, 0x10A4, 0x10A4, 0x10A4, 0x10A4, 0x10A4, 0x10A4, 0x10A4, 0x10A4, 0x10A4, 0x10A4, 0x10A4, 0x10A4,
  0x10A4, 0x10A4, 0x10A4, 0x10A4, 0x10A4, 0x10A4, 0x10A4, 0x10A4, 0x10A4, 0x10A4, 0x10A4, 0x10A4, 0x10A4, 0x10A4, 0x10A4, 0x10A4,
  0x10A4, 0x10A4, 0x10A4, 0x10A4, 0x10A4, 0x10A4, 0x10A4, 0x10A4, 0x10A4, 0x10A4, 0x10A4, 0x10A4, 0x10A4, 0x10A4, 0x10A4, 0x10A4,
  0x10A4, 0x10A4, 0x10A4, 0x10A4, 0x10A4, 0x10A4, 0x10A4, 0x10A4, 0x10A4, 0x10A4, 0x10A4, 0x10A4, 0x10A4, 0x10A4, 0x10A4, 0x10A4,
  0x10A4, 0x10A4, 0x10A4, 0x10A4, 0x10A4, 0x10A4, 0x10A4, 0x10A4, 0x10A4, 0x10A4, 0x10A4, 0x10A4, 0x10A4, 0x10A4, 0x10A4, 0x10A4,
  0x10A4, 0x10A4, 0x10A4, 0x10A4, 0x10A4, 0x10A4, 0x10A4, 0x10A4, 0x10A4, 0x10A4, 0x10A4, 0x10A4, 0x10A4, 0x10A4, 0x10A4, 0x10A4,
  0x10A4, 0x10A4, 0x10A4, 0x10A4, 0x10A4, 0x10A4, 0x10A4, 0x10A4, 0x10A4, 0x10A4, 0x10A4, 0x10A4, 0x10A4, 0x10A4, 0x10A4, 0x10A4,
  0x10A4, 0x10A4, 0x10A4, 0x10A4, 0x10A4, 0x10A4, 0x10A4, 0x10A4, 0x10A4, 0x10A4, 0x10A4, 0x10A4, 0x10A4, 0x10A4, 0x10A4, 0x10A4,
  0x10A4, 0x10A4, 0x10A4, 0x10A4, 0x10A4, 0x10A4, 0x10A4, 0x10A4, 0x10A4, 0x10A4, 0x10A4, 0x10A4, 0x10A4, 0x10A4, 0x10A4, 0x10A4,
  0x10A4, 0x10A4, 0x10A4, 0x10A4, 0x10A4, 0x10A4, 0x10A4, 0x10A4, 0x10A4, 0x10A4, 0x10A4, 0x10A4, 0x10A4, 0x10A4, 0x10A4, 0x10A4,
  0x10A4, 0x10A4, 0x10A4, 0x10A4, 0x10A4, 0x10A4, 0x10A4, 0x10A4, 0x10A4, 0x10A4, 0x10A4, 0x10A4, 0x10A4, 0x10A4, 0x10A4, 0x10A4,
  0x10A4, 0x10A4, 0x10A4, 0x10A4, 0x10A4, 0x10A4, 0x10A4, 0x10A4, 0x10A4, 0x10A4, 0x10A4, 0x10A4, 0x10A4, 0x10A4, 0x10C4, 0x10C4,
  0x10C4, 0x10C4, 0x10C4, 0x10C4, 0x10C4, 0x10C4, 0x10C4, 0x10C4, 0x10C4, 0x10C4, 0x10E5, 0x10E5, 0x10E5, 0x10E5, 0x10E5, 0x10E5,
  0x10E5, 0x10E5, 0x10E5, 0x10E5, 0x1105, 0x1105, 0x1105, 0x1105, 0x1105, 0x1105, 0x1105, 0x1105, 0x1125, 0x1125, 0x1125, 0x1125,
  0x1126, 0x1126, 0x1126, 0x1126, 0x1126, 0x1146, 0x1126, 0x1146, 0x1126, 0x1146, 0x1146, 0x1146, 0x1146, 0x1146, 0x1146, 0x1146,
  0x1146, 0x1146, 0x1146, 0x1146, 0x1146, 0x1146, 0x1146, 0x1146, 0x1146, 0x1146, 0x1126, 0x1126, 0x1126, 0x1126, 0x1126, 0x1125,
  0x1126, 0x1125, 0x1125, 0x1105, 0x1125, 0x1105, 0x1105, 0x1105, 0x1105, 0x1105, 0x1105, 0x1105, 0x10E5, 0x10E5, 0x10E5, 0x10E5,
  0x10E5, 0x10E5, 0x10E5, 0x10E5, 0x10C4, 0x10E5, 0x10E5, 0x10C4, 0x10E5, 0x10C4, 0x10C4, 0x10C4, 0x10C4, 0x10C4, 0x10C4, 0x10C4,
  0x10C4, 0x10C4, 0x10C4, 0x10C4, 0x10A4, 0x10A4, 0x10A4, 0x10A4, 0x10A4, 0x10A4, 0x10A4, 0x10A4, 0x10A4, 0x10A4, 0x10A4, 0x10A4,
  0x10A4, 0x10A4, 0x10A4, 0x10A4, 0x10A4, 0x10A4, 0x10A4, 0x10A4, 0x10A4, 0x10A4, 0x10A4, 0x10A4, 0x10A4, 0x10A4, 0x10A4, 0x10A4,
  0x10A4, 0x10A4, 0x10A4, 0x10A4, 0x10A4, 0x10A4, 0x10A4, 0x10A4, 0x10A4, 0x10A4, 0x10A4, 0x10A4, 0x10A4, 0x10A4, 0x10A4, 0x10A4,
  0x10A4, 0x10A4, 0x10A4, 0x10A4, 0x10A4, 0x10A4, 0x10A4, 0x10A4, 0x10A4, 0x10A4, 0x10A4, 0x10A4, 0x10A4, 0x10A4, 0x10A4, 0x10A4,
  0x10A4, 0x10A4, 0x10A4, 0x10A4, 0x10A4, 0x10A4, 0x10A4, 0x10A4, 0x10A4, 0x10A4, 0x10A4, 0x10A4, 0x10A4, 0x10A4, 0x10A4, 0x10A4,
  0x10A4, 0x10A4, 0x10A4, 0x10A4, 0x10A4, 0x10A4, 0x10A4, 0x10A4, 0x10A4, 0x10A4, 0x10A4, 0x10A4, 0x10A4, 0x10A4, 0x10A4, 0x10A4,
  0x10A4, 0x10A4, 0x10A4, 0x10A4, 0x10A4, 0x10A4, 0x10A4, 0x10A4, 0x10A4, 0x10A4, 0x10A4, 0x10A4, 0x10A4, 0x10A4, 0x10A4, 0x10A4,
  0x10A4, 0x10A4, 0x10A4, 0x10A4, 0x10A4, 0x10A4, 0x10A4, 0x10A4, 0x10A4, 0x10A4, 0x10A4, 0x10A4, 0x10A4, 0x10A4, 0x10A4, 0x10A4,
  0x10A4, 0x10A4, 0x10A4, 0x10A4, 0x10A4, 0x10A4, 0x10A4, 0x10A4, 0x10A4, 0x10A4, 0x10A4, 0x10A4, 0x10A4, 0x10A4, 0x10A4, 0x10A4,
  0x10A4, 0x10A4, 0x10A4, 0x10A4, 0x10A4, 0x10A4, 0x10A4, 0x10A4, 0x10A4, 0x10A4, 0x10A4, 0x10A4, 0x10A4, 0x10A4, 0x10A4, 0x10A4,
  0x10A4, 0x10A4, 0x10A4, 0x10A4, 0x10A4, 0x10A4, 0x10A4, 0x10A4, 0x10A4, 0x10A4, 0x10A4, 0x10A4, 0x10A4, 0x10A4, 0x10A4, 0x10A4,
  0x10A4, 0x10A4, 0x10A4, 0x10A4, 0x10A4, 0x10A4, 0x10A4, 0x10A4, 0x10A4, 0x10A4, 0x10A4, 0x10A4, 0x10A4, 0x10A4, 0x10A4, 0x10A4,
  0x10A4, 0x10A4, 0x10A4, 0x10A4, 0x10A4, 0x10A4, 0x10A4, 0x10A4, 0x10A4, 0x10A4, 0x10A4, 0x10A4, 0x10A4, 0x10A4, 0x10A4, 0x10A4,
  0x10A4, 0x10A4, 0x10A4, 0x10A4, 0x10A4, 0x10A4, 0x10A4, 0x10A4, 0x10A4, 0x10A4, 0x10A4, 0x10A4, 0x10C4, 0x10C4, 0x10C4, 0x10C4,
  0x10C4, 0x10C4, 0x10C4, 0x10C4, 0x10C4, 0x10C4, 0x10C4, 0x10C4, 0x10C4, 0x10C4, 0x10E5, 0x10C4, 0x10E5, 0x10E5, 0x10E5, 0x10E5,
  0x10E5, 0x10E5, 0x10E5, 0x10E5, 0x10E5, 0x1105, 0x1105, 0x1105, 0x1105, 0x1105, 0x1105, 0x1105, 0x1125, 0x1125, 0x1125, 0x1125,
  0x1125, 0x1125, 0x1126, 0x1126, 0x1126, 0x1126, 0x1126, 0x1146, 0x1146, 0x1146, 0x1146, 0x1146, 0x1146, 0x1146, 0x1146, 0x1146,
  0x1146, 0x1146, 0x1146, 0x1146, 0x1146, 0x1146, 0x1146, 0x1146, 0x1146, 0x1146, 0x1146, 0x1126, 0x1126, 0x1126, 0x1126, 0x1125,
  0x1125, 0x1125, 0x1125, 0x1125, 0x1105, 0x1105, 0x1105, 0x1105, 0x1105, 0x1105, 0x1105, 0x1105, 0x1105, 0x10E5, 0x10E5, 0x10E5,
  0x10E5, 0x10E5, 0x10E5, 0x10E5, 0x10E5, 0x10E5, 0x10E5, 0x10C4, 0x10C4, 0x10C4, 0x10C4, 0x10C4, 0x10C4, 0x10C4, 0x10C4, 0x10C4,
  0x10C4, 0x10C4, 0x10C4, 0x10C4, 0x10C4, 0x10A4, 0x10A4, 0x10A4, 0x10A4, 0x10A4, 0x10A4, 0x10A4, 0x10A4, 0x10A4, 0x10A4, 0x10A4,
  0x10A4, 0x10A4, 0x10A4, 0x10A4, 0x10A4, 0x10A4, 0x10A4, 0x10A4, 0x10A4, 0x10A4, 0x10A4, 0x10A4, 0x10A4, 0x10A4, 0x10A4, 0x10A4,
  0x10A4, 0x10A4, 0x10A4, 0x10A4, 0x10A4, 0x10A4, 0x10A4, 0x10A4, 0x10A4, 0x10A4, 0x10A4, 0x10A4, 0x10A4, 0x10A4, 0x10A4, 0x10A4,
  0x10A4, 0x10A4, 0x10A4, 0x10A4, 0x10A4, 0x10A4, 0x10A4, 0x10A4, 0x10A4, 0x10A4, 0x10A4, 0x10A4, 0x10A4, 0x10A4, 0x10A4, 0x10A4,
  0x10A4, 0x10A4, 0x10A4, 0x10A4, 0x10A4, 0x10A4, 0x10A4, 0x10A4, 0x10A4, 0x10A4, 0x10A4, 0x10A4, 0x10A4, 0x10A4, 0x10A4, 0x10A4,
  0x10A4, 0x10A4, 0x10A4, 0x10A4, 0x10A4, 0x10A4, 0x10A4, 0x10A4, 0x10A4, 0x10A4, 0x10A4, 0x10A4, 0x10A4, 0x10A4, 0x10A4, 0x10A4,
  0x10A4, 0x10A4, 0x10A4, 0x10A4, 0x10A4, 0x10A4, 0x10A4, 0x10A4, 0x10A4, 0x10A4, 0x10A4, 0x10A4, 0x10A4, 0x10A4, 0x10A4, 0x10A4,
  0x10A4, 0x10A4, 0x10A4, 0x10A4, 0x10A4, 0x10A4, 0x10A4, 0x10A4, 0x10A4, 0x10A4, 0x10A4, 0x10A4, 0x10A4, 0x10A4, 0x10A4, 0x10A4,
  0x10A4, 0x10A4, 0x10A4, 0x10A4, 0x10A4, 0x10A4, 0x10A4, 0x10A4, 0x10A4, 0x10A4, 0x10A4, 0x10A4, 0x10A4, 0x10A4, 0x10A4, 0x10A4,
  0x10A4, 0x10A4, 0x10A4, 0x10A4, 0x10A4, 0x10A4, 0x10A4, 0x10A4, 0x10A4, 0x10A4, 0x10A4, 0x10A4, 0x10A4, 0x10A4, 0x10A4, 0x10A4,
  0x10A4, 0x10A4, 0x10A4, 0x10A4, 0x10A4, 0x10A4, 0x10A4, 0x10A4, 0x10A4, 0x10A4, 0x10A4, 0x10A4, 0x10A4, 0x10A4, 0x10A4, 0x10A4,
  0x10A4, 0x10A4, 0x10A4, 0x10A4, 0x10A4, 0x10A4, 0x10A4, 0x10A4, 0x10A4, 0x10A4, 0x10A4, 0x10A4, 0x10A4, 0x10A4, 0x10A4, 0x10A4,
  0x10A4, 0x10A4, 0x10A4, 0x10A4, 0x10A4, 0x10A4, 0x10A4, 0x10A4, 0x10A4, 0x10A4, 0x10A4, 0x10A4, 0x10A4, 0x10A4, 0x10A4, 0x10A4,
  0x10A4, 0x10A4, 0x10A4, 0x10A4, 0x10A4, 0x10A4, 0x10A4, 0x10A4, 0x10A4, 0x10A4, 0x10A4, 0x10A4, 0x10A4, 0x10A4, 0x10A4, 0x10C4,
  0x10C4, 0x10C4, 0x10C4, 0x10C4, 0x10C4, 0x10C4, 0x10C4, 0x10C4, 0x10E4, 0x10C4, 0x10C5, 0x10E4, 0x10C5, 0x10E5, 0x10E5, 0x10E5,
  0x10E5, 0x10E5, 0x10E5, 0x10E5, 0x10E5, 0x10E5, 0x1105, 0x1105, 0x1105, 0x1105, 0x1105, 0x1105, 0x1105, 0x1105, 0x1125, 0x1125,
  0x1125, 0x1125, 0x1126, 0x1126, 0x1126, 0x1126, 0x1126, 0x1146, 0x1146, 0x1146, 0x1146, 0x1146, 0x1146, 0x1146, 0x1146, 0x1146,
  0x1146, 0x1146, 0x1146, 0x1146, 0x1146, 0x1146, 0x1146, 0x1146, 0x1146, 0x1126, 0x1146, 0x1126, 0x1126, 0x1126, 0x1126, 0x1126,
  0x1125, 0x1125, 0x1125, 0x1125, 0x1105, 0x1105, 0x1105, 0x1105, 0x1105, 0x1105, 0x1105, 0x10E5, 0x10E5, 0x10E5, 0x10E5, 0x10E5,
  0x10E5, 0x10E5, 0x10E5, 0x10E5, 0x10C4, 0x10C4, 0x10C4, 0x10C4, 0x10C4, 0x10C4, 0x10C4, 0x10C4, 0x10C4, 0x10C4, 0x10C4, 0x10C4,
  0x10C4, 0x10C4, 0x10A4, 0x10C4, 0x10A4, 0x10A4, 0x10A4, 0x10A4, 0x10A4, 0x10A4, 0x10A4, 0x10A4, 0x10A4, 0x10A4, 0x10A4, 0x10A4,
  0x10A4, 0x10A4, 0x10A4, 0x10A4, 0x10A4, 0x10A4, 0x10A4, 0x10A4, 0x10A4, 0x10A4, 0x10A4, 0x10A4, 0x10A4, 0x10A4, 0x10A4, 0x10A4,
  0x10A4, 0x10A4, 0x10A4, 0x10A4, 0x10A4, 0x10A4, 0x10A4, 0x10A4, 0x10A4, 0x10A4, 0x10A4, 0x10A4, 0x10A4, 0x10A4, 0x10A4, 0x10A4,
  0x10A4, 0x10A4, 0x10A4, 0x10A4, 0x10A4, 0x10A4, 0x10A4, 0x10A4, 0x10A4, 0x10A4, 0x10A4, 0x10A4, 0x10A4, 0x10A4, 0x10A4, 0x10A4,
  0x10A4, 0x10A4, 0x10A4, 0x10A4, 0x10A4, 0x10A4, 0x10A4, 0x10A4, 0x10A4, 0x10A4, 0x10A4, 0x10A4, 0x10A4, 0x10A4, 0x10A4, 0x10A4,
  0x10A4, 0x10A4, 0x10A4, 0x10A4, 0x10A4, 0x10A4, 0x10A4, 0x10A4, 0x10A4, 0x10A4, 0x10A4, 0x10A4, 0x10A4, 0x10A4, 0x10A4, 0x10A4,
  0x10A4, 0x10A4, 0x10A4, 0x10A4, 0x10A4, 0x10A4, 0x10A4, 0x10A4, 0x10A4, 0x10A4, 0x10A4, 0x10A4, 0x10A4, 0x10A4, 0x10A4, 0x10A4,
  0x10A4, 0x10A4, 0x10A4, 0x10A4, 0x10A4, 0x10A4, 0x10A4, 0x10A4, 0x10A4, 0x10A4, 0x10A4, 0x10A4, 0x10A4, 0x10A4, 0x10A4, 0x10A4,
  0x10A4, 0x10A4, 0x10A4, 0x10A4, 0x10A4, 0x10A4, 0x10A4, 0x10A4, 0x10A4, 0x10A4, 0x10A4, 0x10A4, 0x10A4, 0x10A4, 0x10A4, 0x10A4,
  0x10A4, 0x10A4, 0x10A4, 0x10A4, 0x10A4, 0x10A4, 0x10A4, 0x10A4, 0x10A4, 0x10A4, 0x10A4, 0x10A4, 0x10A4, 0x10A4, 0x10A4, 0x10A4,
  0x10A4, 0x10A4, 0x10A4, 0x10A4, 0x10A4, 0x10A4, 0x10A4, 0x10A4, 0x10A4, 0x10A4, 0x10A4, 0x10A4, 0x10A4, 0x10A4, 0x10A4, 0x10A4,
  0x10A4, 0x10A4, 0x10A4, 0x10A4, 0x10A4, 0x10A4, 0x10A4, 0x10A4, 0x10A4, 0x10A4, 0x10A4, 0x10A4, 0x10A4, 0x10A4, 0x10A4, 0x10A4,
  0x10A4, 0x10A4, 0x10A4, 0x10A4, 0x10A4, 0x10A4, 0x10A4, 0x10A4, 0x10A4, 0x10A4, 0x10A4, 0x10A4, 0x10A4, 0x10A4, 0x10A4, 0x10A4,
  0x10A4, 0x10A4, 0x10A4, 0x10A4, 0x10A4, 0x10A4, 0x10A4, 0x10A4, 0x10A4, 0x10A4, 0x10A4, 0x10A4, 0x10A4, 0x10A4, 0x10A4, 0x10C4,
  0x10C4, 0x10C4, 0x10C4, 0x10C4, 0x10C4, 0x10C4, 0x10C4, 0x10C4, 0x10E5, 0x10C4, 0x10E5, 0x10E5, 0x10C4, 0x10E5, 0x10E5, 0x10E5,
  0x10E5, 0x10E5, 0x10E5, 0x10E5, 0x10E5, 0x10E5, 0x1105, 0x1105, 0x1105, 0x1105, 0x1105, 0x1105, 0x1105, 0x1125, 0x1105, 0x1125,
  0x1125, 0x1125, 0x1126, 0x1126, 0x1126, 0x1146, 0x1126, 0x1126, 0x1146, 0x1146, 0x1146, 0x1146, 0x1146, 0x1146, 0x1146, 0x1146,
  0x1146, 0x1146, 0x1146, 0x1146, 0x1146, 0x1146, 0x1146, 0x1146, 0x1126, 0x1126, 0x1126, 0x1126, 0x1126, 0x1125, 0x1125, 0x1125,
  0x1125, 0x1125, 0x1125, 0x1125, 0x1105, 0x1105, 0x1105, 0x1105, 0x1105, 0x1105, 0x1105, 0x10E5, 0x10E5, 0x10E5, 0x10E5, 0x10E5,
  0x10E5, 0x10E5, 0x10E5, 0x10C4, 0x10C4, 0x10C4, 0x10C4, 0x10C4, 0x10C4, 0x10C4, 0x10C4, 0x10C4, 0x10C4, 0x10C4, 0x10C4, 0x10C4,
  0x10C4, 0x10C4, 0x10A4, 0x10C4, 0x10A4, 0x10A4, 0x10A4, 0x10A4, 0x10A4, 0x10A4, 0x10A4, 0x10A4, 0x10A4, 0x10A4, 0x10A4, 0x10A4,
  0x10A4, 0x10A4, 0x10A4, 0x10A4, 0x10A4, 0x10A4, 0x10A4, 0x10A4, 0x10A4, 0x10A4, 0x10A4, 0x10A4, 0x10A4, 0x10A4, 0x10A4, 0x10A4,
  0x10A4, 0x10A4, 0x10A4, 0x10A4, 0x10A4, 0x10A4, 0x10A4, 0x10A4, 0x10A4, 0x10A4, 0x10A4, 0x10A4, 0x10A4, 0x10A4, 0x10A4, 0x10A4,
  0x10A4, 0x10A4, 0x10A4, 0x10A4, 0x10A4, 0x10A4, 0x10A4, 0x10A4, 0x10A4, 0x10A4, 0x10A4, 0x10A4, 0x10A4, 0x10A4, 0x10A4, 0x10A4,
  0x10A4, 0x10A4, 0x10A4, 0x10A4, 0x10A4, 0x10A4, 0x10A4, 0x10A4, 0x10A4, 0x10A4, 0x10A4, 0x10A4, 0x10A4, 0x10A4, 0x10A4, 0x10A4,
  0x10A4, 0x10A4, 0x10A4, 0x10A4, 0x10A4, 0x10A4, 0x10A4, 0x10A4, 0x10A4, 0x10A4, 0x10A4, 0x10A4, 0x10A4, 0x10A4, 0x10A4, 0x10A4,
  0x10A4, 0x10A4, 0x10A4, 0x10A4, 0x10A4, 0x10A4, 0x10A4, 0x10A4, 0x10A4, 0x10A4, 0x10A4, 0x10A4, 0x10A4, 0x10A4, 0x10A4, 0x10A4,
  0x10A4, 0x10A4, 0x10A4, 0x10A4, 0x10A4, 0x10A4, 0x10A4, 0x10A4, 0x10A4, 0x10A4, 0x10A4, 0x10A4, 0x10A4, 0x10A4, 0x10A4, 0x10A4,
  0x10A4, 0x10A4, 0x10A4, 0x10A4, 0x10A4, 0x10A4, 0x10A4, 0x10A4, 0x10A4, 0x10A4, 0x10A4, 0x10A4, 0x10A4, 0x10A4, 0x10A4, 0x10A4,
  0x10A4, 0x10A4, 0x10A4, 0x10A4, 0x10A4, 0x10A4, 0x10A4, 0x10A4, 0x10A4, 0x10A4, 0x10A4, 0x10A4, 0x10A4, 0x10A4, 0x10A4, 0x10A4,
  0x10A4, 0x10A4, 0x10A4, 0x10A4, 0x10A4, 0x10A4, 0x10A4, 0x10A4, 0x10A4, 0x10A4, 0x10A4, 0x10A4, 0x10A4, 0x10A4, 0x10A4, 0x10A4,
  0x10A4, 0x10A4, 0x10A4, 0x10A4, 0x10A4, 0x10A4, 0x10A4, 0x10A4, 0x10A4, 0x10A4, 0x10A4, 0x10A4, 0x10A4, 0x10A4, 0x10A4, 0x10A4,
  0x10A4, 0x10A4, 0x10A4, 0x10A4, 0x10A4, 0x10A4, 0x10A4, 0x10A4, 0x10A4, 0x10A4, 0x10A4, 0x10A4, 0x10A4, 0x10A4, 0x10A4, 0x10A4,
  0x10A4, 0x10A4, 0x10A4, 0x10A4, 0x10A4, 0x10A4, 0x10A4, 0x10A4, 0x10A4, 0x10A4, 0x10A4, 0x10A4, 0x10A4, 0x10A4, 0x10A4, 0x10C4,
  0x10C4, 0x10C4, 0x10C4, 0x10C4, 0x10C4, 0x10C4, 0x10C4, 0x10C4, 0x10E5, 0x10C4, 0x10E5, 0x10E5, 0x10E4, 0x10E5, 0x10E5, 0x10E5,
  0x10E5, 0x10E5, 0x10E5, 0x10E5, 0x10E5, 0x10E5, 0x1105, 0x1105, 0x1105, 0x1105, 0x1105, 0x1105, 0x1105, 0x1105, 0x1125, 0x1125,
  0x1125, 0x1125, 0x1126, 0x1126, 0x1125, 0x1126, 0x1126, 0x1126, 0x1126, 0x1126, 0x1146, 0x1146, 0x1146, 0x1146, 0x1146, 0x1146,
  0x1146, 0x1146, 0x1146, 0x1146, 0x1146, 0x1146, 0x1146, 0x1146, 0x1146, 0x1146, 0x1126, 0x1146, 0x1126, 0x1125, 0x1125, 0x1125,
  0x1125, 0x1125, 0x1125, 0x1125, 0x1105, 0x1105, 0x1105, 0x1105, 0x1105, 0x1105, 0x1105, 0x10E5, 0x10E5, 0x10E5, 0x10E5, 0x10E5,
  0x10E5, 0x10E5, 0x10E5, 0x10C4, 0x10C4, 0x10C4, 0x10C4, 0x10C4, 0x10C4, 0x10C4, 0x10C4, 0x10C4, 0x10C4, 0x10C4, 0x10C4, 0x10C4,
  0x10C4, 0x10C4, 0x10A4, 0x10C4, 0x10C4, 0x10A4, 0x10A4, 0x10A4, 0x10A4, 0x10A4, 0x10A4, 0x10A4, 0x10A4, 0x10A4, 0x10A4, 0x10A4,
  0x10A4, 0x10A4, 0x10A4, 0x10A4, 0x10A4, 0x10A4, 0x10A4, 0x10A4, 0x10A4, 0x10A4, 0x10A4, 0x10A4, 0x10A4, 0x10A4, 0x10A4, 0x10A4,
  0x10A4, 0x10A4, 0x10A4, 0x10A4, 0x10A4, 0x10A4, 0x10A4, 0x10A4, 0x10A4, 0x10A4, 0x10A4, 0x10A4, 0x10A4, 0x10A4, 0x10A4, 0x10A4,
  0x10A4, 0x10A4, 0x10A4, 0x10A4, 0x10A4, 0x10A4, 0x10A4, 0x10A4, 0x10A4, 0x10A4, 0x10A4, 0x10A4, 0x10A4, 0x10A4, 0x10A4, 0x10A4,
  0x10A4, 0x10A4, 0x10A4, 0x10A4, 0x10A4, 0x10A4, 0x10A4, 0x10A4, 0x10A4, 0x10A4, 0x10A4, 0x10A4, 0x10A4, 0x10A4, 0x10A4, 0x10A4,
  0x10A4, 0x10A4, 0x10A4, 0x10A4, 0x10A4, 0x10A4, 0x10A4, 0x10A4, 0x10A4, 0x10A4, 0x10A4, 0x10A4, 0x10A4, 0x10A4, 0x10A4, 0x10A4,
  0x10A4, 0x10A4, 0x10A4, 0x10A4, 0x10A4, 0x10A4, 0x10A4, 0x10A4, 0x10A4, 0x10A4, 0x10A4, 0x10A4, 0x10A4, 0x10A4, 0x10A4, 0x10A4,
  0x10A4, 0x10A4, 0x10A4, 0x10A4, 0x10A4, 0x10A4, 0x10A4, 0x10A4, 0x10A4, 0x10A4, 0x10A4, 0x10A4, 0x10A4, 0x10A4, 0x10A4, 0x10A4,
  0x10A4, 0x10A4, 0x10A4, 0x10A4, 0x10A4, 0x10A4, 0x10A4, 0x10A4, 0x10A4, 0x10A4, 0x10A4, 0x10A4, 0x10A4, 0x10A4, 0x10A4, 0x10A4,
  0x10A4, 0x10A4, 0x10A4, 0x10A4, 0x10A4, 0x10A4, 0x10A4, 0x10A4, 0x10A4, 0x10A4, 0x10A4, 0x10A4, 0x10A4, 0x10A4, 0x10A4, 0x10A4,
  0x10A4, 0x10A4, 0x10A4, 0x10A4, 0x10A4, 0x10A4, 0x10A4, 0x10A4, 0x10A4, 0x10A4, 0x10A4, 0x10A4, 0x10A4, 0x10A4, 0x10A4, 0x10A4,
  0x10A4, 0x10A4, 0x10A4, 0x10A4, 0x10A4, 0x10A4, 0x10A4, 0x10A4, 0x10A4, 0x10A4, 0x10A4, 0x10A4, 0x10A4, 0x10A4, 0x10A4, 0x10A4,
  0x10A4, 0x10A4, 0x10A4, 0x10A4, 0x10A4, 0x10A4, 0x10A4, 0x10A4, 0x10A4, 0x10A4, 0x10A4, 0x10A4, 0x10A4, 0x10A4, 0x10A4, 0x10A4,
  0x10A4, 0x10A4, 0x10A4, 0x10A4, 0x10A4, 0x10A4, 0x10A4, 0x10A4, 0x10A4, 0x10A4, 0x10A4, 0x10A4, 0x10A4, 0x10A4, 0x10A4, 0x10C4,
  0x10C4, 0x10C4, 0x10C4, 0x10C4, 0x10C4, 0x10C4, 0x10C4, 0x10C4, 0x10E5, 0x10C4, 0x10C4, 0x10E5, 0x10E4, 0x10E5, 0x10E5, 0x10E5,
  0x10E5, 0x10E5, 0x10E5, 0x10E5, 0x10E5, 0x10E5, 0x1105, 0x1105, 0x1105, 0x1105, 0x1105, 0x1105, 0x1105, 0x1125, 0x1105, 0x1125,
  0x1125, 0x1125, 0x1125, 0x1126, 0x1125, 0x1126, 0x1126, 0x1126, 0x1126, 0x1126, 0x1126, 0x1146, 0x1146, 0x1146, 0x1126, 0x1146,
  0x1146, 0x1126, 0x1146, 0x1146, 0x1146, 0x1146, 0x1146, 0x1146, 0x1126, 0x1126, 0x1126, 0x1126, 0x1125, 0x1125, 0x1125, 0x1125,
  0x1125, 0x1125, 0x1125, 0x1125, 0x1105, 0x1105, 0x1105, 0x1105, 0x1105, 0x1105, 0x1105, 0x10E5, 0x10E5, 0x10E5, 0x10E5, 0x10E5,
  0x10E5, 0x10E5, 0x10E5, 0x10C4, 0x10C4, 0x10C4, 0x10C4, 0x10C4, 0x10C4, 0x10C4, 0x10C4, 0x10C4, 0x10C4, 0x10C4, 0x10C4, 0x10C4,
  0x10C4, 0x10C4, 0x10C4, 0x10C4, 0x10A4, 0x10A4, 0x10A4, 0x10A4, 0x10A4, 0x10A4, 0x10A4, 0x10A4, 0x10A4, 0x10A4, 0x10A4, 0x10A4,
  0x10A4, 0x10A4, 0x10A4, 0x10A4, 0x10A4, 0x10A4, 0x10A4, 0x10A4, 0x10A4, 0x10A4, 0x10A4, 0x10A4, 0x10A4, 0x10A4, 0x10A4, 0x10A4,
  0x10A4, 0x10A4, 0x10A4, 0x10A4, 0x10A4, 0x10A4, 0x10A4, 0x10A4, 0x10A4, 0x10A4, 0x10A4, 0x10A4, 0x10A4, 0x10A4, 0x10A4, 0x10A4,
  0x10A4, 0x10A4, 0x10A4, 0x10A4, 0x10A4, 0x10A4, 0x10A4, 0x10A4, 0x10A4, 0x10A4, 0x10A4, 0x10A4, 0x10A4, 0x10A4, 0x10A4, 0x10A4,
  0x10A4, 0x10A4, 0x10A4, 0x10A4, 0x10A4, 0x10A4, 0x10A4, 0x10A4, 0x10A4, 0x10A4, 0x10A4, 0x10A4, 0x10A4, 0x10A4, 0x10A4, 0x10A4,
  0x10A4, 0x10A4, 0x10A4, 0x10A4, 0x10A4, 0x10A4, 0x10A4, 0x10A4, 0x10A4, 0x10A4, 0x10A4, 0x10A4, 0x10A4, 0x10A4, 0x10A4, 0x10A4,
  0x10A4, 0x10A4, 0x10A4, 0x10A4, 0x10A4, 0x10A4, 0x10A4, 0x10A4, 0x10A4, 0x10A4, 0x10A4, 0x10A4, 0x10A4, 0x10A4, 0x10A4, 0x10A4,
  0x10A4, 0x10A4, 0x10A4, 0x10A4, 0x10A4, 0x10A4, 0x10A4, 0x10A4, 0x10A4, 0x10A4, 0x10A4, 0x10A4, 0x10A4, 0x10A4, 0x10A4, 0x10A4,
  0x10A4, 0x10A4, 0x10A4, 0x10A4, 0x10A4, 0x10A4, 0x10A4, 0x10A4, 0x10A4, 0x10A4, 0x10A4, 0x10A4, 0x10A4, 0x10A4, 0x10A4, 0x10A4,
  0x10A4, 0x10A4, 0x10A4, 0x10A4, 0x10A4, 0x10A4, 0x10A4, 0x10A4, 0x10A4, 0x10A4, 0x10A4, 0x10A4, 0x10A4, 0x10A4, 0x10A4, 0x10A4,
  0x10A4, 0x10A4, 0x10A4, 0x10A4, 0x10A4, 0x10A4, 0x10A4, 0x10A4, 0x10A4, 0x10A4, 0x10A4, 0x10A4, 0x10A4, 0x10A4, 0x10A4, 0x10A4,
  0x10A4, 0x10A4, 0x10A4, 0x10A4, 0x10A4, 0x10A4, 0x10A4, 0x10A4, 0x10A4, 0x10A4, 0x10A4, 0x10A4, 0x10A4, 0x10A4, 0x10A4, 0x10A4,
  0x10A4, 0x10A4, 0x10A4, 0x10A4, 0x10A4, 0x10A4, 0x10A4, 0x10A4, 0x10A4, 0x10A4, 0x10A4, 0x10A4, 0x10A4, 0x10A4, 0x10A4, 0x10A4,
  0x10A4, 0x10A4, 0x10A4, 0x10A4, 0x10A4, 0x10A4, 0x10A4, 0x10A4, 0x10A4, 0x10A4, 0x10A4, 0x10A4, 0x10A4, 0x10A4, 0x10A4, 0x10C4,
  0x10C4, 0x10C4, 0x10C4, 0x10C4, 0x10C4, 0x10C4, 0x10C4, 0x10C4, 0x10C4, 0x10E4, 0x10C4, 0x10E4, 0x10E5, 0x10E5, 0x10E5, 0x10E5,
  0x10E5, 0x10E5, 0x10E5, 0x10E5, 0x10E5, 0x10E5, 0x1105, 0x1105, 0x1105, 0x1105, 0x1105, 0x1105, 0x1105, 0x1125, 0x1125, 0x1105,
  0x1125, 0x1125, 0x1125, 0x1125, 0x1125, 0x1126, 0x1126, 0x1126, 0x1126, 0x1126, 0x1146, 0x1146, 0x1146, 0x1146, 0x1126, 0x1146,
  0x1146, 0x1126, 0x1146, 0x1146, 0x1146, 0x1146, 0x1146, 0x1146, 0x1146, 0x1126, 0x1126, 0x1126, 0x1125, 0x1125, 0x1125, 0x1125,
  0x1125, 0x1125, 0x1125, 0x1105, 0x1105, 0x1105, 0x1105, 0x1105, 0x1105, 0x1105, 0x1105, 0x10E5, 0x10E5, 0x10E5, 0x10E5, 0x10E5,
  0x10E5, 0x10E5, 0x10E5, 0x10C4, 0x10C4, 0x10C4, 0x10C4, 0x10C4, 0x10C4, 0x10C4, 0x10C4, 0x10C4, 0x10C4, 0x10C4, 0x10C4, 0x10C4,
  0x10C4, 0x10C4, 0x10C4, 0x10C4, 0x10A4, 0x10A4, 0x10A4, 0x10A4, 0x10A4, 0x10A4, 0x10A4, 0x10A4, 0x10A4, 0x10A4, 0x10A4, 0x10A4,
  0x10A4, 0x10A4, 0x10A4, 0x10A4, 0x10A4, 0x10A4, 0x10A4, 0x10A4, 0x10A4, 0x10A4, 0x10A4, 0x10A4, 0x10A4, 0x10A4, 0x10A4, 0x10A4,
  0x10A4, 0x10A4, 0x10A4, 0x10A4, 0x10A4, 0x10A4, 0x10A4, 0x10A4, 0x10A4, 0x10A4, 0x10A4, 0x10A4, 0x10A4, 0x10A4, 0x10A4, 0x10A4,
  0x10A4, 0x10A4, 0x10A4, 0x10A4, 0x10A4, 0x10A4, 0x10A4, 0x10A4, 0x10A4, 0x10A4, 0x10A4, 0x10A4, 0x10A4, 0x10A4, 0x10A4, 0x10A4,
  0x10A4, 0x10A4, 0x10A4, 0x10A4, 0x10A4, 0x10A4, 0x10A4, 0x10A4, 0x10A4, 0x10A4, 0x10A4, 0x10A4, 0x10A4, 0x10A4, 0x10A4, 0x10A4,
  0x10A4, 0x10A4, 0x10A4, 0x10A4, 0x10A4, 0x10A4, 0x10A4, 0x10A4, 0x10A4, 0x10A4, 0x10A4, 0x10A4, 0x10A4, 0x10A4, 0x10A4, 0x10A4,
  0x10A4, 0x10A4, 0x10A4, 0x10A4, 0x10A4, 0x10A4, 0x10A4, 0x10A4, 0x10A4, 0x10A4, 0x10A4, 0x10A4, 0x10A4, 0x10A4, 0x10A4, 0x10A4,
  0x10A4, 0x10A4, 0x10A4, 0x10A4, 0x10A4, 0x10A4, 0x10A4, 0x10A4, 0x10A4, 0x10A4, 0x10A4, 0x10A4, 0x10A4, 0x10A4, 0x10A4, 0x10A4,
  0x10A4, 0x10A4, 0x10A4, 0x10A4, 0x10A4, 0x10A4, 0x10A4, 0x10A4, 0x10A4, 0x10A4, 0x10A4, 0x10A4, 0x10A4, 0x10A4, 0x10A4, 0x10A4,
  0x10A4, 0x10A4, 0x10A4, 0x10A4, 0x10A4, 0x10A4, 0x10A4, 0x10A4, 0x10A4, 0x10A4, 0x10A4, 0x10A4, 0x10A4, 0x10A4, 0x10A4, 0x10A4,
  0x10A4, 0x10A4, 0x10A4, 0x10A4, 0x10A4, 0x10A4, 0x10A4, 0x10A4, 0x10A4, 0x10A4, 0x10A4, 0x10A4, 0x10A4, 0x10A4, 0x10A4, 0x10A4,
  0x10A4, 0x10A4, 0x10A4, 0x10A4, 0x10A4, 0x10A4, 0x10A4, 0x10A4, 0x10A4, 0x10A4, 0x10A4, 0x10A4, 0x10A4, 0x10A4, 0x10A4, 0x10A4,
  0x10A4, 0x10A4, 0x10A4, 0x10A4, 0x10A4, 0x10A4, 0x10A4, 0x10A4, 0x10A4, 0x10A4, 0x10A4, 0x10A4, 0x10A4, 0x10A4, 0x10A4, 0x10A4,
  0x10A4, 0x10A4, 0x10A4, 0x10A4, 0x10A4, 0x10A4, 0x10A4, 0x10A4, 0x10A4, 0x10A4, 0x10A4, 0x10A4, 0x10A4, 0x10A4, 0x10A4, 0x10C4,
  0x10C4, 0x10C4, 0x10C4, 0x10C4, 0x10C4, 0x10C4, 0x10C4, 0x10C4, 0x10C4, 0x10C4, 0x10C4, 0x10E5, 0x10E5, 0x10E5, 0x10E5, 0x10E5,
  0x10E5, 0x10E5, 0x10E5, 0x10E5, 0x10E5, 0x10E5, 0x1105, 0x1105, 0x1105, 0x1105, 0x1105, 0x1105, 0x1105, 0x1105, 0x1125, 0x1125,
  0x1125, 0x1125, 0x1125, 0x1125, 0x1125, 0x1126, 0x1126, 0x1126, 0x1146, 0x1146, 0x1146, 0x1146, 0x1146, 0x1146, 0x1126, 0x1146,
  0x1146, 0x1126, 0x1126, 0x1146, 0x1146, 0x1146, 0x1146, 0x1146, 0x1146, 0x1146, 0x1146, 0x1125, 0x1125, 0x1125, 0x1125, 0x1125,
  0x1105, 0x1125, 0x1105, 0x1105, 0x1105, 0x1105, 0x1105, 0x1105, 0x1105, 0x1105, 0x1105, 0x10E5, 0x10E5, 0x10E5, 0x10E5, 0x10E5,
  0x10E5, 0x10E5, 0x10E5, 0x10C4, 0x10C4, 0x10C4, 0x10C4, 0x10E4, 0x10C4, 0x10C4, 0x10C4, 0x10C4, 0x10C4, 0x10C4, 0x10C4, 0x10C4,
  0x10C4, 0x10A4, 0x10C4, 0x10C4, 0x10A4, 0x10A4, 0x10A4, 0x10A4, 0x10A4, 0x10A4, 0x10A4, 0x10A4, 0x10A4, 0x10A4, 0x10A4, 0x10A4,
  0x10A4, 0x10A4, 0x10A4, 0x10A4, 0x10A4, 0x10A4, 0x10A4, 0x10A4, 0x10A4, 0x10A4, 0x10A4, 0x10A4, 0x10A4, 0x10A4, 0x10A4, 0x10A4,
  0x10A4, 0x10A4, 0x10A4, 0x10A4, 0x10A4, 0x10A4, 0x10A4, 0x10A4, 0x10A4, 0x10A4, 0x10A4, 0x10A4, 0x10A4, 0x10A4, 0x10A4, 0x10A4,
  0x10A4, 0x10A4, 0x10A4, 0x10A4, 0x10A4, 0x10A4, 0x10A4, 0x10A4, 0x10A4, 0x10A4, 0x10A4, 0x10A4, 0x10A4, 0x10A4, 0x10A4, 0x10A4,
  0x10A4, 0x10A4, 0x10A4, 0x10A4, 0x10A4, 0x10A4, 0x10A4, 0x10A4, 0x10A4, 0x10A4, 0x10A4, 0x10A4, 0x10A4, 0x10A4, 0x10A4, 0x10A4,
  0x10A4, 0x10A4, 0x10A4, 0x10A4, 0x10A4, 0x10A4, 0x10A4, 0x10A4, 0x10A4, 0x10A4, 0x10A4, 0x10A4, 0x10A4, 0x10A4, 0x10A4, 0x10A4,
  0x10A4, 0x10A4, 0x10A4, 0x10A4, 0x10A4, 0x10A4, 0x10A4, 0x10A4, 0x10A4, 0x10A4, 0x10A4, 0x10A4, 0x10A4, 0x10A4, 0x10A4, 0x10A4,
  0x10A4, 0x10A4, 0x10A4, 0x10A4, 0x10A4, 0x10A4, 0x10A4, 0x10A4, 0x10A4, 0x10A4, 0x10A4, 0x10A4, 0x10A4, 0x10A4, 0x10A4, 0x10A4,
  0x10A4, 0x10A4, 0x10A4, 0x10A4, 0x10A4, 0x10A4, 0x10A4, 0x10A4, 0x10A4, 0x10A4, 0x10A4, 0x10A4, 0x10A4, 0x10A4, 0x10A4, 0x10A4,
  0x10A4, 0x10A4, 0x10A4, 0x10A4, 0x10A4, 0x10A4, 0x10A4, 0x10A4, 0x10A4, 0x10A4, 0x10A4, 0x10A4, 0x10A4, 0x10A4, 0x10A4, 0x10A4,
  0x10A4, 0x10A4, 0x10A4, 0x10A4, 0x10A4, 0x10A4, 0x10A4, 0x10A4, 0x10A4, 0x10A4, 0x10A4, 0x10A4, 0x10A4, 0x10A4, 0x10A4, 0x10A4,
  0x10A4, 0x10A4, 0x10A4, 0x10A4, 0x10A4, 0x10A4, 0x10A4, 0x10A4, 0x10A4, 0x10A4, 0x10A4, 0x10A4, 0x10A4, 0x10A4, 0x10A4, 0x10A4,
  0x10A4, 0x10A4, 0x10A4, 0x10A4, 0x10A4, 0x10A4, 0x10A4, 0x10A4, 0x10A4, 0x10A4, 0x10A4, 0x10A4, 0x10A4, 0x10A4, 0x10A4, 0x10A4,
  0x10A4, 0x10A4, 0x10A4, 0x10A4, 0x10A4, 0x10A4, 0x10A4, 0x10A4, 0x10A4, 0x10A4, 0x10A4, 0x10A4, 0x10A4, 0x10C4, 0x10A4, 0x10C4,
  0x10C4, 0x10C4, 0x10C4, 0x10C4, 0x10C4, 0x10C4, 0x10C4, 0x10C4, 0x10C4, 0x10C4, 0x10C4, 0x10C5, 0x10E4, 0x10E4, 0x10E5, 0x10E5,
  0x10E5, 0x10E5, 0x10E5, 0x10E5, 0x10E5, 0x1105, 0x10E5, 0x1105, 0x1105, 0x1105, 0x1105, 0x1105, 0x1105, 0x1105, 0x1125, 0x1125,
  0x1125, 0x1125, 0x1125, 0x1125, 0x1125, 0x1125, 0x1126, 0x1146, 0x1146, 0x1146, 0x1146, 0x1146, 0x1146, 0x1146, 0x1126, 0x1146,
  0x1146, 0x1126, 0x1126, 0x1146, 0x1146, 0x1146, 0x1146, 0x1146, 0x1146, 0x1146, 0x1125, 0x1125, 0x1125, 0x1125, 0x1125, 0x1105,
  0x1125, 0x1105, 0x1105, 0x1105, 0x1105, 0x1105, 0x1105, 0x1105, 0x1105, 0x1105, 0x1105, 0x10E5, 0x10E5, 0x10E5, 0x10E5, 0x10E5,
  0x10E5, 0x10E5, 0x10E5, 0x10C4, 0x10C4, 0x10C4, 0x10E4, 0x10E4, 0x10C4, 0x10C4, 0x10C4, 0x10C4, 0x10C4, 0x10C4, 0x10C4, 0x10C4,
  0x10C4, 0x10C4, 0x10A4, 0x10A4, 0x10A4, 0x10A4, 0x10A4, 0x10A4, 0x10A4, 0x10A4, 0x10A4, 0x10A4, 0x10A4, 0x10A4, 0x10A4, 0x10A4,
  0x10A4, 0x10A4, 0x10A4, 0x10A4, 0x10A4, 0x10A4, 0x10A4, 0x10A4, 0x10A4, 0x10A4, 0x10A4, 0x10A4, 0x10A4, 0x10A4, 0x10A4, 0x10A4,
  0x10A4, 0x10A4, 0x10A4, 0x10A4, 0x10A4, 0x10A4, 0x10A4, 0x10A4, 0x10A4, 0x10A4, 0x10A4, 0x10A4, 0x10A4, 0x10A4, 0x10A4, 0x10A4,
  0x10A4, 0x10A4, 0x10A4, 0x10A4, 0x10A4, 0x10A4, 0x10A4, 0x10A4, 0x10A4, 0x10A4, 0x10A4, 0x10A4, 0x10A4, 0x10A4, 0x10A4, 0x10A4,
  0x10A4, 0x10A4, 0x10A4, 0x10A4, 0x10A4, 0x10A4, 0x10A4, 0x10A4, 0x10A4, 0x10A4, 0x10A4, 0x10A4, 0x10A4, 0x10A4, 0x10A4, 0x10A4,
  0x10A4, 0x10A4, 0x10A4, 0x10A4, 0x10A4, 0x10A4, 0x10A4, 0x10A4, 0x10A4, 0x10A4, 0x10A4, 0x10A4, 0x10A4, 0x10A4, 0x10A4, 0x10A4,
  0x10A4, 0x10A4, 0x10A4, 0x10A4, 0x10A4, 0x10A4, 0x10A4, 0x10A4, 0x10A4, 0x10A4, 0x10A4, 0x10A4, 0x10A4, 0x10A4, 0x10A4, 0x10A4,
  0x10A4, 0x10A4, 0x10A4, 0x10A4, 0x10A4, 0x10A4, 0x10A4, 0x10A4, 0x10A4, 0x10A4, 0x10A4, 0x10A4, 0x10A4, 0x10A4, 0x10A4, 0x10A4,
  0x10A4, 0x10A4, 0x10A4, 0x10A4, 0x10A4, 0x10A4, 0x10A4, 0x10A4, 0x10A4, 0x10A4, 0x10A4, 0x10A4, 0x10A4, 0x10A4, 0x10A4, 0x10A4,
  0x10A4, 0x10A4, 0x10A4, 0x10A4, 0x10A4, 0x10A4, 0x10A4, 0x10A4, 0x10A4, 0x10A4, 0x10A4, 0x10A4, 0x10A4, 0x10A4, 0x10A4, 0x10A4,
  0x10A4, 0x10A4, 0x10A4, 0x10A4, 0x10A4, 0x10A4, 0x10A4, 0x10A4, 0x10A4, 0x10A4, 0x10A4, 0x10A4, 0x10A4, 0x10A4, 0x10A4, 0x10A4,
  0x10A4, 0x10A4, 0x10A4, 0x10A4, 0x10A4, 0x10A4, 0x10A4, 0x10A4, 0x10A4, 0x10A4, 0x10A4, 0x10A4, 0x10A4, 0x10A4, 0x10A4, 0x10A4,
  0x10A4, 0x10A4, 0x10A4, 0x10A4, 0x10A4, 0x10A4, 0x10A4, 0x10A4, 0x10A4, 0x10A4, 0x10A4, 0x10A4, 0x10A4, 0x10A4, 0x10A4, 0x10A4,
  0x10A4, 0x10A4, 0x10A4, 0x10A4, 0x10A4, 0x10A4, 0x10A4, 0x10A4, 0x10A4, 0x10A4, 0x10A4, 0x10A4, 0x10A4, 0x10A4, 0x10C4, 0x10C4,
  0x10C4, 0x10C4, 0x10C4, 0x10C4, 0x10C4, 0x10C4, 0x10C4, 0x10C4, 0x10C4, 0x10E4, 0x10C4, 0x10C5, 0x10E5, 0x10E4, 0x10E5, 0x10E5,
  0x10E5, 0x10E5, 0x10E5, 0x10E5, 0x10E5, 0x1105, 0x10E5, 0x1105, 0x1105, 0x1105, 0x1105, 0x1105, 0x1105, 0x1105, 0x1105, 0x1125,
  0x1105, 0x1125, 0x1125, 0x1125, 0x1125, 0x1125, 0x1126, 0x1146, 0x1146, 0x1126, 0x1146, 0x1146, 0x1146, 0x1146, 0x1126, 0x1146,
  0x1146, 0x1126, 0x1126, 0x1146, 0x1146, 0x1126, 0x1146, 0x1146, 0x1146, 0x1146, 0x1125, 0x1125, 0x1125, 0x1125, 0x1125, 0x1125,
  0x1105, 0x1105, 0x1105, 0x1105, 0x1105, 0x1105, 0x1105, 0x1105, 0x1105, 0x1105, 0x1105, 0x10E5, 0x10E5, 0x10E5, 0x10E5, 0x10E5,
  0x10E5, 0x10E5, 0x10E5, 0x10C4, 0x10C4, 0x10C4, 0x10E4, 0x10E4, 0x10C4, 0x10C4, 0x10C4, 0x10C4, 0x10C4, 0x10C4, 0x10C4, 0x10C4,
  0x10C4, 0x10C4, 0x10A4, 0x10C4, 0x10A4, 0x10A4, 0x10A4, 0x10A4, 0x10A4, 0x10A4, 0x10A4, 0x10A4, 0x10A4, 0x10A4, 0x10A4, 0x10A4,
  0x10A4, 0x10A4, 0x10A4, 0x10A4, 0x10A4, 0x10A4, 0x10A4, 0x10A4, 0x10A4, 0x10A4, 0x10A4, 0x10A4, 0x10A4, 0x10A4, 0x10A4, 0x10A4,
  0x10A4, 0x10A4, 0x10A4, 0x10A4, 0x10A4, 0x10A4, 0x10A4, 0x10A4, 0x10A4, 0x10A4, 0x10A4, 0x10A4, 0x10A4, 0x10A4, 0x10A4, 0x10A4,
  0x10A4, 0x10A4, 0x10A4, 0x10A4, 0x10A4, 0x10A4, 0x10A4, 0x10A4, 0x10A4, 0x10A4, 0x10A4, 0x10A4, 0x10A4, 0x10A4, 0x10A4, 0x10A4,
  0x10A4, 0x10A4, 0x10A4, 0x10A4, 0x10A4, 0x10A4, 0x10A4, 0x10A4, 0x10A4, 0x10A4, 0x10A4, 0x10A4, 0x10A4, 0x10A4, 0x10A4, 0x10A4,
  0x10A4, 0x10A4, 0x10A4, 0x10A4, 0x10A4, 0x10A4, 0x10A4, 0x10A4, 0x10A4, 0x10A4, 0x10A4, 0x10A4, 0x10A4, 0x10A4, 0x10A4, 0x10A4,
  0x10A4, 0x10A4, 0x10A4, 0x10A4, 0x10A4, 0x10A4, 0x10A4, 0x10A4, 0x10A4, 0x10A4, 0x10A4, 0x10A4, 0x10A4, 0x10A4, 0x10A4, 0x10A4,
  0x10A4, 0x10A4, 0x10A4, 0x10A4, 0x10A4, 0x10A4, 0x10A4, 0x10A4, 0x10A4, 0x10A4, 0x10A4, 0x10A4, 0x10A4, 0x10A4, 0x10A4, 0x10A4,
  0x10A4, 0x10A4, 0x10A4, 0x10A4, 0x10A4, 0x10A4, 0x10A4, 0x10A4, 0x10A4, 0x10A4, 0x10A4, 0x10A4, 0x10A4, 0x10A4, 0x10A4, 0x10A4,
  0x10A4, 0x10A4, 0x10A4, 0x10A4, 0x10A4, 0x10A4, 0x10A4, 0x10A4, 0x10A4, 0x10A4, 0x10A4, 0x10A4, 0x10A4, 0x10A4, 0x10A4, 0x10A4,
  0x10A4, 0x10A4, 0x10A4, 0x10A4, 0x10A4, 0x10A4, 0x10A4, 0x10A4, 0x10A4, 0x10A4, 0x10A4, 0x10A4, 0x10A4, 0x10A4, 0x10A4, 0x10A4,
  0x10A4, 0x10A4, 0x10A4, 0x10A4, 0x10A4, 0x10A4, 0x10A4, 0x10A4, 0x10A4, 0x10A4, 0x10A4, 0x10A4, 0x10A4, 0x10A4, 0x10A4, 0x10A4,
  0x10A4, 0x10A4, 0x10A4, 0x10A4, 0x10A4, 0x10A4, 0x10A4, 0x10A4, 0x10A4, 0x10A4, 0x10A4, 0x10A4, 0x10A4, 0x10A4, 0x10A4, 0x10A4,
  0x10A4, 0x10A4, 0x10A4, 0x10A4, 0x10A4, 0x10A4, 0x10A4, 0x10A4, 0x10A4, 0x10A4, 0x10A4, 0x10A4, 0x10A4, 0x10C4, 0x10C4, 0x10C4,
  0x10C4, 0x10C4, 0x10C4, 0x10C4, 0x10C4, 0x10C4, 0x10C4, 0x10C4, 0x10C4, 0x10E4, 0x10C4, 0x10C4, 0x10E4, 0x10E4, 0x10E4, 0x10E5,
  0x10E5, 0x10E5, 0x10E5, 0x10E5, 0x10E5, 0x10E5, 0x10E5, 0x1105, 0x1105, 0x1105, 0x1105, 0x1105, 0x1105, 0x1105, 0x1105, 0x1105,
  0x1125, 0x1125, 0x1125, 0x1125, 0x1125, 0x1125, 0x1145, 0x1146, 0x1126, 0x1146, 0x1146, 0x1146, 0x1145, 0x1126, 0x1126, 0x1126,
  0x1146, 0x1126, 0x1126, 0x1146, 0x1146, 0x1126, 0x1126, 0x1146, 0x1146, 0x1125, 0x1125, 0x1125, 0x1125, 0x1125, 0x1125, 0x1125,
  0x1125, 0x1105, 0x1105, 0x1105, 0x1105, 0x1105, 0x1105, 0x1105, 0x10E5, 0x10E5, 0x10E5, 0x10E5, 0x10E5, 0x10E5, 0x10E5, 0x10E5,
  0x10E5, 0x10E5, 0x10C4, 0x10C4, 0x10C4, 0x10C4, 0x10E4, 0x10E4, 0x10C4, 0x10C4, 0x10C4, 0x10C4, 0x10C4, 0x10C4, 0x10C4, 0x10C4,
  0x10C4, 0x10C4, 0x10C4, 0x10C4, 0x10A4, 0x10A4, 0x10A4, 0x10A4, 0x10A4, 0x10A4, 0x10A4, 0x10A4, 0x10A4, 0x10A4, 0x10A4, 0x10A4,
  0x10A4, 0x10A4, 0x10A4, 0x10A4, 0x10A4, 0x10A4, 0x10A4, 0x10A4, 0x10A4, 0x10A4, 0x10A4, 0x10A4, 0x10A4, 0x10A4, 0x10A4, 0x10A4,
  0x10A4, 0x10A4, 0x10A4, 0x10A4, 0x10A4, 0x10A4, 0x10A4, 0x10A4, 0x10A4, 0x10A4, 0x10A4, 0x10A4, 0x10A4, 0x10A4, 0x10A4, 0x10A4,
  0x10A4, 0x10A4, 0x10A4, 0x10A4, 0x10A4, 0x10A4, 0x10A4, 0x10A4, 0x10A4, 0x10A4, 0x10A4, 0x10A4, 0x10A4, 0x10A4, 0x10A4, 0x10A4,
  0x10A4, 0x10A4, 0x10A4, 0x10A4, 0x10A4, 0x10A4, 0x10A4, 0x10A4, 0x10A4, 0x10A4, 0x10A4, 0x10A4, 0x10A4, 0x10A4, 0x10A4, 0x10A4,
  0x10A4, 0x10A4, 0x10A4, 0x10A4, 0x10A4, 0x10A4, 0x10A4, 0x10A4, 0x10A4, 0x10A4, 0x10A4, 0x10A4, 0x10A4, 0x10A4, 0x10A4, 0x10A4,
  0x10A4, 0x10A4, 0x10A4, 0x10A4, 0x10A4, 0x10A4, 0x10A4, 0x10A4, 0x10A4, 0x10A4, 0x10A4, 0x10A4, 0x10A4, 0x10A4, 0x10A4, 0x10A4,
  0x10A4, 0x10A4, 0x10A4, 0x10A4, 0x10A4, 0x10A4, 0x10A4, 0x10A4, 0x10A4, 0x10A4, 0x10A4, 0x10A4, 0x10A4, 0x10A4, 0x10A4, 0x10A4,
  0x10A4, 0x10A4, 0x10A4, 0x10A4, 0x10A4, 0x10A4, 0x10A4, 0x10A4, 0x10A4, 0x10A4, 0x10A4, 0x10A4, 0x10A4, 0x10A4, 0x10A4, 0x10A4,
  0x10A4, 0x10A4, 0x10A4, 0x10A4, 0x10A4, 0x10A4, 0x10A4, 0x10A4, 0x10A4, 0x10A4, 0x10A4, 0x10A4, 0x10A4, 0x10A4, 0x10A4, 0x10A4,
  0x10A4, 0x10A4, 0x10A4, 0x10A4, 0x10A4, 0x10A4, 0x10A4, 0x10A4, 0x10A4, 0x10A4, 0x10A4, 0x10A4, 0x10A4, 0x10A4, 0x10A4, 0x10A4,
  0x10A4, 0x10A4, 0x10A4, 0x10A4, 0x10A4, 0x10A4, 0x10A4, 0x10A4, 0x10A4, 0x10A4, 0x10A4, 0x10A4, 0x10A4, 0x10A4, 0x10A4, 0x10A4,
  0x10A4, 0x10A4, 0x10A4, 0x10A4, 0x10A4, 0x10A4, 0x10A4, 0x10A4, 0x10A4, 0x10A4, 0x10A4, 0x10A4, 0x10A4, 0x10A4, 0x10A4, 0x10A4,
  0x10A4, 0x10A4, 0x10A4, 0x10A4, 0x10A4, 0x10A4, 0x10A4, 0x10A4, 0x10A4, 0x10A4, 0x10A4, 0x10A4, 0x10A4, 0x10C4, 0x10C4, 0x10C4,
  0x10C4, 0x10C4, 0x10C4, 0x10C4, 0x10C4, 0x10C4, 0x10C4, 0x10C4, 0x10C4, 0x10E4, 0x10E4, 0x10C4, 0x10E5, 0x10C4, 0x10E4, 0x10E5,
  0x10E5, 0x10E5, 0x10E5, 0x10E5, 0x10E5, 0x10E5, 0x10E5, 0x1105, 0x1105, 0x1105, 0x1105, 0x1105, 0x1105, 0x1105, 0x1105, 0x1125,
  0x1125, 0x1125, 0x1125, 0x1125, 0x1125, 0x1125, 0x1125, 0x1125, 0x1125, 0x1145, 0x1145, 0x1125, 0x1126, 0x1126, 0x1126, 0x1126,
  0x1146, 0x1126, 0x1126, 0x1145, 0x1145, 0x1145, 0x1145, 0x1146, 0x1125, 0x1125, 0x1125, 0x1125, 0x1125, 0x1125, 0x1125, 0x1125,
  0x1125, 0x1125, 0x1105, 0x1105, 0x1105, 0x1105, 0x1105, 0x1105, 0x10E5, 0x10E5, 0x10E5, 0x10E5, 0x10E5, 0x10E5, 0x10E5, 0x10E5,
  0x10E5, 0x10E5, 0x10C5, 0x10E4, 0x10C4, 0x10C4, 0x10E4, 0x10C4, 0x10C4, 0x10C4, 0x10C4, 0x10C4, 0x10C4, 0x10C4, 0x10C4, 0x10C4,
  0x10C4, 0x10C4, 0x10C4, 0x10C4, 0x10A4, 0x10A4, 0x10A4, 0x10A4, 0x10A4, 0x10A4, 0x10A4, 0x10A4, 0x10A4, 0x10A4, 0x10A4, 0x10A4,
  0x10A4, 0x10A4, 0x10A4, 0x10A4, 0x10A4, 0x10A4, 0x10A4, 0x10A4, 0x10A4, 0x10A4, 0x10A4, 0x10A4, 0x10A4, 0x10A4, 0x10A4, 0x10A4,
  0x10A4, 0x10A4, 0x10A4, 0x10A4, 0x10A4, 0x10A4, 0x10A4, 0x10A4, 0x10A4, 0x10A4, 0x10A4, 0x10A4, 0x10A4, 0x10A4, 0x10A4, 0x10A4,
  0x10A4, 0x10A4, 0x10A4, 0x10A4, 0x10A4, 0x10A4, 0x10A4, 0x10A4, 0x10A4, 0x10A4, 0x10A4, 0x10A4, 0x10A4, 0x10A4, 0x10A4, 0x10A4,
  0x10A4, 0x10A4, 0x10A4, 0x10A4, 0x10A4, 0x10A4, 0x10A4, 0x10A4, 0x10A4, 0x10A4, 0x10A4, 0x10A4, 0x10A4, 0x10A4, 0x10A4, 0x10A4,
  0x10A4, 0x10A4, 0x10A4, 0x10A4, 0x10A4, 0x10A4, 0x10A4, 0x10A4, 0x10A4, 0x10A4, 0x10A4, 0x10A4, 0x10A4, 0x10A4, 0x10A4, 0x10A4,
  0x10A4, 0x10A4, 0x10A4, 0x10A4, 0x10A4, 0x10A4, 0x10A4, 0x10A4, 0x10A4, 0x10A4, 0x10A4, 0x10A4, 0x10A4, 0x10A4, 0x10A4, 0x10A4,
  0x10A4, 0x10A4, 0x10A4, 0x10A4, 0x10A4, 0x10A4, 0x10A4, 0x10A4, 0x10A4, 0x10A4, 0x10A4, 0x10A4, 0x10A4, 0x10A4, 0x10A4, 0x10A4,
  0x10A4, 0x10A4, 0x10A4, 0x10A4, 0x10A4, 0x10A4, 0x10A4, 0x10A4, 0x10A4, 0x10A4, 0x10A4, 0x10A4, 0x10A4, 0x10A4, 0x10A4, 0x10A4,
  0x10A4, 0x10A4, 0x10A4, 0x10A4, 0x10A4, 0x10A4, 0x10A4, 0x10A4, 0x10A4, 0x10A4, 0x10A4, 0x10A4, 0x10A4, 0x10A4, 0x10A4, 0x10A4,
  0x10A4, 0x10A4, 0x10A4, 0x10A4, 0x10A4, 0x10A4, 0x10A4, 0x10A4, 0x10A4, 0x10A4, 0x10A4, 0x10A4, 0x10A4, 0x10A4, 0x10A4, 0x10A4,
  0x10A4, 0x10A4, 0x10A4, 0x10A4, 0x10A4, 0x10A4, 0x10A4, 0x10A4, 0x10A4, 0x10A4, 0x10A4, 0x10A4, 0x10A4, 0x10A4, 0x10A4, 0x10A4,
  0x10A4, 0x10A4, 0x10A4, 0x10A4, 0x10A4, 0x10A4, 0x10A4, 0x10A4, 0x10A4, 0x10A4, 0x10A4, 0x10A4, 0x10A4, 0x10A4, 0x10A4, 0x10A4,
  0x10A4, 0x10A4, 0x10A4, 0x10A4, 0x10A4, 0x10A4, 0x10A4, 0x10A4, 0x10A4, 0x10A4, 0x10A4, 0x10C4, 0x10A4, 0x10C4, 0x10C4, 0x10C4,
  0x10C4, 0x10C4, 0x10C4, 0x10C4, 0x10C4, 0x10C4, 0x10C4, 0x10C4, 0x10C4, 0x10E4, 0x10E4, 0x10C4, 0x10E5, 0x10C4, 0x10E4, 0x10E5,
  0x10E5, 0x10E5, 0x10E5, 0x10E5, 0x10E5, 0x10E5, 0x10E5, 0x1105, 0x1105, 0x1105, 0x1105, 0x1105, 0x1105, 0x1105, 0x1125, 0x1105,
  0x1125, 0x1125, 0x1125, 0x1125, 0x1125, 0x1125, 0x1125, 0x1125, 0x1125, 0x1125, 0x1125, 0x1126, 0x1126, 0x1126, 0x1126, 0x1126,
  0x1126, 0x1126, 0x1145, 0x1125, 0x1146, 0x1145, 0x1146, 0x1125, 0x1125, 0x1125, 0x1125, 0x1125, 0x1125, 0x1125, 0x1125, 0x1125,
  0x1125, 0x1125, 0x1125, 0x1105, 0x1105, 0x1105, 0x1105, 0x1105, 0x10E5, 0x10E5, 0x10E5, 0x10E5, 0x10E5, 0x10E5, 0x10E5, 0x10E5,
  0x10E5, 0x10E5, 0x10E4, 0x10E4, 0x10C4, 0x10C4, 0x10E4, 0x10C4, 0x10C4, 0x10C4, 0x10C4, 0x10C4, 0x10C4, 0x10C4, 0x10C4, 0x10C4,
  0x10C4, 0x10C4, 0x10C4, 0x10C4, 0x10A4, 0x10C4, 0x10C4, 0x10A4, 0x10A4, 0x10A4, 0x10A4, 0x10A4, 0x10A4, 0x10A4, 0x10A4, 0x10A4,
  0x10A4, 0x10A4, 0x10A4, 0x10A4, 0x10A4, 0x10A4, 0x10A4, 0x10A4, 0x10A4, 0x10A4, 0x10A4, 0x10A4, 0x10A4, 0x10A4, 0x10A4, 0x10A4,
  0x10A4, 0x10A4, 0x10A4, 0x10A4, 0x10A4, 0x10A4, 0x10A4, 0x10A4, 0x10A4, 0x10A4, 0x10A4, 0x10A4, 0x10A4, 0x10A4, 0x10A4, 0x10A4,
  0x10A4, 0x10A4, 0x10A4, 0x10A4, 0x10A4, 0x10A4, 0x10A4, 0x10A4, 0x10A4, 0x10A4, 0x10A4, 0x10A4, 0x10A4, 0x10A4, 0x10A4, 0x10A4,
  0x10A4, 0x10A4, 0x10A4, 0x10A4, 0x10A4, 0x10A4, 0x10A4, 0x10A4, 0x10A4, 0x10A4, 0x10A4, 0x10A4, 0x10A4, 0x10A4, 0x10A4, 0x10A4,
  0x10A4, 0x10A4, 0x10A4, 0x10A4, 0x10A4, 0x10A4, 0x10A4, 0x10A4, 0x10A4, 0x10A4, 0x10A4, 0x10A4, 0x10A4, 0x10A4, 0x10A4, 0x10A4,
  0x10A4, 0x10A4, 0x10A4, 0x10A4, 0x10A4, 0x10A4, 0x10A4, 0x10A4, 0x10A4, 0x10A4, 0x10A4, 0x10A4, 0x10A4, 0x10A4, 0x10A4, 0x10A4,
  0x10A4, 0x10A4, 0x10A4, 0x10A4, 0x10A4, 0x10A4, 0x10A4, 0x10A4, 0x10A4, 0x10A4, 0x10A4, 0x10A4, 0x10A4, 0x10A4, 0x10A4, 0x10A4,
  0x10A4, 0x10A4, 0x10A4, 0x10A4, 0x10A4, 0x10A4, 0x10A4, 0x10A4, 0x10A4, 0x10A4, 0x10A4, 0x10A4, 0x10A4, 0x10A4, 0x10A4, 0x10A4,
  0x10A4, 0x10A4, 0x10A4, 0x10A4, 0x10A4, 0x10A4, 0x10A4, 0x10A4, 0x10A4, 0x10A4, 0x10A4, 0x10A4, 0x10A4, 0x10A4, 0x10A4, 0x10A4,
  0x10A4, 0x10A4, 0x10A4, 0x10A4, 0x10A4, 0x10A4, 0x10A4, 0x10A4, 0x10A4, 0x10A4, 0x10A4, 0x10A4, 0x10A4, 0x10A4, 0x10A4, 0x10A4,
  0x10A4, 0x10A4, 0x10A4, 0x10A4, 0x10A4, 0x10A4, 0x10A4, 0x10A4, 0x10A4, 0x10A4, 0x10A4, 0x10A4, 0x10A4, 0x10A4, 0x10A4, 0x10A4,
  0x10A4, 0x10A4, 0x10A4, 0x10A4, 0x10A4, 0x10A4, 0x10A4, 0x10A4, 0x10A4, 0x10A4, 0x10A4, 0x10A4, 0x10A4, 0x10A4, 0x10A4, 0x10A4,
  0x10A4, 0x10A4, 0x10A4, 0x10A4, 0x10A4, 0x10A4, 0x10A4, 0x10A4, 0x10A4, 0x10C4, 0x10A4, 0x10A4, 0x10C4, 0x10C4, 0x10C4, 0x10C4,
  0x10C4, 0x10C4, 0x10C4, 0x10C4, 0x10C4, 0x10C4, 0x10C4, 0x10C4, 0x10C4, 0x10E4, 0x10C4, 0x10C4, 0x10E4, 0x10C4, 0x10E4, 0x10E5,
  0x10E5, 0x10E5, 0x10E5, 0x10E5, 0x10E5, 0x10E5, 0x10E5, 0x1105, 0x1105, 0x1105, 0x1105, 0x1105, 0x1105, 0x1105, 0x1125, 0x1125,
  0x1125, 0x1125, 0x1125, 0x1125, 0x1125, 0x1125, 0x1125, 0x1125, 0x1125, 0x1125, 0x1125, 0x1125, 0x1126, 0x1126, 0x1125, 0x1125,
  0x1126, 0x1125, 0x1125, 0x1125, 0x1145, 0x1125, 0x1125, 0x1125, 0x1125, 0x1125, 0x1125, 0x1125, 0x1125, 0x1125, 0x1125, 0x1125,
  0x1125, 0x1125, 0x1125, 0x1105, 0x1105, 0x1105, 0x1105, 0x1105, 0x10E5, 0x10E5, 0x10E5, 0x10E5, 0x10E5, 0x10E5, 0x10E5, 0x10E5,
  0x10E5, 0x10E4, 0x10C4, 0x10E4, 0x10C4, 0x10C4, 0x10C4, 0x10C4, 0x10C4, 0x10C4, 0x10C4, 0x10C4, 0x10C4, 0x10C4, 0x10C4, 0x10C4,
  0x10C4, 0x10C4, 0x10C4, 0x10C4, 0x10A4, 0x10A4, 0x10A4, 0x10A4, 0x10A4, 0x10A4, 0x10A4, 0x10A4, 0x10A4, 0x10A4, 0x10A4, 0x10A4,
  0x10A4, 0x10A4, 0x10A4, 0x10A4, 0x10A4, 0x10A4, 0x10A4, 0x10A4, 0x10A4, 0x10A4, 0x10A4, 0x10A4, 0x10A4, 0x10A4, 0x10A4, 0x10A4,
  0x10A4, 0x10A4, 0x10A4, 0x10A4, 0x10A4, 0x10A4, 0x10A4, 0x10A4, 0x10A4, 0x10A4, 0x10A4, 0x10A4, 0x10A4, 0x10A4, 0x10A4, 0x10A4,
  0x10A4, 0x10A4, 0x10A4, 0x10A4, 0x10A4, 0x10A4, 0x10A4, 0x10A4, 0x10A4, 0x10A4, 0x10A4, 0x10A4, 0x10A4, 0x10A4, 0x10A4, 0x10A4,
  0x10A4, 0x10A4, 0x10A4, 0x10A4, 0x10A4, 0x10A4, 0x10A4, 0x10A4, 0x10A4, 0x10A4, 0x10A4, 0x10A4, 0x10A4, 0x10A4, 0x10A4, 0x10A4,
  0x10A4, 0x10A4, 0x10A4, 0x10A4, 0x10A4, 0x10A4, 0x10A4, 0x10A4, 0x10A4, 0x10A4, 0x10A4, 0x10A4, 0x10A4, 0x10A4, 0x10A4, 0x10A4,
  0x10A4, 0x10A4, 0x10A4, 0x10A4, 0x10A4, 0x10A4, 0x10A4, 0x10A4, 0x10A4, 0x10A4, 0x10A4, 0x10A4, 0x10A4, 0x10A4, 0x10A4, 0x10A4,
  0x10A4, 0x10A4, 0x10A4, 0x10A4, 0x10A4, 0x10A4, 0x10A4, 0x10A4, 0x10A4, 0x10A4, 0x10A4, 0x10A4, 0x10A4, 0x10A4, 0x10A4, 0x10A4,
  0x10A4, 0x10A4, 0x10A4, 0x10A4, 0x10A4, 0x10A4, 0x10A4, 0x10A4, 0x10A4, 0x10A4, 0x10A4, 0x10A4, 0x10A4, 0x10A4, 0x10A4, 0x10A4,
  0x10A4, 0x10A4, 0x10A4, 0x10A4, 0x10A4, 0x10A4, 0x10A4, 0x10A4, 0x10A4, 0x10A4, 0x10A4, 0x10A4, 0x10A4, 0x10A4, 0x10A4, 0x10A4,
  0x10A4, 0x10A4, 0x10A4, 0x10A4, 0x10A4, 0x10A4, 0x10A4, 0x10A4, 0x10A4, 0x10A4, 0x10A4, 0x10A4, 0x10A4, 0x10A4, 0x10A4, 0x10A4,
  0x10A4, 0x10A4, 0x10A4, 0x10A4, 0x10A4, 0x10A4, 0x10A4, 0x10A4, 0x10A4, 0x10A4, 0x10A4, 0x10A4, 0x10A4, 0x10A4, 0x10A4, 0x10A4,
  0x10A4, 0x10A4, 0x10A4, 0x10A4, 0x10A4, 0x10A4, 0x10A4, 0x10A4, 0x10A4, 0x10A4, 0x10A4, 0x10A4, 0x10A4, 0x10A4, 0x10A4, 0x10A4,
  0x10A4, 0x10A4, 0x10A4, 0x10A4, 0x10A4, 0x10A4, 0x10A4, 0x10A4, 0x10A4, 0x10A4, 0x10A4, 0x10A4, 0x10A4, 0x10C4, 0x10C4, 0x10C4,
  0x10C4, 0x10C4, 0x10C4, 0x10C4, 0x10C4, 0x10C4, 0x10C4, 0x10C4, 0x10C4, 0x10C4, 0x10C4, 0x10C4, 0x10C4, 0x10C4, 0x10E4, 0x10E5,
  0x10E5, 0x10E5, 0x10E5, 0x10E5, 0x10E5, 0x10E5, 0x10E5, 0x1105, 0x1105, 0x1105, 0x1105, 0x1105, 0x1105, 0x1105, 0x1105, 0x1125,
  0x1125, 0x1125, 0x1125, 0x1125, 0x1125, 0x1125, 0x1125, 0x1125, 0x1125, 0x1125, 0x1125, 0x1125, 0x1126, 0x1126, 0x1125, 0x1125,
  0x1145, 0x1125, 0x1125, 0x1125, 0x1125, 0x1125, 0x1125, 0x1125, 0x1125, 0x1125, 0x1125, 0x1125, 0x1125, 0x1125, 0x1125, 0x1125,
  0x1125, 0x1125, 0x1105, 0x1105, 0x1105, 0x1105, 0x1105, 0x1105, 0x10E5, 0x10E5, 0x10E5, 0x10E5, 0x10E5, 0x10E5, 0x10E5, 0x10E5,
  0x10E5, 0x10E4, 0x10C4, 0x10E4, 0x10C4, 0x10C4, 0x10C4, 0x10C4, 0x10C4, 0x10C4, 0x10C4, 0x10C4, 0x10C4, 0x10C4, 0x10C4, 0x10C4,
  0x10C4, 0x10C4, 0x10C4, 0x10C4, 0x10A4, 0x10C4, 0x10A4, 0x10A4, 0x10A4, 0x10A4, 0x10A4, 0x10A4, 0x10A4, 0x10A4, 0x10A4, 0x10A4,
  0x10A4, 0x10A4, 0x10A4, 0x10A4, 0x10A4, 0x10A4, 0x10A4, 0x10A4, 0x10A4, 0x10A4, 0x10A4, 0x10A4, 0x10A4, 0x10A4, 0x10A4, 0x10A4,
  0x10A4, 0x10A4, 0x10A4, 0x10A4, 0x10A4, 0x10A4, 0x10A4, 0x10A4, 0x10A4, 0x10A4, 0x10A4, 0x10A4, 0x10A4, 0x10A4, 0x10A4, 0x10A4,
  0x10A4, 0x10A4, 0x10A4, 0x10A4, 0x10A4, 0x10A4, 0x10A4, 0x10A4, 0x10A4, 0x10A4, 0x10A4, 0x10A4, 0x10A4, 0x10A4, 0x10A4, 0x10A4,
  0x10A4, 0x10A4, 0x10A4, 0x10A4, 0x10A4, 0x10A4, 0x10A4, 0x10A4, 0x10A4, 0x10A4, 0x10A4, 0x10A4, 0x10A4, 0x10A4, 0x10A4, 0x10A4,
  0x10A4, 0x10A4, 0x10A4, 0x10A4, 0x10A4, 0x10A4, 0x10A4, 0x10A4, 0x10A4, 0x10A4, 0x10A4, 0x10A4, 0x10A4, 0x10A4, 0x10A4, 0x10A4,
  0x10A4, 0x10A4, 0x10A4, 0x10A4, 0x10A4, 0x10A4, 0x10A4, 0x10A4, 0x10A4, 0x10A4, 0x10A4, 0x10A4, 0x10A4, 0x10A4, 0x10A4, 0x10A4,
  0x10A4, 0x10A4, 0x10A4, 0x10A4, 0x10A4, 0x10A4, 0x10A4, 0x10A4, 0x10A4, 0x10A4, 0x10A4, 0x10A4, 0x10A4, 0x10A4, 0x10A4, 0x10A4,
  0x10A4, 0x10A4, 0x10A4, 0x10A4, 0x10A4, 0x10A4, 0x10A4, 0x10A4, 0x10A4, 0x10A4, 0x10A4, 0x10A4, 0x10A4, 0x10A4, 0x10A4, 0x10A4,
  0x10A4, 0x10A4, 0x10A4, 0x10A4, 0x10A4, 0x10A4, 0x10A4, 0x10A4, 0x10A4, 0x10A4, 0x10A4, 0x10A4, 0x10A4, 0x10A4, 0x10A4, 0x10A4,
  0x10A4, 0x10A4, 0x10A4, 0x10A4, 0x10A4, 0x10A4, 0x10A4, 0x10A4, 0x10A4, 0x10A4, 0x10A4, 0x10A4, 0x10A4, 0x10A4, 0x10A4, 0x10A4,
  0x10A4, 0x10A4, 0x10A4, 0x10A4, 0x10A4, 0x10A4, 0x10A4, 0x10A4, 0x10A4, 0x10A4, 0x10A4, 0x10A4, 0x10A4, 0x10A4, 0x10A4, 0x10A4,
  0x10A4, 0x10A4, 0x10A4, 0x10A4, 0x10A4, 0x10A4, 0x10A4, 0x10A4, 0x10A4, 0x10A4, 0x10A4, 0x10A4, 0x10A4, 0x10A4, 0x10A4, 0x10A4,
  0x10A4, 0x10A4, 0x10A4, 0x10A4, 0x10A4, 0x10A4, 0x10A4, 0x10A4, 0x10A4, 0x10C4, 0x10A4, 0x10C4, 0x10A4, 0x10C4, 0x10C4, 0x10C4,
  0x10C4, 0x10C4, 0x10C4, 0x10C4, 0x10C4, 0x10C4, 0x10C4, 0x10C4, 0x10C4, 0x10C4, 0x10C4, 0x10E4, 0x10C4, 0x10C4, 0x10C4, 0x10E5,
  0x10E5, 0x10E4, 0x10E5, 0x10E5, 0x10E5, 0x10E5, 0x10E5, 0x1105, 0x10E5, 0x1105, 0x1105, 0x1105, 0x1105, 0x1105, 0x1105, 0x1125,
  0x1125, 0x1125, 0x1125, 0x1125, 0x1125, 0x1125, 0x1125, 0x1125, 0x1125, 0x1125, 0x1125, 0x1125, 0x1125, 0x1125, 0x1125, 0x1125,
  0x1125, 0x1125, 0x1125, 0x1125, 0x1125, 0x1125, 0x1125, 0x1125, 0x1125, 0x1125, 0x1125, 0x1125, 0x1125, 0x1125, 0x1125, 0x1105,
  0x1125, 0x1125, 0x1105, 0x1105, 0x1105, 0x1105, 0x1105, 0x1105, 0x10E5, 0x10E5, 0x10E5, 0x10E5, 0x10E5, 0x10E5, 0x10E5, 0x10E5,
  0x10E5, 0x10E5, 0x10E4, 0x10C4, 0x10C4, 0x10C4, 0x10C4, 0x10C4, 0x10C4, 0x10C4, 0x10C4, 0x10C4, 0x10C4, 0x10C4, 0x10C4, 0x10C4,
  0x10C4, 0x10C4, 0x10C4, 0x10A4, 0x10A4, 0x10C4, 0x10A4, 0x10A4, 0x10A4, 0x10A4, 0x10A4, 0x10A4, 0x10A4, 0x10A4, 0x10A4, 0x10A4,
  0x10A4, 0x10A4, 0x10A4, 0x10A4, 0x10A4, 0x10A4, 0x10A4, 0x10A4, 0x10A4, 0x10A4, 0x10A4, 0x10A4, 0x10A4, 0x10A4, 0x10A4, 0x10A4,
  0x10A4, 0x10A4, 0x10A4, 0x10A4, 0x10A4, 0x10A4, 0x10A4, 0x10A4, 0x10A4, 0x10A4, 0x10A4, 0x10A4, 0x10A4, 0x10A4, 0x10A4, 0x10A4,
  0x10A4, 0x10A4, 0x10A4, 0x10A4, 0x10A4, 0x10A4, 0x10A4, 0x10A4, 0x10A4, 0x10A4, 0x10A4, 0x10A4, 0x10A4, 0x10A4, 0x10A4, 0x10A4,
  0x10A4, 0x10A4, 0x10A4, 0x10A4, 0x10A4, 0x10A4, 0x10A4, 0x10A4, 0x10A4, 0x10A4, 0x10A4, 0x10A4, 0x10A4, 0x10A4, 0x10A4, 0x10A4,
  0x10A4, 0x10A4, 0x10A4, 0x10A4, 0x10A4, 0x10A4, 0x10A4, 0x10A4, 0x10A4, 0x10A4, 0x10A4, 0x10A4, 0x10A4, 0x10A4, 0x10A4, 0x10A4,
  0x10A4, 0x10A4, 0x10A4, 0x10A4, 0x10A4, 0x10A4, 0x10A4, 0x10A4, 0x10A4, 0x10A4, 0x10A4, 0x10A4, 0x10A4, 0x10A4, 0x10A4, 0x10A4,
  0x10A4, 0x10A4, 0x10A4, 0x10A4, 0x10A4, 0x10A4, 0x10A4, 0x10A4, 0x10A4, 0x10A4, 0x10A4, 0x10A4, 0x10A4, 0x10A4, 0x10A4, 0x10A4,
  0x10A4, 0x10A4, 0x10A4, 0x10A4, 0x10A4, 0x10A4, 0x10A4, 0x10A4, 0x10A4, 0x10A4, 0x10A4, 0x10A4, 0x10A4, 0x10A4, 0x10A4, 0x10A4,
  0x10A4, 0x10A4, 0x10A4, 0x10A4, 0x10A4, 0x10A4, 0x10A4, 0x10A4, 0x10A4, 0x10A4, 0x10A4, 0x10A4, 0x10A4, 0x10A4, 0x10A4, 0x10A4,
  0x10A4, 0x10A4, 0x10A4, 0x10A4, 0x10A4, 0x10A4, 0x10A4, 0x10A4, 0x10A4, 0x10A4, 0x10A4, 0x10A4, 0x10A4, 0x10A4, 0x10A4, 0x10A4,
  0x10A4, 0x10A4, 0x10A4, 0x10A4, 0x10A4, 0x10A4, 0x10A4, 0x10A4, 0x10A4, 0x10A4, 0x10A4, 0x10A4, 0x10A4, 0x10A4, 0x10A4, 0x10A4,
  0x10A4, 0x10A4, 0x10A4, 0x10A4, 0x10A4, 0x10A4, 0x10A4, 0x10A4, 0x10A4, 0x10A4, 0x10A4, 0x10A4, 0x10A4, 0x10A4, 0x10A4, 0x10A4,
  0x10A4, 0x10A4, 0x10A4, 0x10A4, 0x10A4, 0x10A4, 0x10A4, 0x10A4, 0x10A4, 0x10A4, 0x10A4, 0x10A4, 0x10A4, 0x10C4, 0x10C4, 0x10C4,
  0x10C4, 0x10C4, 0x10C4, 0x10C4, 0x10C4, 0x10C4, 0x10C4, 0x10C4, 0x10C4, 0x10C4, 0x10C4, 0x10E4, 0x10C4, 0x10C4, 0x10C4, 0x10E5,
  0x10E5, 0x10E4, 0x10E5, 0x10E5, 0x10E5, 0x10E5, 0x10E5, 0x10E5, 0x10E5, 0x1105, 0x1105, 0x1105, 0x1105, 0x1105, 0x1105, 0x1125,
  0x1125, 0x1125, 0x1125, 0x1125, 0x1125, 0x1125, 0x1125, 0x1125, 0x1125, 0x1125, 0x1125, 0x1125, 0x1125, 0x1125, 0x1125, 0x1125,
  0x1125, 0x1125, 0x1125, 0x1125, 0x1125, 0x1125, 0x1125, 0x1125, 0x1125, 0x1125, 0x1125, 0x1125, 0x1125, 0x1125, 0x1125, 0x1125,
  0x1125, 0x1105, 0x1105, 0x1105, 0x1105, 0x1105, 0x1105, 0x1105, 0x10E5, 0x10E5, 0x10E5, 0x10E5, 0x10E5, 0x10E5, 0x10E5, 0x10E5,
  0x10E5, 0x10E5, 0x10E4, 0x10C4, 0x10C4, 0x10E4, 0x10C4, 0x10C4, 0x10C4, 0x10C4, 0x10C4, 0x10C4, 0x10C4, 0x10C4, 0x10C4, 0x10C4,
  0x10C4, 0x10C4, 0x10C4, 0x10A4, 0x10C4, 0x10A4, 0x10A4, 0x10A4, 0x10A4, 0x10A4, 0x10A4, 0x10A4, 0x10A4, 0x10A4, 0x10A4, 0x10A4,
  0x10A4, 0x10A4, 0x10A4, 0x10A4, 0x10A4, 0x10A4, 0x10A4, 0x10A4, 0x10A4, 0x10A4, 0x10A4, 0x10A4, 0x10A4, 0x10A4, 0x10A4, 0x10A4,
  0x10A4, 0x10A4, 0x10A4, 0x10A4, 0x10A4, 0x10A4, 0x10A4, 0x10A4, 0x10A4, 0x10A4, 0x10A4, 0x10A4, 0x10A4, 0x10A4, 0x10A4, 0x10A4,
  0x10A4, 0x10A4, 0x10A4, 0x10A4, 0x10A4, 0x10A4, 0x10A4, 0x10A4, 0x10A4, 0x10A4, 0x10A4, 0x10A4, 0x10A4, 0x10A4, 0x10A4, 0x10A4,
  0x10A4, 0x10A4, 0x10A4, 0x10A4, 0x10A4, 0x10A4, 0x10A4, 0x10A4, 0x10A4, 0x10A4, 0x10A4, 0x10A4, 0x10A4, 0x10A4, 0x10A4, 0x10A4,
  0x10A4, 0x10A4, 0x10A4, 0x10A4, 0x10A4, 0x10A4, 0x10A4, 0x10A4, 0x10A4, 0x10A4, 0x10A4, 0x10A4, 0x10A4, 0x10A4, 0x10A4, 0x10A4,
  0x10A4, 0x10A4, 0x10A4, 0x10A4, 0x10A4, 0x10A4, 0x10A4, 0x10A4, 0x10A4, 0x10A4, 0x10A4, 0x10A4, 0x10A4, 0x10A4, 0x10A4, 0x10A4,
  0x10A4, 0x10A4, 0x10A4, 0x10A4, 0x10A4, 0x10A4, 0x10A4, 0x10A4, 0x10A4, 0x10A4, 0x10A4, 0x10A4, 0x10A4, 0x10A4, 0x10A4, 0x10A4,
  0x10A4, 0x10A4, 0x10A4, 0x10A4, 0x10A4, 0x10A4, 0x10A4, 0x10A4, 0x10A4, 0x10A4, 0x10A4, 0x10A4, 0x10A4, 0x10A4, 0x10A4, 0x10A4,
  0x10A4, 0x10A4, 0x10A4, 0x10A4, 0x10A4, 0x10A4, 0x10A4, 0x10A4, 0x10A4, 0x10A4, 0x10A4, 0x10A4, 0x10A4, 0x10A4, 0x10A4, 0x10A4,
  0x10A4, 0x10A4, 0x10A4, 0x10A4, 0x10A4, 0x10A4, 0x10A4, 0x10A4, 0x10A4, 0x10A4, 0x10A4, 0x10A4, 0x10A4, 0x10A4, 0x10A4, 0x10A4,
  0x10A4, 0x10A4, 0x10A4, 0x10A4, 0x10A4, 0x10A4, 0x10A4, 0x10A4, 0x10A4, 0x10A4, 0x10A4, 0x10A4, 0x10A4, 0x10A4, 0x10A4, 0x10A4,
  0x10A4, 0x10A4, 0x10A4, 0x10A4, 0x10A4, 0x10A4, 0x10A4, 0x10A4, 0x10A4, 0x10A4, 0x10A4, 0x10A4, 0x10A4, 0x10A4, 0x10A4, 0x10A4,
  0x10A4, 0x10A4, 0x10A4, 0x10A4, 0x10A4, 0x10A4, 0x10A4, 0x10A4, 0x10A4, 0x10A4, 0x10A4, 0x10A4, 0x10A4, 0x10C4, 0x10C4, 0x10C4,
  0x10A4, 0x10C4, 0x10C4, 0x10C4, 0x10C4, 0x10C4, 0x10C4, 0x10C4, 0x10C4, 0x10C4, 0x10C4, 0x10C4, 0x10C4, 0x10C4, 0x10E4, 0x10E4,
  0x10E5, 0x10E5, 0x10E5, 0x10E5, 0x10E5, 0x10E5, 0x1105, 0x10E5, 0x1105, 0x1105, 0x1105, 0x1105, 0x1105, 0x1105, 0x1105, 0x1105,
  0x1125, 0x1125, 0x1105, 0x1125, 0x1125, 0x1125, 0x1125, 0x1125, 0x1125, 0x1125, 0x1125, 0x1125, 0x1125, 0x1125, 0x1125, 0x1125,
  0x1125, 0x1125, 0x1125, 0x1125, 0x1125, 0x1125, 0x1125, 0x1125, 0x1125, 0x1125, 0x1125, 0x1125, 0x1125, 0x1125, 0x1125, 0x1125,
  0x1105, 0x1105, 0x1105, 0x1105, 0x1105, 0x1105, 0x1105, 0x1105, 0x10E5, 0x10E5, 0x10E5, 0x10E5, 0x10E5, 0x10E5, 0x10E5, 0x10E5,
  0x10E5, 0x10E5, 0x10E4, 0x10C4, 0x10C4, 0x10C4, 0x10C4, 0x10C4, 0x10C4, 0x10C4, 0x10C4, 0x10C4, 0x10C4, 0x10C4, 0x10C4, 0x10C4,
  0x10C4, 0x10C4, 0x10C4, 0x10A4, 0x10A4, 0x10A4, 0x10A4, 0x10A4, 0x10A4, 0x10A4, 0x10A4, 0x10A4, 0x10A4, 0x10A4, 0x10A4, 0x10A4,
  0x10A4, 0x10A4, 0x10A4, 0x10A4, 0x10A4, 0x10A4, 0x10A4, 0x10A4, 0x10A4, 0x10A4, 0x10A4, 0x10A4, 0x10A4, 0x10A4, 0x10A4, 0x10A4,
  0x10A4, 0x10A4, 0x10A4, 0x10A4, 0x10A4, 0x10A4, 0x10A4, 0x10A4, 0x10A4, 0x10A4, 0x10A4, 0x10A4, 0x10A4, 0x10A4, 0x10A4, 0x10A4,
  0x10A4, 0x10A4, 0x10A4, 0x10A4, 0x10A4, 0x10A4, 0x10A4, 0x10A4, 0x10A4, 0x10A4, 0x10A4, 0x10A4, 0x10A4, 0x10A4, 0x10A4, 0x10A4,
  0x10A4, 0x10A4, 0x10A4, 0x10A4, 0x10A4, 0x10A4, 0x10A4, 0x10A4, 0x10A4, 0x10A4, 0x10A4, 0x10A4, 0x10A4, 0x10A4, 0x10A4, 0x10A4,
  0x10A4, 0x10A4, 0x10A4, 0x10A4, 0x10A4, 0x10A4, 0x10A4, 0x10A4, 0x10A4, 0x10A4, 0x10A4, 0x10A4, 0x10A4, 0x10A4, 0x10A4, 0x10A4,
  0x10A4, 0x10A4, 0x10A4, 0x10A4, 0x10A4, 0x10A4, 0x10A4, 0x10A4, 0x10A4, 0x10A4, 0x10A4, 0x10A4, 0x10A4, 0x10A4, 0x10A4, 0x10A4,
  0x10A4, 0x10A4, 0x10A4, 0x10A4, 0x10A4, 0x10A4, 0x10A4, 0x10A4, 0x10A4, 0x10A4, 0x10A4, 0x10A4, 0x10A4, 0x10A4, 0x10A4, 0x10A4,
  0x10A4, 0x10A4, 0x10A4, 0x10A4, 0x10A4, 0x10A4, 0x10A4, 0x10A4, 0x10A4, 0x10A4, 0x10A4, 0x10A4, 0x10A4, 0x10A4, 0x10A4, 0x10A4,
  0x10A4, 0x10A4, 0x10A4, 0x10A4, 0x10A4, 0x10A4, 0x10A4, 0x10A4, 0x10A4, 0x10A4, 0x10A4, 0x10A4, 0x10A4, 0x10A4, 0x10A4, 0x10A4,
  0x10A4, 0x10A4, 0x10A4, 0x10A4, 0x10A4, 0x10A4, 0x10A4, 0x10A4, 0x10A4, 0x10A4, 0x10A4, 0x10A4, 0x10A4, 0x10A4, 0x10A4, 0x10A4,
  0x10A4, 0x10A4, 0x10A4, 0x10A4, 0x10A4, 0x10A4, 0x10A4, 0x10A4, 0x10A4, 0x10A4, 0x10A4, 0x10A4, 0x10A4, 0x10A4, 0x10A4, 0x10A4,
  0x10A4, 0x10A4, 0x10A4, 0x10A4, 0x10A4, 0x10A4, 0x10A4, 0x10A4, 0x10A4, 0x10A4, 0x10A4, 0x10A4, 0x10A4, 0x10A4, 0x10A4, 0x10A4,
  0x10A4, 0x10A4, 0x10A4, 0x10A4, 0x10A4, 0x10A4, 0x10A4, 0x10A4, 0x10A4, 0x10A4, 0x10A4, 0x10A4, 0x10A4, 0x10C4, 0x10C4, 0x10A4,
  0x10C4, 0x10C4, 0x10C4, 0x10C4, 0x10C4, 0x10C4, 0x10C4, 0x10C4, 0x10C4, 0x10C4, 0x10C4, 0x10C4, 0x10C4, 0x10C4, 0x10E4, 0x10E4,
  0x10E5, 0x10E5, 0x10E5, 0x10E5, 0x10E5, 0x10E5, 0x10E5, 0x10E5, 0x1105, 0x1105, 0x1105, 0x1105, 0x1105, 0x1105, 0x1105, 0x1105,
  0x1105, 0x1105, 0x1125, 0x1125, 0x1125, 0x1125, 0x1125, 0x1125, 0x1125, 0x1125, 0x1125, 0x1125, 0x1125, 0x1125, 0x1125, 0x1125,
  0x1125, 0x1125, 0x1125, 0x1125, 0x1125, 0x1125, 0x1125, 0x1125, 0x1125, 0x1125, 0x1125, 0x1125, 0x1125, 0x1125, 0x1125, 0x1125,
  0x1105, 0x1105, 0x1105, 0x1105, 0x1105, 0x1105, 0x1105, 0x1105, 0x10E5, 0x10E5, 0x10E5, 0x10E5, 0x10E5, 0x10E5, 0x10E5, 0x10E5,
  0x10E4, 0x10C4, 0x10C4, 0x10C4, 0x10C4, 0x10C4, 0x10C4, 0x10C4, 0x10C4, 0x10C4, 0x10C4, 0x10C4, 0x10C4, 0x10C4, 0x10C4, 0x10C4,
  0x10C4, 0x10C4, 0x10C4, 0x10A4, 0x10A4, 0x10A4, 0x10A4, 0x10A4, 0x10A4, 0x10A4, 0x10A4, 0x10A4, 0x10A4, 0x10A4, 0x10A4, 0x10A4,
  0x10A4, 0x10A4, 0x10A4, 0x10A4, 0x10A4, 0x10A4, 0x10A4, 0x10A4, 0x10A4, 0x10A4, 0x10A4, 0x10A4, 0x10A4, 0x10A4, 0x10A4, 0x10A4,
  0x10A4, 0x10A4, 0x10A4, 0x10A4, 0x10A4, 0x10A4, 0x10A4, 0x10A4, 0x10A4, 0x10A4, 0x10A4, 0x10A4, 0x10A4, 0x10A4, 0x10A4, 0x10A4,
  0x10A4, 0x10A4, 0x10A4, 0x10A4, 0x10A4, 0x10A4, 0x10A4, 0x10A4, 0x10A4, 0x10A4, 0x10A4, 0x10A4, 0x10A4, 0x10A4, 0x10A4, 0x10A4,
  0x10A4, 0x10A4, 0x10A4, 0x10A4, 0x10A4, 0x10A4, 0x10A4, 0x10A4, 0x10A4, 0x10A4, 0x10A4, 0x10A4, 0x10A4, 0x10A4, 0x10A4, 0x10A4,
  0x10A4, 0x10A4, 0x10A4, 0x10A4, 0x10A4, 0x10A4, 0x10A4, 0x10A4, 0x10A4, 0x10A4, 0x10A4, 0x10A4, 0x10A4, 0x10A4, 0x10A4, 0x10A4,
  0x10A4, 0x10A4, 0x10A4, 0x10A4, 0x10A4, 0x10A4, 0x10A4, 0x10A4, 0x10A4, 0x10A4, 0x10A4, 0x10A4, 0x10A4, 0x10A4, 0x10A4, 0x10A4,
  0x10A4, 0x10A4, 0x10A4, 0x10A4, 0x10A4, 0x10A4, 0x10A4, 0x10A4, 0x10A4, 0x10A4, 0x10A4, 0x10A4, 0x10A4, 0x10A4, 0x10A4, 0x10A4,
  0x10A4, 0x10A4, 0x10A4, 0x10A4, 0x10A4, 0x10A4, 0x10A4, 0x10A4, 0x10A4, 0x10A4, 0x10A4, 0x10A4, 0x10A4, 0x10A4, 0x10A4, 0x10A4,
  0x10A4, 0x10A4, 0x10A4, 0x10A4, 0x10A4, 0x10A4, 0x10A4, 0x10A4, 0x10A4, 0x10A4, 0x10A4, 0x10A4, 0x10A4, 0x10A4, 0x10A4, 0x10A4,
  0x10A4, 0x10A4, 0x10A4, 0x10A4, 0x10A4, 0x10A4, 0x10A4, 0x10A4, 0x10A4, 0x10A4, 0x10A4, 0x10A4, 0x10A4, 0x10A4, 0x10A4, 0x10A4,
  0x10A4, 0x10A4, 0x10A4, 0x10A4, 0x10A4, 0x10A4, 0x10A4, 0x10A4, 0x10A4, 0x10A4, 0x10A4, 0x10A4, 0x10A4, 0x10A4, 0x10A4, 0x10A4,
  0x10A4, 0x10A4, 0x10A4, 0x10A4, 0x10A4, 0x10A4, 0x10A4, 0x10A4, 0x10A4, 0x10A4, 0x10A4, 0x10A4, 0x10A4, 0x10A4, 0x10A4, 0x10A4,
  0x10A4, 0x10A4, 0x10A4, 0x10A4, 0x10A4, 0x10A4, 0x10A4, 0x10A4, 0x10A4, 0x10A4, 0x10A4, 0x10A4, 0x10A4, 0x10A4, 0x10A4, 0x10A4,
  0x10C4, 0x10C4, 0x10C4, 0x10C4, 0x10C4, 0x10C4, 0x10C4, 0x10C4, 0x10C4, 0x10C4, 0x10C4, 0x10C4, 0x10E4, 0x10C4, 0x10E4, 0x10E4,
  0x10E5, 0x10E5, 0x10E5, 0x10E5, 0x10E5, 0x10E5, 0x10E5, 0x1105, 0x1105, 0x1105, 0x1105, 0x1105, 0x1105, 0x1105, 0x1105, 0x1105,
  0x1105, 0x1125, 0x1125, 0x1125, 0x1125, 0x1125, 0x1125, 0x1125, 0x1125, 0x1125, 0x1125, 0x1125, 0x1125, 0x1125, 0x1125, 0x1125,
  0x1125, 0x1125, 0x1125, 0x1125, 0x1125, 0x1125, 0x1125, 0x1125, 0x1125, 0x1125, 0x1125, 0x1125, 0x1105, 0x1125, 0x1125, 0x1125,
  0x1105, 0x1105, 0x1105, 0x1105, 0x1105, 0x1105, 0x1105, 0x10E5, 0x10E5, 0x10E5, 0x10E5, 0x10E5, 0x10E5, 0x10E5, 0x10E5, 0x10E5,
  0x10C4, 0x10E4, 0x10C4, 0x10C4, 0x10E4, 0x10C4, 0x10C4, 0x10C4, 0x10C4, 0x10C4, 0x10C4, 0x10C4, 0x10C4, 0x10C4, 0x10C4, 0x10C4,
  0x10C4, 0x10C4, 0x10C4, 0x10A4, 0x10A4, 0x10C4, 0x10C4, 0x10A4, 0x10A4, 0x10C4, 0x10C4, 0x10A4, 0x10C4, 0x10A4, 0x10A4, 0x10A4,
  0x10C4, 0x10A4, 0x10A4, 0x10A4, 0x10A4, 0x10A4, 0x10A4, 0x10A4, 0x10A4, 0x10A4, 0x10A4, 0x10A4, 0x10A4, 0x10A4, 0x10A4, 0x10A4,
  0x10A4, 0x10A4, 0x10A4, 0x10A4, 0x10A4, 0x10A4, 0x10A4, 0x10A4, 0x10A4, 0x10A4, 0x10A4, 0x10A4, 0x10A4, 0x10A4, 0x10A4, 0x10A4,
  0x10A4, 0x10A4, 0x10A4, 0x10A4, 0x10A4, 0x10A4, 0x10A4, 0x10A4, 0x10A4, 0x10A4, 0x10A4, 0x10A4, 0x10A4, 0x10A4, 0x10A4, 0x10A4,
  0x10A4, 0x10A4, 0x10A4, 0x10A4, 0x10A4, 0x10A4, 0x10A4, 0x10A4, 0x10A4, 0x10A4, 0x10A4, 0x10A4, 0x10A4, 0x10A4, 0x10A4, 0x10A4,
  0x10A4, 0x10A4, 0x10A4, 0x10A4, 0x10A4, 0x10A4, 0x10A4, 0x10A4, 0x10A4, 0x10A4, 0x10A4, 0x10A4, 0x10A4, 0x10A4, 0x10A4, 0x10A4,
  0x10A4, 0x10A4, 0x10A4, 0x10A4, 0x10A4, 0x10A4, 0x10A4, 0x10A4, 0x10A4, 0x10A4, 0x10A4, 0x10A4, 0x10A4, 0x10A4, 0x10A4, 0x10A4,
  0x10A4, 0x10A4, 0x10A4, 0x10A4, 0x10A4, 0x10A4, 0x10A4, 0x10A4, 0x10A4, 0x10A4, 0x10A4, 0x10A4, 0x10A4, 0x10A4, 0x10A4, 0x10A4,
  0x10A4, 0x10A4, 0x10A4, 0x10A4, 0x10A4, 0x10A4, 0x10A4, 0x10A4, 0x10A4, 0x10A4, 0x10A4, 0x10A4, 0x10A4, 0x10A4, 0x10A4, 0x10A4,
  0x10A4, 0x10A4, 0x10A4, 0x10A4, 0x10A4, 0x10A4, 0x10A4, 0x10A4, 0x10A4, 0x10A4, 0x10A4, 0x10A4, 0x10A4, 0x10A4, 0x10A4, 0x10A4,
  0x10A4, 0x10A4, 0x10A4, 0x10A4, 0x10A4, 0x10A4, 0x10A4, 0x10A4, 0x10A4, 0x10A4, 0x10A4, 0x10A4, 0x10A4, 0x10A4, 0x10A4, 0x10A4,
  0x10A4, 0x10A4, 0x10A4, 0x10A4, 0x10A4, 0x10A4, 0x10A4, 0x10A4, 0x10A4, 0x10A4, 0x10A4, 0x10A4, 0x10A4, 0x10A4, 0x10A4, 0x10A4,
  0x10A4, 0x10A4, 0x10A4, 0x10A4, 0x10A4, 0x10A4, 0x10A4, 0x10A4, 0x10A4, 0x10A4, 0x10A4, 0x10A4, 0x10A4, 0x10A4, 0x10A4, 0x10A4,
  0x10A4, 0x10A4, 0x10A4, 0x10A4, 0x10A4, 0x10A4, 0x10A4, 0x10A4, 0x10A4, 0x10A4, 0x10A4, 0x10A4, 0x10A4, 0x10A4, 0x10A4, 0x10A4,
  0x10C4, 0x10C4, 0x10C4, 0x10C4, 0x10C4, 0x10C4, 0x10C4, 0x10C4, 0x10C4, 0x10C4, 0x10C4, 0x10C4, 0x10C4, 0x10C4, 0x10C4, 0x10E5,
  0x10C5, 0x10E5, 0x10E5, 0x10E5, 0x10E5, 0x10E5, 0x10E5, 0x1105, 0x1105, 0x1105, 0x1105, 0x1105, 0x1105, 0x1105, 0x1105, 0x1125,
  0x1105, 0x1105, 0x1105, 0x1105, 0x1125, 0x1125, 0x1125, 0x1125, 0x1125, 0x1125, 0x1125, 0x1125, 0x1125, 0x1125, 0x1125, 0x1125,
  0x1125, 0x1125, 0x1125, 0x1125, 0x1125, 0x1125, 0x1125, 0x1125, 0x1125, 0x1125, 0x1125, 0x1125, 0x1125, 0x1125, 0x1125, 0x1105,
  0x1105, 0x1105, 0x1105, 0x1105, 0x1105, 0x1105, 0x1105, 0x10E5, 0x10E5, 0x10E5, 0x10E5, 0x10E5, 0x10E5, 0x10E5, 0x10E5, 0x10E5,
  0x10E4, 0x10E5, 0x10C4, 0x10C4, 0x10C4, 0x10C4, 0x10C4, 0x10C4, 0x10C4, 0x10C4, 0x10C4, 0x10C4, 0x10C4, 0x10C4, 0x10C4, 0x10C4,
  0x10C4, 0x10C4, 0x10A4, 0x10A4, 0x10A4, 0x10A4, 0x1043, 0x1084, 0x10C4, 0x1063, 0x1022, 0x1084, 0x1023, 0x1084, 0x10A4, 0x10A4,
  0x1043, 0x1063, 0x10A4, 0x10A4, 0x10A4, 0x10A4, 0x10A4, 0x10A4, 0x10A4, 0x10A4, 0x10A4, 0x10A4, 0x10A4, 0x10A4, 0x10A4, 0x10A4,
  0x10A4, 0x10A4, 0x10A4, 0x10A4, 0x10A4, 0x10A4, 0x10A4, 0x10A4, 0x10A4, 0x10A4, 0x10A4, 0x10A4, 0x10A4, 0x10A4, 0x10A4, 0x10A4,
  0x10A4, 0x10A4, 0x10A4, 0x10A4, 0x10A4, 0x10A4, 0x10A4, 0x10A4, 0x10A4, 0x10A4, 0x10A4, 0x10A4, 0x10A4, 0x10A4, 0x10A4, 0x10A4,
  0x10A4, 0x10A4, 0x10A4, 0x10A4, 0x10A4, 0x10A4, 0x10A4, 0x10A4, 0x10A4, 0x10A4, 0x10A4, 0x10A4, 0x10A4, 0x10A4, 0x10A4, 0x10A4,
  0x10A4, 0x10A4, 0x10A4, 0x10A4, 0x10A4, 0x10A4, 0x10A4, 0x10A4, 0x10A4, 0x10A4, 0x10A4, 0x10A4, 0x10A4, 0x10A4, 0x10A4, 0x10A4,
  0x10A4, 0x10A4, 0x10A4, 0x10A4, 0x10A4, 0x10A4, 0x10A4, 0x10A4, 0x10A4, 0x10A4, 0x10A4, 0x10A4, 0x10A4, 0x10A4, 0x10A4, 0x10A4,
  0x10A4, 0x10A4, 0x10A4, 0x10A4, 0x10A4, 0x10A4, 0x10A4, 0x10A4, 0x10A4, 0x10A4, 0x10A4, 0x10A4, 0x10A4, 0x10A4, 0x10A4, 0x10A4,
  0x10A4, 0x10A4, 0x10A4, 0x10A4, 0x10A4, 0x10A4, 0x10A4, 0x10A4, 0x10A4, 0x10A4, 0x10A4, 0x10A4, 0x10A4, 0x10A4, 0x10A4, 0x10A4,
  0x10A4, 0x10A4, 0x10A4, 0x10A4, 0x10A4, 0x10A4, 0x10A4, 0x10A4, 0x10A4, 0x10A4, 0x10A4, 0x10A4, 0x10A4, 0x10A4, 0x10A4, 0x10A4,
  0x10A4, 0x10A4, 0x10A4, 0x10A4, 0x10A4, 0x10A4, 0x10A4, 0x10A4, 0x10A4, 0x10A4, 0x10A4, 0x10A4, 0x10A4, 0x10A4, 0x10A4, 0x10A4,
  0x10A4, 0x10A4, 0x10A4, 0x10A4, 0x10A4, 0x10A4, 0x10A4, 0x10A4, 0x10A4, 0x10A4, 0x10A4, 0x10A4, 0x10A4, 0x10A4, 0x10A4, 0x10A4,
  0x10A4, 0x10A4, 0x10A4, 0x10A4, 0x10A4, 0x10A4, 0x10A4, 0x10A4, 0x10A4, 0x10A4, 0x10A4, 0x10A4, 0x10A4, 0x10A4, 0x10A4, 0x10A4,
  0x10A4, 0x10A4, 0x10A4, 0x10A4, 0x10A4, 0x10A4, 0x10A4, 0x10A4, 0x10A4, 0x10A4, 0x10A4, 0x10A4, 0x10A4, 0x10A4, 0x10A4, 0x10A4,
  0x10C4, 0x10C4, 0x10C4, 0x10C4, 0x10C4, 0x10C4, 0x10C4, 0x10C4, 0x10C4, 0x10C4, 0x10C4, 0x10C4, 0x10C4, 0x10C4, 0x10C4, 0x10E4,
  0x10C4, 0x10E5, 0x10E5, 0x10E5, 0x10E5, 0x10E5, 0x10E5, 0x1105, 0x1105, 0x1105, 0x1105, 0x1105, 0x1105, 0x1105, 0x1105, 0x1105,
  0x1105, 0x1105, 0x1105, 0x1105, 0x1125, 0x1125, 0x1105, 0x1125, 0x1125, 0x1125, 0x1125, 0x1125, 0x1125, 0x1125, 0x1125, 0x1125,
  0x1125, 0x1125, 0x1125, 0x1125, 0x1125, 0x1125, 0x1125, 0x1125, 0x1125, 0x1125, 0x1125, 0x1105, 0x1125, 0x1105, 0x1105, 0x1105,
  0x1105, 0x1105, 0x1105, 0x1105, 0x1105, 0x1105, 0x1105, 0x1105, 0x1105, 0x10E5, 0x10E5, 0x10E5, 0x10E5, 0x10E5, 0x10E5, 0x10E5,
  0x10E4, 0x10E4, 0x10C4, 0x10C4, 0x10C4, 0x10C4, 0x10C4, 0x10C4, 0x10C4, 0x10C4, 0x10C4, 0x10C4, 0x10C4, 0x10C4, 0x10C4, 0x10C4,
  0x10C4, 0x10C4, 0x10A4, 0x10C4, 0x1084, 0x1146, 0x0C0F, 0x11A7, 0x1023, 0x0A6A, 0x0C50, 0x09C8, 0x0C0F, 0x09A7, 0x1063, 0x10C4,
  0x0BAE, 0x0A8A, 0x1043, 0x10E5, 0x0573, 0x0A29, 0x1063, 0x10A4, 0x10A4, 0x10A4, 0x10A4, 0x10A4, 0x10A4, 0x10A4, 0x10A4, 0x10A4,
  0x10A4, 0x10A4, 0x10A4, 0x10A4, 0x10A4, 0x10A4, 0x10A4, 0x10A4, 0x10A4, 0x10A4, 0x10A4, 0x10A4, 0x10A4, 0x10A4, 0x10A4, 0x10A4,
  0x10A4, 0x10A4, 0x10A4, 0x10A4, 0x10A4, 0x10A4, 0x10A4, 0x10A4, 0x10A4, 0x10A4, 0x10A4, 0x10A4, 0x10A4, 0x10A4, 0x10A4, 0x10A4,
  0x10A4, 0x10A4, 0x10A4, 0x10A4, 0x10A4, 0x10A4, 0x10A4, 0x10A4, 0x10A4, 0x10A4, 0x10A4, 0x10A4, 0x10A4, 0x10A4, 0x10A4, 0x10A4,
  0x10A4, 0x10A4, 0x10A4, 0x10A4, 0x10A4, 0x10A4, 0x10A4, 0x10A4, 0x10A4, 0x10A4, 0x10A4, 0x10A4, 0x10A4, 0x10A4, 0x10A4, 0x10A4,
  0x10A4, 0x10A4, 0x10A4, 0x10A4, 0x10A4, 0x10A4, 0x10A4, 0x10A4, 0x10A4, 0x10A4, 0x10A4, 0x10A4, 0x10A4, 0x10A4, 0x10A4, 0x10A4,
  0x10A4, 0x10A4, 0x10A4, 0x10A4, 0x10A4, 0x10A4, 0x10A4, 0x10A4, 0x10A4, 0x10A4, 0x10A4, 0x10A4, 0x10A4, 0x10A4, 0x10A4, 0x10A4,
  0x10A4, 0x10A4, 0x10A4, 0x10A4, 0x10A4, 0x10A4, 0x10A4, 0x10A4, 0x10A4, 0x10A4, 0x10A4, 0x10A4, 0x10A4, 0x10A4, 0x10A4, 0x10A4,
  0x10A4, 0x10A4, 0x10A4, 0x10A4, 0x10A4, 0x10A4, 0x10A4, 0x10A4, 0x10A4, 0x10A4, 0x10A4, 0x10A4, 0x10A4, 0x10A4, 0x10A4, 0x10A4,
  0x10A4, 0x10A4, 0x10A4, 0x10A4, 0x10A4, 0x10A4, 0x10A4, 0x10A4, 0x10A4, 0x10A4, 0x10A4, 0x10A4, 0x10A4, 0x10A4, 0x10A4, 0x10A4,
  0x10A4, 0x10A4, 0x10A4, 0x10A4, 0x10A4, 0x10A4, 0x10A4, 0x10A4, 0x10A4, 0x10A4, 0x10A4, 0x10A4, 0x10A4, 0x10A4, 0x10A4, 0x10A4,
  0x10A4, 0x10A4, 0x10A4, 0x10A4, 0x10A4, 0x10A4, 0x10A4, 0x10A4, 0x10A4, 0x10A4, 0x10A4, 0x10A4, 0x10A4, 0x10A4, 0x10A4, 0x10A4,
  0x10A4, 0x10A4, 0x10A4, 0x10A4, 0x10A4, 0x10A4, 0x10A4, 0x10A4, 0x10A4, 0x10A4, 0x10A4, 0x10A4, 0x10A4, 0x10A4, 0x10A4, 0x10A4,
  0x10C4, 0x10C4, 0x10C4, 0x10C4, 0x10C4, 0x10C4, 0x10C4, 0x10C4, 0x10C4, 0x10C4, 0x10C4, 0x10C4, 0x10C4, 0x10C4, 0x10C4, 0x10E4,
  0x10E4, 0x10C4, 0x10E5, 0x10E5, 0x10E5, 0x10E5, 0x10E5, 0x10E5, 0x10E5, 0x10E5, 0x1105, 0x1105, 0x1105, 0x1105, 0x1105, 0x1105,
  0x1105, 0x1105, 0x1105, 0x1105, 0x1125, 0x1125, 0x1105, 0x1125, 0x1125, 0x1125, 0x1125, 0x1125, 0x1125, 0x1125, 0x1125, 0x1125,
  0x1125, 0x1125, 0x1125, 0x1125, 0x1125, 0x1125, 0x1125, 0x1125, 0x1125, 0x1125, 0x1125, 0x1125, 0x1105, 0x1105, 0x1105, 0x1105,
  0x1105, 0x1105, 0x1105, 0x1105, 0x1105, 0x1105, 0x1105, 0x1105, 0x1105, 0x10E5, 0x10E5, 0x10E5, 0x10E5, 0x10E5, 0x10E5, 0x10E5,
  0x10E4, 0x10E4, 0x10C4, 0x10C4, 0x10C4, 0x10C4, 0x10C4, 0x10C4, 0x10C4, 0x10C4, 0x10C4, 0x10C4, 0x10C4, 0x10C4, 0x10C4, 0x10C4,
  0x10C4, 0x10C4, 0x10C4, 0x10C4, 0x1063, 0x09E8, 0x07DC, 0x0A49, 0x1146, 0x079B, 0x0491, 0x09C8, 0x07FC, 0x0A8A, 0x1022, 0x10E5,
  0x06D8, 0x0C71, 0x1001, 0x0A49, 0x06F9, 0x1105, 0x1043, 0x10C4, 0x1084, 0x1043, 0x10A4, 0x10A4, 0x10A4, 0x10A4, 0x10A4, 0x10A4,
  0x10A4, 0x10A4, 0x10A4, 0x10A4, 0x10A4, 0x10A4, 0x10A4, 0x10A4, 0x10A4, 0x10A4, 0x10A4, 0x10A4, 0x10A4, 0x10A4, 0x10A4, 0x10A4,
  0x10A4, 0x10A4, 0x10A4, 0x10A4, 0x10A4, 0x10A4, 0x10A4, 0x10A4, 0x10A4, 0x10A4, 0x10A4, 0x10A4, 0x10A4, 0x10A4, 0x10A4, 0x10A4,
  0x10A4, 0x10A4, 0x10A4, 0x10A4, 0x10A4, 0x10A4, 0x10A4, 0x10A4, 0x10A4, 0x10A4, 0x10A4, 0x10A4, 0x10A4, 0x10A4, 0x10A4, 0x10A4,
  0x10A4, 0x10A4, 0x10A4, 0x10A4, 0x10A4, 0x10A4, 0x10A4, 0x10A4, 0x10A4, 0x10A4, 0x10A4, 0x10A4, 0x10A4, 0x10A4, 0x10A4, 0x10A4,
  0x10A4, 0x10A4, 0x10A4, 0x10A4, 0x10A4, 0x10A4, 0x10A4, 0x10A4, 0x10A4, 0x10A4, 0x10A4, 0x10A4, 0x10A4, 0x10A4, 0x10A4, 0x10A4,
  0x10A4, 0x10A4, 0x10A4, 0x10A4, 0x10A4, 0x10A4, 0x10A4, 0x10A4, 0x10A4, 0x10A4, 0x10A4, 0x10A4, 0x10A4, 0x10A4, 0x10A4, 0x10A4,
  0x10A4, 0x10A4, 0x10A4, 0x10A4, 0x10A4, 0x10A4, 0x10A4, 0x10A4, 0x10A4, 0x10A4, 0x10A4, 0x10A4, 0x10A4, 0x10A4, 0x10A4, 0x10A4,
  0x10A4, 0x10A4, 0x10A4, 0x10A4, 0x10A4, 0x10A4, 0x10A4, 0x10A4, 0x10A4, 0x10A4, 0x10A4, 0x10A4, 0x10A4, 0x10A4, 0x10A4, 0x10A4,
  0x10A4, 0x10A4, 0x10A4, 0x10A4, 0x10A4, 0x10A4, 0x10A4, 0x10A4, 0x10A4, 0x10A4, 0x10A4, 0x10A4, 0x10A4, 0x10A4, 0x10A4, 0x10A4,
  0x10A4, 0x10A4, 0x10A4, 0x10A4, 0x10A4, 0x10A4, 0x10A4, 0x10A4, 0x10A4, 0x10A4, 0x10A4, 0x10A4, 0x10A4, 0x10A4, 0x10A4, 0x10A4,
  0x10A4, 0x10A4, 0x10A4, 0x10A4, 0x10A4, 0x10A4, 0x10A4, 0x10A4, 0x10A4, 0x10A4, 0x10A4, 0x10A4, 0x10A4, 0x10A4, 0x10A4, 0x10A4,
  0x10A4, 0x10A4, 0x10A4, 0x10A4, 0x10A4, 0x10A4, 0x10A4, 0x10A4, 0x10A4, 0x10A4, 0x10A4, 0x10A4, 0x10A4, 0x10A4, 0x10A4, 0x10A4,
  0x10C4, 0x10C4, 0x10C4, 0x10C4, 0x10C4, 0x10C4, 0x10C4, 0x10C4, 0x10C4, 0x10C4, 0x10C4, 0x10C4, 0x10C4, 0x10C4, 0x10C4, 0x10E4,
  0x10E4, 0x10C4, 0x10E4, 0x10E5, 0x10E5, 0x10E5, 0x10E5, 0x10E5, 0x10E5, 0x10E5, 0x1105, 0x1105, 0x1105, 0x1105, 0x1105, 0x1105,
  0x1105, 0x1105, 0x1105, 0x1105, 0x1125, 0x1125, 0x1105, 0x1105, 0x1125, 0x1125, 0x1125, 0x1125, 0x1125, 0x1125, 0x1125, 0x1125,
  0x1125, 0x1125, 0x1125, 0x1125, 0x1125, 0x1125, 0x1125, 0x1125, 0x1125, 0x1105, 0x1125, 0x1105, 0x1105, 0x1105, 0x1105, 0x1105,
  0x1105, 0x1105, 0x1105, 0x1105, 0x1105, 0x1105, 0x1105, 0x10E5, 0x10E5, 0x10E5, 0x10E5, 0x10E5, 0x10E5, 0x10E5, 0x10E5, 0x10E4,
  0x10E4, 0x10C4, 0x10C4, 0x10C4, 0x10C4, 0x10C4, 0x10C4, 0x10C4, 0x10C4, 0x10C4, 0x10C4, 0x10C4, 0x10C4, 0x10C4, 0x10C4, 0x10C4,
  0x10C4, 0x10C4, 0x10A4, 0x10C4, 0x1063, 0x09E8, 0x0719, 0x0ACB, 0x0616, 0x0594, 0x1002, 0x09A7, 0x075A, 0x0A49, 0x1002, 0x10A4,
  0x0657, 0x0C30, 0x1001, 0x0C30, 0x0594, 0x1063, 0x0470, 0x0657, 0x0656, 0x0B4D, 0x1063, 0x10A4, 0x10A4, 0x10A4, 0x10A4, 0x10A4,
  0x10A4, 0x10A4, 0x10A4, 0x10A4, 0x10A4, 0x10A4, 0x10A4, 0x10A4, 0x10A4, 0x10A4, 0x10A4, 0x10A4, 0x10A4, 0x10A4, 0x10A4, 0x10A4,
  0x10A4, 0x10A4, 0x10A4, 0x10A4, 0x10A4, 0x10A4, 0x10A4, 0x10A4, 0x10A4, 0x10A4, 0x10A4, 0x10A4, 0x10A4, 0x10A4, 0x10A4, 0x10A4,
  0x10A4, 0x10A4, 0x10A4, 0x10A4, 0x10A4, 0x10A4, 0x10A4, 0x10A4, 0x10A4, 0x10A4, 0x10A4, 0x10A4, 0x10A4, 0x10A4, 0x10A4, 0x10A4,
  0x10A4, 0x10A4, 0x10A4, 0x10A4, 0x10A4, 0x10A4, 0x10A4, 0x10A4, 0x10A4, 0x10A4, 0x10A4, 0x10A4, 0x10A4, 0x10A4, 0x10A4, 0x10A4,
  0x10A4, 0x10A4, 0x10A4, 0x10A4, 0x10A4, 0x10A4, 0x10A4, 0x10A4, 0x10A4, 0x10A4, 0x10A4, 0x10A4, 0x10A4, 0x10A4, 0x10A4, 0x10A4,
  0x10A4, 0x10A4, 0x10A4, 0x10A4, 0x10A4, 0x10A4, 0x10A4, 0x10A4, 0x10A4, 0x10A4, 0x10A4, 0x10A4, 0x10A4, 0x10A4, 0x10A4, 0x10A4,
  0x10A4, 0x10A4, 0x10A4, 0x10A4, 0x10A4, 0x10A4, 0x10A4, 0x10A4, 0x10A4, 0x10A4, 0x10A4, 0x10A4, 0x10A4, 0x10A4, 0x10A4, 0x10A4,
  0x10A4, 0x10A4, 0x10A4, 0x10A4, 0x10A4, 0x10A4, 0x10A4, 0x10A4, 0x10A4, 0x10A4, 0x10A4, 0x10A4, 0x10A4, 0x10A4, 0x10A4, 0x10A4,
  0x10A4, 0x10A4, 0x10A4, 0x10A4, 0x10A4, 0x10A4, 0x10A4, 0x10A4, 0x10A4, 0x10A4, 0x10A4, 0x10A4, 0x10A4, 0x10A4, 0x10A4, 0x10A4,
  0x10A4, 0x10A4, 0x10A4, 0x10A4, 0x10A4, 0x10A4, 0x10A4, 0x10A4, 0x10A4, 0x10A4, 0x10A4, 0x10A4, 0x10A4, 0x10A4, 0x10A4, 0x10A4,
  0x10A4, 0x10A4, 0x10A4, 0x10A4, 0x10A4, 0x10A4, 0x10A4, 0x10A4, 0x10A4, 0x10A4, 0x10A4, 0x10A4, 0x10A4, 0x10A4, 0x10A4, 0x10A4,
  0x10A4, 0x10A4, 0x10A4, 0x10A4, 0x10A4, 0x10A4, 0x10A4, 0x10A4, 0x10A4, 0x10A4, 0x10A4, 0x10A4, 0x10A4, 0x10A4, 0x10A4, 0x10A4,
  0x10C4, 0x10C4, 0x10C4, 0x10C4, 0x10C4, 0x10C4, 0x10C4, 0x10C4, 0x10C4, 0x10C4, 0x10C4, 0x10C4, 0x10C4, 0x10C4, 0x10C4, 0x10E4,
  0x10E4, 0x10C4, 0x10E4, 0x10E4, 0x10E4, 0x10E5, 0x10E5, 0x10E5, 0x10E5, 0x10E5, 0x1105, 0x1105, 0x1105, 0x1105, 0x1105, 0x1105,
  0x1105, 0x1105, 0x1105, 0x1105, 0x1105, 0x1125, 0x1105, 0x1105, 0x1125, 0x1125, 0x1125, 0x1125, 0x1125, 0x1125, 0x1125, 0x1125,
  0x1125, 0x1125, 0x1125, 0x1125, 0x1125, 0x1125, 0x1125, 0x1125, 0x1125, 0x1105, 0x1125, 0x1105, 0x1105, 0x1105, 0x1105, 0x1105,
  0x1105, 0x1105, 0x1105, 0x1105, 0x1105, 0x1105, 0x1105, 0x1105, 0x10E5, 0x10E5, 0x10E5, 0x10E5, 0x10E5, 0x10E5, 0x10E5, 0x10E4,
  0x10E4, 0x10C4, 0x10C4, 0x10C4, 0x10C4, 0x10C4, 0x10C4, 0x10C4, 0x10C4, 0x10C4, 0x10C4, 0x10C4, 0x10C4, 0x10C4, 0x10C4, 0x10C4,
  0x10C4, 0x10A4, 0x10C4, 0x10C4, 0x1063, 0x09E8, 0x06F9, 0x06B8, 0x073A, 0x0987, 0x1022, 0x09E8, 0x0719, 0x0656, 0x05D5, 0x05F5,
  0x077A, 0x0C0F, 0x1002, 0x0616, 0x0B8D, 0x0A49, 0x07FC, 0x0ACB, 0x0B4D, 0x0C0F, 0x1084, 0x10A4, 0x10A4, 0x10A4, 0x10A4, 0x10A4,
  0x10A4, 0x10A4, 0x10A4, 0x10A4, 0x10A4, 0x10A4, 0x10A4, 0x10A4, 0x10A4, 0x10A4, 0x10A4, 0x10A4, 0x10A4, 0x10A4, 0x10A4, 0x10A4,
  0x10A4, 0x10A4, 0x10A4, 0x10A4, 0x10A4, 0x10A4, 0x10A4, 0x10A4, 0x10A4, 0x10A4, 0x10A4, 0x10A4, 0x10A4, 0x10A4, 0x10A4, 0x10A4,
  0x10A4, 0x10A4, 0x10A4, 0x10A4, 0x10A4, 0x10A4, 0x10A4, 0x10A4, 0x10A4, 0x10A4, 0x10A4, 0x10A4, 0x10A4, 0x10A4, 0x10A4, 0x10A4,
  0x10A4, 0x10A4, 0x10A4, 0x10A4, 0x10A4, 0x10A4, 0x10A4, 0x10A4, 0x10A4, 0x10A4, 0x10A4, 0x10A4, 0x10A4, 0x10A4, 0x10A4, 0x10A4,
  0x10A4, 0x10A4, 0x10A4, 0x10A4, 0x10A4, 0x10A4, 0x10A4, 0x10A4, 0x10A4, 0x10A4, 0x10A4, 0x10A4, 0x10A4, 0x10A4, 0x10A4, 0x10A4,
  0x10A4, 0x10A4, 0x10A4, 0x10A4, 0x10A4, 0x10A4, 0x10A4, 0x10A4, 0x10A4, 0x10A4, 0x10A4, 0x10A4, 0x10A4, 0x10A4, 0x10A4, 0x10A4,
  0x10A4, 0x10A4, 0x10A4, 0x10A4, 0x10A4, 0x10A4, 0x10A4, 0x10A4, 0x10A4, 0x10A4, 0x10A4, 0x10A4, 0x10A4, 0x10A4, 0x10A4, 0x10A4,
  0x10A4, 0x10A4, 0x10A4, 0x10A4, 0x10A4, 0x10A4, 0x10A4, 0x10A4, 0x10A4, 0x10A4, 0x10A4, 0x10A4, 0x10A4, 0x10A4, 0x10A4, 0x10A4,
  0x10A4, 0x10A4, 0x10A4, 0x10A4, 0x10A4, 0x10A4, 0x10A4, 0x10A4, 0x10A4, 0x10A4, 0x10A4, 0x10A4, 0x10A4, 0x10A4, 0x10A4, 0x10A4,
  0x10A4, 0x10A4, 0x10A4, 0x10A4, 0x10A4, 0x10A4, 0x10A4, 0x10A4, 0x10A4, 0x10A4, 0x10A4, 0x10A4, 0x10A4, 0x10A4, 0x10A4, 0x10A4,
  0x10A4, 0x10A4, 0x10A4, 0x10A4, 0x10A4, 0x10A4, 0x10A4, 0x10A4, 0x10A4, 0x10A4, 0x10A4, 0x10A4, 0x10A4, 0x10A4, 0x10A4, 0x10A4,
  0x10A4, 0x10A4, 0x10A4, 0x10A4, 0x10A4, 0x10A4, 0x10A4, 0x10A4, 0x10A4, 0x10A4, 0x10A4, 0x10A4, 0x10A4, 0x10A4, 0x10A4, 0x10A4,
  0x10C4, 0x10C4, 0x10C4, 0x10C4, 0x10C4, 0x10C4, 0x10C4, 0x10C4, 0x10C4, 0x10C4, 0x10C4, 0x10C4, 0x10C4, 0x10C4, 0x10C4, 0x10E4,
  0x10E4, 0x10C4, 0x10E4, 0x10E4, 0x10E4, 0x10E5, 0x10E5, 0x10E5, 0x10E5, 0x10E5, 0x1105, 0x1105, 0x1105, 0x1105, 0x1105, 0x1105,
  0x1105, 0x1105, 0x1105, 0x1105, 0x1105, 0x1125, 0x1105, 0x1105, 0x1125, 0x1125, 0x1125, 0x1125, 0x1125, 0x1125, 0x1125, 0x1125,
  0x1125, 0x1125, 0x1125, 0x1125, 0x1125, 0x1125, 0x1125, 0x1125, 0x1125, 0x1105, 0x1125, 0x1105, 0x1105, 0x1125, 0x1105, 0x1105,
  0x1105, 0x1105, 0x1105, 0x1105, 0x1105, 0x1105, 0x1105, 0x10E5, 0x10E5, 0x10E5, 0x10E5, 0x10E5, 0x10E5, 0x10E5, 0x10E5, 0x10E4,
  0x10E4, 0x10C4, 0x10C4, 0x10C4, 0x10C4, 0x10C4, 0x10C4, 0x10C4, 0x10C4, 0x10C4, 0x10C4, 0x10C4, 0x10C4, 0x10C4, 0x10C4, 0x10C4,
  0x10C4, 0x10A4, 0x10C4, 0x10C4, 0x1083, 0x09E8, 0x073A, 0x05F5, 0x06B8, 0x04B1, 0x1002, 0x09C8, 0x073A, 0x04D2, 0x0BAE, 0x0BEF,
  0x0719, 0x0BEF, 0x10C4, 0x06D8, 0x0A09, 0x10C4, 0x0574, 0x0697, 0x0533, 0x0A49, 0x1083, 0x10A4, 0x10A4, 0x10A4, 0x10A4, 0x10A4,
  0x10A4, 0x10A4, 0x10A4, 0x10A4, 0x10A4, 0x10A4, 0x10A4, 0x10A4, 0x10A4, 0x10A4, 0x10A4, 0x10A4, 0x10A4, 0x10A4, 0x10A4, 0x10A4,
  0x10A4, 0x10A4, 0x10A4, 0x10A4, 0x10A4, 0x10A4, 0x10A4, 0x10A4, 0x10A4, 0x10A4, 0x10A4, 0x10A4, 0x10A4, 0x10A4, 0x10A4, 0x10A4,
  0x10A4, 0x10A4, 0x10A4, 0x10A4, 0x10A4, 0x10A4, 0x10A4, 0x10A4, 0x10A4, 0x10A4, 0x10A4, 0x10A4, 0x10A4, 0x10A4, 0x10A4, 0x10A4,
  0x10A4, 0x10A4, 0x10A4, 0x10A4, 0x10A4, 0x10A4, 0x10A4, 0x10A4, 0x10A4, 0x10A4, 0x10A4, 0x10A4, 0x10A4, 0x10A4, 0x10A4, 0x10A4,
  0x10A4, 0x10A4, 0x10A4, 0x10A4, 0x10A4, 0x10A4, 0x10A4, 0x10A4, 0x10A4, 0x10A4, 0x10A4, 0x10A4, 0x10A4, 0x10A4, 0x10A4, 0x10A4,
  0x10A4, 0x10A4, 0x10A4, 0x10A4, 0x10A4, 0x10A4, 0x10A4, 0x10A4, 0x10A4, 0x10A4, 0x10A4, 0x10A4, 0x10A4, 0x10A4, 0x10A4, 0x10A4,
  0x10A4, 0x10A4, 0x10A4, 0x10A4, 0x10A4, 0x10A4, 0x10A4, 0x10A4, 0x10A4, 0x10A4, 0x10A4, 0x10A4, 0x10A4, 0x10A4, 0x10A4, 0x10A4,
  0x10A4, 0x10A4, 0x10A4, 0x10A4, 0x10A4, 0x10A4, 0x10A4, 0x10A4, 0x10A4, 0x10A4, 0x10A4, 0x10A4, 0x10A4, 0x10A4, 0x10A4, 0x10A4,
  0x10A4, 0x10A4, 0x10A4, 0x10A4, 0x10A4, 0x10A4, 0x10A4, 0x10A4, 0x10A4, 0x10A4, 0x10A4, 0x10A4, 0x10A4, 0x10A4, 0x10A4, 0x10A4,
  0x10A4, 0x10A4, 0x10A4, 0x10A4, 0x10A4, 0x10A4, 0x10A4, 0x10A4, 0x10A4, 0x10A4, 0x10A4, 0x10A4, 0x10A4, 0x10A4, 0x10A4, 0x10A4,
  0x10A4, 0x10A4, 0x10A4, 0x10A4, 0x10A4, 0x10A4, 0x10A4, 0x10A4, 0x10A4, 0x10A4, 0x10A4, 0x10A4, 0x10A4, 0x10A4, 0x10A4, 0x10A4,
  0x10A4, 0x10A4, 0x10A4, 0x10A4, 0x10A4, 0x10A4, 0x10A4, 0x10A4, 0x10A4, 0x10A4, 0x10A4, 0x10A4, 0x10A4, 0x10A4, 0x10A4, 0x10A4,
  0x10C4, 0x10C4, 0x10C4, 0x10C4, 0x10C4, 0x10C4, 0x10C4, 0x10C4, 0x10C4, 0x10C4, 0x10C4, 0x10C4, 0x10C4, 0x10C4, 0x10C4, 0x10E4,
  0x10E4, 0x10C4, 0x10E4, 0x10E4, 0x10E4, 0x10E4, 0x10E5, 0x10E5, 0x10E5, 0x10E5, 0x1105, 0x10E5, 0x1105, 0x1105, 0x1105, 0x1105,
  0x1105, 0x1105, 0x1105, 0x1125, 0x1105, 0x1125, 0x1105, 0x1105, 0x1125, 0x1125, 0x1125, 0x1125, 0x1125, 0x1125, 0x1125, 0x1125,
  0x1125, 0x1125, 0x1125, 0x1125, 0x1125, 0x1125, 0x1125, 0x1125, 0x1125, 0x1105, 0x1105, 0x1105, 0x1125, 0x1125, 0x1105, 0x1105,
  0x1105, 0x1105, 0x1105, 0x1105, 0x1105, 0x1105, 0x1105, 0x1105, 0x10E5, 0x10E5, 0x10E5, 0x10E5, 0x10E5, 0x10E5, 0x10E4, 0x10C4,
  0x10E4, 0x10C4, 0x10C4, 0x10C4, 0x10C4, 0x10C4, 0x10C4, 0x10C4, 0x10C4, 0x10C4, 0x10C4, 0x10C4, 0x10C4, 0x10C4, 0x10C4, 0x10C4,
  0x10C4, 0x10A4, 0x10A4, 0x10C4, 0x1083, 0x09E8, 0x075A, 0x0A29, 0x0AAB, 0x07DC, 0x0A09, 0x0946, 0x077A, 0x0A09, 0x1001, 0x1063,
  0x0677, 0x0BCE, 0x0A49, 0x0697, 0x10A4, 0x0966, 0x0B0C, 0x09C8, 0x0553, 0x075A, 0x1105, 0x1084, 0x10A4, 0x10A4, 0x10A4, 0x10A4,
  0x10A4, 0x10A4, 0x10A4, 0x10A4, 0x10A4, 0x10A4, 0x10A4, 0x10A4, 0x10A4, 0x10A4, 0x10A4, 0x10A4, 0x10A4, 0x10A4, 0x10A4, 0x10A4,
  0x10A4, 0x10A4, 0x10A4, 0x10A4, 0x10A4, 0x10A4, 0x10A4, 0x10A4, 0x10A4, 0x10A4, 0x10A4, 0x10A4, 0x10A4, 0x10A4, 0x10A4, 0x10A4,
  0x10A4, 0x10A4, 0x10A4, 0x10A4, 0x10A4, 0x10A4, 0x10A4, 0x10A4, 0x10A4, 0x10A4, 0x10A4, 0x10A4, 0x10A4, 0x10A4, 0x10A4, 0x10A4,
  0x10A4, 0x10A4, 0x10A4, 0x10A4, 0x10A4, 0x10A4, 0x10A4, 0x10A4, 0x10A4, 0x10A4, 0x10A4, 0x10A4, 0x10A4, 0x10A4, 0x10A4, 0x10A4,
  0x10A4, 0x10A4, 0x10A4, 0x10A4, 0x10A4, 0x10A4, 0x10A4, 0x10A4, 0x10A4, 0x10A4, 0x10A4, 0x10A4, 0x10A4, 0x10A4, 0x10A4, 0x10A4,
  0x10A4, 0x10A4, 0x10A4, 0x10A4, 0x10A4, 0x10A4, 0x10A4, 0x10A4, 0x10A4, 0x10A4, 0x10A4, 0x10A4, 0x10A4, 0x10A4, 0x10A4, 0x10A4,
  0x10A4, 0x10A4, 0x10A4, 0x10A4, 0x10A4, 0x10A4, 0x10A4, 0x10A4, 0x10A4, 0x10A4, 0x10A4, 0x10A4, 0x10A4, 0x10A4, 0x10A4, 0x10A4,
  0x10A4, 0x10A4, 0x10A4, 0x10A4, 0x10A4, 0x10A4, 0x10A4, 0x10A4, 0x10A4, 0x10A4, 0x10A4, 0x10A4, 0x10A4, 0x10A4, 0x10A4, 0x10A4,
  0x10A4, 0x10A4, 0x10A4, 0x10A4, 0x10A4, 0x10A4, 0x10A4, 0x10A4, 0x10A4, 0x10A4, 0x10A4, 0x10A4, 0x10A4, 0x10A4, 0x10A4, 0x10A4,
  0x10A4, 0x10A4, 0x10A4, 0x10A4, 0x10A4, 0x10A4, 0x10A4, 0x10A4, 0x10A4, 0x10A4, 0x10A4, 0x10A4, 0x10A4, 0x10A4, 0x10A4, 0x10A4,
  0x10A4, 0x10A4, 0x10A4, 0x10A4, 0x10A4, 0x10A4, 0x10A4, 0x10A4, 0x10A4, 0x10A4, 0x10A4, 0x10A4, 0x10A4, 0x10A4, 0x10A4, 0x10A4,
  0x10A4, 0x10A4, 0x10A4, 0x10A4, 0x10A4, 0x10A4, 0x10A4, 0x10A4, 0x10A4, 0x10A4, 0x10A4, 0x10A4, 0x10A4, 0x10A4, 0x10A4, 0x10A4,
  0x10C4, 0x10C4, 0x10C4, 0x10C4, 0x10C4, 0x10C4, 0x10C4, 0x10C4, 0x10C4, 0x10C4, 0x10C4, 0x10C4, 0x10C4, 0x10C4, 0x10E4, 0x10E4,
  0x10E4, 0x10C4, 0x10E4, 0x10E4, 0x10E4, 0x10E4, 0x10E5, 0x10E5, 0x10E5, 0x10E5, 0x10E5, 0x1105, 0x1105, 0x1105, 0x1105, 0x1105,
  0x1105, 0x1105, 0x1105, 0x1105, 0x1125, 0x1105, 0x1105, 0x1105, 0x1105, 0x1105, 0x1125, 0x1125, 0x1125, 0x1125, 0x1125, 0x1125,
  0x1125, 0x1125, 0x1125, 0x1125, 0x1125, 0x1125, 0x1125, 0x1105, 0x1105, 0x1105, 0x1105, 0x1105, 0x1125, 0x1105, 0x1105, 0x1105,
  0x1105, 0x1105, 0x1105, 0x1105, 0x1105, 0x1105, 0x1105, 0x10E5, 0x10E5, 0x10E5, 0x10E5, 0x10E5, 0x10E5, 0x10E4, 0x10E4, 0x10C4,
  0x10E4, 0x10C4, 0x10C4, 0x10C4, 0x10C4, 0x10C4, 0x10C4, 0x10C4, 0x10C4, 0x10C4, 0x10C4, 0x10C4, 0x10C4, 0x10C4, 0x10C4, 0x10C4,
  0x10C4, 0x10A4, 0x10A4, 0x10C4, 0x1063, 0x09E8, 0x079B, 0x0A8A, 0x1002, 0x0554, 0x06B8, 0x0A49, 0x079B, 0x0A8A, 0x1043, 0x10E5,
  0x06D8, 0x0BAE, 0x0C0F, 0x0553, 0x1002, 0x09E8, 0x06D8, 0x05B4, 0x0656, 0x04D2, 0x10A4, 0x10A4, 0x10A4, 0x10A4, 0x10A4, 0x10A4,
  0x10A4, 0x10A4, 0x10A4, 0x10A4, 0x10A4, 0x10A4, 0x10A4, 0x10A4, 0x10A4, 0x10A4, 0x10A4, 0x10A4, 0x10A4, 0x10A4, 0x10A4, 0x10A4,
  0x10A4, 0x10A4, 0x10A4, 0x10A4, 0x10A4, 0x10A4, 0x10A4, 0x10A4, 0x10A4, 0x10A4, 0x10A4, 0x10A4, 0x10A4, 0x10A4, 0x10A4, 0x10A4,
  0x10A4, 0x10A4, 0x10A4, 0x10A4, 0x10A4, 0x10A4, 0x10A4, 0x10A4, 0x10A4, 0x10A4, 0x10A4, 0x10A4, 0x10A4, 0x10A4, 0x10A4, 0x10A4,
  0x10A4, 0x10A4, 0x10A4, 0x10A4, 0x10A4, 0x10A4, 0x10A4, 0x10A4, 0x10A4, 0x10A4, 0x10A4, 0x10A4, 0x10A4, 0x10A4, 0x10A4, 0x10A4,
  0x10A4, 0x10A4, 0x10A4, 0x10A4, 0x10A4, 0x10A4, 0x10A4, 0x10A4, 0x10A4, 0x10A4, 0x10A4, 0x10A4, 0x10A4, 0x10A4, 0x10A4, 0x10A4,
  0x10A4, 0x10A4, 0x10A4, 0x10A4, 0x10A4, 0x10A4, 0x10A4, 0x10A4, 0x10A4, 0x10A4, 0x10A4, 0x10A4, 0x10A4, 0x10A4, 0x10A4, 0x10A4,
  0x10A4, 0x10A4, 0x10A4, 0x10A4, 0x10A4, 0x10A4, 0x10A4, 0x10A4, 0x10A4, 0x10A4, 0x10A4, 0x10A4, 0x10A4, 0x10A4, 0x10A4, 0x10A4,
  0x10A4, 0x10A4, 0x10A4, 0x10A4, 0x10A4, 0x10A4, 0x10A4, 0x10A4, 0x10A4, 0x10A4, 0x10A4, 0x10A4, 0x10A4, 0x10A4, 0x10A4, 0x10A4,
  0x10A4, 0x10A4, 0x10A4, 0x10A4, 0x10A4, 0x10A4, 0x10A4, 0x10A4, 0x10A4, 0x10A4, 0x10A4, 0x10A4, 0x10A4, 0x10A4, 0x10A4, 0x10A4,
  0x10A4, 0x10A4, 0x10A4, 0x10A4, 0x10A4, 0x10A4, 0x10A4, 0x10A4, 0x10A4, 0x10A4, 0x10A4, 0x10A4, 0x10A4, 0x10A4, 0x10A4, 0x10A4,
  0x10A4, 0x10A4, 0x10A4, 0x10A4, 0x10A4, 0x10A4, 0x10A4, 0x10A4, 0x10A4, 0x10A4, 0x10A4, 0x10A4, 0x10A4, 0x10A4, 0x10A4, 0x10A4,
  0x10A4, 0x10A4, 0x10A4, 0x10A4, 0x10A4, 0x10A4, 0x10A4, 0x10A4, 0x10A4, 0x10A4, 0x10A4, 0x10A4, 0x10A4, 0x10A4, 0x10A4, 0x10C4,
  0x10C4, 0x10C4, 0x10C4, 0x10C4, 0x10C4, 0x10C4, 0x10C4, 0x10C4, 0x10C4, 0x10C4, 0x10C4, 0x10C4, 0x10C4, 0x10C4, 0x10E4, 0x10C4,
  0x10E5, 0x10E4, 0x10E4, 0x10E4, 0x10E5, 0x10E4, 0x10E5, 0x10E5, 0x10E5, 0x10E5, 0x1105, 0x1105, 0x1105, 0x1105, 0x1105, 0x1105,
  0x1105, 0x1125, 0x1105, 0x1105, 0x1105, 0x1125, 0x1125, 0x1105, 0x1105, 0x1105, 0x1125, 0x1125, 0x1125, 0x1125, 0x1125, 0x1125,
  0x1125, 0x1125, 0x1125, 0x1125, 0x1125, 0x1125, 0x1125, 0x1125, 0x1105, 0x1105, 0x1125, 0x1125, 0x1125, 0x1105, 0x1105, 0x1105,
  0x1105, 0x1105, 0x1105, 0x1105, 0x1105, 0x1105, 0x1105, 0x10E5, 0x10E5, 0x10E5, 0x10E5, 0x10E5, 0x10E5, 0x10E4, 0x10E5, 0x10E4,
  0x10C4, 0x10C4, 0x10C4, 0x10C4, 0x10C4, 0x10C4, 0x10C4, 0x10C4, 0x10C4, 0x10C4, 0x10C4, 0x10C4, 0x10C4, 0x10C4, 0x10C4, 0x10C4,
  0x10C4, 0x10A4, 0x10A4, 0x10C4, 0x10A4, 0x10E5, 0x09E8, 0x1105, 0x1084, 0x10E5, 0x0A29, 0x1146, 0x09E8, 0x1105, 0x1084, 0x10C4,
  0x11C8, 0x1146, 0x0656, 0x0B8D, 0x1042, 0x1083, 0x1126, 0x0ACB, 0x0A29, 0x1084, 0x1084, 0x10A4, 0x10A4, 0x10A4, 0x10A4, 0x10A4,
  0x10A4, 0x10A4, 0x10A4, 0x10A4, 0x10A4, 0x10A4, 0x10A4, 0x10A4, 0x10A4, 0x10A4, 0x10A4, 0x10A4, 0x10A4, 0x10A4, 0x10A4, 0x10A4,
  0x10A4, 0x10A4, 0x10A4, 0x10A4, 0x10A4, 0x10A4, 0x10A4, 0x10A4, 0x10A4, 0x10A4, 0x10A4, 0x10A4, 0x10A4, 0x10A4, 0x10A4, 0x10A4,
  0x10A4, 0x10A4, 0x10A4, 0x10A4, 0x10A4, 0x10A4, 0x10A4, 0x10A4, 0x10A4, 0x10A4, 0x10A4, 0x10A4, 0x10A4, 0x10A4, 0x10A4, 0x10A4,
  0x10A4, 0x10A4, 0x10A4, 0x10A4, 0x10A4, 0x10A4, 0x10A4, 0x10A4, 0x10A4, 0x10A4, 0x10A4, 0x10A4, 0x10A4, 0x10A4, 0x10A4, 0x10A4,
  0x10A4, 0x10A4, 0x10A4, 0x10A4, 0x10A4, 0x10A4, 0x10A4, 0x10A4, 0x10A4, 0x10A4, 0x10A4, 0x10A4, 0x10A4, 0x10A4, 0x10A4, 0x10A4,
  0x10A4, 0x10A4, 0x10A4, 0x10A4, 0x10A4, 0x10A4, 0x10A4, 0x10A4, 0x10A4, 0x10A4, 0x10A4, 0x10A4, 0x10A4, 0x10A4, 0x10A4, 0x10A4,
  0x10A4, 0x10A4, 0x10A4, 0x10A4, 0x10A4, 0x10A4, 0x10A4, 0x10A4, 0x10A4, 0x10A4, 0x10A4, 0x10A4, 0x10A4, 0x10A4, 0x10A4, 0x10A4,
  0x10A4, 0x10A4, 0x10A4, 0x10A4, 0x10A4, 0x10A4, 0x10A4, 0x10A4, 0x10A4, 0x10A4, 0x10A4, 0x10A4, 0x10A4, 0x10A4, 0x10A4, 0x10A4,
  0x10A4, 0x10A4, 0x10A4, 0x10A4, 0x10A4, 0x10A4, 0x10A4, 0x10A4, 0x10A4, 0x10A4, 0x10A4, 0x10A4, 0x10A4, 0x10A4, 0x10A4, 0x10A4,
  0x10A4, 0x10A4, 0x10A4, 0x10A4, 0x10A4, 0x10A4, 0x10A4, 0x10A4, 0x10A4, 0x10A4, 0x10A4, 0x10A4, 0x10A4, 0x10A4, 0x10A4, 0x10A4,
  0x10A4, 0x10A4, 0x10A4, 0x10A4, 0x10A4, 0x10A4, 0x10A4, 0x10A4, 0x10A4, 0x10A4, 0x10A4, 0x10A4, 0x10A4, 0x10A4, 0x10A4, 0x10A4,
  0x10A4, 0x10A4, 0x10A4, 0x10A4, 0x10A4, 0x10A4, 0x10A4, 0x10A4, 0x10A4, 0x10A4, 0x10A4, 0x10A4, 0x10A4, 0x10A4, 0x10A4, 0x10A4,
  0x10C4, 0x10C4, 0x10C4, 0x10C4, 0x10C4, 0x10C4, 0x10C4, 0x10C4, 0x10C4, 0x10C4, 0x10C4, 0x10C4, 0x10C4, 0x10C4, 0x10E4, 0x10C4,
  0x10E4, 0x10E5, 0x10E4, 0x10E5, 0x10E5, 0x10E5, 0x10E5, 0x10E5, 0x10E5, 0x10E5, 0x10E5, 0x1105, 0x1105, 0x1105, 0x1105, 0x1105,
  0x1105, 0x1105, 0x1105, 0x1105, 0x1105, 0x1125, 0x1125, 0x1105, 0x1125, 0x1125, 0x1125, 0x1125, 0x1125, 0x1125, 0x1125, 0x1125,
  0x1125, 0x1125, 0x1125, 0x1125, 0x1125, 0x1105, 0x1125, 0x1105, 0x1105, 0x1125, 0x1125, 0x1105, 0x1105, 0x1105, 0x1105, 0x1105,
  0x1105, 0x1105, 0x1105, 0x10E5, 0x1105, 0x1105, 0x10E5, 0x10E5, 0x10E5, 0x10E5, 0x10E5, 0x10E5, 0x10E5, 0x10E5, 0x10E4, 0x10E4,
  0x10C4, 0x10C4, 0x10C4, 0x10C4, 0x10C4, 0x10C4, 0x10C4, 0x10C4, 0x10C4, 0x10C4, 0x10C4, 0x10C4, 0x10C4, 0x10C4, 0x10C4, 0x10C4,
  0x10C4, 0x10C4, 0x10A4, 0x10C4, 0x10A4, 0x10A4, 0x1063, 0x1084, 0x10C4, 0x10A4, 0x1043, 0x1083, 0x1063, 0x1084, 0x10A4, 0x10A4,
  0x1043, 0x10A4, 0x09E8, 0x1105, 0x1084, 0x10A4, 0x1083, 0x1043, 0x1043, 0x10A4, 0x10A4, 0x10A4, 0x10A4, 0x10A4, 0x10A4, 0x10A4,
  0x10A4, 0x10A4, 0x10A4, 0x10A4, 0x10A4, 0x10A4, 0x10A4, 0x10A4, 0x10A4, 0x10A4, 0x10A4, 0x10A4, 0x10A4, 0x10A4, 0x10A4, 0x10A4,
  0x10A4, 0x10A4, 0x10A4, 0x10A4, 0x10A4, 0x10A4, 0x10A4, 0x10A4, 0x10A4, 0x10A4, 0x10A4, 0x10A4, 0x10A4, 0x10A4, 0x10A4, 0x10A4,
  0x10A4, 0x10A4, 0x10A4, 0x10A4, 0x10A4, 0x10A4, 0x10A4, 0x10A4, 0x10A4, 0x10A4, 0x10A4, 0x10A4, 0x10A4, 0x10A4, 0x10A4, 0x10A4,
  0x10A4, 0x10A4, 0x10A4, 0x10A4, 0x10A4, 0x10A4, 0x10A4, 0x10A4, 0x10A4, 0x10A4, 0x10A4, 0x10A4, 0x10A4, 0x10A4, 0x10A4, 0x10A4,
  0x10A4, 0x10A4, 0x10A4, 0x10A4, 0x10A4, 0x10A4, 0x10A4, 0x10A4, 0x10A4, 0x10A4, 0x10A4, 0x10A4, 0x10A4, 0x10A4, 0x10A4, 0x10A4,
  0x10A4, 0x10A4, 0x10A4, 0x10A4, 0x10A4, 0x10A4, 0x10A4, 0x10A4, 0x10A4, 0x10A4, 0x10A4, 0x10A4, 0x10A4, 0x10A4, 0x10A4, 0x10A4,
  0x10A4, 0x10A4, 0x10A4, 0x10A4, 0x10A4, 0x10A4, 0x10A4, 0x10A4, 0x10A4, 0x10A4, 0x10A4, 0x10A4, 0x10A4, 0x10A4, 0x10A4, 0x10A4,
  0x10A4, 0x10A4, 0x10A4, 0x10A4, 0x10A4, 0x10A4, 0x10A4, 0x10A4, 0x10A4, 0x10A4, 0x10A4, 0x10A4, 0x10A4, 0x10A4, 0x10A4, 0x10A4,
  0x10A4, 0x10A4, 0x10A4, 0x10A4, 0x10A4, 0x10A4, 0x10A4, 0x10A4, 0x10A4, 0x10A4, 0x10A4, 0x10A4, 0x10A4, 0x10A4, 0x10A4, 0x10A4,
  0x10A4, 0x10A4, 0x10A4, 0x10A4, 0x10A4, 0x10A4, 0x10A4, 0x10A4, 0x10A4, 0x10A4, 0x10A4, 0x10A4, 0x10A4, 0x10A4, 0x10A4, 0x10A4,
  0x10A4, 0x10A4, 0x10A4, 0x10A4, 0x10A4, 0x10A4, 0x10A4, 0x10A4, 0x10A4, 0x10A4, 0x10A4, 0x10A4, 0x10A4, 0x10A4, 0x10A4, 0x10A4,
  0x10A4, 0x10A4, 0x10A4, 0x10A4, 0x10A4, 0x10A4, 0x10A4, 0x10A4, 0x10A4, 0x10A4, 0x10A4, 0x10A4, 0x10A4, 0x10A4, 0x10A4, 0x10A4,
  0x10C4, 0x10C4, 0x10C4, 0x10C4, 0x10C4, 0x10C4, 0x10C4, 0x10C4, 0x10C4, 0x10C4, 0x10C4, 0x10C4, 0x10C4, 0x10C4, 0x10C4, 0x10C4,
  0x10E4, 0x10E4, 0x10E4, 0x10E5, 0x10E5, 0x10E5, 0x10E5, 0x10E5, 0x10E5, 0x10E5, 0x10E5, 0x1105, 0x1105, 0x1105, 0x1105, 0x1105,
  0x1105, 0x1105, 0x1125, 0x1105, 0x1105, 0x1105, 0x1105, 0x1125, 0x1125, 0x1105, 0x1125, 0x1105, 0x1125, 0x1125, 0x1125, 0x1125,
  0x1125, 0x1125, 0x1105, 0x1105, 0x1105, 0x1105, 0x1105, 0x1125, 0x1125, 0x1125, 0x1125, 0x1105, 0x1105, 0x1105, 0x1105, 0x1105,
  0x1105, 0x1105, 0x1105, 0x1105, 0x1105, 0x1105, 0x10E5, 0x10E5, 0x10E5, 0x10E5, 0x10E5, 0x10E5, 0x10E4, 0x10E4, 0x10E4, 0x10E4,
  0x10C4, 0x10C4, 0x10C4, 0x10C4, 0x10C4, 0x10C4, 0x10C4, 0x10C4, 0x10C4, 0x10C4, 0x10C4, 0x10C4, 0x10C4, 0x10C4, 0x10C4, 0x10C4,
  0x10C4, 0x10A4, 0x10A4, 0x10A4, 0x10A4, 0x10A4, 0x10C4, 0x10A4, 0x10A4, 0x10A4, 0x10A4, 0x10A4, 0x10A4, 0x10A4, 0x10A4, 0x10A4,
  0x10A4, 0x10A4, 0x1043, 0x1084, 0x10A4, 0x10A4, 0x10A4, 0x10A4, 0x10A4, 0x10A4, 0x10A4, 0x10A4, 0x10A4, 0x10A4, 0x10A4, 0x10A4,
  0x10A4, 0x10A4, 0x10A4, 0x10A4, 0x10A4, 0x10A4, 0x10A4, 0x10A4, 0x10A4, 0x10A4, 0x10A4, 0x10A4, 0x10A4, 0x10A4, 0x10A4, 0x10A4,
  0x10A4, 0x10A4, 0x10A4, 0x10A4, 0x10A4, 0x10A4, 0x10A4, 0x10A4, 0x10A4, 0x10A4, 0x10A4, 0x10A4, 0x10A4, 0x10A4, 0x10A4, 0x10A4,
  0x10A4, 0x10A4, 0x10A4, 0x10A4, 0x10A4, 0x10A4, 0x10A4, 0x10A4, 0x10A4, 0x10A4, 0x10A4, 0x10A4, 0x10A4, 0x10A4, 0x10A4, 0x10A4,
  0x10A4, 0x10A4, 0x10A4, 0x10A4, 0x10A4, 0x10A4, 0x10A4, 0x10A4, 0x10A4, 0x10A4, 0x10A4, 0x10A4, 0x10A4, 0x10A4, 0x10A4, 0x10A4,
  0x10A4, 0x10A4, 0x10A4, 0x10A4, 0x10A4, 0x10A4, 0x10A4, 0x10A4, 0x10A4, 0x10A4, 0x10A4, 0x10A4, 0x10A4, 0x10A4, 0x10A4, 0x10A4,
  0x10A4, 0x10A4, 0x10A4, 0x10A4, 0x10A4, 0x10A4, 0x10A4, 0x10A4, 0x10A4, 0x10A4, 0x10A4, 0x10A4, 0x10A4, 0x10A4, 0x10A4, 0x10A4,
  0x10A4, 0x10A4, 0x10A4, 0x10A4, 0x10A4, 0x10A4, 0x10A4, 0x10A4, 0x10A4, 0x10A4, 0x10A4, 0x10A4, 0x10A4, 0x10A4, 0x10A4, 0x10A4,
  0x10A4, 0x10A4, 0x10A4, 0x10A4, 0x10A4, 0x10A4, 0x10A4, 0x10A4, 0x10A4, 0x10A4, 0x10A4, 0x10A4, 0x10A4, 0x10A4, 0x10A4, 0x10A4,
  0x10A4, 0x10A4, 0x10A4, 0x10A4, 0x10A4, 0x10A4, 0x10A4, 0x10A4, 0x10A4, 0x10A4, 0x10A4, 0x10A4, 0x10A4, 0x10A4, 0x10A4, 0x10A4,
  0x10A4, 0x10A4, 0x10A4, 0x10A4, 0x10A4, 0x10A4, 0x10A4, 0x10A4, 0x10A4, 0x10A4, 0x10A4, 0x10A4, 0x10A4, 0x10A4, 0x10A4, 0x10A4,
  0x10A4, 0x10A4, 0x10A4, 0x10A4, 0x10A4, 0x10A4, 0x10A4, 0x10A4, 0x10A4, 0x10A4, 0x10A4, 0x10A4, 0x10A4, 0x10A4, 0x10A4, 0x10A4,
  0x10A4, 0x10A4, 0x10A4, 0x10A4, 0x10A4, 0x10A4, 0x10A4, 0x10A4, 0x10A4, 0x10A4, 0x10A4, 0x10A4, 0x10A4, 0x10C4, 0x10A4, 0x10A4,
  0x10C4, 0x10C4, 0x10C4, 0x10C4, 0x10C4, 0x10C4, 0x10C4, 0x10C4, 0x10C4, 0x10C4, 0x10C4, 0x10C4, 0x10C4, 0x10C4, 0x10C4, 0x10E4,
  0x10E4, 0x10E4, 0x10E4, 0x10E4, 0x10E4, 0x10E5, 0x10E5, 0x10E5, 0x10E5, 0x10E5, 0x10E5, 0x1105, 0x1105, 0x1105, 0x1105, 0x1105,
  0x1105, 0x1105, 0x1105, 0x1105, 0x1105, 0x1105, 0x1105, 0x1105, 0x1105, 0x1105, 0x1105, 0x1125, 0x1125, 0x1105, 0x1105, 0x1105,
  0x1105, 0x1125, 0x1105, 0x1125, 0x1105, 0x1125, 0x1105, 0x1125, 0x1125, 0x1105, 0x1105, 0x1105, 0x1105, 0x1105, 0x1105, 0x1105,
  0x1105, 0x1105, 0x1105, 0x1105, 0x1105, 0x10E5, 0x10E5, 0x10E5, 0x10E5, 0x10E5, 0x10E5, 0x10E5, 0x10E4, 0x10E4, 0x10E4, 0x10E4,
  0x10E4, 0x10C4, 0x10C4, 0x10C4, 0x10C4, 0x10C4, 0x10C4, 0x10C4, 0x10C4, 0x10C4, 0x10C4, 0x10C4, 0x10C4, 0x10A4, 0x10C4, 0x10C4,
  0x10A4, 0x10C4, 0x10A4, 0x10A4, 0x10A4, 0x10A4, 0x10A4, 0x10A4, 0x10A4, 0x10A4, 0x10A4, 0x10A4, 0x10A4, 0x10A4, 0x10A4, 0x10A4,
  0x10A4, 0x10A4, 0x10A4, 0x10A4, 0x10A4, 0x10A4, 0x10A4, 0x10A4, 0x10A4, 0x10A4, 0x10A4, 0x10A4, 0x10A4, 0x10A4, 0x10A4, 0x10A4,
  0x10A4, 0x10A4, 0x10A4, 0x10A4, 0x10A4, 0x10A4, 0x10A4, 0x10A4, 0x10A4, 0x10A4, 0x10A4, 0x10A4, 0x10A4, 0x10A4, 0x10A4, 0x10A4,
  0x10A4, 0x10A4, 0x10A4, 0x10A4, 0x10A4, 0x10A4, 0x10A4, 0x10A4, 0x10A4, 0x10A4, 0x10A4, 0x10A4, 0x10A4, 0x10A4, 0x10A4, 0x10A4,
  0x10A4, 0x10A4, 0x10A4, 0x10A4, 0x10A4, 0x10A4, 0x10A4, 0x10A4, 0x10A4, 0x10A4, 0x10A4, 0x10A4, 0x10A4, 0x10A4, 0x10A4, 0x10A4,
  0x10A4, 0x10A4, 0x10A4, 0x10A4, 0x10A4, 0x10A4, 0x10A4, 0x10A4, 0x10A4, 0x10A4, 0x10A4, 0x10A4, 0x10A4, 0x10A4, 0x10A4, 0x10A4,
  0x10A4, 0x10A4, 0x10A4, 0x10A4, 0x10A4, 0x10A4, 0x10A4, 0x10A4, 0x10A4, 0x10A4, 0x10A4, 0x10A4, 0x10A4, 0x10A4, 0x10A4, 0x10A4,
  0x10A4, 0x10A4, 0x10A4, 0x10A4, 0x10A4, 0x10A4, 0x10A4, 0x10A4, 0x10A4, 0x10A4, 0x10A4, 0x10A4, 0x10A4, 0x10A4, 0x10A4, 0x10A4,
  0x10A4, 0x10A4, 0x10A4, 0x10A4, 0x10A4, 0x10A4, 0x10A4, 0x10A4, 0x10A4, 0x10A4, 0x10A4, 0x10A4, 0x10A4, 0x10A4, 0x10A4, 0x10A4,
  0x10A4, 0x10A4, 0x10A4, 0x10A4, 0x10A4, 0x10A4, 0x10A4, 0x10A4, 0x10A4, 0x10A4, 0x10A4, 0x10A4, 0x10A4, 0x10A4, 0x10A4, 0x10A4,
  0x10A4, 0x10A4, 0x10A4, 0x10A4, 0x10A4, 0x10A4, 0x10A4, 0x10A4, 0x10A4, 0x10A4, 0x10A4, 0x10A4, 0x10A4, 0x10A4, 0x10A4, 0x10A4,
  0x10A4, 0x10A4, 0x10A4, 0x10A4, 0x10A4, 0x10A4, 0x10A4, 0x10A4, 0x10A4, 0x10A4, 0x10A4, 0x10A4, 0x10A4, 0x10A4, 0x10A4, 0x10A4,
  0x10A4, 0x10A4, 0x10A4, 0x10A4, 0x10A4, 0x10A4, 0x10A4, 0x10A4, 0x10A4, 0x10A4, 0x10A4, 0x10A4, 0x10A4, 0x10A4, 0x10A4, 0x10A4,
  0x10A4, 0x10A4, 0x10A4, 0x10A4, 0x10A4, 0x10A4, 0x10A4, 0x10A4, 0x10A4, 0x10A4, 0x10A4, 0x10A4, 0x10A4, 0x10C4, 0x10A4, 0x10A4,
  0x10C4, 0x10C4, 0x10C4, 0x10C4, 0x10C4, 0x10C4, 0x10C4, 0x10C4, 0x10C4, 0x10C4, 0x10C4, 0x10C4, 0x10C4, 0x10C4, 0x10C4, 0x10E4,
  0x10E4, 0x10E4, 0x10E4, 0x10E4, 0x10E4, 0x10E5, 0x10E5, 0x10E5, 0x10E5, 0x10E5, 0x10E5, 0x10E5, 0x1105, 0x1105, 0x10E5, 0x1105,
  0x1105, 0x1105, 0x1105, 0x1105, 0x1105, 0x1105, 0x1105, 0x1105, 0x1105, 0x1125, 0x1125, 0x1105, 0x1105, 0x1105, 0x1105, 0x1125,
  0x1125, 0x1125, 0x1105, 0x1105, 0x1105, 0x1105, 0x1105, 0x1105, 0x1105, 0x1105, 0x1105, 0x1105, 0x1105, 0x1105, 0x1105, 0x1105,
  0x1105, 0x1105, 0x1105, 0x1105, 0x1105, 0x10E5, 0x10E5, 0x10E5, 0x10E5, 0x10E5, 0x10E5, 0x10E5, 0x10E4, 0x10E4, 0x10E4, 0x10E4,
  0x10E4, 0x10C4, 0x10C4, 0x10C4, 0x10C4, 0x10C4, 0x10C4, 0x10C4, 0x10C4, 0x10C4, 0x10C4, 0x10C4, 0x10C4, 0x10C4, 0x10C4, 0x10C4,
  0x10A4, 0x10A4, 0x10C4, 0x10A4, 0x10A4, 0x10A4, 0x10A4, 0x10A4, 0x10A4, 0x10A4, 0x10A4, 0x10A4, 0x10A4, 0x10A4, 0x10A4, 0x10A4,
  0x10A4, 0x10A4, 0x10A4, 0x10A4, 0x10A4, 0x10A4, 0x10A4, 0x10A4, 0x10A4, 0x10A4, 0x10A4, 0x10A4, 0x10A4, 0x10A4, 0x10A4, 0x10A4,
  0x10A4, 0x10A4, 0x10A4, 0x10A4, 0x10A4, 0x10A4, 0x10A4, 0x10A4, 0x10A4, 0x10A4, 0x10A4, 0x10A4, 0x10A4, 0x10A4, 0x10A4, 0x10A4,
  0x10A4, 0x10A4, 0x10A4, 0x10A4, 0x10A4, 0x10A4, 0x10A4, 0x10A4, 0x10A4, 0x10A4, 0x10A4, 0x10A4, 0x10A4, 0x10A4, 0x10A4, 0x10A4,
  0x10A4, 0x10A4, 0x10A4, 0x10A4, 0x10A4, 0x10A4, 0x10A4, 0x10A4, 0x10A4, 0x10A4, 0x10A4, 0x10A4, 0x10A4, 0x10A4, 0x10A4, 0x10A4,
  0x10A4, 0x10A4, 0x10A4, 0x10A4, 0x10A4, 0x10A4, 0x10A4, 0x10A4, 0x10A4, 0x10A4, 0x10A4, 0x10A4, 0x10A4, 0x10A4, 0x10A4, 0x10A4,
  0x10A4, 0x10A4, 0x10A4, 0x10A4, 0x10A4, 0x10A4, 0x10A4, 0x10A4, 0x10A4, 0x10A4, 0x10A4, 0x10A4, 0x10A4, 0x10A4, 0x10A4, 0x10A4,
  0x10A4, 0x10A4, 0x10A4, 0x10A4, 0x10A4, 0x10A4, 0x10A4, 0x10A4, 0x10A4, 0x10A4, 0x10A4, 0x10A4, 0x10A4, 0x10A4, 0x10A4, 0x10A4,
  0x10A4, 0x10A4, 0x10A4, 0x10A4, 0x10A4, 0x10A4, 0x10A4, 0x10A4, 0x10A4, 0x10A4, 0x10A4, 0x10A4, 0x10A4, 0x10A4, 0x10A4, 0x10A4,
  0x10A4, 0x10A4, 0x10A4, 0x10A4, 0x10A4, 0x10A4, 0x10A4, 0x10A4, 0x10A4, 0x10A4, 0x10A4, 0x10A4, 0x10A4, 0x10A4, 0x10A4, 0x10A4,
  0x10A4, 0x10A4, 0x10A4, 0x10A4, 0x10A4, 0x10A4, 0x10A4, 0x10A4, 0x10A4, 0x10A4, 0x10A4, 0x10A4, 0x10A4, 0x10A4, 0x10A4, 0x10A4,
  0x10A4, 0x10A4, 0x10A4, 0x10A4, 0x10A4, 0x10A4, 0x10A4, 0x10A4, 0x10A4, 0x10A4, 0x10A4, 0x10A4, 0x10A4, 0x10A4, 0x10A4, 0x10A4,
  0x10A4, 0x10A4, 0x10A4, 0x10A4, 0x10A4, 0x10A4, 0x10A4, 0x10A4, 0x10A4, 0x10A4, 0x10A4, 0x10A4, 0x10A4, 0x10A4, 0x10A4, 0x10A4,
  0x10A4, 0x10A4, 0x10A4, 0x10A4, 0x10A4, 0x10A4, 0x10A4, 0x10A4, 0x10A4, 0x10A4, 0x10A4, 0x10A4, 0x10A4, 0x10C4, 0x10A4, 0x10A4,
  0x10C4, 0x10C4, 0x10C4, 0x10C4, 0x10C4, 0x10C4, 0x10C4, 0x10C4, 0x10C4, 0x10C4, 0x10C4, 0x10C4, 0x10C4, 0x10C4, 0x10C4, 0x10E4,
  0x10E4, 0x10E4, 0x10E4, 0x10E4, 0x10E4, 0x10E4, 0x10E5, 0x10E5, 0x10E5, 0x10E5, 0x1105, 0x10E5, 0x1105, 0x1105, 0x1105, 0x1105,
  0x1105, 0x1105, 0x1105, 0x1105, 0x1105, 0x1105, 0x1105, 0x1105, 0x1105, 0x1105, 0x1105, 0x1125, 0x1125, 0x1125, 0x1125, 0x1125,
  0x1125, 0x1125, 0x1125, 0x1125, 0x1125, 0x1105, 0x1125, 0x1105, 0x1105, 0x1105, 0x1105, 0x1105, 0x1105, 0x1105, 0x1105, 0x1105,
  0x1105, 0x1105, 0x1105, 0x1105, 0x1105, 0x10E5, 0x1105, 0x10E5, 0x10E5, 0x10E5, 0x10E5, 0x10E5, 0x10E4, 0x10E5, 0x10E4, 0x10E4,
  0x10E4, 0x10C4, 0x10C4, 0x10C4, 0x10C4, 0x10C4, 0x10C4, 0x10C4, 0x10C4, 0x10C4, 0x10C4, 0x10C4, 0x10C4, 0x10C4, 0x10C4, 0x10C4,
  0x10A4, 0x10C4, 0x10A4, 0x10A4, 0x10A4, 0x10A4, 0x10A4, 0x10A4, 0x10A4, 0x10A4, 0x10A4, 0x10A4, 0x10A4, 0x10A4, 0x10A4, 0x10A4,
  0x10A4, 0x10A4, 0x10A4, 0x10A4, 0x10A4, 0x10A4, 0x10A4, 0x10A4, 0x10A4, 0x10A4, 0x10A4, 0x10A4, 0x10A4, 0x10A4, 0x10A4, 0x10A4,
  0x10A4, 0x10A4, 0x10A4, 0x10A4, 0x10A4, 0x10A4, 0x10A4, 0x10A4, 0x10A4, 0x10A4, 0x10A4, 0x10A4, 0x10A4, 0x10A4, 0x10A4, 0x10A4,
  0x10A4, 0x10A4, 0x10A4, 0x10A4, 0x10A4, 0x10A4, 0x10A4, 0x10A4, 0x10A4, 0x10A4, 0x10A4, 0x10A4, 0x10A4, 0x10A4, 0x10A4, 0x10A4,
  0x10A4, 0x10A4, 0x10A4, 0x10A4, 0x10A4, 0x10A4, 0x10A4, 0x10A4, 0x10A4, 0x10A4, 0x10A4, 0x10A4, 0x10A4, 0x10A4, 0x10A4, 0x10A4,
  0x10A4, 0x10A4, 0x10A4, 0x10A4, 0x10A4, 0x10A4, 0x10A4, 0x10A4, 0x10A4, 0x10A4, 0x10A4, 0x10A4, 0x10A4, 0x10A4, 0x10A4, 0x10A4,
  0x10A4, 0x10A4, 0x10A4, 0x10A4, 0x10A4, 0x10A4, 0x10A4, 0x10A4, 0x10A4, 0x10A4, 0x10A4, 0x10A4, 0x10A4, 0x10A4, 0x10A4, 0x10A4,
  0x10A4, 0x10A4, 0x10A4, 0x10A4, 0x10A4, 0x10A4, 0x10A4, 0x10A4, 0x10A4, 0x10A4, 0x10A4, 0x10A4, 0x10A4, 0x10A4, 0x10A4, 0x10A4,
  0x10A4, 0x10A4, 0x10A4, 0x10A4, 0x10A4, 0x10A4, 0x10A4, 0x10A4, 0x10A4, 0x10A4, 0x10A4, 0x10A4, 0x10A4, 0x10A4, 0x10A4, 0x10A4,
  0x10A4, 0x10A4, 0x10A4, 0x10A4, 0x10A4, 0x10A4, 0x10A4, 0x10A4, 0x10A4, 0x10A4, 0x10A4, 0x10A4, 0x10A4, 0x10A4, 0x10A4, 0x10A4,
  0x10A4, 0x10A4, 0x10A4, 0x10A4, 0x10A4, 0x10A4, 0x10A4, 0x10A4, 0x10A4, 0x10A4, 0x10A4, 0x10A4, 0x10A4, 0x10A4, 0x10A4, 0x10A4,
  0x10A4, 0x10A4, 0x10A4, 0x10A4, 0x10A4, 0x10A4, 0x10A4, 0x10A4, 0x10A4, 0x10A4, 0x10A4, 0x10A4, 0x10A4, 0x10A4, 0x10A4, 0x10A4,
  0x10A4, 0x10A4, 0x10A4, 0x10A4, 0x10A4, 0x10A4, 0x10A4, 0x10A4, 0x10A4, 0x10A4, 0x10A4, 0x10A4, 0x10A4, 0x10A4, 0x10A4, 0x10A4,
  0x10A4, 0x10A4, 0x10A4, 0x10A4, 0x10A4, 0x10A4, 0x10A4, 0x10A4, 0x10A4, 0x10A4, 0x10A4, 0x10A4, 0x10A4, 0x10A4, 0x10C4, 0x10A4,
  0x10A4, 0x10C4, 0x10C4, 0x10C4, 0x10C4, 0x10C4, 0x10C4, 0x10C4, 0x10C4, 0x10C4, 0x10C4, 0x10C4, 0x10C4, 0x10C4, 0x10C4, 0x10C4,
  0x10E4, 0x10E4, 0x10E4, 0x10E4, 0x10E4, 0x10E4, 0x10E5, 0x10E5, 0x10E5, 0x10E5, 0x10E5, 0x10E5, 0x1105, 0x1105, 0x1105, 0x1105,
  0x1105, 0x1105, 0x1105, 0x1105, 0x1105, 0x1105, 0x1105, 0x1105, 0x1105, 0x1125, 0x1125, 0x1105, 0x1125, 0x1125, 0x1125, 0x1125,
  0x1125, 0x1125, 0x1125, 0x1125, 0x1125, 0x1125, 0x1125, 0x1125, 0x1105, 0x1105, 0x1105, 0x1105, 0x1105, 0x1105, 0x1105, 0x1105,
  0x1105, 0x1105, 0x1105, 0x10E5, 0x10E5, 0x1105, 0x10E5, 0x10E5, 0x10E5, 0x10E5, 0x10E5, 0x10E4, 0x10E4, 0x10E4, 0x10E4, 0x10E4,
  0x10E4, 0x10C4, 0x10C4, 0x10C4, 0x10C4, 0x10C4, 0x10C4, 0x10C4, 0x10C4, 0x10C4, 0x10C4, 0x10C4, 0x10C4, 0x10C4, 0x10C4, 0x10A4,
  0x10A4, 0x10A4, 0x10A4, 0x10A4, 0x10A4, 0x10A4, 0x10A4, 0x10A4, 0x10A4, 0x10A4, 0x10A4, 0x10A4, 0x10A4, 0x10A4, 0x10A4, 0x10A4,
  0x10A4, 0x10A4, 0x10A4, 0x10A4, 0x10A4, 0x10A4, 0x10A4, 0x10A4, 0x10A4, 0x10A4, 0x10A4, 0x10A4, 0x10A4, 0x10A4, 0x10A4, 0x10A4,
  0x10A4, 0x10A4, 0x10A4, 0x10A4, 0x10A4, 0x10A4, 0x10A4, 0x10A4, 0x10A4, 0x10A4, 0x10A4, 0x10A4, 0x10A4, 0x10A4, 0x10A4, 0x10A4,
  0x10A4, 0x10A4, 0x10A4, 0x10A4, 0x10A4, 0x10A4, 0x10A4, 0x10A4, 0x10A4, 0x10A4, 0x10A4, 0x10A4, 0x10A4, 0x10A4, 0x10A4, 0x10A4,
  0x10A4, 0x10A4, 0x10A4, 0x10A4, 0x10A4, 0x10A4, 0x10A4, 0x10A4, 0x10A4, 0x10A4, 0x10A4, 0x10A4, 0x10A4, 0x10A4, 0x10A4, 0x10A4,
  0x10A4, 0x10A4, 0x10A4, 0x10A4, 0x10A4, 0x10A4, 0x10A4, 0x10A4, 0x10A4, 0x10A4, 0x10A4, 0x10A4, 0x10A4, 0x10A4, 0x10A4, 0x10A4,
  0x10A4, 0x10A4, 0x10A4, 0x10A4, 0x10A4, 0x10A4, 0x10A4, 0x10A4, 0x10A4, 0x10A4, 0x10A4, 0x10A4, 0x10A4, 0x10A4, 0x10A4, 0x10A4,
  0x10A4, 0x10A4, 0x10A4, 0x10A4, 0x10A4, 0x10A4, 0x10A4, 0x10A4, 0x10A4, 0x10A4, 0x10A4, 0x10A4, 0x10A4, 0x10A4, 0x10A4, 0x10A4,
  0x10A4, 0x10A4, 0x10A4, 0x10A4, 0x10A4, 0x10A4, 0x10A4, 0x10A4, 0x10A4, 0x10A4, 0x10A4, 0x10A4, 0x10A4, 0x10A4, 0x10A4, 0x10A4,
  0x10A4, 0x10A4, 0x10A4, 0x10A4, 0x10A4, 0x10A4, 0x10A4, 0x10A4, 0x10A4, 0x10A4, 0x10A4, 0x10A4, 0x10A4, 0x10A4, 0x10A4, 0x10A4,
  0x10A4, 0x10A4, 0x10A4, 0x10A4, 0x10A4, 0x10A4, 0x10A4, 0x10A4, 0x10A4, 0x10A4, 0x10A4, 0x10A4, 0x10A4, 0x10A4, 0x10A4, 0x10A4,
  0x10A4, 0x10A4, 0x10A4, 0x10A4, 0x10A4, 0x10A4, 0x10A4, 0x10A4, 0x10A4, 0x10A4, 0x10A4, 0x10A4, 0x10A4, 0x10A4, 0x10A4, 0x10A4,
  0x10A4, 0x10A4, 0x10A4, 0x10A4, 0x10A4, 0x10A4, 0x10A4, 0x10A4, 0x10A4, 0x10A4, 0x10A4, 0x10A4, 0x10A4, 0x10A4, 0x10A4, 0x10A4,
  0x10A4, 0x10A4, 0x10A4, 0x10A4, 0x10A4, 0x10A4, 0x10A4, 0x10A4, 0x10A4, 0x10A4, 0x10A4, 0x10A4, 0x10A4, 0x10A4, 0x10A4, 0x10A4,
  0x10A4, 0x10A4, 0x10C4, 0x10C4, 0x10C4, 0x10C4, 0x10C4, 0x10C4, 0x10C4, 0x10C4, 0x10C4, 0x10C4, 0x10C4, 0x10E4, 0x10E4, 0x10C4,
  0x10E4, 0x10E4, 0x10C4, 0x10E4, 0x10E4, 0x10E4, 0x10E5, 0x10E5, 0x10E5, 0x10E5, 0x1105, 0x1105, 0x1105, 0x1105, 0x1105, 0x1105,
  0x1105, 0x1105, 0x1105, 0x1105, 0x1105, 0x1105, 0x1105, 0x1125, 0x1125, 0x1105, 0x1125, 0x1125, 0x1105, 0x1125, 0x1105, 0x1125,
  0x1105, 0x1105, 0x1125, 0x1125, 0x1105, 0x1125, 0x1125, 0x1125, 0x1125, 0x1125, 0x1105, 0x1105, 0x1105, 0x1105, 0x1105, 0x1105,
  0x1105, 0x1105, 0x1105, 0x1105, 0x1105, 0x1105, 0x10E5, 0x10E5, 0x10E5, 0x10E5, 0x10E4, 0x10E4, 0x10E4, 0x10E4, 0x10E4, 0x10E4,
  0x10E4, 0x10E4, 0x10C4, 0x10C4, 0x10C4, 0x10C4, 0x10C4, 0x10C4, 0x10C4, 0x10C4, 0x10C4, 0x10C4, 0x10C4, 0x10C4, 0x10C4, 0x10A4,
  0x10A4, 0x10A4, 0x10A4, 0x10A4, 0x10A4, 0x10A4, 0x10A4, 0x10A4, 0x10A4, 0x10A4, 0x10A4, 0x10A4, 0x10A4, 0x10A4, 0x10A4, 0x10A4,
  0x10A4, 0x10A4, 0x10A4, 0x10A4, 0x10A4, 0x10A4, 0x10A4, 0x10A4, 0x10A4, 0x10A4, 0x10A4, 0x10A4, 0x10A4, 0x10A4, 0x10A4, 0x10A4,
  0x10A4, 0x10A4, 0x10A4, 0x10A4, 0x10A4, 0x10A4, 0x10A4, 0x10A4, 0x10A4, 0x10A4, 0x10A4, 0x10A4, 0x10A4, 0x10A4, 0x10A4, 0x10A4,
  0x10A4, 0x10A4, 0x10A4, 0x10A4, 0x10A4, 0x10A4, 0x10A4, 0x10A4, 0x10A4, 0x10A4, 0x10A4, 0x10A4, 0x10A4, 0x10A4, 0x10A4, 0x10A4,
  0x10A4, 0x10A4, 0x10A4, 0x10A4, 0x10A4, 0x10A4, 0x10A4, 0x10A4, 0x10A4, 0x10A4, 0x10A4, 0x10A4, 0x10A4, 0x10A4, 0x10A4, 0x10A4,
  0x10A4, 0x10A4, 0x10A4, 0x10A4, 0x10A4, 0x10A4, 0x10A4, 0x10A4, 0x10A4, 0x10A4, 0x10A4, 0x10A4, 0x10A4, 0x10A4, 0x10A4, 0x10A4,
  0x10A4, 0x10A4, 0x10A4, 0x10A4, 0x10A4, 0x10A4, 0x10A4, 0x10A4, 0x10A4, 0x10A4, 0x10A4, 0x10A4, 0x10A4, 0x10A4, 0x10A4, 0x10A4,
  0x10A4, 0x10A4, 0x10A4, 0x10A4, 0x10A4, 0x10A4, 0x10A4, 0x10A4, 0x10A4, 0x10A4, 0x10A4, 0x10A4, 0x10A4, 0x10A4, 0x10A4, 0x10A4,
  0x10A4, 0x10A4, 0x10A4, 0x10A4, 0x10A4, 0x10A4, 0x10A4, 0x10A4, 0x10A4, 0x10A4, 0x10A4, 0x10A4, 0x10A4, 0x10A4, 0x10A4, 0x10A4,
  0x10A4, 0x10A4, 0x10A4, 0x10A4, 0x10A4, 0x10A4, 0x10A4, 0x10A4, 0x10A4, 0x10A4, 0x10A4, 0x10A4, 0x10A4, 0x10A4, 0x10A4, 0x10A4,
  0x10A4, 0x10A4, 0x10A4, 0x10A4, 0x10A4, 0x10A4, 0x10A4, 0x10A4, 0x10A4, 0x10A4, 0x10A4, 0x10A4, 0x10A4, 0x10A4, 0x10A4, 0x10A4,
  0x10A4, 0x10A4, 0x10A4, 0x10A4, 0x10A4, 0x10A4, 0x10A4, 0x10A4, 0x10A4, 0x10A4, 0x10A4, 0x10A4, 0x10A4, 0x10A4, 0x10A4, 0x10A4,
  0x10A4, 0x10A4, 0x10A4, 0x10A4, 0x10A4, 0x10A4, 0x10A4, 0x10A4, 0x10A4, 0x10A4, 0x10A4, 0x10A4, 0x10A4, 0x10A4, 0x10A4, 0x10A4,
  0x10A4, 0x10A4, 0x10A4, 0x10A4, 0x10A4, 0x10A4, 0x10A4, 0x10A4, 0x10A4, 0x10A4, 0x10A4, 0x10A4, 0x10A4, 0x10A4, 0x10A4, 0x10A4,
  0x10A4, 0x10A4, 0x10C4, 0x10C4, 0x10C4, 0x10C4, 0x10C4, 0x10C4, 0x10C4, 0x10C4, 0x10C4, 0x10C4, 0x10C4, 0x10E4, 0x10C4, 0x10C4,
  0x10E4, 0x10E4, 0x10E4, 0x10E4, 0x10E4, 0x10E5, 0x10E4, 0x10E5, 0x10E5, 0x10E5, 0x10E5, 0x1105, 0x1105, 0x1105, 0x1105, 0x1105,
  0x1105, 0x1105, 0x1105, 0x1105, 0x1105, 0x1105, 0x1105, 0x1105, 0x1105, 0x1105, 0x1125, 0x1125, 0x1105, 0x1125, 0x1125, 0x1105,
  0x1125, 0x1125, 0x1125, 0x1125, 0x1125, 0x1125, 0x1125, 0x1125, 0x1125, 0x1105, 0x1105, 0x1105, 0x1105, 0x1105, 0x1105, 0x1105,
  0x1105, 0x1105, 0x1105, 0x1105, 0x1105, 0x10E5, 0x10E5, 0x10E5, 0x10E5, 0x10E4, 0x10E4, 0x10E4, 0x10E5, 0x10E4, 0x10C4, 0x10E4,
  0x10C4, 0x10C4, 0x10C4, 0x10C4, 0x10C4, 0x10C4, 0x10C4, 0x10C4, 0x10C4, 0x10C4, 0x10C4, 0x10C4, 0x10C4, 0x10C4, 0x10C4, 0x10A4,
  0x10A4, 0x10A4, 0x10A4, 0x10A4, 0x10A4, 0x10A4, 0x10A4, 0x10A4, 0x10A4, 0x10A4, 0x10A4, 0x10A4, 0x10A4, 0x10A4, 0x10A4, 0x10A4,
  0x10A4, 0x10A4, 0x10A4, 0x10A4, 0x10A4, 0x10A4, 0x10A4, 0x10A4, 0x10A4, 0x10A4, 0x10A4, 0x10A4, 0x10A4, 0x10A4, 0x10A4, 0x10A4,
  0x10A4, 0x10A4, 0x10A4, 0x10A4, 0x10A4, 0x10A4, 0x10A4, 0x10A4, 0x10A4, 0x10A4, 0x10A4, 0x10A4, 0x10A4, 0x10A4, 0x10A4, 0x10A4,
  0x10A4, 0x10A4, 0x10A4, 0x10A4, 0x10A4, 0x10A4, 0x10A4, 0x10A4, 0x10A4, 0x10A4, 0x10A4, 0x10A4, 0x10A4, 0x10A4, 0x10A4, 0x10A4,
  0x10A4, 0x10A4, 0x10A4, 0x10A4, 0x10A4, 0x10A4, 0x10A4, 0x10A4, 0x10A4, 0x10A4, 0x10A4, 0x10A4, 0x10A4, 0x10A4, 0x10A4, 0x10A4,
  0x10A4, 0x10A4, 0x10A4, 0x10A4, 0x10A4, 0x10A4, 0x10A4, 0x10A4, 0x10A4, 0x10A4, 0x10A4, 0x10A4, 0x10A4, 0x10A4, 0x10A4, 0x10A4,
  0x10A4, 0x10A4, 0x10A4, 0x10A4, 0x10A4, 0x10A4, 0x10A4, 0x10A4, 0x10A4, 0x10A4, 0x10A4, 0x10A4, 0x10A4, 0x10A4, 0x10A4, 0x10A4,
  0x10A4, 0x10A4, 0x10A4, 0x10A4, 0x10A4, 0x10A4, 0x10A4, 0x10A4, 0x10A4, 0x10A4, 0x10A4, 0x10A4, 0x10A4, 0x10A4, 0x10A4, 0x10A4,
  0x10A4, 0x10A4, 0x10A4, 0x10A4, 0x10A4, 0x10A4, 0x10A4, 0x10A4, 0x10A4, 0x10A4, 0x10A4, 0x10A4, 0x10A4, 0x10A4, 0x10A4, 0x10A4,
  0x10A4, 0x10A4, 0x10A4, 0x10A4, 0x10A4, 0x10A4, 0x10A4, 0x10A4, 0x10A4, 0x10A4, 0x10A4, 0x10A4, 0x10A4, 0x10A4, 0x10A4, 0x10A4,
  0x10A4, 0x10A4, 0x10A4, 0x10A4, 0x10A4, 0x10A4, 0x10A4, 0x10A4, 0x10A4, 0x10A4, 0x10A4, 0x10A4, 0x10A4, 0x10A4, 0x10A4, 0x10A4,
  0x10A4, 0x10A4, 0x10A4, 0x10A4, 0x10A4, 0x10A4, 0x10A4, 0x10A4, 0x10A4, 0x10A4, 0x10A4, 0x10A4, 0x10A4, 0x10A4, 0x10A4, 0x10A4,
  0x10A4, 0x10A4, 0x10A4, 0x10A4, 0x10A4, 0x10A4, 0x10A4, 0x10A4, 0x10A4, 0x10A4, 0x10A4, 0x10A4, 0x10A4, 0x10A4, 0x10A4, 0x10A4,
  0x10A4, 0x10A4, 0x10A4, 0x10A4, 0x10A4, 0x10A4, 0x10A4, 0x10A4, 0x10A4, 0x10A4, 0x10A4, 0x10A4, 0x10A4, 0x10A4, 0x10A4, 0x10A4,
  0x10A4, 0x10A4, 0x10C4, 0x10C4, 0x10C4, 0x10A4, 0x10C4, 0x10C4, 0x10C4, 0x10C4, 0x10C4, 0x10C4, 0x10C4, 0x10C4, 0x10C4, 0x10E4,
  0x10C4, 0x10C4, 0x10E4, 0x10E4, 0x10E4, 0x10E5, 0x10E4, 0x10E5, 0x10E5, 0x10E5, 0x10E5, 0x10E5, 0x1105, 0x1105, 0x1105, 0x1105,
  0x1105, 0x1105, 0x1105, 0x1105, 0x1105, 0x1105, 0x1105, 0x1105, 0x1105, 0x1105, 0x1105, 0x1105, 0x1125, 0x1125, 0x1125, 0x1125,
  0x1125, 0x1125, 0x1125, 0x1105, 0x1125, 0x1125, 0x1125, 0x1105, 0x1105, 0x1105, 0x1105, 0x1105, 0x1105, 0x1105, 0x1105, 0x1105,
  0x1105, 0x1105, 0x1105, 0x1105, 0x1105, 0x10E5, 0x10E5, 0x10E5, 0x10E5, 0x10E4, 0x10E4, 0x10E4, 0x10E4, 0x10C4, 0x10E4, 0x10E4,
  0x10C4, 0x10C4, 0x10E4, 0x10C4, 0x10C4, 0x10C4, 0x10C4, 0x10C4, 0x10C4, 0x10C4, 0x10C4, 0x10C4, 0x10C4, 0x10C4, 0x10C4, 0x10A4,
  0x10A4, 0x10C4, 0x10A4, 0x10A4, 0x10A4, 0x10A4, 0x10A4, 0x10A4, 0x10A4, 0x10A4, 0x10A4, 0x10A4, 0x10A4, 0x10A4, 0x10A4, 0x10A4,
  0x10A4, 0x10A4, 0x10A4, 0x10A4, 0x10A4, 0x10A4, 0x10A4, 0x10A4, 0x10A4, 0x10A4, 0x10A4, 0x10A4, 0x10A4, 0x10A4, 0x10A4, 0x10A4,
  0x10A4, 0x10A4, 0x10A4, 0x10A4, 0x10A4, 0x10A4, 0x10A4, 0x10A4, 0x10A4, 0x10A4, 0x10A4, 0x10A4, 0x10A4, 0x10A4, 0x10A4, 0x10A4,
  0x10A4, 0x10A4, 0x10A4, 0x10A4, 0x10A4, 0x10A4, 0x10A4, 0x10A4, 0x10A4, 0x10A4, 0x10A4, 0x10A4, 0x10A4, 0x10A4, 0x10A4, 0x10A4,
  0x10A4, 0x10A4, 0x10A4, 0x10A4, 0x10A4, 0x10A4, 0x10A4, 0x10A4, 0x10A4, 0x10A4, 0x10A4, 0x10A4, 0x10A4, 0x10A4, 0x10A4, 0x10A4,
  0x10A4, 0x10A4, 0x10A4, 0x10A4, 0x10A4, 0x10A4, 0x10A4, 0x10A4, 0x10A4, 0x10A4, 0x10A4, 0x10A4, 0x10A4, 0x10A4, 0x10A4, 0x10A4,
  0x10A4, 0x10A4, 0x10A4, 0x10A4, 0x10A4, 0x10A4, 0x10A4, 0x10A4, 0x10A4, 0x10A4, 0x10A4, 0x10A4, 0x10A4, 0x10A4, 0x10A4, 0x10A4,
  0x10A4, 0x10A4, 0x10A4, 0x10A4, 0x10A4, 0x10A4, 0x10A4, 0x10A4, 0x10A4, 0x10A4, 0x10A4, 0x10A4, 0x10A4, 0x10A4, 0x10A4, 0x10A4,
  0x10A4, 0x10A4, 0x10A4, 0x10A4, 0x10A4, 0x10A4, 0x10A4, 0x10A4, 0x10A4, 0x10A4, 0x10A4, 0x10A4, 0x10A4, 0x10A4, 0x10A4, 0x10A4,
  0x10A4, 0x10A4, 0x10A4, 0x10A4, 0x10A4, 0x10A4, 0x10A4, 0x10A4, 0x10A4, 0x10A4, 0x10A4, 0x10A4, 0x10A4, 0x10A4, 0x10A4, 0x10A4,
  0x10A4, 0x10A4, 0x10A4, 0x10A4, 0x10A4, 0x10A4, 0x10A4, 0x10A4, 0x10A4, 0x10A4, 0x10A4, 0x10A4, 0x10A4, 0x10A4, 0x10A4, 0x10A4,
  0x10A4, 0x10A4, 0x10A4, 0x10A4, 0x10A4, 0x10A4, 0x10A4, 0x10A4, 0x10A4, 0x10A4, 0x10A4, 0x10A4, 0x10A4, 0x10A4, 0x10A4, 0x10A4,
  0x10A4, 0x10A4, 0x10A4, 0x10A4, 0x10A4, 0x10A4, 0x10A4, 0x10A4, 0x10A4, 0x10A4, 0x10A4, 0x10A4, 0x10A4, 0x10A4, 0x10A4, 0x10A4,
  0x10A4, 0x10A4, 0x10A4, 0x10A4, 0x10A4, 0x10A4, 0x10A4, 0x10A4, 0x10A4, 0x10A4, 0x10A4, 0x10A4, 0x10A4, 0x10A4, 0x10C4, 0x10A4,
  0x10A4, 0x10A4, 0x10C4, 0x10C4, 0x10C4, 0x10C4, 0x10C4, 0x10C4, 0x10C4, 0x10C4, 0x10C4, 0x10C4, 0x10C4, 0x10C4, 0x10E4, 0x10E4,
  0x10C4, 0x10E4, 0x10E4, 0x10E4, 0x10E4, 0x10E5, 0x10E4, 0x10E4, 0x10E5, 0x10E5, 0x10E5, 0x10E5, 0x10E5, 0x1105, 0x10E5, 0x1105,
  0x1105, 0x1105, 0x1105, 0x1105, 0x1105, 0x1125, 0x1105, 0x1105, 0x1105, 0x1105, 0x1125, 0x1125, 0x1105, 0x1105, 0x1125, 0x1125,
  0x1125, 0x1105, 0x1125, 0x1105, 0x1105, 0x1105, 0x1105, 0x1125, 0x1105, 0x1105, 0x1125, 0x1105, 0x1105, 0x1105, 0x1105, 0x1105,
  0x1105, 0x1105, 0x10E5, 0x1105, 0x1105, 0x10E5, 0x10E5, 0x10E5, 0x10E4, 0x10E4, 0x10E4, 0x10E5, 0x10E4, 0x10E4, 0x10E4, 0x10E4,
  0x10C4, 0x10E4, 0x10C4, 0x10C4, 0x10C4, 0x10C4, 0x10C4, 0x10C4, 0x10C4, 0x10C4, 0x10C4, 0x10C4, 0x10C4, 0x10C4, 0x10C4, 0x10A4,
  0x10A4, 0x10A4, 0x10A4, 0x10A4, 0x10A4, 0x10A4, 0x10A4, 0x10A4, 0x10A4, 0x10A4, 0x10A4, 0x10A4, 0x10A4, 0x10A4, 0x10A4, 0x10A4,
  0x10A4, 0x10A4, 0x10A4, 0x10A4, 0x10A4, 0x10A4, 0x10A4, 0x10A4, 0x10A4, 0x10A4, 0x10A4, 0x10A4, 0x10A4, 0x10A4, 0x10A4, 0x10A4,
  0x10A4, 0x10A4, 0x10A4, 0x10A4, 0x10A4, 0x10A4, 0x10A4, 0x10A4, 0x10A4, 0x10A4, 0x10A4, 0x10A4, 0x10A4, 0x10A4, 0x10A4, 0x10A4,
  0x10A4, 0x10A4, 0x10A4, 0x10A4, 0x10A4, 0x10A4, 0x10A4, 0x10A4, 0x10A4, 0x10A4, 0x10A4, 0x10A4, 0x10A4, 0x10A4, 0x10A4, 0x10A4,
  0x10A4, 0x10A4, 0x10A4, 0x10A4, 0x10A4, 0x10A4, 0x10A4, 0x10A4, 0x10A4, 0x10A4, 0x10A4, 0x10A4, 0x10A4, 0x10A4, 0x10A4, 0x10A4,
  0x10A4, 0x10A4, 0x10A4, 0x10A4, 0x10A4, 0x10A4, 0x10A4, 0x10A4, 0x10A4, 0x10A4, 0x10A4, 0x10A4, 0x10A4, 0x10A4, 0x10A4, 0x10A4,
  0x10A4, 0x10A4, 0x10A4, 0x10A4, 0x10A4, 0x10A4, 0x10A4, 0x10A4, 0x10A4, 0x10A4, 0x10A4, 0x10A4, 0x10A4, 0x10A4, 0x10A4, 0x10A4,
  0x10A4, 0x10A4, 0x10A4, 0x10A4, 0x10A4, 0x10A4, 0x10A4, 0x10A4, 0x10A4, 0x10A4, 0x10A4, 0x10A4, 0x10A4, 0x10A4, 0x10A4, 0x10A4,
  0x10A4, 0x10A4, 0x10A4, 0x10A4, 0x10A4, 0x10A4, 0x10A4, 0x10A4, 0x10A4, 0x10A4, 0x10A4, 0x10A4, 0x10A4, 0x10A4, 0x10A4, 0x10A4,
  0x10A4, 0x10A4, 0x10A4, 0x10A4, 0x10A4, 0x10A4, 0x10A4, 0x10A4, 0x10A4, 0x10A4, 0x10A4, 0x10A4, 0x10A4, 0x10A4, 0x10A4, 0x10A4,
  0x10A4, 0x10A4, 0x10A4, 0x10A4, 0x10A4, 0x10A4, 0x10A4, 0x10A4, 0x10A4, 0x10A4, 0x10A4, 0x10A4, 0x10A4, 0x10A4, 0x10A4, 0x10A4,
  0x10A4, 0x10A4, 0x10A4, 0x10A4, 0x10A4, 0x10A4, 0x10A4, 0x10A4, 0x10A4, 0x10A4, 0x10A4, 0x10A4, 0x10A4, 0x10A4, 0x10A4, 0x10A4,
  0x10A4, 0x10A4, 0x10A4, 0x10A4, 0x10A4, 0x10A4, 0x10A4, 0x10A4, 0x10A4, 0x10A4, 0x10A4, 0x10A4, 0x10A4, 0x10A4, 0x10A4, 0x10A4,
  0x10A4, 0x10A4, 0x10A4, 0x10A4, 0x10A4, 0x10A4, 0x10A4, 0x10A4, 0x10A4, 0x10A4, 0x10A4, 0x10A4, 0x10A4, 0x10A4, 0x10A4, 0x10A4,
  0x10A4, 0x10A4, 0x10C4, 0x10C4, 0x10C4, 0x10C4, 0x10C4, 0x10C4, 0x10C4, 0x10C4, 0x10C4, 0x10C4, 0x10C4, 0x10C4, 0x10E4, 0x10E4,
  0x10C4, 0x10E4, 0x10E4, 0x10E4, 0x10E4, 0x10E4, 0x10E4, 0x10E4, 0x10E4, 0x10E5, 0x10E5, 0x10E5, 0x10E5, 0x1105, 0x1105, 0x1105,
  0x1105, 0x1105, 0x1105, 0x1105, 0x1105, 0x1105, 0x1105, 0x1105, 0x1105, 0x1105, 0x1105, 0x1105, 0x1105, 0x1105, 0x1105, 0x1105,
  0x1105, 0x1105, 0x1105, 0x1105, 0x1105, 0x1105, 0x1105, 0x1105, 0x1105, 0x1105, 0x1105, 0x1105, 0x1105, 0x1105, 0x1105, 0x1105,
  0x1105, 0x1105, 0x10E5, 0x1105, 0x10E5, 0x10E5, 0x10E5, 0x10E5, 0x10E4, 0x10E4, 0x10E4, 0x10E5, 0x10E4, 0x10E4, 0x10E4, 0x10E4,
  0x10C4, 0x10E4, 0x10C4, 0x10C4, 0x10C4, 0x10C4, 0x10C4, 0x10C4, 0x10C4, 0x10C4, 0x10C4, 0x10C4, 0x10C4, 0x10C4, 0x10C4, 0x10C4,
  0x10A4, 0x10A4, 0x10A4, 0x10A4, 0x10A4, 0x10A4, 0x10A4, 0x10A4, 0x10A4, 0x10A4, 0x10A4, 0x10A4, 0x10A4, 0x10A4, 0x10A4, 0x10A4,
  0x10A4, 0x10A4, 0x10A4, 0x10A4, 0x10A4, 0x10A4, 0x10A4, 0x10A4, 0x10A4, 0x10A4, 0x10A4, 0x10A4, 0x10A4, 0x10A4, 0x10A4, 0x10A4,
  0x10A4, 0x10A4, 0x10A4, 0x10A4, 0x10A4, 0x10A4, 0x10A4, 0x10A4, 0x10A4, 0x10A4, 0x10A4, 0x10A4, 0x10A4, 0x10A4, 0x10A4, 0x10A4,
  0x10A4, 0x10A4, 0x10A4, 0x10A4, 0x10A4, 0x10A4, 0x10A4, 0x10A4, 0x10A4, 0x10A4, 0x10A4, 0x10A4, 0x10A4, 0x10A4, 0x10A4, 0x10A4,
  0x10A4, 0x10A4, 0x10A4, 0x10A4, 0x10A4, 0x10A4, 0x10A4, 0x10A4, 0x10A4, 0x10A4, 0x10A4, 0x10A4, 0x10A4, 0x10A4, 0x10A4, 0x10A4,
  0x10A4, 0x10A4, 0x10A4, 0x10A4, 0x10A4, 0x10A4, 0x10A4, 0x10A4, 0x10A4, 0x10A4, 0x10A4, 0x10A4, 0x10A4, 0x10A4, 0x10A4, 0x10A4,
  0x10A4, 0x10A4, 0x10A4, 0x10A4, 0x10A4, 0x10A4, 0x10A4, 0x10A4, 0x10A4, 0x10A4, 0x10A4, 0x10A4, 0x10A4, 0x10A4, 0x10A4, 0x10A4,
  0x10A4, 0x10A4, 0x10A4, 0x10A4, 0x10A4, 0x10A4, 0x10A4, 0x10A4, 0x10A4, 0x10A4, 0x10A4, 0x10A4, 0x10A4, 0x10A4, 0x10A4, 0x10A4,
  0x10A4, 0x10A4, 0x10A4, 0x10A4, 0x10A4, 0x10A4, 0x10A4, 0x10A4, 0x10A4, 0x10A4, 0x10A4, 0x10A4, 0x10A4, 0x10A4, 0x10A4, 0x10A4,
  0x10A4, 0x10A4, 0x10A4, 0x10A4, 0x10A4, 0x10A4, 0x10A4, 0x10A4, 0x10A4, 0x10A4, 0x10A4, 0x10A4, 0x10A4, 0x10A4, 0x10A4, 0x10A4,
  0x10A4, 0x10A4, 0x10A4, 0x10A4, 0x10A4, 0x10A4, 0x10A4, 0x10A4, 0x10A4, 0x10A4, 0x10A4, 0x10A4, 0x10A4, 0x10A4, 0x10A4, 0x10A4,
  0x10A4, 0x10A4, 0x10A4, 0x10A4, 0x10A4, 0x10A4, 0x10A4, 0x10A4, 0x10A4, 0x10A4, 0x10A4, 0x10A4, 0x10A4, 0x10A4, 0x10A4, 0x10A4,
  0x10A4, 0x10A4, 0x10A4, 0x10A4, 0x10A4, 0x10A4, 0x10A4, 0x10A4, 0x10A4, 0x10A4, 0x10A4, 0x10A4, 0x10A4, 0x10A4, 0x10A4, 0x10A4,
  0x10A4, 0x10A4, 0x10A4, 0x10A4, 0x10A4, 0x10A4, 0x10A4, 0x10A4, 0x10A4, 0x10A4, 0x10A4, 0x10A4, 0x10A4, 0x10A4, 0x10A4, 0x10A4,
  0x10A4, 0x10A4, 0x10C4, 0x10C4, 0x10C4, 0x10A4, 0x10C4, 0x10C4, 0x10C4, 0x10C4, 0x10C4, 0x10C4, 0x10C4, 0x10C4, 0x10C4, 0x10E4,
  0x10E4, 0x10C4, 0x10E4, 0x10E4, 0x10E4, 0x10E4, 0x10E4, 0x10E4, 0x10E4, 0x10E4, 0x1105, 0x10E5, 0x10E5, 0x1105, 0x1105, 0x1105,
  0x1105, 0x1105, 0x1105, 0x1105, 0x1105, 0x1105, 0x1105, 0x1105, 0x1105, 0x1105, 0x1105, 0x1105, 0x1105, 0x1105, 0x1105, 0x1105,
  0x1105, 0x1105, 0x1105, 0x1105, 0x1105, 0x1105, 0x1105, 0x1105, 0x1105, 0x1105, 0x1105, 0x1105, 0x1105, 0x1105, 0x1105, 0x1105,
  0x1105, 0x1105, 0x1105, 0x10E4, 0x10E5, 0x1105, 0x10E5, 0x10E4, 0x10E4, 0x10E4, 0x10E4, 0x10E4, 0x10E4, 0x10E4, 0x10E4, 0x10E4,
  0x10E4, 0x10C4, 0x10C4, 0x10C4, 0x10C4, 0x10C4, 0x10C4, 0x10C4, 0x10C4, 0x10C4, 0x10C4, 0x10C4, 0x10C4, 0x10C4, 0x10A4, 0x10A4,
  0x10A4, 0x10A4, 0x10A4, 0x10A4, 0x10A4, 0x10A4, 0x10A4, 0x10A4, 0x10A4, 0x10A4, 0x10A4, 0x10A4, 0x10A4, 0x10A4, 0x10A4, 0x10A4,
  0x10A4, 0x10A4, 0x10A4, 0x10A4, 0x10A4, 0x10A4, 0x10A4, 0x10A4, 0x10A4, 0x10A4, 0x10A4, 0x10A4, 0x10A4, 0x10A4, 0x10A4, 0x10A4,
  0x10A4, 0x10A4, 0x10A4, 0x10A4, 0x10A4, 0x10A4, 0x10A4, 0x10A4, 0x10A4, 0x10A4, 0x10A4, 0x10A4, 0x10A4, 0x10A4, 0x10A4, 0x10A4,
  0x10A4, 0x10A4, 0x10A4, 0x10A4, 0x10A4, 0x10A4, 0x10A4, 0x10A4, 0x10A4, 0x10A4, 0x10A4, 0x10A4, 0x10A4, 0x10A4, 0x10A4, 0x10A4,
  0x10A4, 0x10A4, 0x10A4, 0x10A4, 0x10A4, 0x10A4, 0x10A4, 0x10A4, 0x10A4, 0x10A4, 0x10A4, 0x10A4, 0x10A4, 0x10A4, 0x10A4, 0x10A4,
  0x10A4, 0x10A4, 0x10A4, 0x10A4, 0x10A4, 0x10A4, 0x10A4, 0x10A4, 0x10A4, 0x10A4, 0x10A4, 0x10A4, 0x10A4, 0x10A4, 0x10A4, 0x10A4,
  0x10A4, 0x10A4, 0x10A4, 0x10A4, 0x10A4, 0x10A4, 0x10A4, 0x10A4, 0x10A4, 0x10A4, 0x10A4, 0x10A4, 0x10A4, 0x10A4, 0x10A4, 0x10A4,
  0x10A4, 0x10A4, 0x10A4, 0x10A4, 0x10A4, 0x10A4, 0x10A4, 0x10A4, 0x10A4, 0x10A4, 0x10A4, 0x10A4, 0x10A4, 0x10A4, 0x10A4, 0x10A4,
  0x10A4, 0x10A4, 0x10A4, 0x10A4, 0x10A4, 0x10A4, 0x10A4, 0x10A4, 0x10A4, 0x10A4, 0x10A4, 0x10A4, 0x10A4, 0x10A4, 0x10A4, 0x10A4,
  0x10A4, 0x10A4, 0x10A4, 0x10A4, 0x10A4, 0x10A4, 0x10A4, 0x10A4, 0x10A4, 0x10A4, 0x10A4, 0x10A4, 0x10A4, 0x10A4, 0x10A4, 0x10A4,
  0x10A4, 0x10A4, 0x10A4, 0x10A4, 0x10A4, 0x10A4, 0x10A4, 0x10A4, 0x10A4, 0x10A4, 0x10A4, 0x10A4, 0x10A4, 0x10A4, 0x10A4, 0x10A4,
  0x10A4, 0x10A4, 0x10A4, 0x10A4, 0x10A4, 0x10A4, 0x10A4, 0x10A4, 0x10A4, 0x10A4, 0x10A4, 0x10A4, 0x10A4, 0x10A4, 0x10A4, 0x10A4,
  0x10A4, 0x10A4, 0x10A4, 0x10A4, 0x10A4, 0x10A4, 0x10A4, 0x10A4, 0x10A4, 0x10A4, 0x10A4, 0x10A4, 0x10A4, 0x10A4, 0x10A4, 0x10A4,
  0x10A4, 0x10A4, 0x10A4, 0x10A4, 0x10A4, 0x10A4, 0x10A4, 0x10A4, 0x10A4, 0x10A4, 0x10A4, 0x10A4, 0x10A4, 0x10A4, 0x10A4, 0x10A4,
  0x10A4, 0x10A4, 0x10C4, 0x10C4, 0x10C4, 0x10C4, 0x10C4, 0x10C4, 0x10C4, 0x10C4, 0x10C4, 0x10C4, 0x10C4, 0x10E4, 0x10C4, 0x10E4,
  0x10E4, 0x10C4, 0x10E4, 0x10E4, 0x10E4, 0x10E4, 0x10E4, 0x10E4, 0x10E4, 0x10E4, 0x10E5, 0x10E5, 0x10E4, 0x10E4, 0x10E5, 0x1105,
  0x1105, 0x1105, 0x1105, 0x1105, 0x1105, 0x1105, 0x1105, 0x1105, 0x1105, 0x1105, 0x1105, 0x1105, 0x1105, 0x1105, 0x1105, 0x1105,
  0x1105, 0x1105, 0x1105, 0x1105, 0x1105, 0x1105, 0x1105, 0x1105, 0x1105, 0x1105, 0x1105, 0x1105, 0x10E5, 0x1105, 0x1105, 0x1104,
  0x1105, 0x1105, 0x10E4, 0x10E5, 0x10E4, 0x10E5, 0x10E5, 0x10E4, 0x10E4, 0x10E4, 0x10E4, 0x10E4, 0x10E4, 0x10E4, 0x10C4, 0x10E4,
  0x10E4, 0x10C4, 0x10C4, 0x10C4, 0x10E4, 0x10C4, 0x10C4, 0x10C4, 0x10C4, 0x10A4, 0x10C4, 0x10C4, 0x10C4, 0x10A4, 0x10A4, 0x10C4,
  0x10C4, 0x10A4, 0x10A4, 0x10A4, 0x10A4, 0x10A4, 0x10A4, 0x10A4, 0x10A4, 0x10A4, 0x10A4, 0x10A4, 0x10A4, 0x10A4, 0x10A4, 0x10A4,
  0x10A4, 0x10A4, 0x10A4, 0x10A4, 0x10A4, 0x10A4, 0x10A4, 0x10A4, 0x10A4, 0x10A4, 0x10A4, 0x10A4, 0x10A4, 0x10A4, 0x10A4, 0x10A4,
  0x10A4, 0x10A4, 0x10A4, 0x10A4, 0x10A4, 0x10A4, 0x10A4, 0x10A4, 0x10A4, 0x10A4, 0x10A4, 0x10A4, 0x10A4, 0x10A4, 0x10A4, 0x10A4,
  0x10A4, 0x10A4, 0x10A4, 0x10A4, 0x10A4, 0x10A4, 0x10A4, 0x10A4, 0x10A4, 0x10A4, 0x10A4, 0x10A4, 0x10A4, 0x10A4, 0x10A4, 0x10A4,
  0x10A4, 0x10A4, 0x10A4, 0x10A4, 0x10A4, 0x10A4, 0x10A4, 0x10A4, 0x10A4, 0x10A4, 0x10A4, 0x10A4, 0x10A4, 0x10A4, 0x10A4, 0x10A4,
  0x10A4, 0x10A4, 0x10A4, 0x10A4, 0x10A4, 0x10A4, 0x10A4, 0x10A4, 0x10A4, 0x10A4, 0x10A4, 0x10A4, 0x10A4, 0x10A4, 0x10A4, 0x10A4,
  0x10A4, 0x10A4, 0x10A4, 0x10A4, 0x10A4, 0x10A4, 0x10A4, 0x10A4, 0x10A4, 0x10A4, 0x10A4, 0x10A4, 0x10A4, 0x10A4, 0x10A4, 0x10A4,
  0x10A4, 0x10A4, 0x10A4, 0x10A4, 0x10A4, 0x10A4, 0x10A4, 0x10A4, 0x10A4, 0x10A4, 0x10A4, 0x10A4, 0x10A4, 0x10A4, 0x10A4, 0x10A4,
  0x10A4, 0x10A4, 0x10A4, 0x10A4, 0x10A4, 0x10A4, 0x10A4, 0x10A4, 0x10A4, 0x10A4, 0x10A4, 0x10A4, 0x10A4, 0x10A4, 0x10A4, 0x10A4,
  0x10A4, 0x10A4, 0x10A4, 0x10A4, 0x10A4, 0x10A4, 0x10A4, 0x10A4, 0x10A4, 0x10A4, 0x10A4, 0x10A4, 0x10A4, 0x10A4, 0x10A4, 0x10A4,
  0x10A4, 0x10A4, 0x10A4, 0x10A4, 0x10A4, 0x10A4, 0x10A4, 0x10A4, 0x10A4, 0x10A4, 0x10A4, 0x10A4, 0x10A4, 0x10A4, 0x10A4, 0x10A4,
  0x10A4, 0x10A4, 0x10A4, 0x10A4, 0x10A4, 0x10A4, 0x10A4, 0x10A4, 0x10A4, 0x10A4, 0x10A4, 0x10A4, 0x10A4, 0x10A4, 0x10A4, 0x10A4,
  0x10A4, 0x10A4, 0x10A4, 0x10A4, 0x10A4, 0x10A4, 0x10A4, 0x10A4, 0x10A4, 0x10A4, 0x10A4, 0x10A4, 0x10A4, 0x10A4, 0x10A4, 0x10A4,
  0x10A4, 0x10A4, 0x10A4, 0x10A4, 0x10A4, 0x10A4, 0x10A4, 0x10A4, 0x10A4, 0x10A4, 0x10A4, 0x10A4, 0x10A4, 0x10A4, 0x10A4, 0x10A4,
  0x10C4, 0x10C4, 0x10A4, 0x10C4, 0x10C4, 0x10C4, 0x10C4, 0x10C4, 0x10C4, 0x10C4, 0x10C4, 0x10C4, 0x10C4, 0x10C4, 0x10C4, 0x10C4,
  0x10E4, 0x10C4, 0x10C4, 0x10E4, 0x10E4, 0x10E4, 0x10E4, 0x10E4, 0x10E4, 0x10E4, 0x10E4, 0x10E4, 0x10E4, 0x10E4, 0x10E4, 0x1105,
  0x1105, 0x1105, 0x1105, 0x1105, 0x1105, 0x1105, 0x1925, 0x1105, 0x1105, 0x1105, 0x1105, 0x1105, 0x1125, 0x1105, 0x1105, 0x1105,
  0x1105, 0x1125, 0x1105, 0x1105, 0x1105, 0x1105, 0x1105, 0x1105, 0x1125, 0x1105, 0x1105, 0x1105, 0x10E5, 0x1105, 0x1105, 0x1104,
  0x1105, 0x1105, 0x10E4, 0x10E4, 0x10E4, 0x10E4, 0x10E4, 0x10E4, 0x10E4, 0x10E4, 0x10E4, 0x10E4, 0x10E4, 0x10E4, 0x10C4, 0x10E4,
  0x10C4, 0x10C4, 0x10C4, 0x10C4, 0x10C4, 0x10C4, 0x10C4, 0x10C4, 0x10C4, 0x10C4, 0x10C4, 0x10C4, 0x10C4, 0x10A4, 0x10A4, 0x10A4,
  0x10C4, 0x10A4, 0x10A4, 0x10A4, 0x10A4, 0x10A4, 0x10A4, 0x10A4, 0x10A4, 0x10A4, 0x10A4, 0x10A4, 0x10A4, 0x10A4, 0x10A4, 0x10A4,
  0x10A4, 0x10A4, 0x10A4, 0x10A4, 0x10A4, 0x10A4, 0x10A4, 0x10A4, 0x10A4, 0x10A4, 0x10A4, 0x10A4, 0x10A4, 0x10A4, 0x10A4, 0x10A4,
  0x10A4, 0x10A4, 0x10A4, 0x10A4, 0x10A4, 0x10A4, 0x10A4, 0x10A4, 0x10A4, 0x10A4, 0x10A4, 0x10A4, 0x10A4, 0x10A4, 0x10A4, 0x10A4,
  0x10A4, 0x10A4, 0x10A4, 0x10A4, 0x10A4, 0x10A4, 0x10A4, 0x10A4, 0x10A4, 0x10A4, 0x10A4, 0x10A4, 0x10A4, 0x10A4, 0x10A4, 0x10A4,
  0x10A4, 0x10A4, 0x10A4, 0x10A4, 0x10A4, 0x10A4, 0x10A4, 0x10A4, 0x10A4, 0x10A4, 0x10A4, 0x10A4, 0x10A4, 0x10A4, 0x10A4, 0x10A4,
  0x10A4, 0x10A4, 0x10A4, 0x10A4, 0x10A4, 0x10A4, 0x10A4, 0x10A4, 0x10A4, 0x10A4, 0x10A4, 0x10A4, 0x10A4, 0x10A4, 0x10A4, 0x10A4,
  0x10A4, 0x10A4, 0x10A4, 0x10A4, 0x10A4, 0x10A4, 0x10A4, 0x10A4, 0x10A4, 0x10A4, 0x10A4, 0x10A4, 0x10A4, 0x10A4, 0x10A4, 0x10A4,
  0x10A4, 0x10A4, 0x10A4, 0x10A4, 0x10A4, 0x10A4, 0x10A4, 0x10A4, 0x10A4, 0x10A4, 0x10A4, 0x10A4, 0x10A4, 0x10A4, 0x10A4, 0x10A4,
  0x10A4, 0x10A4, 0x10A4, 0x10A4, 0x10A4, 0x10A4, 0x10A4, 0x10A4, 0x10A4, 0x10A4, 0x10A4, 0x10A4, 0x10A4, 0x10A4, 0x10A4, 0x10A4,
  0x10A4, 0x10A4, 0x10A4, 0x10A4, 0x10A4, 0x10A4, 0x10A4, 0x10A4, 0x10A4, 0x10A4, 0x10A4, 0x10A4, 0x10A4, 0x10A4, 0x10A4, 0x10A4,
  0x10A4, 0x10A4, 0x10A4, 0x10A4, 0x10A4, 0x10A4, 0x10A4, 0x10A4, 0x10A4, 0x10A4, 0x10A4, 0x10A4, 0x10A4, 0x10A4, 0x10A4, 0x10A4,
  0x10A4, 0x10A4, 0x10A4, 0x10A4, 0x10A4, 0x10A4, 0x10A4, 0x10A4, 0x10A4, 0x10A4, 0x10A4, 0x10A4, 0x10A4, 0x10A4, 0x10A4, 0x10A4,
  0x10A4, 0x10A4, 0x10A4, 0x10A4, 0x10A4, 0x10A4, 0x10A4, 0x10A4, 0x10A4, 0x10A4, 0x10A4, 0x10A4, 0x10A4, 0x10A4, 0x10A4, 0x10A4,
  0x10A4, 0x10A4, 0x10A4, 0x10A4, 0x10A4, 0x10A4, 0x10A4, 0x10A4, 0x10A4, 0x10A4, 0x10A4, 0x10A4, 0x10A4, 0x10A4, 0x10A4, 0x10A4,
  0x10A4, 0x10A4, 0x10A4, 0x10C4, 0x10C4, 0x10C4, 0x10A4, 0x10C4, 0x10C4, 0x10C4, 0x10C4, 0x10C4, 0x10C4, 0x10C4, 0x10C4, 0x10C4,
  0x10E4, 0x10C4, 0x10E4, 0x10E4, 0x10E4, 0x10E4, 0x10E4, 0x10E4, 0x10E4, 0x10E4, 0x10E4, 0x10E4, 0x10E4, 0x10E4, 0x1105, 0x1104,
  0x1105, 0x1105, 0x1104, 0x1105, 0x1105, 0x1105, 0x1105, 0x1105, 0x1105, 0x1105, 0x1105, 0x1105, 0x1105, 0x1105, 0x1105, 0x1105,
  0x1105, 0x1105, 0x1105, 0x1105, 0x1105, 0x1105, 0x1105, 0x1105, 0x1105, 0x1105, 0x1105, 0x1105, 0x1105, 0x1105, 0x1105, 0x1105,
  0x1105, 0x1104, 0x10E5, 0x10E4, 0x10E4, 0x10E4, 0x10E4, 0x10E4, 0x10E5, 0x10E4, 0x10E4, 0x10E4, 0x10E4, 0x10E4, 0x10C4, 0x10C4,
  0x10E4, 0x10C4, 0x10C4, 0x10C4, 0x10C4, 0x10C4, 0x10C4, 0x10C4, 0x10C4, 0x10C4, 0x10C4, 0x10C4, 0x10C4, 0x10A4, 0x10A4, 0x10A4,
  0x10A4, 0x10A4, 0x10A4, 0x10A4, 0x10A4, 0x10A4, 0x10A4, 0x10A4, 0x10A4, 0x10A4, 0x10A4, 0x10A4, 0x10A4, 0x10A4, 0x10A4, 0x10A4,
  0x10A4, 0x10A4, 0x10A4, 0x10A4, 0x10A4, 0x10A4, 0x10A4, 0x10A4, 0x10A4, 0x10A4, 0x10A4, 0x10A4, 0x10A4, 0x10A4, 0x10A4, 0x10A4,
  0x10A4, 0x10A4, 0x10A4, 0x10A4, 0x10A4, 0x10A4, 0x10A4, 0x10A4, 0x10A4, 0x10A4, 0x10A4, 0x10A4, 0x10A4, 0x10A4, 0x10A4, 0x10A4,
  0x10A4, 0x10A4, 0x10A4, 0x10A4, 0x10A4, 0x10A4, 0x10A4, 0x10A4, 0x10A4, 0x10A4, 0x10A4, 0x10A4, 0x10A4, 0x10A4, 0x10A4, 0x10A4,
  0x10A4, 0x10A4, 0x10A4, 0x10A4, 0x10A4, 0x10A4, 0x10A4, 0x10A4, 0x10A4, 0x10A4, 0x10A4, 0x10A4, 0x10A4, 0x10A4, 0x10A4, 0x10A4,
  0x10A4, 0x10A4, 0x10A4, 0x10A4, 0x10A4, 0x10A4, 0x10A4, 0x10A4, 0x10A4, 0x10A4, 0x10A4, 0x10A4, 0x10A4, 0x10A4, 0x10A4, 0x10A4,
  0x10A4, 0x10A4, 0x10A4, 0x10A4, 0x10A4, 0x10A4, 0x10A4, 0x10A4, 0x10A4, 0x10A4, 0x10A4, 0x10A4, 0x10A4, 0x10A4, 0x10A4, 0x10A4,
  0x10A4, 0x10A4, 0x10A4, 0x10A4, 0x10A4, 0x10A4, 0x10A4, 0x10A4, 0x10A4, 0x10A4, 0x10A4, 0x10A4, 0x10A4, 0x10A4, 0x10A4, 0x10A4,
  0x10A4, 0x10A4, 0x10A4, 0x10A4, 0x10A4, 0x10A4, 0x10A4, 0x10A4, 0x10A4, 0x10A4, 0x10A4, 0x10A4, 0x10A4, 0x10A4, 0x10A4, 0x10A4,
  0x10A4, 0x10A4, 0x10A4, 0x10A4, 0x10A4, 0x10A4, 0x10A4, 0x10A4, 0x10A4, 0x10A4, 0x10A4, 0x10A4, 0x10A4, 0x10A4, 0x10A4, 0x10A4,
  0x10A4, 0x10A4, 0x10A4, 0x10A4, 0x10A4, 0x10A4, 0x10A4, 0x10A4, 0x10A4, 0x10A4, 0x10A4, 0x10A4, 0x10A4, 0x10A4, 0x10A4, 0x10A4,
  0x10A4, 0x10A4, 0x10A4, 0x10A4, 0x10A4, 0x10A4, 0x10A4, 0x10A4, 0x10A4, 0x10A4, 0x10A4, 0x10A4, 0x10A4, 0x10A4, 0x10A4, 0x10A4,
  0x10A4, 0x10A4, 0x10A4, 0x10A4, 0x10A4, 0x10A4, 0x10A4, 0x10A4, 0x10A4, 0x10A4, 0x10A4, 0x10A4, 0x10A4, 0x10A4, 0x10A4, 0x10A4,
  0x10A4, 0x10A4, 0x10A4, 0x10A4, 0x10A4, 0x10A4, 0x10A4, 0x10A4, 0x10A4, 0x10A4, 0x10A4, 0x10A4, 0x10A4, 0x10A4, 0x10A4, 0x10A4,
  0x10A4, 0x10A4, 0x10A4, 0x10A4, 0x10A4, 0x10A4, 0x10A4, 0x10A4, 0x10C4, 0x10C4, 0x10C4, 0x10C4, 0x10C4, 0x10C4, 0x10C4, 0x10C4,
  0x10C4, 0x10C4, 0x10E4, 0x10E4, 0x10E4, 0x10E4, 0x10E4, 0x10E4, 0x10E4, 0x10E4, 0x10E4, 0x10E4, 0x10E4, 0x10E4, 0x1104, 0x1104,
  0x1105, 0x1105, 0x1105, 0x1105, 0x1105, 0x1105, 0x1105, 0x1105, 0x1105, 0x1105, 0x1105, 0x1105, 0x1105, 0x1105, 0x1105, 0x1105,
  0x1105, 0x1105, 0x1105, 0x1105, 0x1105, 0x1105, 0x1105, 0x1105, 0x1105, 0x1105, 0x1105, 0x1105, 0x1105, 0x1105, 0x1105, 0x1105,
  0x10E4, 0x1105, 0x1104, 0x10E4, 0x10E4, 0x10E4, 0x10E4, 0x10E4, 0x10E5, 0x10E4, 0x10E4, 0x10E4, 0x10E4, 0x10C4, 0x10E4, 0x10E4,
  0x10C4, 0x10C4, 0x10C4, 0x10C4, 0x10C4, 0x10C4, 0x10C4, 0x10C4, 0x10A4, 0x10C4, 0x10C4, 0x10C4, 0x10A4, 0x10A4, 0x10A4, 0x10A4,
  0x10A4, 0x10A4, 0x10A4, 0x10A4, 0x10A4, 0x10A4, 0x10A4, 0x10A4, 0x10A4, 0x10A4, 0x10A4, 0x10A4, 0x10A4, 0x10A4, 0x10A4, 0x10A4,
  0x10A4, 0x10A4, 0x10A4, 0x10A4, 0x10A4, 0x10A4, 0x10A4, 0x10A4, 0x10A4, 0x10A4, 0x10A4, 0x10A4, 0x10A4, 0x10A4, 0x10A4, 0x10A4,
  0x10A4, 0x10A4, 0x10A4, 0x10A4, 0x10A4, 0x10A4, 0x10A4, 0x10A4, 0x10A4, 0x10A4, 0x10A4, 0x10A4, 0x10A4, 0x10A4, 0x10A4, 0x10A4,
  0x10A4, 0x10A4, 0x10A4, 0x10A4, 0x10A4, 0x10A4, 0x10A4, 0x10A4, 0x10A4, 0x10A4, 0x10A4, 0x10A4, 0x10A4, 0x10A4, 0x10A4, 0x10A4,
  0x10A4, 0x10A4, 0x10A4, 0x10A4, 0x10A4, 0x10A4, 0x10A4, 0x10A4, 0x10A4, 0x10A4, 0x10A4, 0x10A4, 0x10A4, 0x10A4, 0x10A4, 0x10A4,
  0x10A4, 0x10A4, 0x10A4, 0x10A4, 0x10A4, 0x10A4, 0x10A4, 0x10A4, 0x10A4, 0x10A4, 0x10A4, 0x10A4, 0x10A4, 0x10A4, 0x10A4, 0x10A4,
  0x10A4, 0x10A4, 0x10A4, 0x10A4, 0x10A4, 0x10A4, 0x10A4, 0x10A4, 0x10A4, 0x10A4, 0x10A4, 0x10A4, 0x10A4, 0x10A4, 0x10A4, 0x10A4,
  0x10A4, 0x10A4, 0x10A4, 0x10A4, 0x10A4, 0x10A4, 0x10A4, 0x10A4, 0x10A4, 0x10A4, 0x10A4, 0x10A4, 0x10A4, 0x10A4, 0x10A4, 0x10A4,
  0x10A4, 0x10A4, 0x10A4, 0x10A4, 0x10A4, 0x10A4, 0x10A4, 0x10A4, 0x10A4, 0x10A4, 0x10A4, 0x10A4, 0x10A4, 0x10A4, 0x10A4, 0x10A4,
  0x10A4, 0x10A4, 0x10A4, 0x10A4, 0x10A4, 0x10A4, 0x10A4, 0x10A4, 0x10A4, 0x10A4, 0x10A4, 0x10A4, 0x10A4, 0x10A4, 0x10A4, 0x10A4,
  0x10A4, 0x10A4, 0x10A4, 0x10A4, 0x10A4, 0x10A4, 0x10A4, 0x10A4, 0x10A4, 0x10A4, 0x10A4, 0x10A4, 0x10A4, 0x10A4, 0x10A4, 0x10A4,
  0x10A4, 0x10A4, 0x10A4, 0x10A4, 0x10A4, 0x10A4, 0x10A4, 0x10A4, 0x10A4, 0x10A4, 0x10A4, 0x10A4, 0x10A4, 0x10A4, 0x10A4, 0x10A4,
  0x10A4, 0x10A4, 0x10A4, 0x10A4, 0x10A4, 0x10A4, 0x10A4, 0x10A4, 0x10A4, 0x10A4, 0x10A4, 0x10A4, 0x10A4, 0x10A4, 0x10A4, 0x10A4,
  0x10A4, 0x10A4, 0x10A4, 0x10A4, 0x10A4, 0x10A4, 0x10A4, 0x10A4, 0x10A4, 0x10A4, 0x10A4, 0x10A4, 0x10A4, 0x10A4, 0x10A4, 0x10A4,
  0x10C4, 0x10C4, 0x10C4, 0x10A4, 0x10A4, 0x10C4, 0x10C4, 0x10A4, 0x10C4, 0x10C4, 0x10C4, 0x10C4, 0x10C4, 0x10C4, 0x10C4, 0x10C4,
  0x10C4, 0x10E4, 0x10E4, 0x10E4, 0x10E4, 0x10E4, 0x10E4, 0x10E4, 0x10E4, 0x10E4, 0x10E4, 0x10E4, 0x10E4, 0x1104, 0x1105, 0x1104,
  0x10E4, 0x1105, 0x1105, 0x1105, 0x1105, 0x1105, 0x1105, 0x1105, 0x1105, 0x1105, 0x1105, 0x1105, 0x1105, 0x1105, 0x1105, 0x1105,
  0x1105, 0x1105, 0x1105, 0x1105, 0x1105, 0x1105, 0x1105, 0x1105, 0x1105, 0x1105, 0x1105, 0x1105, 0x1105, 0x1105, 0x1105, 0x1104,
  0x1104, 0x1104, 0x10E4, 0x1104, 0x10E4, 0x10E4, 0x10E4, 0x10E4, 0x10E4, 0x10E4, 0x10E4, 0x10E4, 0x10E4, 0x10E4, 0x10C4, 0x10C4,
  0x10C4, 0x10C4, 0x10E4, 0x10C4, 0x10C4, 0x10C4, 0x10C4, 0x10C4, 0x10C4, 0x10C4, 0x10C4, 0x10C4, 0x10A4, 0x10A4, 0x10A4, 0x10A4,
  0x10A4, 0x10A4, 0x10A4, 0x10A4, 0x10A4, 0x10A4, 0x10A4, 0x10A4, 0x10A4, 0x10A4, 0x10A4, 0x10A4, 0x10A4, 0x10A4, 0x10A4, 0x10A4,
  0x10A4, 0x10A4, 0x10A4, 0x10A4, 0x10A4, 0x10A4, 0x10A4, 0x10A4, 0x10A4, 0x10A4, 0x10A4, 0x10A4, 0x10A4, 0x10A4, 0x10A4, 0x10A4,
  0x10A4, 0x10A4, 0x10A4, 0x10A4, 0x10A4, 0x10A4, 0x10A4, 0x10A4, 0x10A4, 0x10A4, 0x10A4, 0x10A4, 0x10A4, 0x10A4, 0x10A4, 0x10A4,
  0x10A4, 0x10A4, 0x10A4, 0x10A4, 0x10A4, 0x10A4, 0x10A4, 0x10A4, 0x10A4, 0x10A4, 0x10A4, 0x10A4, 0x10A4, 0x10A4, 0x10A4, 0x10A4,
  0x10A4, 0x10A4, 0x10A4, 0x10A4, 0x10A4, 0x10A4, 0x10A4, 0x10A4, 0x10A4, 0x10A4, 0x10A4, 0x10A4, 0x10A4, 0x10A4, 0x10A4, 0x10A4,
  0x10A4, 0x10A4, 0x10A4, 0x10A4, 0x10A4, 0x10A4, 0x10A4, 0x10A4, 0x10A4, 0x10A4, 0x10A4, 0x10A4, 0x10A4, 0x10A4, 0x10A4, 0x10A4,
  0x10A4, 0x10A4, 0x10A4, 0x10A4, 0x10A4, 0x10A4, 0x10A4, 0x10A4, 0x10A4, 0x10A4, 0x10A4, 0x10A4, 0x10A4, 0x10A4, 0x10A4, 0x10A4,
  0x10A4, 0x10A4, 0x10A4, 0x10A4, 0x10A4, 0x10A4, 0x10A4, 0x10A4, 0x10A4, 0x10A4, 0x10A4, 0x10A4, 0x10A4, 0x10A4, 0x10A4, 0x10A4,
  0x10A4, 0x10A4, 0x10A4, 0x10A4, 0x10A4, 0x10A4, 0x10A4, 0x10A4, 0x10A4, 0x10A4, 0x10A4, 0x10A4, 0x10A4, 0x10A4, 0x10A4, 0x10A4,
  0x10A4, 0x10A4, 0x10A4, 0x10A4, 0x10A4, 0x10A4, 0x10A4, 0x10A4, 0x10A4, 0x10A4, 0x10A4, 0x10A4, 0x10A4, 0x10A4, 0x10A4, 0x10A4,
  0x10A4, 0x10A4, 0x10A4, 0x10A4, 0x10A4, 0x10A4, 0x10A4, 0x10A4, 0x10A4, 0x10A4, 0x10A4, 0x10A4, 0x10A4, 0x10A4, 0x10A4, 0x10A4,
  0x10A4, 0x10A4, 0x10A4, 0x10A4, 0x10A4, 0x10A4, 0x10A4, 0x10A4, 0x10A4, 0x10A4, 0x10A4, 0x10A4, 0x10A4, 0x10A4, 0x10A4, 0x10A4,
  0x10A4, 0x10A4, 0x10A4, 0x10A4, 0x10A4, 0x10A4, 0x10A4, 0x10A4, 0x10A4, 0x10A4, 0x10A4, 0x10A4, 0x10A4, 0x10A4, 0x10A4, 0x10A4,
  0x10A4, 0x10A4, 0x10A4, 0x10A4, 0x10A4, 0x10A4, 0x10A4, 0x10A4, 0x10A4, 0x10A4, 0x10A4, 0x10A4, 0x10A4, 0x10A4, 0x10A4, 0x10A4,
  0x10A4, 0x10A4, 0x10A4, 0x10A4, 0x10C4, 0x10C4, 0x10A4, 0x10A4, 0x10C4, 0x10C4, 0x10C4, 0x10C4, 0x10C4, 0x10C4, 0x10C4, 0x10C4,
  0x10C4, 0x10C4, 0x10E4, 0x10E4, 0x10E4, 0x10E4, 0x10E4, 0x10E4, 0x10E4, 0x10E4, 0x10E4, 0x10E4, 0x10E4, 0x1104, 0x1105, 0x1105,
  0x10E4, 0x10E4, 0x1105, 0x1105, 0x1105, 0x1105, 0x1105, 0x1105, 0x1105, 0x1105, 0x1105, 0x1105, 0x1105, 0x1105, 0x1105, 0x1105,
  0x1105, 0x1105, 0x1105, 0x1105, 0x1105, 0x1105, 0x1105, 0x1105, 0x1105, 0x1105, 0x1105, 0x1105, 0x1105, 0x1105, 0x1104, 0x1104,
  0x1105, 0x10E4, 0x1104, 0x10E4, 0x10E4, 0x10E4, 0x10E4, 0x10E4, 0x10E4, 0x10E4, 0x10E4, 0x10E4, 0x10E4, 0x10E4, 0x10E4, 0x10C4,
  0x10C4, 0x10C4, 0x10C4, 0x10C4, 0x10C4, 0x10C4, 0x10C4, 0x10C4, 0x10C4, 0x10C4, 0x10C4, 0x10C4, 0x10A4, 0x10A4, 0x10A4, 0x10A4,
  0x10A4, 0x10A4, 0x10A4, 0x10A4, 0x10A4, 0x10A4, 0x10A4, 0x10A4, 0x10A4, 0x10A4, 0x10A4, 0x10A4, 0x10A4, 0x10A4, 0x10A4, 0x10A4,
  0x10A4, 0x10A4, 0x10A4, 0x10A4, 0x10A4, 0x10A4, 0x10A4, 0x10A4, 0x10A4, 0x10A4, 0x10A4, 0x10A4, 0x10A4, 0x10A4, 0x10A4, 0x10A4,
  0x10A4, 0x10A4, 0x10A4, 0x10A4, 0x10A4, 0x10A4, 0x10A4, 0x10A4, 0x10A4, 0x10A4, 0x10A4, 0x10A4, 0x10A4, 0x10A4, 0x10A4, 0x10A4,
  0x10A4, 0x10A4, 0x10A4, 0x10A4, 0x10A4, 0x10A4, 0x10A4, 0x10A4, 0x10A4, 0x10A4, 0x10A4, 0x10A4, 0x10A4, 0x10A4, 0x10A4, 0x10A4,
  0x10A4, 0x10A4, 0x10A4, 0x10A4, 0x10A4, 0x10A4, 0x10A4, 0x10A4, 0x10A4, 0x10A4, 0x10A4, 0x10A4, 0x10A4, 0x10A4, 0x10A4, 0x10A4,
  0x10A4, 0x10A4, 0x10A4, 0x10A4, 0x10A4, 0x10A4, 0x10A4, 0x10A4, 0x10A4, 0x10A4, 0x10A4, 0x10A4, 0x10A4, 0x10A4, 0x10A4, 0x10A4,
  0x10A4, 0x10A4, 0x10A4, 0x10A4, 0x10A4, 0x10A4, 0x10A4, 0x10A4, 0x10A4, 0x10A4, 0x10A4, 0x10A4, 0x10A4, 0x10A4, 0x10A4, 0x10A4,
  0x10A4, 0x10A4, 0x10A4, 0x10A4, 0x10A4, 0x10A4, 0x10A4, 0x10A4, 0x10A4, 0x10A4, 0x10A4, 0x10A4, 0x10A4, 0x10A4, 0x10A4, 0x10A4,
  0x10A4, 0x10A4, 0x10A4, 0x10A4, 0x10A4, 0x10A4, 0x10A4, 0x10A4, 0x10A4, 0x10A4, 0x10A4, 0x10A4, 0x10A4, 0x10A4, 0x10A4, 0x10A4,
  0x10A4, 0x10A4, 0x10A4, 0x10A4, 0x10A4, 0x10A4, 0x10A4, 0x10A4, 0x10A4, 0x10A4, 0x10A4, 0x10A4, 0x10A4, 0x10A4, 0x10A4, 0x10A4,
  0x10A4, 0x10A4, 0x10A4, 0x10A4, 0x10A4, 0x10A4, 0x10A4, 0x10A4, 0x10A4, 0x10A4, 0x10A4, 0x10A4, 0x10A4, 0x10A4, 0x10A4, 0x10A4,
  0x10A4, 0x10A4, 0x10A4, 0x10A4, 0x10A4, 0x10A4, 0x10A4, 0x10A4, 0x10A4, 0x10A4, 0x10A4, 0x10A4, 0x10A4, 0x10A4, 0x10A4, 0x10A4,
  0x10A4, 0x10A4, 0x10A4, 0x10A4, 0x10A4, 0x10A4, 0x10A4, 0x10A4, 0x10A4, 0x10A4, 0x10A4, 0x10A4, 0x10A4, 0x10A4, 0x10A4, 0x10A4,
  0x10A4, 0x10A4, 0x10A4, 0x10A4, 0x10A4, 0x10A4, 0x10A4, 0x10A4, 0x10A4, 0x10A4, 0x10A4, 0x10A4, 0x10A4, 0x10A4, 0x10A4, 0x10A4,
  0x10A4, 0x10C4, 0x10A4, 0x10C4, 0x10A4, 0x10A4, 0x10A4, 0x10C4, 0x10C4, 0x10C4, 0x10C4, 0x10C4, 0x10C4, 0x10C4, 0x10E4, 0x10C4,
  0x10C4, 0x10C4, 0x10E4, 0x10E4, 0x10E4, 0x10E4, 0x10E4, 0x10E4, 0x10E4, 0x10E4, 0x10E4, 0x10E4, 0x10E4, 0x10E4, 0x1104, 0x1105,
  0x1104, 0x1104, 0x1104, 0x1105, 0x1105, 0x1105, 0x1105, 0x1105, 0x1105, 0x1105, 0x1105, 0x1105, 0x1105, 0x1105, 0x1105, 0x1105,
  0x1105, 0x1105, 0x1105, 0x1105, 0x1105, 0x1105, 0x1105, 0x1105, 0x1105, 0x1105, 0x1105, 0x1105, 0x1105, 0x1104, 0x10E4, 0x1105,
  0x1105, 0x1104, 0x10E4, 0x10E4, 0x10E4, 0x10E4, 0x10E4, 0x10E4, 0x10E4, 0x10E4, 0x10E4, 0x10E4, 0x10E4, 0x10E4, 0x10E4, 0x10C4,
  0x10C4, 0x10C4, 0x10C4, 0x10C4, 0x10C4, 0x10C4, 0x10C4, 0x10C4, 0x10C4, 0x10C4, 0x10A4, 0x10A4, 0x10A4, 0x10A4, 0x10A4, 0x10A4,
  0x10A4, 0x10A4, 0x10A4, 0x10A4, 0x10A4, 0x10A4, 0x10A4, 0x10A4, 0x10A4, 0x10A4, 0x10A4, 0x10A4, 0x10A4, 0x10A4, 0x10A4, 0x10A4,
  0x10A4, 0x10A4, 0x10A4, 0x10A4, 0x10A4, 0x10A4, 0x10A4, 0x10A4, 0x10A4, 0x10A4, 0x10A4, 0x10A4, 0x10A4, 0x10A4, 0x10A4, 0x10A4,
  0x10A4, 0x10A4, 0x10A4, 0x10A4, 0x10A4, 0x10A4, 0x10A4, 0x10A4, 0x10A4, 0x10A4, 0x10A4, 0x10A4, 0x10A4, 0x10A4, 0x10A4, 0x10A4,
  0x10A4, 0x10A4, 0x10A4, 0x10A4, 0x10A4, 0x10A4, 0x10A4, 0x10A4, 0x10A4, 0x10A4, 0x10A4, 0x10A4, 0x10A4, 0x10A4, 0x10A4, 0x10A4,
  0x10A4, 0x10A4, 0x10A4, 0x10A4, 0x10A4, 0x10A4, 0x10A4, 0x10A4, 0x10A4, 0x10A4, 0x10A4, 0x10A4, 0x10A4, 0x10A4, 0x10A4, 0x10A4,
  0x10A4, 0x10A4, 0x10A4, 0x10A4, 0x10A4, 0x10A4, 0x10A4, 0x10A4, 0x10A4, 0x10A4, 0x10A4, 0x10A4, 0x10A4, 0x10A4, 0x10A4, 0x10A4,
  0x10A4, 0x10A4, 0x10A4, 0x10A4, 0x10A4, 0x10A4, 0x10A4, 0x10A4, 0x10A4, 0x10A4, 0x10A4, 0x10A4, 0x10A4, 0x10A4, 0x10A4, 0x10A4,
  0x10A4, 0x10A4, 0x10A4, 0x10A4, 0x10A4, 0x10A4, 0x10A4, 0x10A4, 0x10A4, 0x10A4, 0x10A4, 0x10A4, 0x10A4, 0x10A4, 0x10A4, 0x10A4,
  0x10A4, 0x10A4, 0x10A4, 0x10A4, 0x10A4, 0x10A4, 0x10A4, 0x10A4, 0x10A4, 0x10A4, 0x10A4, 0x10A4, 0x10A4, 0x10A4, 0x10A4, 0x10A4,
  0x10A4, 0x10A4, 0x10A4, 0x10A4, 0x10A4, 0x10A4, 0x10A4, 0x10A4, 0x10A4, 0x10A4, 0x10A4, 0x10A4, 0x10A4, 0x10A4, 0x10A4, 0x10A4,
  0x10A4, 0x10A4, 0x10A4, 0x10A4, 0x10A4, 0x10A4, 0x10A4, 0x10A4, 0x10A4, 0x10A4, 0x10A4, 0x10A4, 0x10A4, 0x10A4, 0x10A4, 0x10A4,
  0x10A4, 0x10A4, 0x10A4, 0x10A4, 0x10A4, 0x10A4, 0x10A4, 0x10A4, 0x10A4, 0x10A4, 0x10A4, 0x10A4, 0x10A4, 0x10A4, 0x10A4, 0x10A4,
  0x10A4, 0x10A4, 0x10A4, 0x10A4, 0x10A4, 0x10A4, 0x10A4, 0x10A4, 0x10A4, 0x10A4, 0x10A4, 0x10A4, 0x10A4, 0x10A4, 0x10A4, 0x10A4,
  0x10A4, 0x10A4, 0x10A4, 0x10A4, 0x10A4, 0x10A4, 0x10A4, 0x10A4, 0x10A4, 0x10A4, 0x10A4, 0x10A4, 0x10A4, 0x10A4, 0x10A4, 0x10A4,
  0x10A4, 0x10A4, 0x10A4, 0x10A4, 0x10A4, 0x10A4, 0x10C4, 0x10C4, 0x10C4, 0x10C4, 0x10C4, 0x10C4, 0x10C4, 0x10C4, 0x10C4, 0x10C4,
  0x10C4, 0x10E4, 0x10E4, 0x10E4, 0x10E4, 0x10E4, 0x10E4, 0x10E4, 0x10E4, 0x10E4, 0x10E4, 0x10E4, 0x10E4, 0x10E4, 0x10E4, 0x1104,
  0x10E4, 0x1104, 0x1104, 0x10E4, 0x1104, 0x1105, 0x1105, 0x1105, 0x1105, 0x1105, 0x1105, 0x1105, 0x1105, 0x1105, 0x1105, 0x1105,
  0x1105, 0x1105, 0x1105, 0x1105, 0x1105, 0x1105, 0x1105, 0x1105, 0x1105, 0x1105, 0x1105, 0x1105, 0x1104, 0x1104, 0x1104, 0x1104,
  0x1105, 0x10E4, 0x10E4, 0x10E4, 0x10E4, 0x10E4, 0x10E4, 0x10E4, 0x10E4, 0x10E4, 0x10E4, 0x10E4, 0x10E4, 0x10E4, 0x10E4, 0x10C4,
  0x10C4, 0x10C4, 0x10C4, 0x10C4, 0x10C4, 0x10C4, 0x10C4, 0x10C4, 0x10A4, 0x10C4, 0x10C4, 0x10A4, 0x10A4, 0x10A4, 0x10A4, 0x10A4,
  0x10A4, 0x10A4, 0x10A4, 0x10A4, 0x10A4, 0x10A4, 0x10A4, 0x10A4, 0x10A4, 0x10A4, 0x10A4, 0x10A4, 0x10A4, 0x10A4, 0x10A4, 0x10A4,
  0x10A4, 0x10A4, 0x10A4, 0x10A4, 0x10A4, 0x10A4, 0x10A4, 0x10A4, 0x10A4, 0x10A4, 0x10A4, 0x10A4, 0x10A4, 0x10A4, 0x10A4, 0x10A4,
  0x10A4, 0x10A4, 0x10A4, 0x10A4, 0x10A4, 0x10A4, 0x10A4, 0x10A4, 0x10A4, 0x10A4, 0x10A4, 0x10A4, 0x10A4, 0x10A4, 0x10A4, 0x10A4,
  0x10A4, 0x10A4, 0x10A4, 0x10A4, 0x10A4, 0x10A4, 0x10A4, 0x10A4, 0x10A4, 0x10A4, 0x10A4, 0x10A4, 0x10A4, 0x10A4, 0x10A4, 0x10A4,
  0x10A4, 0x10A4, 0x10A4, 0x10A4, 0x10A4, 0x10A4, 0x10A4, 0x10A4, 0x10A4, 0x10A4, 0x10A4, 0x10A4, 0x10A4, 0x10A4, 0x10A4, 0x10A4,
  0x10A4, 0x10A4, 0x10A4, 0x10A4, 0x10A4, 0x10A4, 0x10A4, 0x10A4, 0x10A4, 0x10A4, 0x10A4, 0x10A4, 0x10A4, 0x10A4, 0x10A4, 0x10A4,
  0x10A4, 0x10A4, 0x10A4, 0x10A4, 0x10A4, 0x10A4, 0x10A4, 0x10A4, 0x10A4, 0x10A4, 0x10A4, 0x10A4, 0x10A4, 0x10A4, 0x10A4, 0x10A4,
  0x10A4, 0x10A4, 0x10A4, 0x10A4, 0x10A4, 0x10A4, 0x10A4, 0x10A4, 0x10A4, 0x10A4, 0x10A4, 0x10A4, 0x10A4, 0x10A4, 0x10A4, 0x10A4,
  0x10A4, 0x10A4, 0x10A4, 0x10A4, 0x10A4, 0x10A4, 0x10A4, 0x10A4, 0x10A4, 0x10A4, 0x10A4, 0x10A4, 0x10A4, 0x10A4, 0x10A4, 0x10A4,
  0x10A4, 0x10A4, 0x10A4, 0x10A4, 0x10A4, 0x10A4, 0x10A4, 0x10A4, 0x10A4, 0x10A4, 0x10A4, 0x10A4, 0x10A4, 0x10A4, 0x10A4, 0x10A4,
  0x10A4, 0x10A4, 0x10A4, 0x10A4, 0x10A4, 0x10A4, 0x10A4, 0x10A4, 0x10A4, 0x10A4, 0x10A4, 0x10A4, 0x10A4, 0x10A4, 0x10A4, 0x10A4,
  0x10A4, 0x10A4, 0x10A4, 0x10A4, 0x10A4, 0x10A4, 0x10A4, 0x10A4, 0x10A4, 0x10A4, 0x10A4, 0x10A4, 0x10A4, 0x10A4, 0x10A4, 0x10A4,
  0x10A4, 0x10A4, 0x10A4, 0x10A4, 0x10A4, 0x10A4, 0x10A4, 0x10A4, 0x10A4, 0x10A4, 0x10A4, 0x10A4, 0x10A4, 0x10A4, 0x10A4, 0x10A4,
  0x10A4, 0x10A4, 0x10A4, 0x10A4, 0x10A4, 0x10A4, 0x10A4, 0x10A4, 0x10A4, 0x10A4, 0x10A4, 0x10A4, 0x10A4, 0x10A4, 0x10A4, 0x10A4,
  0x10A4, 0x10A4, 0x10A4, 0x10A4, 0x10C4, 0x10A4, 0x10C4, 0x10C4, 0x10C4, 0x10C4, 0x10C4, 0x10C4, 0x10C4, 0x10C4, 0x10C4, 0x10C4,
  0x10C4, 0x10E4, 0x10E4, 0x10E4, 0x10E4, 0x10E4, 0x10E4, 0x10E4, 0x10E4, 0x10E4, 0x10E4, 0x10E4, 0x10E4, 0x10E4, 0x10E4, 0x10E4,
  0x1104, 0x1104, 0x1104, 0x1105, 0x1104, 0x1105, 0x1105, 0x1105, 0x1105, 0x1105, 0x1105, 0x1105, 0x1105, 0x1105, 0x1105, 0x1105,
  0x1105, 0x1105, 0x1105, 0x1105, 0x1105, 0x1105, 0x1105, 0x1105, 0x1105, 0x1105, 0x1105, 0x1104, 0x1104, 0x1104, 0x1105, 0x1104,
  0x1104, 0x10E4, 0x10E4, 0x10E4, 0x10E4, 0x10E5, 0x10E4, 0x10E4, 0x10E4, 0x10E4, 0x10E4, 0x10E4, 0x10E4, 0x10E4, 0x10E4, 0x10E4,
  0x10C4, 0x10C4, 0x10C4, 0x10C4, 0x10C4, 0x10C4, 0x10C4, 0x10C4, 0x10C4, 0x10A4, 0x10C4, 0x10A4, 0x10A4, 0x10A4, 0x10A4, 0x10A4,
  0x10A4, 0x10A4, 0x10A4, 0x10A4, 0x10A4, 0x10A4, 0x10A4, 0x10A4, 0x10A4, 0x10A4, 0x10A4, 0x10A4, 0x10A4, 0x10A4, 0x10A4, 0x10A4,
  0x10A4, 0x10A4, 0x10A4, 0x10A4, 0x10A4, 0x10A4, 0x10A4, 0x10A4, 0x10A4, 0x10A4, 0x10A4, 0x10A4, 0x10A4, 0x10A4, 0x10A4, 0x10A4,
  0x10A4, 0x10A4, 0x10A4, 0x10A4, 0x10A4, 0x10A4, 0x10A4, 0x10A4, 0x10A4, 0x10A4, 0x10A4, 0x10A4, 0x10A4, 0x10A4, 0x10A4, 0x10A4,
  0x10A4, 0x10A4, 0x10A4, 0x10A4, 0x10A4, 0x10A4, 0x10A4, 0x10A4, 0x10A4, 0x10A4, 0x10A4, 0x10A4, 0x10A4, 0x10A4, 0x10A4, 0x10A4,
  0x10A4, 0x10A4, 0x10A4, 0x10A4, 0x10A4, 0x10A4, 0x10A4, 0x10A4, 0x10A4, 0x10A4, 0x10A4, 0x10A4, 0x10A4, 0x10A4, 0x10A4, 0x10A4,
  0x10A4, 0x10A4, 0x10A4, 0x10A4, 0x10A4, 0x10A4, 0x10A4, 0x10A4, 0x10A4, 0x10A4, 0x10A4, 0x10A4, 0x10A4, 0x10A4, 0x10A4, 0x10A4,
  0x10A4, 0x10A4, 0x10A4, 0x10A4, 0x10A4, 0x10A4, 0x10A4, 0x10A4, 0x10A4, 0x10A4, 0x10A4, 0x10A4, 0x10A4, 0x10A4, 0x10A4, 0x10A4,
  0x10A4, 0x10A4, 0x10A4, 0x10A4, 0x10A4, 0x10A4, 0x10A4, 0x10A4, 0x10A4, 0x10A4, 0x10A4, 0x10A4, 0x10A4, 0x10A4, 0x10A4, 0x10A4,
  0x10A4, 0x10A4, 0x10A4, 0x10A4, 0x10A4, 0x10A4, 0x10A4, 0x10A4, 0x10A4, 0x10A4, 0x10A4, 0x10A4, 0x10A4, 0x10A4, 0x10A4, 0x10A4,
  0x10A4, 0x10A4, 0x10A4, 0x10A4, 0x10A4, 0x10A4, 0x10A4, 0x10A4, 0x10A4, 0x10A4, 0x10A4, 0x10A4, 0x10A4, 0x10A4, 0x10A4, 0x10A4,
  0x10A4, 0x10A4, 0x10A4, 0x10A4, 0x10A4, 0x10A4, 0x10A4, 0x10A4, 0x10A4, 0x10A4, 0x10A4, 0x10A4, 0x10A4, 0x10A4, 0x10A4, 0x10A4,
  0x10A4, 0x10A4, 0x10A4, 0x10A4, 0x10A4, 0x10A4, 0x10A4, 0x10A4, 0x10A4, 0x10A4, 0x10A4, 0x10A4, 0x10A4, 0x10A4, 0x10A4, 0x10A4,
  0x10A4, 0x10A4, 0x10A4, 0x10A4, 0x10A4, 0x10A4, 0x10A4, 0x10A4, 0x10A4, 0x10A4, 0x10A4, 0x10A4, 0x10A4, 0x10A4, 0x10A4, 0x10A4,
  0x10A4, 0x10A4, 0x10A4, 0x10A4, 0x10A4, 0x10A4, 0x10A4, 0x10A4, 0x10A4, 0x10A4, 0x10A4, 0x10A4, 0x10A4, 0x10A4, 0x10A4, 0x10A4,
  0x10A4, 0x10A4, 0x10A4, 0x10A4, 0x10A4, 0x10A4, 0x10A4, 0x10C4, 0x10C4, 0x10C4, 0x10C4, 0x10C4, 0x10C4, 0x10C4, 0x10C4, 0x10C4,
  0x10C4, 0x10E4, 0x10E4, 0x10E4, 0x10E4, 0x10E4, 0x10E4, 0x10E4, 0x10E4, 0x10E4, 0x10E4, 0x10E4, 0x10E4, 0x10E4, 0x10E4, 0x10E4,
  0x10E4, 0x1105, 0x1104, 0x1104, 0x1104, 0x1104, 0x1104, 0x1104, 0x1105, 0x1105, 0x1105, 0x1105, 0x1105, 0x1105, 0x1105, 0x1105,
  0x1105, 0x1105, 0x1105, 0x1105, 0x1105, 0x1105, 0x1105, 0x1105, 0x1105, 0x1104, 0x1105, 0x1105, 0x1104, 0x1104, 0x1104, 0x10E4,
  0x10E4, 0x10E4, 0x10E4, 0x10E4, 0x10E4, 0x10E4, 0x10E4, 0x10E4, 0x10E4, 0x10E4, 0x10E4, 0x10E4, 0x10E4, 0x10E4, 0x10E4, 0x10E4,
  0x10C4, 0x10C4, 0x10C4, 0x10C4, 0x10C4, 0x10C4, 0x10C4, 0x10C4, 0x10C4, 0x10C4, 0x10A4, 0x10A4, 0x10A4, 0x10A4, 0x10C4, 0x10A4,
  0x10A4, 0x10A4, 0x10A4, 0x10A4, 0x10A4, 0x10A4, 0x10A4, 0x10A4, 0x10A4, 0x10A4, 0x10A4, 0x10A4, 0x10A4, 0x10A4, 0x10A4, 0x10A4,
  0x10A4, 0x10A4, 0x10A4, 0x10A4, 0x10A4, 0x10A4, 0x10A4, 0x10A4, 0x10A4, 0x10A4, 0x10A4, 0x10A4, 0x10A4, 0x10A4, 0x10A4, 0x10A4,
  0x10A4, 0x10A4, 0x10A4, 0x10A4, 0x10A4, 0x10A4, 0x10A4, 0x10A4, 0x10A4, 0x10A4, 0x10A4, 0x10A4, 0x10A4, 0x10A4, 0x10A4, 0x10A4,
  0x10A4, 0x10A4, 0x10A4, 0x10A4, 0x10A4, 0x10A4, 0x10A4, 0x10A4, 0x10A4, 0x10A4, 0x10A4, 0x10A4, 0x10A4, 0x10A4, 0x10A4, 0x10A4,
  0x10A4, 0x10A4, 0x10A4, 0x10A4, 0x10A4, 0x10A4, 0x10A4, 0x10A4, 0x10A4, 0x10A4, 0x10A4, 0x10A4, 0x10A4, 0x10A4, 0x10A4, 0x10A4,
  0x10A4, 0x10A4, 0x10A4, 0x10A4, 0x10A4, 0x10A4, 0x10A4, 0x10A4, 0x10A4, 0x10A4, 0x10A4, 0x10A4, 0x10A4, 0x10A4, 0x10A4, 0x10A4,
  0x10A4, 0x10A4, 0x10A4, 0x10A4, 0x10A4, 0x10A4, 0x10A4, 0x10A4, 0x10A4, 0x10A4, 0x10A4, 0x10A4, 0x10A4, 0x10A4, 0x10A4, 0x10A4,
  0x10A4, 0x10A4, 0x10A4, 0x10A4, 0x10A4, 0x10A4, 0x10A4, 0x10A4, 0x10A4, 0x10A4, 0x10A4, 0x10A4, 0x10A4, 0x10A4, 0x10A4, 0x10A4,
  0x10A4, 0x10A4, 0x10A4, 0x10A4, 0x10A4, 0x10A4, 0x10A4, 0x10A4, 0x10A4, 0x10A4, 0x10A4, 0x10A4, 0x10A4, 0x10A4, 0x10A4, 0x10A4,
  0x10A4, 0x10A4, 0x10A4, 0x10A4, 0x10A4, 0x10A4, 0x10A4, 0x10A4, 0x10A4, 0x10A4, 0x10A4, 0x10A4, 0x10A4, 0x10A4, 0x10A4, 0x10A4,
  0x10A4, 0x10A4, 0x10A4, 0x10A4, 0x10A4, 0x10A4, 0x10A4, 0x10A4, 0x10A4, 0x10A4, 0x10A4, 0x10A4, 0x10A4, 0x10A4, 0x10A4, 0x10A4,
  0x10A4, 0x10A4, 0x10A4, 0x10A4, 0x10A4, 0x10A4, 0x10A4, 0x10A4, 0x10A4, 0x10A4, 0x10A4, 0x10A4, 0x10A4, 0x10A4, 0x10A4, 0x10A4,
  0x10A4, 0x10A4, 0x10A4, 0x10A4, 0x10A4, 0x10A4, 0x10A4, 0x10A4, 0x10A4, 0x10A4, 0x10A4, 0x10A4, 0x10A4, 0x10A4, 0x10A4, 0x10A4,
  0x10A4, 0x10A4, 0x10A4, 0x10A4, 0x10A4, 0x10A4, 0x10A4, 0x10A4, 0x10A4, 0x10A4, 0x10A4, 0x10A4, 0x10A4, 0x10A4, 0x10A4, 0x10A4,
  0x10A4, 0x10A4, 0x10A4, 0x10A4, 0x10A4, 0x10A4, 0x10A4, 0x10C4, 0x10C4, 0x10C4, 0x10C4, 0x10C4, 0x10C4, 0x10C4, 0x10C4, 0x10C4,
  0x10C4, 0x10E4, 0x10C4, 0x10E4, 0x10E4, 0x10E4, 0x10E4, 0x10E4, 0x10E4, 0x10E4, 0x10E4, 0x10E4, 0x10E4, 0x1104, 0x10E4, 0x10E4,
  0x10E4, 0x10E4, 0x1104, 0x1104, 0x1104, 0x1104, 0x1105, 0x1104, 0x1104, 0x1104, 0x1105, 0x1105, 0x1105, 0x1105, 0x1105, 0x1105,
  0x1105, 0x1105, 0x1105, 0x1105, 0x1105, 0x1105, 0x1104, 0x1104, 0x1105, 0x1104, 0x1104, 0x1104, 0x1104, 0x1104, 0x1104, 0x10E4,
  0x10E4, 0x10E4, 0x10E4, 0x10E4, 0x10E4, 0x10E4, 0x10E4, 0x10E4, 0x10E4, 0x10E4, 0x10E4, 0x10E4, 0x10E4, 0x10E4, 0x10E4, 0x10E4,
  0x10E4, 0x10C4, 0x10C4, 0x10C4, 0x10C4, 0x10C4, 0x10C4, 0x10C4, 0x10C4, 0x10C4, 0x10A4, 0x10A4, 0x10A4, 0x10A4, 0x10A4, 0x10A4,
  0x10A4, 0x10A4, 0x10A4, 0x10A4, 0x10A4, 0x10A4, 0x10A4, 0x10A4, 0x10A4, 0x10A4, 0x10A4, 0x10A4, 0x10A4, 0x10A4, 0x10A4, 0x10A4,
  0x10A4, 0x10A4, 0x10A4, 0x10A4, 0x10A4, 0x10A4, 0x10A4, 0x10A4, 0x10A4, 0x10A4, 0x10A4, 0x10A4, 0x10A4, 0x10A4, 0x10A4, 0x10A4,
  0x10A4, 0x10A4, 0x10A4, 0x10A4, 0x10A4, 0x10A4, 0x10A4, 0x10A4, 0x10A4, 0x10A4, 0x10A4, 0x10A4, 0x10A4, 0x10A4, 0x10A4, 0x10A4,
  0x10A4, 0x10A4, 0x10A4, 0x10A4, 0x10A4, 0x10A4, 0x10A4, 0x10A4, 0x10A4, 0x10A4, 0x10A4, 0x10A4, 0x10A4, 0x10A4, 0x10A4, 0x10A4,
  0x10A4, 0x10A4, 0x10A4, 0x10A4, 0x10A4, 0x10A4, 0x10A4, 0x10A4, 0x10A4, 0x10A4, 0x10A4, 0x10A4, 0x10A4, 0x10A4, 0x10A4, 0x10A4,
  0x10A4, 0x10A4, 0x10A4, 0x10A4, 0x10A4, 0x10A4, 0x10A4, 0x10A4, 0x10A4, 0x10A4, 0x10A4, 0x10A4, 0x10A4, 0x10A4, 0x10A4, 0x10A4,
  0x10A4, 0x10A4, 0x10A4, 0x10A4, 0x10A4, 0x10A4, 0x10A4, 0x10A4, 0x10A4, 0x10A4, 0x10A4, 0x10A4, 0x10A4, 0x10A4, 0x10A4, 0x10A4,
  0x10A4, 0x10A4, 0x10A4, 0x10A4, 0x10A4, 0x10A4, 0x10A4, 0x10A4, 0x10A4, 0x10A4, 0x10A4, 0x10A4, 0x10A4, 0x10A4, 0x10A4, 0x10A4,
  0x10A4, 0x10A4, 0x10A4, 0x10A4, 0x10A4, 0x10A4, 0x10A4, 0x10A4, 0x10A4, 0x10A4, 0x10A4, 0x10A4, 0x10A4, 0x10A4, 0x10A4, 0x10A4,
  0x10A4, 0x10A4, 0x10A4, 0x10A4, 0x10A4, 0x10A4, 0x10A4, 0x10A4, 0x10A4, 0x10A4, 0x10A4, 0x10A4, 0x10A4, 0x10A4, 0x10A4, 0x10A4,
  0x10A4, 0x10A4, 0x10A4, 0x10A4, 0x10A4, 0x10A4, 0x10A4, 0x10A4, 0x10A4, 0x10A4, 0x10A4, 0x10A4, 0x10A4, 0x10A4, 0x10A4, 0x10A4,
  0x10A4, 0x10A4, 0x10A4, 0x10A4, 0x10A4, 0x10A4, 0x10A4, 0x10A4, 0x10A4, 0x10A4, 0x10A4, 0x10A4, 0x10A4, 0x10A4, 0x10A4, 0x10A4,
  0x10A4, 0x10A4, 0x10A4, 0x10A4, 0x10A4, 0x10A4, 0x10A4, 0x10A4, 0x10A4, 0x10A4, 0x10A4, 0x10A4, 0x10A4, 0x10A4, 0x10A4, 0x10A4,
  0x10A4, 0x10A4, 0x10A4, 0x10A4, 0x10A4, 0x10A4, 0x10A4, 0x10A4, 0x10A4, 0x10A4, 0x10A4, 0x10A4, 0x10A4, 0x10A4, 0x10A4, 0x10A4,
  0x10A4, 0x10A4, 0x10A4, 0x10A4, 0x10A4, 0x10A4, 0x10A4, 0x10C4, 0x10C4, 0x10C4, 0x10C4, 0x10C4, 0x10C4, 0x10C4, 0x10C4, 0x10C4,
  0x10C4, 0x10C4, 0x10E4, 0x10E4, 0x10E4, 0x10E4, 0x10E4, 0x10E4, 0x10E4, 0x10E4, 0x10E4, 0x10E4, 0x10E4, 0x10E4, 0x10E4, 0x10E4,
  0x10E4, 0x1104, 0x1104, 0x1105, 0x1104, 0x1105, 0x1104, 0x1104, 0x1104, 0x1104, 0x1104, 0x1104, 0x1104, 0x1104, 0x1105, 0x1105,
  0x1105, 0x1105, 0x1105, 0x1104, 0x1105, 0x1104, 0x1104, 0x1104, 0x1104, 0x1105, 0x1104, 0x1104, 0x1904, 0x1104, 0x1104, 0x10E4,
  0x10E4, 0x10E4, 0x10E4, 0x10E4, 0x10E4, 0x10E4, 0x10E4, 0x10E4, 0x10E4, 0x10E4, 0x10E4, 0x10E4, 0x10E4, 0x10C4, 0x10E4, 0x10E4,
  0x10C4, 0x10C4, 0x10C4, 0x10C4, 0x10C4, 0x10C4, 0x10C4, 0x10C4, 0x10C4, 0x10C4, 0x10A4, 0x10A4, 0x10A4, 0x10A4, 0x10A4, 0x10A4,
  0x10A4, 0x10A4, 0x10A4, 0x10A4, 0x10A4, 0x10A4, 0x10A4, 0x10A4, 0x10A4, 0x10A4, 0x10A4, 0x10A4, 0x10A4, 0x10A4, 0x10A4, 0x10A4,
  0x10A4, 0x10A4, 0x10A4, 0x10A4, 0x10A4, 0x10A4, 0x10A4, 0x10A4, 0x10A4, 0x10A4, 0x10A4, 0x10A4, 0x10A4, 0x10A4, 0x10A4, 0x10A4,
  0x10A4, 0x10A4, 0x10A4, 0x10A4, 0x10A4, 0x10A4, 0x10A4, 0x10A4, 0x10A4, 0x10A4, 0x10A4, 0x10A4, 0x10A4, 0x10A4, 0x10A4, 0x10A4,
  0x10A4, 0x10A4, 0x10A4, 0x10A4, 0x10A4, 0x10A4, 0x10A4, 0x10A4, 0x10A4, 0x10A4, 0x10A4, 0x10A4, 0x10A4, 0x10A4, 0x10A4, 0x10A4,
  0x10A4, 0x10A4, 0x10A4, 0x10A4, 0x10A4, 0x10A4, 0x10A4, 0x10A4, 0x10A4, 0x10A4, 0x10A4, 0x10A4, 0x10A4, 0x10A4, 0x10A4, 0x10A4,
  0x10A4, 0x10A4, 0x10A4, 0x10A4, 0x10A4, 0x10A4, 0x10A4, 0x10A4, 0x10A4, 0x10A4, 0x10A4, 0x10A4, 0x10A4, 0x10A4, 0x10A4, 0x10A4,
  0x10A4, 0x10A4, 0x10A4, 0x10A4, 0x10A4, 0x10A4, 0x10A4, 0x10A4, 0x10A4, 0x10A4, 0x10A4, 0x10A4, 0x10A4, 0x10A4, 0x10A4, 0x10A4,
  0x10A4, 0x10A4, 0x10A4, 0x10A4, 0x10A4, 0x10A4, 0x10A4, 0x10A4, 0x10A4, 0x10A4, 0x10A4, 0x10A4, 0x10A4, 0x10A4, 0x10A4, 0x10A4,
  0x10A4, 0x10A4, 0x10A4, 0x10A4, 0x10A4, 0x10A4, 0x10A4, 0x10A4, 0x10A4, 0x10A4, 0x10A4, 0x10A4, 0x10A4, 0x10A4, 0x10A4, 0x10A4,
  0x10A4, 0x10A4, 0x10A4, 0x10A4, 0x10A4, 0x10A4, 0x10A4, 0x10A4, 0x10A4, 0x10A4, 0x10A4, 0x10A4, 0x10A4, 0x10A4, 0x10A4, 0x10A4,
  0x10A4, 0x10A4, 0x10A4, 0x10A4, 0x10A4, 0x10A4, 0x10A4, 0x10A4, 0x10A4, 0x10A4, 0x10A4, 0x10A4, 0x10A4, 0x10A4, 0x10A4, 0x10A4,
  0x10A4, 0x10A4, 0x10A4, 0x10A4, 0x10A4, 0x10A4, 0x10A4, 0x10A4, 0x10A4, 0x10A4, 0x10A4, 0x10A4, 0x10A4, 0x10A4, 0x10A4, 0x10A4,
  0x10A4, 0x10A4, 0x10A4, 0x10A4, 0x10A4, 0x10A4, 0x10A4, 0x10A4, 0x10A4, 0x10A4, 0x10A4, 0x10A4, 0x10A4, 0x10A4, 0x10A4, 0x10A4,
  0x10A4, 0x10A4, 0x10A4, 0x10A4, 0x10A4, 0x10A4, 0x10A4, 0x10A4, 0x10A4, 0x10A4, 0x10A4, 0x10A4, 0x10A4, 0x10A4, 0x10A4, 0x10A4,
  0x10A4, 0x10A4, 0x10A4, 0x10A4, 0x10A4, 0x10A4, 0x10C4, 0x10C4, 0x10C4, 0x10C4, 0x10C4, 0x10C4, 0x10C4, 0x10C4, 0x10C4, 0x10C4,
  0x10C4, 0x10E4, 0x10E4, 0x10C4, 0x10E4, 0x10E4, 0x10E4, 0x10E4, 0x10E4, 0x10E4, 0x10E4, 0x10E4, 0x10E4, 0x10E4, 0x10E4, 0x10E4,
  0x10E4, 0x1104, 0x1104, 0x1104, 0x1104, 0x1105, 0x1104, 0x1104, 0x1104, 0x1104, 0x1104, 0x1104, 0x1104, 0x1104, 0x1104, 0x1104,
  0x1105, 0x1104, 0x1104, 0x1104, 0x1105, 0x1104, 0x1104, 0x1105, 0x1104, 0x1104, 0x1104, 0x1905, 0x1104, 0x1104, 0x1104, 0x1104,
  0x10E4, 0x10E4, 0x10E4, 0x10E4, 0x10E4, 0x10E4, 0x10E4, 0x10E4, 0x10E4, 0x10E4, 0x10E4, 0x10E4, 0x10C4, 0x10E4, 0x10C4, 0x10C4,
  0x10C4, 0x10C4, 0x10C4, 0x10C4, 0x10C4, 0x10C4, 0x10C4, 0x10C4, 0x10C4, 0x10C4, 0x10A4, 0x10A4, 0x10A4, 0x10A4, 0x10A4, 0x10A4,
  0x10A4, 0x10A4, 0x10A4, 0x10A4, 0x10A4, 0x10A4, 0x10A4, 0x10A4, 0x10A4, 0x10A4, 0x10A4, 0x10A4, 0x10A4, 0x10A4, 0x10A4, 0x10A4,
  0x10A4, 0x10A4, 0x10A4, 0x10A4, 0x10A4, 0x10A4, 0x10A4, 0x10A4, 0x10A4, 0x10A4, 0x10A4, 0x10A4, 0x10A4, 0x10A4, 0x10A4, 0x10A4,
  0x10A4, 0x10A4, 0x10A4, 0x10A4, 0x10A4, 0x10A4, 0x10A4, 0x10A4, 0x10A4, 0x10A4, 0x10A4, 0x10A4, 0x10A4, 0x10A4, 0x10A4, 0x10A4,
  0x10A4, 0x10A4, 0x10A4, 0x10A4, 0x10A4, 0x10A4, 0x10A4, 0x10A4, 0x10A4, 0x10A4, 0x10A4, 0x10A4, 0x10A4, 0x10A4, 0x10A4, 0x10A4,
  0x10A4, 0x10A4, 0x10A4, 0x10A4, 0x10A4, 0x10A4, 0x10A4, 0x10A4, 0x10A4, 0x10A4, 0x10A4, 0x10A4, 0x10A4, 0x10A4, 0x10A4, 0x10A4,
  0x10A4, 0x10A4, 0x10A4, 0x10A4, 0x10A4, 0x10A4, 0x10A4, 0x10A4, 0x10A4, 0x10A4, 0x10A4, 0x10A4, 0x10A4, 0x10A4, 0x10A4, 0x10A4,
  0x10A4, 0x10A4, 0x10A4, 0x10A4, 0x10A4, 0x10A4, 0x10A4, 0x10A4, 0x10A4, 0x10A4, 0x10A4, 0x10A4, 0x10A4, 0x10A4, 0x10A4, 0x10A4,
  0x10A4, 0x10A4, 0x10A4, 0x10A4, 0x10A4, 0x10A4, 0x10A4, 0x10A4, 0x10A4, 0x10A4, 0x10A4, 0x10A4, 0x10A4, 0x10A4, 0x10A4, 0x10A4,
  0x10A4, 0x10A4, 0x10A4, 0x10A4, 0x10A4, 0x10A4, 0x10A4, 0x10A4, 0x10A4, 0x10A4, 0x10A4, 0x10A4, 0x10A4, 0x10A4, 0x10A4, 0x10A4,
  0x10A4, 0x10A4, 0x10A4, 0x10A4, 0x10A4, 0x10A4, 0x10A4, 0x10A4, 0x10A4, 0x10A4, 0x10A4, 0x10A4, 0x10A4, 0x10A4, 0x10A4, 0x10A4,
  0x10A4, 0x10A4, 0x10A4, 0x10A4, 0x10A4, 0x10A4, 0x10A4, 0x10A4, 0x10A4, 0x10A4, 0x10A4, 0x10A4, 0x10A4, 0x10A4, 0x10A4, 0x10A4,
  0x10A4, 0x10A4, 0x10A4, 0x10A4, 0x10A4, 0x10A4, 0x10A4, 0x10A4, 0x10A4, 0x10A4, 0x10A4, 0x10A4, 0x10A4, 0x10A4, 0x10A4, 0x10A4,
  0x10A4, 0x10A4, 0x10A4, 0x10A4, 0x10A4, 0x10A4, 0x10A4, 0x10A4, 0x10A4, 0x10A4, 0x10A4, 0x10A4, 0x10A4, 0x10A4, 0x10A4, 0x10A4,
  0x10A4, 0x10A4, 0x10A4, 0x10A4, 0x10A4, 0x10A4, 0x10A4, 0x10A4, 0x10A4, 0x10A4, 0x10A4, 0x10A4, 0x10A4, 0x10A4, 0x10A4, 0x10A4,
  0x10A4, 0x10A4, 0x10A4, 0x10A4, 0x10A4, 0x10A4, 0x10C4, 0x10C4, 0x10C4, 0x10C4, 0x10C4, 0x10C4, 0x10C4, 0x10C4, 0x10C4, 0x10C4,
  0x10C4, 0x10E4, 0x10E4, 0x10C4, 0x10C4, 0x10E4, 0x10E4, 0x10E4, 0x10E4, 0x10E4, 0x10E4, 0x10E4, 0x10E4, 0x10E4, 0x10E4, 0x1104,
  0x1104, 0x1104, 0x10E4, 0x1104, 0x1104, 0x1104, 0x1105, 0x1104, 0x1104, 0x1104, 0x1104, 0x1104, 0x1104, 0x1904, 0x1904, 0x1905,
  0x1905, 0x1904, 0x1904, 0x1105, 0x1104, 0x1104, 0x1104, 0x1104, 0x1104, 0x1104, 0x1105, 0x1104, 0x1104, 0x1104, 0x1104, 0x1104,
  0x1104, 0x10E4, 0x10E4, 0x10E4, 0x10E4, 0x10E4, 0x10E4, 0x10E4, 0x10E4, 0x10E4, 0x10E4, 0x10E4, 0x10E4, 0x10E4, 0x10E4, 0x10C4,
  0x10C4, 0x10C4, 0x10C4, 0x10C4, 0x10C4, 0x10C4, 0x10C4, 0x10C4, 0x10C4, 0x10C4, 0x10A4, 0x10A4, 0x10A4, 0x10A4, 0x10A4, 0x10A4,
  0x10A4, 0x10A4, 0x10A4, 0x10A4, 0x10A4, 0x10A4, 0x10A4, 0x10A4, 0x10A4, 0x10A4, 0x10A4, 0x10A4, 0x10A4, 0x10A4, 0x10A4, 0x10A4,
  0x10A4, 0x10A4, 0x10A4, 0x10A4, 0x10A4, 0x10A4, 0x10A4, 0x10A4, 0x10A4, 0x10A4, 0x10A4, 0x10A4, 0x10A4, 0x10A4, 0x10A4, 0x10A4,
  0x10A4, 0x10A4, 0x10A4, 0x10A4, 0x10A4, 0x10A4, 0x10A4, 0x10A4, 0x10A4, 0x10A4, 0x10A4, 0x10A4, 0x10A4, 0x10A4, 0x10A4, 0x10A4,
  0x10A4, 0x10A4, 0x10A4, 0x10A4, 0x10A4, 0x10A4, 0x10A4, 0x10A4, 0x10A4, 0x10A4, 0x10A4, 0x10A4, 0x10A4, 0x10A4, 0x10A4, 0x10A4,
  0x10A4, 0x10A4, 0x10A4, 0x10A4, 0x10A4, 0x10A4, 0x10A4, 0x10A4, 0x10A4, 0x10A4, 0x10A4, 0x10A4, 0x10A4, 0x10A4, 0x10A4, 0x10A4,
  0x10A4, 0x10A4, 0x10A4, 0x10A4, 0x10A4, 0x10A4, 0x10A4, 0x10A4, 0x10A4, 0x10A4, 0x10A4, 0x10A4, 0x10A4, 0x10A4, 0x10A4, 0x10A4,
  0x10A4, 0x10A4, 0x10A4, 0x10A4, 0x10A4, 0x10A4, 0x10A4, 0x10A4, 0x10A4, 0x10A4, 0x10A4, 0x10A4, 0x10A4, 0x10A4, 0x10A4, 0x10A4,
  0x10A4, 0x10A4, 0x10A4, 0x10A4, 0x10A4, 0x10A4, 0x10A4, 0x10A4, 0x10A4, 0x10A4, 0x10A4, 0x10A4, 0x10A4, 0x10A4, 0x10A4, 0x10A4,
  0x10A4, 0x10A4, 0x10A4, 0x10A4, 0x10A4, 0x10A4, 0x10A4, 0x10A4, 0x10A4, 0x10A4, 0x10A4, 0x10A4, 0x10A4, 0x10A4, 0x10A4, 0x10A4,
  0x10A4, 0x10A4, 0x10A4, 0x10A4, 0x10A4, 0x10A4, 0x10A4, 0x10A4, 0x10A4, 0x10A4, 0x10A4, 0x10A4, 0x10A4, 0x10A4, 0x10A4, 0x10A4,
  0x10A4, 0x10A4, 0x10A4, 0x10A4, 0x10A4, 0x10A4, 0x10A4, 0x10A4, 0x10A4, 0x10A4, 0x10A4, 0x10A4, 0x10A4, 0x10A4, 0x10A4, 0x10A4,
  0x10A4, 0x10A4, 0x10A4, 0x10A4, 0x10A4, 0x10A4, 0x10A4, 0x10A4, 0x10A4, 0x10A4, 0x10A4, 0x10A4, 0x10A4, 0x10A4, 0x10A4, 0x10A4,
  0x10A4, 0x10A4, 0x10A4, 0x10A4, 0x10A4, 0x10A4, 0x10A4, 0x10A4, 0x10A4, 0x10A4, 0x10A4, 0x10A4, 0x10A4, 0x10A4, 0x10A4, 0x10A4,
  0x10A4, 0x10A4, 0x10A4, 0x10A4, 0x10A4, 0x10A4, 0x10A4, 0x10A4, 0x10A4, 0x10A4, 0x10A4, 0x10A4, 0x10A4, 0x10A4, 0x10A4, 0x10A4,
  0x10A4, 0x10A4, 0x10A4, 0x10A4, 0x10A4, 0x10A4, 0x10C4, 0x10C4, 0x10C4, 0x10C4, 0x10C4, 0x10C4, 0x10C4, 0x10C4, 0x10C4, 0x10C4,
  0x10C4, 0x10C4, 0x10E4, 0x10E4, 0x10E4, 0x10E4, 0x10E4, 0x10E4, 0x10E4, 0x10E4, 0x10E4, 0x10E4, 0x10E4, 0x10E4, 0x10E4, 0x10E4,
  0x10E4, 0x1104, 0x1104, 0x1904, 0x1104, 0x1104, 0x1104, 0x1104, 0x1104, 0x1905, 0x1904, 0x1904, 0x1904, 0x1904, 0x1904, 0x1904,
  0x1904, 0x1904, 0x1904, 0x1904, 0x1905, 0x1904, 0x1904, 0x1104, 0x1104, 0x1104, 0x1904, 0x10E4, 0x10E4, 0x1104, 0x1904, 0x1104,
  0x10E4, 0x10E4, 0x10E4, 0x10E4, 0x10E4, 0x10E4, 0x10E4, 0x10E4, 0x10E4, 0x10E4, 0x10E4, 0x10E4, 0x10E4, 0x10E4, 0x10E4, 0x10C4,
  0x10C4, 0x10C4, 0x10C4, 0x10C4, 0x10C4, 0x10C4, 0x10C4, 0x10C4, 0x10C4, 0x10C4, 0x10C4, 0x10A4, 0x10A4, 0x10A4, 0x10A4, 0x10A4,
  0x10A4, 0x10A4, 0x10A4, 0x10A4, 0x10A4, 0x10A4, 0x10A4, 0x10A4, 0x10A4, 0x10A4, 0x10A4, 0x10A4, 0x10A4, 0x10A4, 0x10A4, 0x10A4,
  0x10A4, 0x10A4, 0x10A4, 0x10A4, 0x10A4, 0x10A4, 0x10A4, 0x10A4, 0x10A4, 0x10A4, 0x10A4, 0x10A4, 0x10A4, 0x10A4, 0x10A4, 0x10A4,
  0x10A4, 0x10A4, 0x10A4, 0x10A4, 0x10A4, 0x10A4, 0x10A4, 0x10A4, 0x10A4, 0x10A4, 0x10A4, 0x10A4, 0x10A4, 0x10A4, 0x10A4, 0x10A4,
  0x10A4, 0x10A4, 0x10A4, 0x10A4, 0x10A4, 0x10A4, 0x10A4, 0x10A4, 0x10A4, 0x10A4, 0x10A4, 0x10A4, 0x10A4, 0x10A4, 0x10A4, 0x10A4,
  0x10A4, 0x10A4, 0x10A4, 0x10A4, 0x10A4, 0x10A4, 0x10A4, 0x10A4, 0x10A4, 0x10A4, 0x10A4, 0x10A4, 0x10A4, 0x10A4, 0x10A4, 0x10A4,
  0x10A4, 0x10A4, 0x10A4, 0x10A4, 0x10A4, 0x10A4, 0x10A4, 0x10A4, 0x10A4, 0x10A4, 0x10A4, 0x10A4, 0x10A4, 0x10A4, 0x10A4, 0x10A4,
  0x10A4, 0x10A4, 0x10A4, 0x10A4, 0x10A4, 0x10A4, 0x10A4, 0x10A4, 0x10A4, 0x10A4, 0x10A4, 0x10A4, 0x10A4, 0x10A4, 0x10A4, 0x10A4,
  0x10A4, 0x10A4, 0x10A4, 0x10A4, 0x10A4, 0x10A4, 0x10A4, 0x10A4, 0x10A4, 0x10A4, 0x10A4, 0x10A4, 0x10A4, 0x10A4, 0x10A4, 0x10A4,
  0x10A4, 0x10A4, 0x10A4, 0x10A4, 0x10A4, 0x10A4, 0x10A4, 0x10A4, 0x10A4, 0x10A4, 0x10A4, 0x10A4, 0x10A4, 0x10A4, 0x10A4, 0x10A4,
  0x10A4, 0x10A4, 0x10A4, 0x10A4, 0x10A4, 0x10A4, 0x10A4, 0x10A4, 0x10A4, 0x10A4, 0x10A4, 0x10A4, 0x10A4, 0x10A4, 0x10A4, 0x10A4,
  0x10A4, 0x10A4, 0x10A4, 0x10A4, 0x10A4, 0x10A4, 0x10A4, 0x10A4, 0x10A4, 0x10A4, 0x10A4, 0x10A4, 0x10A4, 0x10A4, 0x10A4, 0x10A4,
  0x10A4, 0x10A4, 0x10A4, 0x10A4, 0x10A4, 0x10A4, 0x10A4, 0x10A4, 0x10A4, 0x10A4, 0x10A4, 0x10A4, 0x10A4, 0x10A4, 0x10A4, 0x10A4,
  0x10A4, 0x10A4, 0x10A4, 0x10A4, 0x10A4, 0x10A4, 0x10A4, 0x10A4, 0x10A4, 0x10A4, 0x10A4, 0x10A4, 0x10A4, 0x10A4, 0x10A4, 0x10A4,
  0x10A4, 0x10A4, 0x10A4, 0x10A4, 0x10A4, 0x10A4, 0x10A4, 0x10A4, 0x10A4, 0x10A4, 0x10A4, 0x10A4, 0x10A4, 0x10A4, 0x10A4, 0x10A4,
  0x10A4, 0x10A4, 0x10A4, 0x10A4, 0x10A4, 0x10A4, 0x10C4, 0x10C4, 0x10C4, 0x10C4, 0x10C4, 0x10C4, 0x10C4, 0x10C4, 0x10C4, 0x10C4,
  0x10C4, 0x10C4, 0x10E4, 0x10C4, 0x10E4, 0x10E4, 0x10E4, 0x10E4, 0x10E4, 0x10E4, 0x10E4, 0x10E4, 0x10E4, 0x10E4, 0x10E4, 0x10E4,
  0x10E4, 0x1104, 0x10E4, 0x1104, 0x1104, 0x1104, 0x1104, 0x10E4, 0x1904, 0x1905, 0x1905, 0x1904, 0x1904, 0x1904, 0x1904, 0x1904,
  0x1904, 0x1904, 0x1904, 0x1904, 0x1904, 0x1905, 0x1904, 0x1904, 0x1104, 0x1104, 0x1104, 0x1104, 0x1104, 0x1104, 0x1104, 0x1904,
  0x10E4, 0x10E4, 0x10E4, 0x10E4, 0x10E4, 0x10E4, 0x10E4, 0x10E4, 0x10E4, 0x10E4, 0x10E4, 0x10E4, 0x10E4, 0x10E4, 0x10C4, 0x10C4,
  0x10C4, 0x10C4, 0x10C4, 0x10C4, 0x10C4, 0x10C4, 0x10C4, 0x10C4, 0x10C4, 0x10A4, 0x10A4, 0x10A4, 0x10A4, 0x10A4, 0x10A4, 0x10A4,
  0x10A4, 0x10A4, 0x10A4, 0x10A4, 0x10A4, 0x10A4, 0x10A4, 0x10A4, 0x10A4, 0x10A4, 0x10A4, 0x10A4, 0x10A4, 0x10A4, 0x10A4, 0x10A4,
  0x10A4, 0x10A4, 0x10A4, 0x10A4, 0x10A4, 0x10A4, 0x10A4, 0x10A4, 0x10A4, 0x10A4, 0x10A4, 0x10A4, 0x10A4, 0x10A4, 0x10A4, 0x10A4,
  0x10A4, 0x10A4, 0x10A4, 0x10A4, 0x10A4, 0x10A4, 0x10A4, 0x10A4, 0x10A4, 0x10A4, 0x10A4, 0x10A4, 0x10A4, 0x10A4, 0x10A4, 0x10A4,
  0x10A4, 0x10A4, 0x10A4, 0x10A4, 0x10A4, 0x10A4, 0x10A4, 0x10A4, 0x10A4, 0x10A4, 0x10A4, 0x10A4, 0x10A4, 0x10A4, 0x10A4, 0x10A4,
  0x10A4, 0x10A4, 0x10A4, 0x10A4, 0x10A4, 0x10A4, 0x10A4, 0x10A4, 0x10A4, 0x10A4, 0x10A4, 0x10A4, 0x10A4, 0x10A4, 0x10A4, 0x10A4,
  0x10A4, 0x10A4, 0x10A4, 0x10A4, 0x10A4, 0x10A4, 0x10A4, 0x10A4, 0x10A4, 0x10A4, 0x10A4, 0x10A4, 0x10A4, 0x10A4, 0x10A4, 0x10A4,
  0x10A4, 0x10A4, 0x10A4, 0x10A4, 0x10A4, 0x10A4, 0x10A4, 0x10A4, 0x10A4, 0x10A4, 0x10A4, 0x10A4, 0x10A4, 0x10A4, 0x10A4, 0x10A4,
  0x10A4, 0x10A4, 0x10A4, 0x10A4, 0x10A4, 0x10A4, 0x10A4, 0x10A4, 0x10A4, 0x10A4, 0x10A4, 0x10A4, 0x10A4, 0x10A4, 0x10A4, 0x10A4,
  0x10A4, 0x10A4, 0x10A4, 0x10A4, 0x10A4, 0x10A4, 0x10A4, 0x10A4, 0x10A4, 0x10A4, 0x10A4, 0x10A4, 0x10A4, 0x10A4, 0x10A4, 0x10A4,
  0x10A4, 0x10A4, 0x10A4, 0x10A4, 0x10A4, 0x10A4, 0x10A4, 0x10A4, 0x10A4, 0x10A4, 0x10A4, 0x10A4, 0x10A4, 0x10A4, 0x10A4, 0x10A4,
  0x10A4, 0x10A4, 0x10A4, 0x10A4, 0x10A4, 0x10A4, 0x10A4, 0x10A4, 0x10A4, 0x10A4, 0x10A4, 0x10A4, 0x10A4, 0x10A4, 0x10A4, 0x10A4,
  0x10A4, 0x10A4, 0x10A4, 0x10A4, 0x10A4, 0x10A4, 0x10A4, 0x10A4, 0x10A4, 0x10A4, 0x10A4, 0x10A4, 0x10A4, 0x10A4, 0x10A4, 0x10A4,
  0x10A4, 0x10A4, 0x10A4, 0x10A4, 0x10A4, 0x10A4, 0x10A4, 0x10A4, 0x10A4, 0x10A4, 0x10A4, 0x10A4, 0x10A4, 0x10A4, 0x10A4, 0x10A4,
  0x10A4, 0x10A4, 0x10A4, 0x10A4, 0x10A4, 0x10A4, 0x10A4, 0x10A4, 0x10A4, 0x10A4, 0x10A4, 0x10A4, 0x10A4, 0x10A4, 0x10A4, 0x10A4,
  0x10A4, 0x10A4, 0x10A4, 0x10A4, 0x10A4, 0x10A4, 0x10C4, 0x10A4, 0x10C4, 0x10C4, 0x10C4, 0x10C4, 0x10C4, 0x10C4, 0x10C4, 0x10C4,
  0x10C4, 0x10E4, 0x10E4, 0x10E4, 0x10C4, 0x10E4, 0x10E4, 0x10E4, 0x10E4, 0x10E4, 0x10E4, 0x10E4, 0x10E4, 0x10E4, 0x10E4, 0x10E4,
  0x10E4, 0x10E4, 0x1104, 0x1904, 0x1104, 0x1104, 0x1904, 0x1904, 0x1904, 0x1904, 0x1905, 0x1904, 0x1904, 0x1904, 0x1904, 0x1904,
  0x1904, 0x1904, 0x1904, 0x1904, 0x1904, 0x1904, 0x1904, 0x1904, 0x1904, 0x1904, 0x10E4, 0x10E4, 0x1104, 0x1104, 0x1104, 0x10E4,
  0x10E4, 0x10E4, 0x1104, 0x10E4, 0x10E4, 0x10E4, 0x10E4, 0x10E4, 0x10E4, 0x10E4, 0x10E4, 0x10E4, 0x10E4, 0x10E4, 0x10C4, 0x10C4,
  0x10C4, 0x10C4, 0x10C4, 0x10C4, 0x10C4, 0x10C4, 0x10C4, 0x10C4, 0x10C4, 0x10A4, 0x10A4, 0x10A4, 0x10A4, 0x10A4, 0x10A4, 0x10A4,
  0x10A4, 0x10A4, 0x10A4, 0x10A4, 0x10A4, 0x10A4, 0x10A4, 0x10A4, 0x10A4, 0x10A4, 0x10A4, 0x10A4, 0x10A4, 0x10A4, 0x10A4, 0x10A4,
  0x10A4, 0x10A4, 0x10A4, 0x10A4, 0x10A4, 0x10A4, 0x10A4, 0x10A4, 0x10A4, 0x10A4, 0x10A4, 0x10A4, 0x10A4, 0x10A4, 0x10A4, 0x10A4,
  0x10A4, 0x10A4, 0x10A4, 0x10A4, 0x10A4, 0x10A4, 0x10A4, 0x10A4, 0x10A4, 0x10A4, 0x10A4, 0x10A4, 0x10A4, 0x10A4, 0x10A4, 0x10A4,
  0x10A4, 0x10A4, 0x10A4, 0x10A4, 0x10A4, 0x10A4, 0x10A4, 0x10A4, 0x10A4, 0x10A4, 0x10A4, 0x10A4, 0x10A4, 0x10A4, 0x10A4, 0x10A4,
  0x10A4, 0x10A4, 0x10A4, 0x10A4, 0x10A4, 0x10A4, 0x10A4, 0x10A4, 0x10A4, 0x10A4, 0x10A4, 0x10A4, 0x10A4, 0x10A4, 0x10A4, 0x10A4,
  0x10A4, 0x10A4, 0x10A4, 0x10A4, 0x10A4, 0x10A4, 0x10A4, 0x10A4, 0x10A4, 0x10A4, 0x10A4, 0x10A4, 0x10A4, 0x10A4, 0x10A4, 0x10A4,
  0x10A4, 0x10A4, 0x10A4, 0x10A4, 0x10A4, 0x10A4, 0x10A4, 0x10A4, 0x10A4, 0x10A4, 0x10A4, 0x10A4, 0x10A4, 0x10A4, 0x10A4, 0x10A4,
  0x10A4, 0x10A4, 0x10A4, 0x10A4, 0x10A4, 0x10A4, 0x10A4, 0x10A4, 0x10A4, 0x10A4, 0x10A4, 0x10A4, 0x10A4, 0x10A4, 0x10A4, 0x10A4,
  0x10A4, 0x10A4, 0x10A4, 0x10A4, 0x10A4, 0x10A4, 0x10A4, 0x10A4, 0x10A4, 0x10A4, 0x10A4, 0x10A4, 0x10A4, 0x10A4, 0x10A4, 0x10A4,
  0x10A4, 0x10A4, 0x10A4, 0x10A4, 0x10A4, 0x10A4, 0x10A4, 0x10A4, 0x10A4, 0x10A4, 0x10A4, 0x10A4, 0x10A4, 0x10A4, 0x10A4, 0x10A4,
  0x10A4, 0x10A4, 0x10A4, 0x10A4, 0x10A4, 0x10A4, 0x10A4, 0x10A4, 0x10A4, 0x10A4, 0x10A4, 0x10A4, 0x10A4, 0x10A4, 0x10A4, 0x10A4,
  0x10A4, 0x10A4, 0x10A4, 0x10A4, 0x10A4, 0x10A4, 0x10A4, 0x10A4, 0x10A4, 0x10A4, 0x10A4, 0x10A4, 0x10A4, 0x10A4, 0x10A4, 0x10A4,
  0x10A4, 0x10A4, 0x10A4, 0x10A4, 0x10A4, 0x10A4, 0x10A4, 0x10A4, 0x10A4, 0x10A4, 0x10A4, 0x10A4, 0x10A4, 0x10A4, 0x10A4, 0x10A4,
  0x10A4, 0x10A4, 0x10A4, 0x10A4, 0x10A4, 0x10A4, 0x10A4, 0x10A4, 0x10A4, 0x10A4, 0x10A4, 0x10A4, 0x10A4, 0x10A4, 0x10A4, 0x10A4,
  0x10A4, 0x10A4, 0x10A4, 0x10A4, 0x10A4, 0x10A4, 0x10A4, 0x10A4, 0x10A4, 0x10C4, 0x10C4, 0x10C4, 0x10C4, 0x10C4, 0x10C4, 0x10C4,
  0x10C4, 0x10C4, 0x10C4, 0x10C4, 0x10C4, 0x10E4, 0x10E4, 0x10E4, 0x10E4, 0x10E4, 0x10E4, 0x10E4, 0x10E4, 0x10E4, 0x10E4, 0x10E4,
  0x10E4, 0x10E4, 0x10E4, 0x10E4, 0x10E4, 0x10E4, 0x1104, 0x1904, 0x1904, 0x1104, 0x1904, 0x1904, 0x1904, 0x1904, 0x1904, 0x1904,
  0x1904, 0x1904, 0x1904, 0x1904, 0x1904, 0x1904, 0x1104, 0x1904, 0x1904, 0x1904, 0x1104, 0x10E4, 0x10E4, 0x10E4, 0x10E4, 0x10E4,
  0x10E4, 0x10E4, 0x1104, 0x10E4, 0x10E4, 0x10E4, 0x10E4, 0x10E4, 0x10E4, 0x10E4, 0x10E4, 0x10C4, 0x10C4, 0x10C4, 0x10C4, 0x10C4,
  0x10C4, 0x10C4, 0x10C4, 0x10C4, 0x10C4, 0x10A4, 0x10C4, 0x10C4, 0x10A4, 0x10A4, 0x10A4, 0x10A4, 0x10A4, 0x10A4, 0x10A4, 0x10A4,
  0x10A4, 0x10A4, 0x10A4, 0x10A4, 0x10A4, 0x10A4, 0x10A4, 0x10A4, 0x10A4, 0x10A4, 0x10A4, 0x10A4, 0x10A4, 0x10A4, 0x10A4, 0x10A4,
  0x10A4, 0x10A4, 0x10A4, 0x10A4, 0x10A4, 0x10A4, 0x10A4, 0x10A4, 0x10A4, 0x10A4, 0x10A4, 0x10A4, 0x10A4, 0x10A4, 0x10A4, 0x10A4,
  0x10A4, 0x10A4, 0x10A4, 0x10A4, 0x10A4, 0x10A4, 0x10A4, 0x10A4, 0x10A4, 0x10A4, 0x10A4, 0x10A4, 0x10A4, 0x10A4, 0x10A4, 0x10A4,
  0x10A4, 0x10A4, 0x10A4, 0x10A4, 0x10A4, 0x10A4, 0x10A4, 0x10A4, 0x10A4, 0x10A4, 0x10A4, 0x10A4, 0x10A4, 0x10A4, 0x10A4, 0x10A4,
  0x10A4, 0x10A4, 0x10A4, 0x10A4, 0x10A4, 0x10A4, 0x10A4, 0x10A4, 0x10A4, 0x10A4, 0x10A4, 0x10A4, 0x10A4, 0x10A4, 0x10A4, 0x10A4,
  0x10A4, 0x10A4, 0x10A4, 0x10A4, 0x10A4, 0x10A4, 0x10A4, 0x10A4, 0x10A4, 0x10A4, 0x10A4, 0x10A4, 0x10A4, 0x10A4, 0x10A4, 0x10A4,
  0x10A4, 0x10A4, 0x10A4, 0x10A4, 0x10A4, 0x10A4, 0x10A4, 0x10A4, 0x10A4, 0x10A4, 0x10A4, 0x10A4, 0x10A4, 0x10A4, 0x10A4, 0x10A4,
  0x10A4, 0x10A4, 0x10A4, 0x10A4, 0x10A4, 0x10A4, 0x10A4, 0x10A4, 0x10A4, 0x10A4, 0x10A4, 0x10A4, 0x10A4, 0x10C4, 0x10C4, 0x10C4,
  0x10C4, 0x10C4, 0x10C4, 0x10C4, 0x10C4, 0x10C4, 0x10C4, 0x10C4, 0x10C4, 0x10C4, 0x10C4, 0x10C4, 0x10C4, 0x10C4, 0x10C4, 0x10C4,
  0x10C4, 0x10C4, 0x10C4, 0x10C4, 0x10C4, 0x10C4, 0x10C4, 0x10C4, 0x10C4, 0x10C4, 0x10C4, 0x10C4, 0x10C4, 0x10C4, 0x10C4, 0x10C4,
  0x10C4, 0x10C4, 0x10C4, 0x10C4, 0x10C4, 0x10C4, 0x10C4, 0x10C4, 0x10C4, 0x10C4, 0x10C4, 0x10C4, 0x10C4, 0x10C4, 0x10C4, 0x10C4,
  0x10C4, 0x10C4, 0x10C4, 0x10C4, 0x10C4, 0x10C4, 0x10C4, 0x10C4, 0x10C4, 0x10C4, 0x10C4, 0x10C4, 0x10A4, 0x10A4, 0x10A4, 0x10A4,
  0x10A4, 0x10A4, 0x10A4, 0x10A4, 0x10A4, 0x10A4, 0x10A4, 0x10A4, 0x10A4, 0x10C4, 0x10C4, 0x10C4, 0x10C4, 0x10C4, 0x10C4, 0x10C4,
  0x10C4, 0x10C4, 0x10C4, 0x10C4, 0x10C4, 0x10C4, 0x10C4, 0x10C4, 0x10C4, 0x10C4, 0x10C4, 0x10C4, 0x10C4, 0x10C4, 0x10C4, 0x10C4,
  0x10C4, 0x10C4, 0x10C4, 0x10C4, 0x10C4, 0x10C4, 0x10C4, 0x10C4, 0x10C4, 0x10C4, 0x10C4, 0x10C4, 0x10C4, 0x10E4, 0x10E4, 0x10E4,
  0x10E4, 0x10E5, 0x10E4, 0x18E4, 0x10E4, 0x18E4, 0x18E5, 0x10E4, 0x18E5, 0x1905, 0x18E4, 0x18E4, 0x1905, 0x1905, 0x1905, 0x1905,
  0x1905, 0x1905, 0x1905, 0x1905, 0x1905, 0x1905, 0x1905, 0x1905, 0x1905, 0x1905, 0x1904, 0x1904, 0x1904, 0x1904, 0x1904, 0x1904,
  0x1904, 0x1904, 0x1904, 0x1904, 0x1904, 0x1904, 0x1905, 0x1905, 0x1905, 0x1905, 0x1905, 0x1905, 0x1905, 0x1904, 0x1904, 0x1905,
  0x1905, 0x1905, 0x1905, 0x1905, 0x1904, 0x18E5, 0x1904, 0x18E4, 0x10E4, 0x10E5, 0x1905, 0x10E4, 0x10E4, 0x10E4, 0x10E5, 0x10E4,
  0x10E4, 0x10E4, 0x10E4, 0x10C4, 0x10C4, 0x10C4, 0x10C4, 0x10C4, 0x10C4, 0x10C4, 0x10C4, 0x10C4, 0x10C4, 0x10C4, 0x10C4, 0x10C4,
  0x10C4, 0x10C4, 0x10C4, 0x10C4, 0x10C4, 0x10C4, 0x10C4, 0x10C4, 0x10C4, 0x10C4, 0x10C4, 0x10C4, 0x10C4, 0x10C4, 0x10C4, 0x10C4,
  0x10C4, 0x10C4, 0x10C4, 0x10C4, 0x10C4, 0x10C4, 0x10C4, 0x10A4, 0x10A4, 0x10A4, 0x10A4, 0x10A4, 0x10A4, 0x10A4, 0x10A4, 0x10A4,
  0x10A4, 0x10A4, 0x10A4, 0x10A4, 0x10C4, 0x10C4, 0x10C4, 0x10C4, 0x10C4, 0x10C4, 0x10C4, 0x10C4, 0x10C4, 0x10C4, 0x10C4, 0x10C4,
  0x10C4, 0x10C4, 0x10C4, 0x10C4, 0x10C4, 0x10C4, 0x10C4, 0x10C4, 0x10C4, 0x10C4, 0x10C4, 0x10C4, 0x10C4, 0x10C4, 0x10C4, 0x10C4,
  0x10C4, 0x10C4, 0x10C4, 0x10C4, 0x10C4, 0x10C4, 0x10C4, 0x10C4, 0x10C4, 0x10C4, 0x10C4, 0x10C4, 0x10C4, 0x10C4, 0x10C4, 0x10C4,
  0x10C4, 0x10C4, 0x10C4, 0x10C4, 0x10C4, 0x10C4, 0x10C4, 0x10C4, 0x10C4, 0x10C4, 0x10C4, 0x10C4, 0x10C4, 0x10C4, 0x10C4, 0x10C4,
  0x10C4, 0x10C4, 0x10C4, 0x10A4, 0x10A4, 0x10A4, 0x10A4, 0x10A4, 0x10A4, 0x10A4, 0x10A4, 0x10A4, 0x10A4, 0x10A4, 0x10A4, 0x10A4,
  0x10A4, 0x10A4, 0x10A4, 0x10A4, 0x10A4, 0x10A4, 0x10A4, 0x10A4, 0x10A4, 0x10A4, 0x10A4, 0x18E5, 0x1905, 0x18E5, 0x18E5, 0x18E5,
  0x18E5, 0x18E5, 0x18E5, 0x18E5, 0x18E5, 0x18E5, 0x18E5, 0x18E5, 0x18E5, 0x18E5, 0x18E5, 0x18E5, 0x18E5, 0x18E5, 0x18E5, 0x18E5,
  0x18E5, 0x18E5, 0x18E5, 0x18E5, 0x18E5, 0x18E5, 0x18E5, 0x18E5, 0x18E5, 0x18E5, 0x18E5, 0x18E5, 0x18E5, 0x18E5, 0x18E5, 0x18E5,
  0x18E5, 0x18E5, 0x18E5, 0x18E5, 0x18E5, 0x18E5, 0x18E5, 0x18E5, 0x18E5, 0x18E5, 0x18E5, 0x18E5, 0x18E5, 0x18E5, 0x18E5, 0x18E5,
  0x18E5, 0x18E5, 0x18E5, 0x18E5, 0x18E5, 0x18E5, 0x18E5, 0x18E5, 0x18E5, 0x18E5, 0x18E5, 0x18E5, 0x18E5, 0x18E5, 0x10C4, 0x10A4,
  0x10A4, 0x10A4, 0x10A4, 0x10A4, 0x10A4, 0x10A4, 0x10A4, 0x10C4, 0x1905, 0x18E5, 0x18E5, 0x18E5, 0x18E5, 0x18E5, 0x18E5, 0x18E5,
  0x18E5, 0x1905, 0x18E5, 0x18E5, 0x18E5, 0x18E5, 0x18E5, 0x1905, 0x1905, 0x18E5, 0x18E5, 0x1905, 0x18E5, 0x1905, 0x1905, 0x18E5,
  0x1905, 0x1905, 0x1905, 0x1905, 0x1905, 0x1905, 0x1905, 0x1905, 0x1905, 0x1905, 0x1905, 0x1905, 0x1905, 0x1905, 0x1905, 0x1905,
  0x1905, 0x1905, 0x1906, 0x1906, 0x1906, 0x1906, 0x1906, 0x1906, 0x1906, 0x1906, 0x1906, 0x1906, 0x1906, 0x1906, 0x1906, 0x1906,
  0x1925, 0x1906, 0x1906, 0x1906, 0x1906, 0x1926, 0x1926, 0x1926, 0x1926, 0x1926, 0x1925, 0x1905, 0x1904, 0x1904, 0x1904, 0x1904,
  0x1904, 0x1904, 0x1904, 0x1104, 0x1905, 0x2126, 0x1926, 0x1926, 0x1926, 0x1926, 0x1906, 0x1926, 0x1906, 0x1906, 0x1906, 0x1926,
  0x1906, 0x1906, 0x1906, 0x1906, 0x1906, 0x1906, 0x1906, 0x1906, 0x1906, 0x1905, 0x1906, 0x1906, 0x1906, 0x1906, 0x1906, 0x1905,
  0x1905, 0x1905, 0x1905, 0x1905, 0x1905, 0x1905, 0x1905, 0x1905, 0x1905, 0x1905, 0x1905, 0x1905, 0x18E5, 0x1905, 0x1905, 0x1905,
  0x18E5, 0x18E5, 0x18E5, 0x18E5, 0x18E5, 0x18E5, 0x18E5, 0x18E5, 0x1905, 0x18E5, 0x18E5, 0x18E5, 0x18E5, 0x18E5, 0x18E5, 0x18E5,
  0x18E5, 0x18E5, 0x18E5, 0x1905, 0x18E5, 0x18E5, 0x18E5, 0x18E5, 0x10C4, 0x10A4, 0x10A4, 0x10A4, 0x10A4, 0x10A4, 0x10A4, 0x10A4,
  0x10A4, 0x10C4, 0x18E5, 0x18E5, 0x18E5, 0x18E5, 0x18E5, 0x18E5, 0x18E5, 0x18E5, 0x18E5, 0x18E5, 0x18E5, 0x18E5, 0x18E5, 0x18E5,
  0x18E5, 0x18E5, 0x18E5, 0x18E5, 0x18E5, 0x18E5, 0x18E5, 0x18E5, 0x18E5, 0x18E5, 0x18E5, 0x18E5, 0x18E5, 0x18E5, 0x18E5, 0x18E5,
  0x18E5, 0x18E5, 0x18E5, 0x18E5, 0x18E5, 0x18E5, 0x18E5, 0x18E5, 0x18E5, 0x18E5, 0x18E5, 0x18E5, 0x18E5, 0x18E5, 0x18E5, 0x18E5,
  0x18E5, 0x18E5, 0x18E5, 0x18E5, 0x18E5, 0x18E5, 0x18E5, 0x18E5, 0x18E5, 0x18E5, 0x18E5, 0x18E5, 0x18E5, 0x18E5, 0x18E5, 0x18E5,
  0x18E5, 0x18E5, 0x18E5, 0x18E5, 0x18E5, 0x10A4, 0x10A4, 0x10A4, 0x10A4, 0x10A4, 0x10A4, 0x10A4, 0x10A4, 0x10A4, 0x10A4, 0x10A4,
  0x10A4, 0x10A4, 0x10A4, 0x10A4, 0x10A4, 0x10A4, 0x10A4, 0x10A4, 0x10A4, 0x10A4, 0x1905, 0x18E5, 0x10C5, 0x10C5, 0x10C5, 0x10C5,
  0x10C5, 0x10C5, 0x10C5, 0x10C5, 0x10C5, 0x10C5, 0x10C5, 0x10C5, 0x10C5, 0x10C5, 0x10C5, 0x10C5, 0x10C5, 0x10C5, 0x10C5, 0x10C5,
  0x10C5, 0x10C5, 0x10C5, 0x10C5, 0x10C5, 0x10C5, 0x10C5, 0x10C5, 0x10C5, 0x10C5, 0x10C5, 0x10C5, 0x18C5, 0x10C5, 0x10C5, 0x10C5,
  0x10C5, 0x10C5, 0x10C5, 0x10C5, 0x10C5, 0x10C5, 0x10C5, 0x10C5, 0x10C5, 0x10C5, 0x10C5, 0x10C5, 0x10C5, 0x10C5, 0x10C5, 0x10C5,
  0x10C5, 0x10C5, 0x10C5, 0x10C5, 0x10C5, 0x10C5, 0x10C5, 0x10C5, 0x10C5, 0x10C5, 0x10C5, 0x10C5, 0x10C5, 0x18C5, 0x1905, 0x10C4,
  0x10A4, 0x10A4, 0x10A4, 0x10A4, 0x10A4, 0x10A4, 0x10A4, 0x1905, 0x18C5, 0x10C5, 0x10C5, 0x10C5, 0x10C5, 0x10C5, 0x10C5, 0x10C5,
  0x10C5, 0x10C5, 0x10C5, 0x10C5, 0x10C5, 0x10C5, 0x10C5, 0x10C5, 0x10C5, 0x10C5, 0x10C5, 0x10C5, 0x10C5, 0x10C5, 0x10C5, 0x10C5,
  0x10C5, 0x10C5, 0x10C5, 0x10C5, 0x10C5, 0x10C5, 0x10C5, 0x10C5, 0x10C5, 0x10C5, 0x10C5, 0x10C5, 0x10C5, 0x10C5, 0x10C5, 0x10C5,
  0x10E5, 0x10E5, 0x10E5, 0x10E5, 0x10E5, 0x10E5, 0x10E5, 0x18E5, 0x18E5, 0x18E5, 0x18E5, 0x18E5, 0x18E5, 0x18E5, 0x18E5, 0x18E5,
  0x18E5, 0x18E5, 0x18E5, 0x18E5, 0x18E5, 0x18E5, 0x18E5, 0x18E5, 0x18E5, 0x18E5, 0x1905, 0x2126, 0x1905, 0x10E4, 0x1904, 0x1904,
  0x1904, 0x1904, 0x1904, 0x1905, 0x2126, 0x18E5, 0x18E5, 0x18E5, 0x18E5, 0x18E5, 0x18E5, 0x18E5, 0x18E5, 0x18E5, 0x18E5, 0x18E5,
  0x18E5, 0x18E5, 0x18E5, 0x18E5, 0x18E5, 0x18E5, 0x18E5, 0x18E5, 0x18E5, 0x10E5, 0x10E5, 0x10E5, 0x10E5, 0x10E5, 0x10E5, 0x10E5,
  0x10E5, 0x10C5, 0x10C5, 0x10C5, 0x10C5, 0x10C5, 0x18C5, 0x10C5, 0x10C5, 0x10C5, 0x10C5, 0x10C5, 0x10C5, 0x10C5, 0x10C5, 0x10C5,
  0x10C5, 0x10C5, 0x10C5, 0x10C5, 0x10C5, 0x10C5, 0x10C5, 0x10C5, 0x10C5, 0x10C5, 0x10C5, 0x10C5, 0x10C5, 0x10C5, 0x10C5, 0x10C5,
  0x10C5, 0x10C5, 0x10C5, 0x10C5, 0x10C5, 0x10C5, 0x10C5, 0x18C5, 0x1905, 0x10A4, 0x10A4, 0x10A4, 0x10A4, 0x10A4, 0x10A4, 0x10A4,
  0x10C4, 0x1905, 0x18C5, 0x10C5, 0x10C5, 0x10C5, 0x10C5, 0x10C5, 0x10C5, 0x10C5, 0x10C5, 0x10C5, 0x10C5, 0x10C5, 0x10C5, 0x10C5,
  0x10C5, 0x10C5, 0x10C5, 0x10C5, 0x10C5, 0x10C5, 0x10C5, 0x10C5, 0x10C5, 0x10C5, 0x10C5, 0x10C5, 0x10C5, 0x10C5, 0x10C5, 0x10C5,
  0x10C5, 0x10C5, 0x10C5, 0x10C5, 0x10C5, 0x10C5, 0x10C5, 0x10C5, 0x10C5, 0x10C5, 0x10C5, 0x10C5, 0x10C5, 0x10C5, 0x10C5, 0x10C5,
  0x10C5, 0x10C5, 0x10C5, 0x10C5, 0x10C5, 0x10C5, 0x10C5, 0x10C5, 0x10C5, 0x10C5, 0x10C5, 0x10C5, 0x10C5, 0x10C5, 0x10C5, 0x10C5,
  0x10C5, 0x10C5, 0x10C5, 0x10C5, 0x18C5, 0x1905, 0x10A4, 0x10A4, 0x10A4, 0x10A4, 0x10A4, 0x10A4, 0x10A4, 0x10A4, 0x10A4, 0x10A4,
  0x10A4, 0x10A4, 0x10A4, 0x10A4, 0x10A4, 0x10A4, 0x10A4, 0x10A4, 0x10A4, 0x18E5, 0x18E5, 0x10C5, 0x10C5, 0x10C5, 0x10C5, 0x10C5,
  0x10C5, 0x10C5, 0x10C5, 0x10C5, 0x10C5, 0x10C5, 0x10C5, 0x10C5, 0x10C5, 0x10C5, 0x10C5, 0x10C5, 0x10C5, 0x10C5, 0x10C5, 0x10C5,
  0x10C5, 0x10C5, 0x10C5, 0x10C5, 0x10C5, 0x10C5, 0x10C5, 0x10C5, 0x10C5, 0x10C5, 0x18E5, 0x10C5, 0x0885, 0x10C5, 0x18E5, 0x10C5,
  0x10C5, 0x10C5, 0x10C5, 0x10C5, 0x10C5, 0x10C5, 0x10C5, 0x10C5, 0x10C5, 0x10C5, 0x10C5, 0x10C5, 0x10C5, 0x10C5, 0x10C5, 0x10C5,
  0x10C5, 0x10C5, 0x10C5, 0x10C5, 0x10C5, 0x10C5, 0x10C5, 0x10C5, 0x10C5, 0x10C5, 0x10C5, 0x10C5, 0x10C5, 0x10C5, 0x18C5, 0x18E5,
  0x10A4, 0x10A4, 0x10A4, 0x10A4, 0x10A4, 0x10A4, 0x18E5, 0x18E5, 0x10C5, 0x10C5, 0x10C5, 0x10C5, 0x10C5, 0x10C5, 0x10C5, 0x10C5,
  0x10C5, 0x18C5, 0x10C5, 0x10C5, 0x10C5, 0x10C5, 0x10C5, 0x18C5, 0x18C5, 0x18C5, 0x18C5, 0x18C5, 0x18C5, 0x10C5, 0x10C5, 0x18C5,
  0x18C5, 0x18C5, 0x18C5, 0x18C5, 0x18C5, 0x18C5, 0x18E5, 0x18C5, 0x18C5, 0x18E5, 0x18E5, 0x18E5, 0x18E5, 0x18E5, 0x18E5, 0x18E5,
  0x18E5, 0x18E5, 0x18E5, 0x18E5, 0x18E5, 0x18E5, 0x18E5, 0x18E5, 0x18E5, 0x18E5, 0x18E5, 0x18E5, 0x18E5, 0x18E5, 0x18E5, 0x18E5,
  0x18E5, 0x18E5, 0x18E5, 0x18E5, 0x18E5, 0x18E5, 0x18E5, 0x18E5, 0x18E5, 0x18E5, 0x18E5, 0x1905, 0x2126, 0x1904, 0x1904, 0x1904,
  0x1904, 0x1904, 0x1904, 0x1925, 0x18E5, 0x18E5, 0x18E5, 0x18E5, 0x18E5, 0x18E5, 0x18E5, 0x18E5, 0x18E5, 0x18E5, 0x18E5, 0x18E5,
  0x18E5, 0x18E5, 0x18E5, 0x18E5, 0x18E5, 0x18E5, 0x18E5, 0x18E5, 0x18E5, 0x18E5, 0x18E5, 0x18E5, 0x18E5, 0x18E5, 0x18E5, 0x18E5,
  0x18E5, 0x18E5, 0x18E5, 0x18E5, 0x18E5, 0x18C5, 0x10C4, 0x18C5, 0x18C5, 0x18C5, 0x18E5, 0x18C5, 0x18C5, 0x18C5, 0x18C5, 0x18C5,
  0x18C5, 0x10C5, 0x10C5, 0x10C5, 0x18C5, 0x18C5, 0x18C5, 0x18C5, 0x18C5, 0x10C5, 0x10C5, 0x10C5, 0x10C5, 0x10C5, 0x10C5, 0x10C5,
  0x18C5, 0x10C5, 0x10C5, 0x10C5, 0x10C5, 0x10C5, 0x10C5, 0x10C5, 0x18E5, 0x18E5, 0x10A4, 0x10A4, 0x10A4, 0x10A4, 0x10A4, 0x10A4,
  0x18E5, 0x18C5, 0x10C5, 0x10C5, 0x10C5, 0x10C5, 0x10C5, 0x10C5, 0x10C5, 0x10C5, 0x10C5, 0x10C5, 0x10C5, 0x10C5, 0x10C5, 0x10C5,
  0x10C5, 0x10C5, 0x10C5, 0x10C5, 0x10C5, 0x10C5, 0x10C5, 0x10C5, 0x10C5, 0x10C5, 0x10C5, 0x10C5, 0x10C5, 0x10C5, 0x10C5, 0x10C5,
  0x10C5, 0x10C5, 0x18E5, 0x10C5, 0x18C5, 0x18E5, 0x10C5, 0x10C5, 0x10C5, 0x10C5, 0x10C5, 0x10C5, 0x10C5, 0x10C5, 0x10C5, 0x10C5,
  0x10C5, 0x10C5, 0x10C5, 0x10C5, 0x10C5, 0x10C5, 0x10C5, 0x10C5, 0x10C5, 0x10C5, 0x10C5, 0x10C5, 0x10C5, 0x10C5, 0x10C5, 0x10C5,
  0x10C5, 0x10C5, 0x10C5, 0x10C5, 0x10C5, 0x18E5, 0x18E5, 0x10A4, 0x10A4, 0x10A4, 0x10A4, 0x10A4, 0x10A4, 0x10A4, 0x10A4, 0x10A4,
  0x10A4, 0x10A4, 0x10A4, 0x10A4, 0x10A4, 0x10A4, 0x10A4, 0x10A4, 0x10A4, 0x18E5, 0x10C5, 0x10C5, 0x10C5, 0x10C5, 0x10C5, 0x10C5,
  0x10C5, 0x10C5, 0x10C5, 0x10C5, 0x10C5, 0x10C5, 0x10C5, 0x10C5, 0x10C5, 0x10C5, 0x10C5, 0x10C5, 0x10C5, 0x10C5, 0x10C5, 0x10C5,
  0x10C5, 0x10C5, 0x10C5, 0x10C5, 0x10C5, 0x10C5, 0x10C5, 0x10C5, 0x10C5, 0x18E5, 0x0885, 0x10A5, 0x41E4, 0x18E5, 0x0885, 0x18E5,
  0x10C5, 0x10C5, 0x10C5, 0x10C5, 0x10C5, 0x10C5, 0x10C5, 0x10C5, 0x10C5, 0x10C5, 0x10C5, 0x10C5, 0x10C5, 0x10C5, 0x10C5, 0x10C5,
  0x10C5, 0x10C5, 0x10C5, 0x10C5, 0x10C5, 0x10C5, 0x10C5, 0x10C5, 0x10C5, 0x10C5, 0x10C5, 0x10C5, 0x10C5, 0x10C5, 0x10C5, 0x18E5,
  0x10A4, 0x10A4, 0x10A4, 0x10A4, 0x10A4, 0x10A4, 0x18E5, 0x10C5, 0x10C5, 0x10C5, 0x10C5, 0x10C5, 0x10C5, 0x10C5, 0x10C5, 0x10C5,
  0x10C5, 0x10C5, 0x10C5, 0x10C5, 0x10C5, 0x10C5, 0x10C5, 0x18C5, 0x18C5, 0x18C5, 0x18C5, 0x18C5, 0x18C5, 0x10C5, 0x10C5, 0x18C5,
  0x18C5, 0x18C5, 0x18C5, 0x18C5, 0x18C5, 0x18C5, 0x18E5, 0x18C5, 0x18C5, 0x18C5, 0x18A4, 0x18A4, 0x18C5, 0x18E5, 0x18E5, 0x18E5,
  0x18E5, 0x18E5, 0x18E5, 0x18E5, 0x18E5, 0x18E5, 0x18E5, 0x18E5, 0x18E5, 0x18E5, 0x18E5, 0x18E5, 0x18E5, 0x18E5, 0x18E5, 0x18E5,
  0x18E5, 0x18E5, 0x18E5, 0x18E5, 0x18E5, 0x18E5, 0x18E5, 0x18E5, 0x18E5, 0x18E5, 0x18E5, 0x18E5, 0x1906, 0x1905, 0x18E4, 0x1904,
  0x1904, 0x1904, 0x1904, 0x2106, 0x18E5, 0x18E5, 0x18E5, 0x18E5, 0x18E5, 0x18E5, 0x18E5, 0x18E5, 0x18E5, 0x18E5, 0x18E5, 0x18E5,
  0x18E5, 0x18E5, 0x18E5, 0x18E5, 0x18E5, 0x18E5, 0x18E5, 0x18E5, 0x18E5, 0x18E5, 0x18E5, 0x18E5, 0x18E5, 0x18E5, 0x18E5, 0x18E5,
  0x18E5, 0x18E5, 0x18E5, 0x18E5, 0x10E5, 0x18E5, 0x3927, 0x18E5, 0x18C5, 0x18C5, 0x18C5, 0x18C5, 0x18C5, 0x18C5, 0x18C5, 0x18C5,
  0x18C5, 0x10C5, 0x10C5, 0x10C5, 0x18C5, 0x18C5, 0x18C5, 0x18C5, 0x18C5, 0x10C5, 0x10C5, 0x10C5, 0x10C5, 0x10C5, 0x10C5, 0x10C5,
  0x10C5, 0x10C5, 0x10C5, 0x10C5, 0x10C5, 0x10C5, 0x10C5, 0x18C5, 0x10C5, 0x18E5, 0x10A4, 0x10A4, 0x10A4, 0x10A4, 0x10A4, 0x10A4,
  0x18E5, 0x10C5, 0x10C5, 0x10C5, 0x10C5, 0x10C5, 0x10C5, 0x10C5, 0x10C5, 0x10C5, 0x10C5, 0x10C5, 0x10C5, 0x10C5, 0x10C5, 0x10C5,
  0x10C5, 0x10C5, 0x10C5, 0x10C5, 0x10C5, 0x10C5, 0x10C5, 0x10C5, 0x10C5, 0x10C5, 0x10C5, 0x10C5, 0x10C5, 0x10C5, 0x10C5, 0x10C5,
  0x10C5, 0x10C5, 0x0884, 0x10C5, 0x10A4, 0x10A4, 0x18C5, 0x10C5, 0x10C5, 0x10C5, 0x10C5, 0x10C5, 0x10C5, 0x10C5, 0x10C5, 0x10C5,
  0x10C5, 0x10C5, 0x10C5, 0x10C5, 0x10C5, 0x10C5, 0x10C5, 0x10C5, 0x10C5, 0x10C5, 0x10C5, 0x10C5, 0x10C5, 0x10C5, 0x10C5, 0x10C5,
  0x10C5, 0x10C5, 0x10C5, 0x10C5, 0x10C5, 0x10C5, 0x18E5, 0x10A4, 0x10A4, 0x10A4, 0x10A4, 0x10A4, 0x10A4, 0x10A4, 0x10A4, 0x10A4,
  0x10A4, 0x10A4, 0x10A4, 0x10A4, 0x10A4, 0x10A4, 0x10A4, 0x10A4, 0x10A4, 0x18E5, 0x10C5, 0x10C5, 0x10C5, 0x10C5, 0x10C5, 0x10C5,
  0x10C5, 0x10C5, 0x10C5, 0x10C5, 0x10C5, 0x10C5, 0x10C5, 0x10C5, 0x10C5, 0x10C5, 0x10C5, 0x10C5, 0x10C5, 0x10C5, 0x10C5, 0x10C5,
  0x10C5, 0x10C5, 0x10C5, 0x10C5, 0x10C5, 0x10C5, 0x10C5, 0x10C5, 0x18C5, 0x0885, 0x41C4, 0xAC01, 0xA402, 0xAC21, 0x5203, 0x0885,
  0x10C5, 0x10C5, 0x10C5, 0x10C5, 0x10C5, 0x10C5, 0x10C5, 0x10C5, 0x10C5, 0x10C5, 0x10C5, 0x10C5, 0x10C5, 0x10C5, 0x10C5, 0x10C5,
  0x10C5, 0x10C5, 0x10C5, 0x10C5, 0x10C5, 0x10C5, 0x10C5, 0x10C5, 0x10C5, 0x10C5, 0x10C5, 0x10C5, 0x10C5, 0x10C5, 0x10C5, 0x18E5,
  0x10A4, 0x10A4, 0x10A4, 0x10A4, 0x10A4, 0x10A4, 0x18E5, 0x10C5, 0x10C5, 0x10C5, 0x10C5, 0x10C5, 0x10C5, 0x10C5, 0x10C5, 0x10C5,
  0x10C5, 0x10C5, 0x10C5, 0x10C5, 0x18C5, 0x10C5, 0x10C5, 0x18C5, 0x18C5, 0x18C5, 0x18C5, 0x18C5, 0x18C5, 0x10C5, 0x10C5, 0x18C5,
  0x18C5, 0x18C5, 0x18C5, 0x18C5, 0x18C5, 0x18C5, 0x18C5, 0x18C5, 0x18E5, 0x18C5, 0x1167, 0x1187, 0x1905, 0x18C5, 0x18E5, 0x18E5,
  0x18E5, 0x18E5, 0x18E5, 0x18E5, 0x18E5, 0x18E5, 0x18E5, 0x18E5, 0x18E5, 0x18E5, 0x18E5, 0x18E5, 0x18E5, 0x18E5, 0x18E5, 0x18E5,
  0x18E5, 0x18E5, 0x18E5, 0x18E5, 0x18E5, 0x18E5, 0x18E5, 0x18E5, 0x18E5, 0x18E5, 0x18E5, 0x18E5, 0x2106, 0x1904, 0x1904, 0x1904,
  0x1904, 0x1904, 0x1904, 0x2126, 0x18E5, 0x18E5, 0x18E5, 0x18E5, 0x18E5, 0x18E5, 0x18E5, 0x18E5, 0x18E5, 0x18E5, 0x18E5, 0x18E5,
  0x18E5, 0x18E5, 0x18E5, 0x18E5, 0x18E5, 0x18E5, 0x18E5, 0x18E5, 0x18E5, 0x18E5, 0x18E5, 0x18E5, 0x18E5, 0x18E5, 0x18E5, 0x18E5,
  0x18E5, 0x18E5, 0x18E5, 0x18E5, 0x08A4, 0x69A9, 0xD2AD, 0x6188, 0x08A4, 0x18E5, 0x18C5, 0x18C5, 0x18C5, 0x18C5, 0x18C5, 0x18C5,
  0x18C5, 0x18C5, 0x10C5, 0x10C5, 0x18C5, 0x18C5, 0x18C5, 0x18C5, 0x18C5, 0x18C5, 0x10C5, 0x10C5, 0x10C5, 0x10C5, 0x10C5, 0x10C5,
  0x10C5, 0x10C5, 0x10C5, 0x10C5, 0x10C5, 0x10C5, 0x10C5, 0x10C5, 0x10C5, 0x18E5, 0x10A4, 0x10A4, 0x10A4, 0x10A4, 0x10A4, 0x10A4,
  0x18E5, 0x10C5, 0x10C5, 0x10C5, 0x10C5, 0x10C5, 0x10C5, 0x10C5, 0x10C5, 0x10C5, 0x10C5, 0x10C5, 0x10C5, 0x10C5, 0x10C5, 0x10C5,
  0x10C5, 0x10C5, 0x10C5, 0x10C5, 0x10C5, 0x10C5, 0x10C5, 0x10C5, 0x10C5, 0x10C5, 0x10C5, 0x10C5, 0x10C5, 0x10C5, 0x10C5, 0x10C5,
  0x10C5, 0x18E5, 0x4A6B, 0x10C5, 0x31C8, 0x39C9, 0x10A4, 0x18C5, 0x10C5, 0x10C5, 0x10C5, 0x10C5, 0x10C5, 0x10C5, 0x10C5, 0x10C5,
  0x10C5, 0x10C5, 0x10C5, 0x10C5, 0x10C5, 0x10C5, 0x10C5, 0x10C5, 0x10C5, 0x10C5, 0x10C5, 0x10C5, 0x10C5, 0x10C5, 0x10C5, 0x10C5,
  0x10C5, 0x10C5, 0x10C5, 0x10C5, 0x10C5, 0x10C5, 0x18E5, 0x10A4, 0x10A4, 0x10A4, 0x10A4, 0x10A4, 0x10A4, 0x10A4, 0x10A4, 0x10A4,
  0x10A4, 0x10A4, 0x10A4, 0x10A4, 0x10A4, 0x10A4, 0x10A4, 0x10A4, 0x10A4, 0x18E5, 0x10C5, 0x10C5, 0x10C5, 0x10C5, 0x10C5, 0x10C5,
  0x10C5, 0x10C5, 0x10C5, 0x10C5, 0x10C5, 0x10C5, 0x10C5, 0x10C5, 0x10C5, 0x10C5, 0x10C5, 0x10C5, 0x10C5, 0x10C5, 0x10C5, 0x10C5,
  0x10C5, 0x10C5, 0x10C5, 0x10C5, 0x10C5, 0x10C5, 0x10C5, 0x18E5, 0x0885, 0x7B02, 0xCCC1, 0x3164, 0x0065, 0x2944, 0xBC81, 0x93A2,
  0x10A5, 0x18C5, 0x10C5, 0x10C5, 0x10C5, 0x10C5, 0x10C5, 0x10C5, 0x10C5, 0x10C5, 0x10C5, 0x10C5, 0x10C5, 0x10C5, 0x10C5, 0x10C5,
  0x10C5, 0x10C5, 0x10C5, 0x10C5, 0x10C5, 0x10C5, 0x10C5, 0x10C5, 0x10C5, 0x10C5, 0x10C5, 0x10C5, 0x10C5, 0x10C5, 0x10C5, 0x18E5,
  0x10A4, 0x10A4, 0x10A4, 0x10A4, 0x10A4, 0x10A4, 0x18E5, 0x10C5, 0x10C5, 0x10C5, 0x10C5, 0x10C5, 0x10C5, 0x10C5, 0x10C5, 0x10C5,
  0x10C5, 0x10C5, 0x10C5, 0x10C5, 0x18C5, 0x10C5, 0x18C5, 0x18C5, 0x18C5, 0x18C5, 0x18C5, 0x18C5, 0x18C5, 0x10C5, 0x10C5, 0x18C5,
  0x18C5, 0x18C5, 0x18C5, 0x18C5, 0x18C5, 0x18C5, 0x18C5, 0x18E5, 0x18C5, 0x18E5, 0x0B2C, 0x0657, 0x0CB1, 0x1884, 0x18E5, 0x18E5,
  0x18E5, 0x18E5, 0x18E5, 0x18E5, 0x18E5, 0x18E5, 0x18E5, 0x18E5, 0x18E5, 0x18E5, 0x18E5, 0x18E5, 0x18E5, 0x18E5, 0x18E5, 0x18E5,
  0x18E5, 0x18E5, 0x18E5, 0x18E5, 0x18E5, 0x18E5, 0x18E5, 0x18E5, 0x18E5, 0x18E5, 0x18E5, 0x18E5, 0x2126, 0x1904, 0x1904, 0x1904,
  0x1904, 0x1904, 0x1904, 0x2126, 0x18E5, 0x18E5, 0x18E5, 0x18E5, 0x18E5, 0x18E5, 0x18E5, 0x18E5, 0x18E5, 0x18E5, 0x18E5, 0x18E5,
  0x18E5, 0x18E5, 0x18E5, 0x18E5, 0x18E5, 0x18E5, 0x18E5, 0x18E5, 0x18E5, 0x18E5, 0x18E5, 0x18E5, 0x18E5, 0x18E5, 0x18E5, 0x18E5,
  0x18E5, 0x18E5, 0x18E5, 0x18E5, 0x00A4, 0x81EA, 0xA22B, 0x81EA, 0x00A4, 0x18E5, 0x18C5, 0x18C5, 0x18C5, 0x18C5, 0x18C5, 0x18C5,
  0x18C5, 0x18C5, 0x10C5, 0x10C5, 0x18C5, 0x18C5, 0x18C5, 0x18C5, 0x18C5, 0x18C5, 0x10C5, 0x10C5, 0x10C5, 0x10C5, 0x10C5, 0x10C5,
  0x10C5, 0x10C5, 0x10C5, 0x10C5, 0x10C5, 0x10C5, 0x10C5, 0x10C5, 0x10C5, 0x18E5, 0x10A4, 0x10A4, 0x10A4, 0x10A4, 0x10A4, 0x10A4,
  0x18E5, 0x10C5, 0x10C5, 0x10C5, 0x10C5, 0x10C5, 0x10C5, 0x10C5, 0x10C5, 0x10C5, 0x10C5, 0x10C5, 0x10C5, 0x10C5, 0x10C5, 0x10C5,
  0x10C5, 0x10C5, 0x10C5, 0x10C5, 0x10C5, 0x10C5, 0x10C5, 0x10C5, 0x10C5, 0x10C5, 0x10C5, 0x10C5, 0x10C5, 0x10C5, 0x10C5, 0x18C5,
  0x10A4, 0x2146, 0xA515, 0x0884, 0x73B0, 0x634E, 0x0843, 0x18E5, 0x10C5, 0x10C5, 0x10C5, 0x10C5, 0x10C5, 0x10C5, 0x10C5, 0x10C5,
  0x10C5, 0x10C5, 0x10C5, 0x10C5, 0x10C5, 0x10C5, 0x10C5, 0x10C5, 0x10C5, 0x10C5, 0x10C5, 0x10C5, 0x10C5, 0x10C5, 0x10C5, 0x10C5,
  0x10C5, 0x10C5, 0x10C5, 0x10C5, 0x10C5, 0x10C5, 0x18E5, 0x10A4, 0x10A4, 0x10A4, 0x10A4, 0x10A4, 0x10A4, 0x10A4, 0x10A4, 0x10A4,
  0x10A4, 0x10A4, 0x10A4, 0x10A4, 0x10A4, 0x10A4, 0x10A4, 0x10A4, 0x10A4, 0x18E5, 0x10C5, 0x10C5, 0x10C5, 0x10C5, 0x10C5, 0x10C5,
  0x10C5, 0x10C5, 0x10C5, 0x10C5, 0x10C5, 0x10C5, 0x10C5, 0x10C5, 0x10C5, 0x10C5, 0x10C5, 0x10C5, 0x10C5, 0x10C5, 0x10C5, 0x10C5,
  0x10C5, 0x10C5, 0x10C5, 0x10C5, 0x10C5, 0x10C5, 0x10C5, 0x10C5, 0x18E5, 0xBC61, 0xBC61, 0x6AC3, 0x2105, 0x6283, 0xAC21, 0xCCC1,
  0x2124, 0x10A5, 0x18C5, 0x10C5, 0x10C5, 0x10C5, 0x10C5, 0x10C5, 0x10C5, 0x10C5, 0x10C5, 0x10C5, 0x10C5, 0x10C5, 0x10C5, 0x10C5,
  0x10C5, 0x10C5, 0x10C5, 0x10C5, 0x10C5, 0x10C5, 0x10C5, 0x10C5, 0x10C5, 0x10C5, 0x10C5, 0x10C5, 0x10C5, 0x10C5, 0x10C5, 0x18E5,
  0x10A4, 0x10A4, 0x10A4, 0x10A4, 0x10A4, 0x10A4, 0x18E5, 0x10C5, 0x10C5, 0x10C5, 0x10C5, 0x10C5, 0x10C5, 0x10C5, 0x10C5, 0x10C5,
  0x10C5, 0x10C5, 0x10C5, 0x10C5, 0x18C5, 0x10C5, 0x18C5, 0x18C5, 0x18C5, 0x18C5, 0x18C5, 0x18C5, 0x18C5, 0x10C5, 0x10C5, 0x18C5,
  0x18C5, 0x18C5, 0x18C5, 0x18C5, 0x18C5, 0x18C5, 0x18E5, 0x18A4, 0x1105, 0x1843, 0x1209, 0x0616, 0x0D13, 0x18A4, 0x18E5, 0x18E5,
  0x18E5, 0x18E5, 0x18E5, 0x18E5, 0x18E5, 0x18E5, 0x18E5, 0x18E5, 0x18E5, 0x18E5, 0x18E5, 0x18E5, 0x18E5, 0x18E5, 0x18E5, 0x18E5,
  0x18E5, 0x18E5, 0x18E5, 0x18E5, 0x18E5, 0x18E5, 0x18E5, 0x18E5, 0x18E5, 0x18E5, 0x18E5, 0x18E5, 0x2126, 0x1904, 0x1904, 0x1904,
  0x1904, 0x1904, 0x1904, 0x2126, 0x18E5, 0x18E5, 0x18E5, 0x18E5, 0x18E5, 0x18E5, 0x18E5, 0x18E5, 0x18E5, 0x18E5, 0x18E5, 0x18E5,
  0x18E5, 0x18E5, 0x18E5, 0x18E5, 0x18E5, 0x18E5, 0x18E5, 0x18E5, 0x18E5, 0x18E5, 0x18E5, 0x18E5, 0x18E5, 0x18E5, 0x18E5, 0x18E5,
  0x18E5, 0x18E5, 0x18E5, 0x18E5, 0x08A4, 0x81EA, 0xA22B, 0x79C9, 0x08A4, 0x18C5, 0x18C5, 0x18C5, 0x18C5, 0x18C5, 0x18C5, 0x18C5,
  0x18C5, 0x18C5, 0x10C5, 0x18C5, 0x18C5, 0x18C5, 0x18C5, 0x18C5, 0x18C5, 0x18C5, 0x10C5, 0x10C5, 0x10C5, 0x10C5, 0x10C5, 0x10C5,
  0x10C5, 0x10C5, 0x10C5, 0x10C5, 0x10C5, 0x10C5, 0x10C5, 0x10C5, 0x10C5, 0x18E5, 0x10A4, 0x10A4, 0x10A4, 0x10A4, 0x10A4, 0x10A4,
  0x18E5, 0x10C5, 0x10C5, 0x10C5, 0x10C5, 0x10C5, 0x10C5, 0x10C5, 0x10C5, 0x10C5, 0x10C5, 0x10C5, 0x10C5, 0x10C5, 0x10C5, 0x10C5,
  0x10C5, 0x10C5, 0x10C5, 0x10C5, 0x10C5, 0x10C5, 0x10C5, 0x10C5, 0x10C5, 0x10C5, 0x10C5, 0x10C5, 0x10C5, 0x10C5, 0x18E5, 0x0884,
  0x52AC, 0xA556, 0xC639, 0x9493, 0xBDD8, 0xB5B7, 0x528B, 0x1084, 0x18E5, 0x10C5, 0x10C5, 0x10C5, 0x10C5, 0x10C5, 0x10C5, 0x10C5,
  0x10C5, 0x10C5, 0x10C5, 0x10C5, 0x10C5, 0x10C5, 0x10C5, 0x10C5, 0x10C5, 0x10C5, 0x10C5, 0x10C5, 0x10C5, 0x10C5, 0x10C5, 0x10C5,
  0x10C5, 0x10C5, 0x10C5, 0x10C5, 0x10C5, 0x10C5, 0x18E5, 0x10A4, 0x10A4, 0x10A4, 0x10A4, 0x10A4, 0x10A4, 0x10A4, 0x10A4, 0x10A4,
  0x10A4, 0x10A4, 0x10A4, 0x10A4, 0x10A4, 0x10A4, 0x10A4, 0x10A4, 0x10A4, 0x18E5, 0x10C5, 0x10C5, 0x10C5, 0x10C5, 0x10C5, 0x10C5,
  0x10C5, 0x10C5, 0x10C5, 0x10C5, 0x10C5, 0x10C5, 0x10C5, 0x10C5, 0x10C5, 0x10C5, 0x10C5, 0x10C5, 0x10C5, 0x10C5, 0x10C5, 0x10C5,
  0x10C5, 0x10C5, 0x10C5, 0x10C5, 0x10C5, 0x10C5, 0x10C5, 0x10C5, 0x2105, 0x9382, 0x2944, 0x8322, 0xC4C1, 0x9382, 0x2924, 0x8B62,
  0x2944, 0x10A5, 0x18C5, 0x10C5, 0x10C5, 0x10C5, 0x10C5, 0x10C5, 0x10C5, 0x10C5, 0x10C5, 0x10C5, 0x10C5, 0x10C5, 0x10C5, 0x10C5,
  0x10C5, 0x10C5, 0x10C5, 0x10C5, 0x10C5, 0x10C5, 0x10C5, 0x10C5, 0x10C5, 0x10C5, 0x10C5, 0x10C5, 0x10C5, 0x10C5, 0x10C5, 0x18E5,
  0x10A4, 0x10A4, 0x10A4, 0x10A4, 0x10A4, 0x10A4, 0x18E5, 0x10C5, 0x10C5, 0x10C5, 0x10C5, 0x10C5, 0x10C5, 0x10C5, 0x10C5, 0x10C5,
  0x10C5, 0x10C5, 0x10C5, 0x10C5, 0x10C5, 0x10C5, 0x18C5, 0x18C5, 0x18C5, 0x18C5, 0x18C5, 0x18C5, 0x18C5, 0x18C5, 0x18C5, 0x18C5,
  0x18C5, 0x18C5, 0x18C5, 0x18C5, 0x18C5, 0x18E5, 0x1863, 0x1209, 0x05D5, 0x0BCE, 0x0CF2, 0x1229, 0x128A, 0x18C5, 0x18E5, 0x18E5,
  0x18E5, 0x18E5, 0x18E5, 0x18E5, 0x18E5, 0x18E5, 0x18E5, 0x18E5, 0x18E5, 0x18E5, 0x18E5, 0x18E5, 0x18E5, 0x18E5, 0x18E5, 0x18E5,
  0x18E5, 0x18E5, 0x18E5, 0x18E5, 0x18E5, 0x18E5, 0x18E5, 0x18E5, 0x18E5, 0x18E5, 0x18E5, 0x18E5, 0x2126, 0x1904, 0x1904, 0x1904,
  0x1904, 0x1904, 0x1904, 0x1926, 0x18E5, 0x18E5, 0x18E5, 0x18E5, 0x18E5, 0x18E5, 0x18E5, 0x18E5, 0x18E5, 0x18E5, 0x18E5, 0x18E5,
  0x18E5, 0x18E5, 0x18E5, 0x18E5, 0x18E5, 0x18E5, 0x18E5, 0x18E5, 0x18E5, 0x18E5, 0x18E5, 0x18E5, 0x18E5, 0x18E5, 0x18E5, 0x18E5,
  0x18E5, 0x18E5, 0x18E5, 0x18E5, 0x00A4, 0x79EA, 0xAA4B, 0x79C9, 0x00A4, 0x18E5, 0x18C5, 0x18C5, 0x18C5, 0x18C5, 0x18C5, 0x18C5,
  0x18C5, 0x18C5, 0x18C5, 0x18C5, 0x18C5, 0x18C5, 0x18C5, 0x18C5, 0x18C5, 0x18C5, 0x10C5, 0x10C5, 0x10C5, 0x10C5, 0x10C5, 0x10C5,
  0x10C5, 0x10C5, 0x10C5, 0x10C5, 0x10C5, 0x10C5, 0x10C5, 0x10C5, 0x10C5, 0x18E5, 0x10A4, 0x10A4, 0x10A4, 0x10A4, 0x10A4, 0x10A4,
  0x18E5, 0x10C5, 0x10C5, 0x10C5, 0x10C5, 0x10C5, 0x10C5, 0x10C5, 0x10C5, 0x10C5, 0x10C5, 0x10C5, 0x10C5, 0x10C5, 0x10C5, 0x10C5,
  0x10C5, 0x10C5, 0x10C5, 0x10C5, 0x10C5, 0x10C5, 0x10C5, 0x10C5, 0x10C5, 0x10C5, 0x10C5, 0x10C5, 0x10C5, 0x10C5, 0x18C5, 0x10C5,
  0x10C5, 0x5ACC, 0x9493, 0x18E5, 0x9CF4, 0x4A6B, 0x18E5, 0x10C5, 0x10C5, 0x10C5, 0x10C5, 0x10C5, 0x10C5, 0x10C5, 0x10C5, 0x10C5,
  0x10C5, 0x10C5, 0x10C5, 0x10C5, 0x10C5, 0x10C5, 0x10C5, 0x10C5, 0x10C5, 0x10C5, 0x10C5, 0x10C5, 0x10C5, 0x10C5, 0x10C5, 0x10C5,
  0x10C5, 0x10C5, 0x10C5, 0x10C5, 0x10C5, 0x10C5, 0x18E5, 0x10A4, 0x10A4, 0x10A4, 0x10A4, 0x10A4, 0x10A4, 0x10A4, 0x10A4, 0x10A4,
  0x10A4, 0x10A4, 0x10A4, 0x10A4, 0x10A4, 0x10A4, 0x10A4, 0x10A4, 0x10A4, 0x18E5, 0x10C5, 0x10C5, 0x10C5, 0x10C5, 0x10C5, 0x10C5,
  0x10C5, 0x10C5, 0x10C5, 0x10C5, 0x10C5, 0x10C5, 0x10C5, 0x10C5, 0x10C5, 0x10C5, 0x10C5, 0x10C5, 0x10C5, 0x10C5, 0x10C5, 0x10C5,
  0x10C5, 0x10C5, 0x10C5, 0x10C5, 0x10C5, 0x10C5, 0x10C5, 0x10C5, 0x2105, 0xA3E2, 0x10A5, 0x0065, 0xA3C2, 0x18E5, 0x0045, 0xA3E2,
  0x2944, 0x10A5, 0x18C5, 0x10C5, 0x10C5, 0x10C5, 0x10C5, 0x10C5, 0x10C5, 0x10C5, 0x10C5, 0x10C5, 0x10C5, 0x10C5, 0x10C5, 0x10C5,
  0x10C5, 0x10C5, 0x10C5, 0x10C5, 0x10C5, 0x10C5, 0x10C5, 0x10C5, 0x10C5, 0x10C5, 0x10C5, 0x10C5, 0x10C5, 0x10C5, 0x10C5, 0x18E5,
  0x10A4, 0x10A4, 0x10A4, 0x10A4, 0x10A4, 0x10A4, 0x18E5, 0x10C5, 0x10C5, 0x10C5, 0x10C5, 0x10C5, 0x10C5, 0x10C5, 0x10C5, 0x10C5,
  0x10C5, 0x10C5, 0x10C5, 0x10C5, 0x10C5, 0x10C5, 0x18C5, 0x18C5, 0x18C5, 0x18C5, 0x18C5, 0x18C5, 0x18C5, 0x18C5, 0x18C5, 0x18C5,
  0x18C5, 0x18C5, 0x18C5, 0x18C5, 0x18E5, 0x18A4, 0x11A8, 0x0D13, 0x1209, 0x0C70, 0x1229, 0x1863, 0x18A4, 0x18C5, 0x18E5, 0x18E5,
  0x18E5, 0x18E5, 0x18E5, 0x18E5, 0x18E5, 0x18E5, 0x18E5, 0x18E5, 0x18E5, 0x18E5, 0x18E5, 0x18E5, 0x18E5, 0x18E5, 0x18E5, 0x18E5,
  0x18E5, 0x18E5, 0x18E5, 0x18E5, 0x18E5, 0x18E5, 0x18E5, 0x18E5, 0x18E5, 0x18E5, 0x18E5, 0x18E5, 0x2126, 0x1904, 0x1904, 0x1904,
  0x1904, 0x1904, 0x1904, 0x2126, 0x18E5, 0x18E5, 0x18E5, 0x18E5, 0x18E5, 0x18E5, 0x18E5, 0x18E5, 0x18E5, 0x18E5, 0x18E5, 0x18E5,
  0x18E5, 0x18E5, 0x18E5, 0x18E5, 0x18E5, 0x18E5, 0x18E5, 0x18E5, 0x18E5, 0x18E5, 0x18E5, 0x18E5, 0x18E5, 0x18E5, 0x18E5, 0x18E5,
  0x18E5, 0x18E5, 0x18C5, 0x18C5, 0x18E5, 0x9A2B, 0x71C9, 0x9A2B, 0x18C5, 0x18C5, 0x18C5, 0x18C5, 0x18C5, 0x18C5, 0x18C5, 0x18C5,
  0x18C5, 0x18C5, 0x18C5, 0x18C5, 0x18C5, 0x18C5, 0x18C5, 0x18C5, 0x18C5, 0x18C5, 0x10C5, 0x10C5, 0x10C5, 0x10C5, 0x10C5, 0x10C5,
  0x10C5, 0x18C5, 0x10C5, 0x10C5, 0x10C5, 0x10C5, 0x10C5, 0x10C5, 0x10C5, 0x18E5, 0x10A4, 0x10A4, 0x10A4, 0x10A4, 0x10A4, 0x10A4,
  0x18E5, 0x10C5, 0x10C5, 0x10C5, 0x10C5, 0x10C5, 0x10C5, 0x10C5, 0x10C5, 0x10C5, 0x10C5, 0x10C5, 0x10C5, 0x10C5, 0x10C5, 0x10C5,
  0x10C5, 0x10C5, 0x10C5, 0x10C5, 0x10C5, 0x10C5, 0x10C5, 0x10C5, 0x10C5, 0x10C5, 0x10C5, 0x10C5, 0x10C5, 0x10C5, 0x10C5, 0x10C5,
  0x634E, 0xAD76, 0xB5D7, 0x8432, 0xC639, 0x94B4, 0x31A8, 0x10A4, 0x18C5, 0x10C5, 0x10C5, 0x10C5, 0x10C5, 0x10C5, 0x10C5, 0x10C5,
  0x10C5, 0x10C5, 0x10C5, 0x10C5, 0x10C5, 0x10C5, 0x10C5, 0x10C5, 0x10C5, 0x10C5, 0x10C5, 0x10C5, 0x10C5, 0x10C5, 0x10C5, 0x10C5,
  0x10C5, 0x10C5, 0x10C5, 0x10C5, 0x10C5, 0x10C5, 0x18E5, 0x10A4, 0x10A4, 0x10A4, 0x10A4, 0x10A4, 0x10A4, 0x10A4, 0x10A4, 0x10A4,
  0x10A4, 0x10A4, 0x10A4, 0x10A4, 0x10A4, 0x10A4, 0x10A4, 0x10A4, 0x10A4, 0x18E5, 0x10C5, 0x10C5, 0x10C5, 0x10C5, 0x10C5, 0x10C5,
  0x10C5, 0x10C5, 0x10C5, 0x10C5, 0x10C5, 0x10C5, 0x10C5, 0x10C5, 0x10C5, 0x10C5, 0x10C5, 0x10C5, 0x10C5, 0x10C5, 0x10C5, 0x10C5,
  0x10C5, 0x10C5, 0x10C5, 0x10C5, 0x10C5, 0x10C5, 0x10C5, 0x10C5, 0x10A5, 0x9382, 0x9382, 0x2924, 0x8B62, 0x2944, 0x8342, 0x9BC2,
  0x10C5, 0x10C5, 0x18C5, 0x10C5, 0x10C5, 0x10C5, 0x10C5, 0x10C5, 0x10C5, 0x10C5, 0x10C5, 0x10C5, 0x10C5, 0x10C5, 0x10C5, 0x10C5,
  0x10C5, 0x10C5, 0x10C5, 0x10C5, 0x10C5, 0x10C5, 0x10C5, 0x10C5, 0x10C5, 0x10C5, 0x10C5, 0x10C5, 0x10C5, 0x10C5, 0x10C5, 0x18E5,
  0x10A4, 0x10A4, 0x10A4, 0x10A4, 0x10A4, 0x10A4, 0x18E5, 0x10C5, 0x10C5, 0x10C5, 0x10C5, 0x10C5, 0x10C5, 0x10C5, 0x10C5, 0x10C5,
  0x10C5, 0x18C5, 0x10C5, 0x10C5, 0x10C5, 0x10C5, 0x18C5, 0x18C5, 0x18C5, 0x18C5, 0x18C5, 0x18C5, 0x18C5, 0x18C5, 0x18C5, 0x18C5,
  0x18C5, 0x18C5, 0x18C5, 0x18C5, 0x18C5, 0x18A4, 0x0C2F, 0x126A, 0x1843, 0x1884, 0x18A4, 0x18E5, 0x18E5, 0x18C5, 0x18E5, 0x18E5,
  0x18E5, 0x18E5, 0x18E5, 0x18E5, 0x18E5, 0x18E5, 0x18E5, 0x18E5, 0x18E5, 0x18E5, 0x18E5, 0x18E5, 0x18E5, 0x18E5, 0x18E5, 0x18E5,
  0x18E5, 0x18E5, 0x18E5, 0x18E5, 0x18E5, 0x18E5, 0x18E5, 0x18E5, 0x18E5, 0x18E5, 0x18E5, 0x18E5, 0x2126, 0x1904, 0x18E4, 0x1904,
  0x1904, 0x1904, 0x1904, 0x2106, 0x18E5, 0x18E5, 0x18E5, 0x18E5, 0x18E5, 0x18E5, 0x18E5, 0x18E5, 0x18E5, 0x18E5, 0x18E5, 0x18E5,
  0x18E5, 0x18E5, 0x18E5, 0x18E5, 0x18E5, 0x18E5, 0x18E5, 0x18E5, 0x18E5, 0x18E5, 0x18E5, 0x18E5, 0x18E5, 0x18E5, 0x18E5, 0x18E5,
  0x18E5, 0x18E5, 0x18E5, 0x08C4, 0x5988, 0x9A2B, 0x0063, 0xA22B, 0x5168, 0x08A4, 0x18C5, 0x18C5, 0x18C5, 0x18C5, 0x18C5, 0x18C5,
  0x18C5, 0x18C5, 0x18C5, 0x18C5, 0x18C5, 0x18C5, 0x18C5, 0x18C5, 0x18C5, 0x18C5, 0x18C5, 0x10C5, 0x10C5, 0x10C5, 0x10C5, 0x10C5,
  0x10C5, 0x10C5, 0x10C5, 0x10C5, 0x10C5, 0x10C5, 0x10C5, 0x10C5, 0x10C5, 0x18E5, 0x10A4, 0x10A4, 0x10A4, 0x10A4, 0x10A4, 0x10A4,
  0x18E5, 0x10C5, 0x10C5, 0x10C5, 0x10C5, 0x10C5, 0x10C5, 0x10C5, 0x10C5, 0x10C5, 0x10C5, 0x10C5, 0x10C5, 0x10C5, 0x10C5, 0x10C5,
  0x10C5, 0x10C5, 0x10C5, 0x10C5, 0x10C5, 0x10C5, 0x10C5, 0x10C5, 0x10C5, 0x10C5, 0x10C5, 0x10C5, 0x10C5, 0x10C5, 0x10C5, 0x18E5,
  0x2126, 0x8C73, 0x73D0, 0x39E9, 0xAD96, 0x39E9, 0x1906, 0x10C5, 0x10C5, 0x10C5, 0x10C5, 0x10C5, 0x10C5, 0x10C5, 0x10C5, 0x10C5,
  0x10C5, 0x10C5, 0x10C5, 0x10C5, 0x10C5, 0x10C5, 0x10C5, 0x10C5, 0x10C5, 0x10C5, 0x10C5, 0x10C5, 0x10C5, 0x10C5, 0x10C5, 0x10C5,
  0x10C5, 0x10C5, 0x10C5, 0x10C5, 0x10C5, 0x10C5, 0x18E5, 0x10A4, 0x10A4, 0x10A4, 0x10A4, 0x10A4, 0x10A4, 0x10A4, 0x10A4, 0x10A4,
  0x10A4, 0x10A4, 0x10A4, 0x10A4, 0x10A4, 0x10A4, 0x10A4, 0x10A4, 0x10A4, 0x18E5, 0x10C5, 0x10C5, 0x10C5, 0x10C5, 0x10C5, 0x10C5,
  0x10C5, 0x10C5, 0x10C5, 0x10C5, 0x10C5, 0x10C5, 0x10C5, 0x10C5, 0x10C5, 0x10C5, 0x10C5, 0x10C5, 0x10C5, 0x10C5, 0x10C5, 0x10C5,
  0x10C5, 0x10C5, 0x10C5, 0x10C5, 0x10C5, 0x10C5, 0x10C5, 0x18C5, 0x10C5, 0x18C5, 0x72E3, 0xB441, 0xD501, 0xBC41, 0x8322, 0x18E5,
  0x10A5, 0x18C5, 0x10C5, 0x10C5, 0x10C5, 0x10C5, 0x10C5, 0x10C5, 0x10C5, 0x10C5, 0x10C5, 0x10C5, 0x10C5, 0x10C5, 0x10C5, 0x10C5,
  0x10C5, 0x10C5, 0x10C5, 0x10C5, 0x10C5, 0x10C5, 0x10C5, 0x10C5, 0x10C5, 0x10C5, 0x10C5, 0x10C5, 0x10C5, 0x10C5, 0x10C5, 0x18E5,
  0x10A4, 0x10A4, 0x10A4, 0x10A4, 0x10A4, 0x10A4, 0x18E5, 0x10C5, 0x10C5, 0x10C5, 0x10C5, 0x10C5, 0x10C5, 0x10C5, 0x10C5, 0x10C5,
  0x10C5, 0x10C5, 0x10C5, 0x18C5, 0x10C5, 0x18C5, 0x18C5, 0x18C5, 0x18C5, 0x18C5, 0x18C5, 0x18C5, 0x18C5, 0x18C5, 0x18C5, 0x18C5,
  0x18C5, 0x18C5, 0x18C5, 0x18C5, 0x18C5, 0x18C5, 0x18E5, 0x18A4, 0x18E5, 0x18E5, 0x18E5, 0x18C5, 0x18C5, 0x18E5, 0x18E5, 0x18E5,
  0x18E5, 0x18E5, 0x18E5, 0x18E5, 0x18E5, 0x18E5, 0x18E5, 0x18E5, 0x18E5, 0x18E5, 0x18E5, 0x18E5, 0x18E5, 0x18E5, 0x18E5, 0x18E5,
  0x18E5, 0x18E5, 0x18E5, 0x18E5, 0x18E5, 0x18E5, 0x18E5, 0x18E5, 0x18E5, 0x18E5, 0x18E5, 0x18E5, 0x2126, 0x1904, 0x1904, 0x1904,
  0x1904, 0x1904, 0x1904, 0x2106, 0x18E5, 0x18E5, 0x18E5, 0x18E5, 0x18E5, 0x18E5, 0x18E5, 0x18E5, 0x18E5, 0x18E5, 0x18E5, 0x18E5,
  0x18E5, 0x18E5, 0x18E5, 0x18E5, 0x18E5, 0x18E5, 0x18E5, 0x18E5, 0x18E5, 0x18E5, 0x18E5, 0x18E5, 0x18E5, 0x18E5, 0x18E5, 0x18E5,
  0x18E5, 0x18E5, 0x18E5, 0x10C5, 0x3126, 0xAA4C, 0x71C9, 0xAA4B, 0x2906, 0x10C5, 0x18C5, 0x18C5, 0x18C5, 0x18C5, 0x18C5, 0x18C5,
  0x18C5, 0x18C5, 0x18C5, 0x18C5, 0x18C5, 0x18C5, 0x18C5, 0x18C5, 0x18C5, 0x18C5, 0x18C5, 0x10C5, 0x10C5, 0x10C5, 0x10C5, 0x10C5,
  0x10C5, 0x10C5, 0x10C5, 0x10C5, 0x10C5, 0x10C5, 0x10C5, 0x10C5, 0x10C5, 0x18E5, 0x10A4, 0x10A4, 0x10A4, 0x10A4, 0x10A4, 0x10A4,
  0x18E5, 0x10C5, 0x10C5, 0x10C5, 0x10C5, 0x10C5, 0x10C5, 0x10C5, 0x10C5, 0x10C5, 0x10C5, 0x10C5, 0x10C5, 0x10C5, 0x10C5, 0x10C5,
  0x10C5, 0x10C5, 0x10C5, 0x10C5, 0x10C5, 0x10C5, 0x10C5, 0x10C5, 0x10C5, 0x10C5, 0x10C5, 0x10C5, 0x10C5, 0x10C5, 0x10C5, 0x18E5,
  0x0843, 0x52AC, 0x31C9, 0x10C5, 0x632E, 0x0884, 0x10C5, 0x10C5, 0x10C5, 0x10C5, 0x10C5, 0x10C5, 0x10C5, 0x10C5, 0x10C5, 0x10C5,
  0x10C5, 0x10C5, 0x10C5, 0x10C5, 0x10C5, 0x10C5, 0x10C5, 0x10C5, 0x10C5, 0x10C5, 0x10C5, 0x10C5, 0x10C5, 0x10C5, 0x10C5, 0x10C5,
  0x10C5, 0x10C5, 0x10C5, 0x10C5, 0x10C5, 0x10C5, 0x18E5, 0x10A4, 0x10A4, 0x10A4, 0x10A4, 0x10A4, 0x10A4, 0x10A4, 0x10A4, 0x10A4,
  0x10A4, 0x10A4, 0x10A4, 0x10A4, 0x10A4, 0x10A4, 0x10A4, 0x10A4, 0x10A4, 0x18E5, 0x10C5, 0x10C5, 0x10C5, 0x10C5, 0x10C5, 0x10C5,
  0x10C5, 0x10C5, 0x10C5, 0x10C5, 0x10C5, 0x10C5, 0x10C5, 0x10C5, 0x10C5, 0x10C5, 0x10C5, 0x10C5, 0x10C5, 0x10C5, 0x10C5, 0x10C5,
  0x10C5, 0x10C5, 0x10C5, 0x10C5, 0x10C5, 0x10C5, 0x10C5, 0x10C5, 0x18C5, 0x10C5, 0x0065, 0x2944, 0x6AC3, 0x3184, 0x0065, 0x10C5,
  0x18C5, 0x10C5, 0x10C5, 0x10C5, 0x10C5, 0x10C5, 0x10C5, 0x10C5, 0x10C5, 0x10C5, 0x10C5, 0x10C5, 0x10C5, 0x10C5, 0x10C5, 0x10C5,
  0x10C5, 0x10C5, 0x10C5, 0x10C5, 0x10C5, 0x10C5, 0x10C5, 0x10C5, 0x10C5, 0x10C5, 0x10C5, 0x10C5, 0x10C5, 0x10C5, 0x10C5, 0x18E5,
  0x10A4, 0x10A4, 0x10A4, 0x10A4, 0x10A4, 0x10A4, 0x18E5, 0x10C5, 0x10C5, 0x10C5, 0x10C5, 0x10C5, 0x10C5, 0x10C5, 0x10C5, 0x10C5,
  0x10C5, 0x10C5, 0x10C5, 0x10C5, 0x10C5, 0x18C5, 0x18C5, 0x18C5, 0x18C5, 0x18C5, 0x18C5, 0x18C5, 0x18C5, 0x18C5, 0x18C5, 0x18C5,
  0x18C5, 0x18C5, 0x18C5, 0x18C5, 0x18C5, 0x18C5, 0x18C5, 0x18E5, 0x18C5, 0x18C5, 0x18C5, 0x18E5, 0x18C5, 0x18C5, 0x18C5, 0x18C5,
  0x18E5, 0x18E5, 0x18E5, 0x18E5, 0x18E5, 0x18E5, 0x18E5, 0x18E5, 0x18E5, 0x18E5, 0x18E5, 0x18E5, 0x18E5, 0x18E5, 0x18E5, 0x18E5,
  0x18E5, 0x18E5, 0x18E5, 0x18E5, 0x18E5, 0x18E5, 0x18E5, 0x18E5, 0x18E5, 0x18E5, 0x18E5, 0x18E5, 0x2126, 0x1904, 0x1904, 0x1904,
  0x1904, 0x1904, 0x1904, 0x2126, 0x18E5, 0x18E5, 0x18E5, 0x18E5, 0x18E5, 0x18E5, 0x18E5, 0x18E5, 0x18E5, 0x18E5, 0x18E5, 0x18E5,
  0x18E5, 0x18E5, 0x18E5, 0x18E5, 0x18E5, 0x18E5, 0x18E5, 0x18E5, 0x18E5, 0x18E5, 0x18E5, 0x18E5, 0x18E5, 0x18E5, 0x18E5, 0x18E5,
  0x18E5, 0x18E5, 0x18E5, 0x18E5, 0x10C4, 0x3126, 0x79EA, 0x3126, 0x10C4, 0x18C5, 0x18C5, 0x18C5, 0x18C5, 0x18C5, 0x18C5, 0x18C5,
  0x18C5, 0x18C5, 0x18C5, 0x18C5, 0x18C5, 0x18C5, 0x18C5, 0x18C5, 0x18C5, 0x18C5, 0x18C5, 0x10C5, 0x10C5, 0x10C5, 0x10C5, 0x10C5,
  0x10C5, 0x10C5, 0x10C5, 0x10C5, 0x10C5, 0x10C5, 0x10C5, 0x10C5, 0x10C5, 0x18E5, 0x10A4, 0x10A4, 0x10A4, 0x10A4, 0x10A4, 0x10A4,
  0x18E5, 0x10C5, 0x10C5, 0x10C5, 0x10C5, 0x10C5, 0x10C5, 0x10C5, 0x10C5, 0x10C5, 0x10C5, 0x10C5, 0x10C5, 0x10C5, 0x10C5, 0x10C5,
  0x10C5, 0x10C5, 0x10C5, 0x10C5, 0x10C5, 0x10C5, 0x10C5, 0x10C5, 0x10C5, 0x10C5, 0x10C5, 0x10C5, 0x10C5, 0x10C5, 0x10C5, 0x10C5,
  0x18E5, 0x10A4, 0x10A4, 0x18C5, 0x0884, 0x18C5, 0x10C5, 0x10C5, 0x10C5, 0x10C5, 0x10C5, 0x10C5, 0x10C5, 0x10C5, 0x10C5, 0x10C5,
  0x10C5, 0x10C5, 0x10C5, 0x10C5, 0x10C5, 0x10C5, 0x10C5, 0x10C5, 0x10C5, 0x10C5, 0x10C5, 0x10C5, 0x10C5, 0x10C5, 0x10C5, 0x10C5,
  0x10C5, 0x10C5, 0x10C5, 0x10C5, 0x10C5, 0x10C5, 0x18E5, 0x10A4, 0x10A4, 0x10A4, 0x10A4, 0x10A4, 0x10A4, 0x10A4, 0x10A4, 0x10A4,
  0x10A4, 0x10A4, 0x10A4, 0x10A4, 0x10A4, 0x10A4, 0x10A4, 0x10A4, 0x10A4, 0x18E5, 0x10C5, 0x10C5, 0x10C5, 0x10C5, 0x10C5, 0x10C5,
  0x10C5, 0x10C5, 0x10C5, 0x10C5, 0x10C5, 0x10C5, 0x10C5, 0x10C5, 0x10C5, 0x10C5, 0x10C5, 0x10C5, 0x10C5, 0x10C5, 0x10C5, 0x10C5,
  0x10C5, 0x10C5, 0x10C5, 0x10C5, 0x10C5, 0x10C5, 0x10C5, 0x10C5, 0x10C5, 0x10C5, 0x18E5, 0x10A5, 0x0865, 0x10A5, 0x18E5, 0x18C5,
  0x10C5, 0x10C5, 0x10C5, 0x10C5, 0x10C5, 0x10C5, 0x10C5, 0x10C5, 0x10C5, 0x10C5, 0x10C5, 0x10C5, 0x10C5, 0x10C5, 0x10C5, 0x10C5,
  0x10C5, 0x10C5, 0x10C5, 0x10C5, 0x10C5, 0x10C5, 0x10C5, 0x10C5, 0x10C5, 0x10C5, 0x10C5, 0x10C5, 0x10C5, 0x10C5, 0x10C5, 0x18E5,
  0x10A4, 0x10A4, 0x10A4, 0x10A4, 0x10A4, 0x10A4, 0x18E5, 0x10C5, 0x10C5, 0x10C5, 0x10C5, 0x10C5, 0x10C5, 0x10C5, 0x10C5, 0x10C5,
  0x10C5, 0x10C5, 0x10C5, 0x10C5, 0x10C5, 0x10C5, 0x10C5, 0x10C5, 0x10C5, 0x10C5, 0x10C5, 0x10C5, 0x10C5, 0x10C5, 0x10C5, 0x10C5,
  0x10C5, 0x10C5, 0x10C5, 0x10C5, 0x10C5, 0x10C5, 0x10C5, 0x10C5, 0x10C5, 0x10C5, 0x10C5, 0x10C5, 0x10C5, 0x10C5, 0x10C5, 0x10C5,
  0x10C5, 0x10C5, 0x10C5, 0x18C5, 0x10C5, 0x10C5, 0x10C5, 0x10C5, 0x10C5, 0x10C5, 0x10C5, 0x10C5, 0x18C5, 0x18C5, 0x18C5, 0x18C5,
  0x18C5, 0x18C5, 0x18C5, 0x18C5, 0x18C5, 0x18C5, 0x18E5, 0x18E5, 0x18E5, 0x18E5, 0x18E5, 0x18E5, 0x2126, 0x1904, 0x1904, 0x1904,
  0x1904, 0x1904, 0x1904, 0x2106, 0x18E5, 0x18E5, 0x18E5, 0x18E5, 0x18E5, 0x18E5, 0x18C5, 0x18C5, 0x18C5, 0x18C5, 0x18C5, 0x18C5,
  0x18C5, 0x18C5, 0x18C5, 0x18C5, 0x10C5, 0x10C5, 0x10C5, 0x10C5, 0x10C5, 0x10C5, 0x10C5, 0x10C5, 0x10C5, 0x10C5, 0x10C5, 0x10C5,
  0x10C5, 0x10C5, 0x10C5, 0x10C5, 0x18C5, 0x10C5, 0x00A4, 0x10C5, 0x18C5, 0x10C5, 0x10C5, 0x10C5, 0x10C5, 0x10C5, 0x10C5, 0x10C5,
  0x10C5, 0x10C5, 0x10C5, 0x10C5, 0x10C5, 0x10C5, 0x10C5, 0x10C5, 0x10C5, 0x10C5, 0x10C5, 0x10C5, 0x10C5, 0x10C5, 0x10C5, 0x10C5,
  0x10C5, 0x10C5, 0x10C5, 0x10C5, 0x10C5, 0x10C5, 0x10C5, 0x10C5, 0x10C5, 0x18E5, 0x10A4, 0x10A4, 0x10A4, 0x10A4, 0x10A4, 0x10A4,
  0x18E5, 0x10C5, 0x10C5, 0x10C5, 0x10C5, 0x10C5, 0x10C5, 0x10C5, 0x10C5, 0x10C5, 0x10C5, 0x10C5, 0x10C5, 0x10C5, 0x10C5, 0x10C5,
  0x10C5, 0x10C5, 0x10C5, 0x10C5, 0x10C5, 0x10C5, 0x10C5, 0x10C5, 0x10C5, 0x10C5, 0x10C5, 0x10C5, 0x10C5, 0x10C5, 0x10C5, 0x10C5,
  0x10C5, 0x18C5, 0x18C5, 0x10C5, 0x18E5, 0x10C5, 0x10C5, 0x10C5, 0x10C5, 0x10C5, 0x10C5, 0x10C5, 0x10C5, 0x10C5, 0x10C5, 0x10C5,
  0x10C5, 0x10C5, 0x10C5, 0x10C5, 0x10C5, 0x10C5, 0x10C5, 0x10C5, 0x10C5, 0x10C5, 0x10C5, 0x10C5, 0x10C5, 0x10C5, 0x10C5, 0x10C5,
  0x10C5, 0x10C5, 0x10C5, 0x10C5, 0x10C5, 0x10C5, 0x18E5, 0x10A4, 0x10A4, 0x10A4, 0x10A4, 0x10A4, 0x10A4, 0x10A4, 0x10A4, 0x10A4,
  0x10A4, 0x10A4, 0x10A4, 0x10A4, 0x10A4, 0x10A4, 0x10A4, 0x10A4, 0x10A4, 0x18E5, 0x10C5, 0x10C5, 0x10C5, 0x10C5, 0x10C5, 0x10C5,
  0x10C5, 0x10C5, 0x10C5, 0x10C5, 0x10C5, 0x10C5, 0x10C5, 0x10C5, 0x10C5, 0x10C5, 0x10C5, 0x10C5, 0x10C5, 0x10C5, 0x10C5, 0x10C5,
  0x10C5, 0x10C5, 0x10C5, 0x10C5, 0x10C5, 0x10C5, 0x10C5, 0x10C5, 0x10C5, 0x10C5, 0x10C5, 0x18C5, 0x18E5, 0x18C5, 0x10C5, 0x10C5,
  0x10C5, 0x10C5, 0x10C5, 0x10C5, 0x10C5, 0x10C5, 0x10C5, 0x10C5, 0x10C5, 0x10C5, 0x10C5, 0x10C5, 0x10C5, 0x10C5, 0x10C5, 0x10C5,
  0x10C5, 0x10C5, 0x10C5, 0x10C5, 0x10C5, 0x10C5, 0x10C5, 0x10C5, 0x10C5, 0x10C5, 0x10C5, 0x10C5, 0x10C5, 0x10C5, 0x10C5, 0x18E5,
  0x10A4, 0x10A4, 0x10A4, 0x10A4, 0x10A4, 0x10A4, 0x18E5, 0x10C5, 0x10C5, 0x10C5, 0x10C5, 0x10C5, 0x10C5, 0x10C5, 0x10C5, 0x10C5,
  0x10C5, 0x10C5, 0x10C5, 0x10C5, 0x10C5, 0x10C5, 0x10C5, 0x10C5, 0x10C5, 0x10C5, 0x10C5, 0x10C5, 0x10C5, 0x10C5, 0x10C5, 0x10C5,
  0x10C5, 0x10C5, 0x10C5, 0x10C5, 0x10C5, 0x10C5, 0x10C5, 0x10C5, 0x10C5, 0x10C5, 0x10C5, 0x10C5, 0x10C5, 0x10C5, 0x10C5, 0x10C5,
  0x10C5, 0x10C5, 0x10C5, 0x10C5, 0x10C5, 0x10C5, 0x10C5, 0x10C5, 0x10C5, 0x10C5, 0x10C5, 0x10C5, 0x10C5, 0x10C5, 0x10C5, 0x10C5,
  0x10C5, 0x10C5, 0x10C5, 0x10C5, 0x10C5, 0x10C5, 0x10C5, 0x18E5, 0x18E5, 0x18E5, 0x18E5, 0x18E5, 0x2126, 0x1904, 0x1904, 0x1904,
  0x1904, 0x1904, 0x1904, 0x2126, 0x18E5, 0x18E5, 0x18E5, 0x18E5, 0x18E5, 0x10C5, 0x10C5, 0x10C5, 0x10C5, 0x10C5, 0x10C5, 0x10C5,
  0x10C5, 0x10C5, 0x10C5, 0x10C5, 0x10C5, 0x10C5, 0x10C5, 0x10C5, 0x10C5, 0x10C5, 0x10C5, 0x10C5, 0x10C5, 0x10C5, 0x10C5, 0x10C5,
  0x10C5, 0x10C5, 0x10C5, 0x10C5, 0x10C5, 0x18C5, 0x18C5, 0x18C5, 0x10C5, 0x10C5, 0x10C5, 0x10C5, 0x10C5, 0x10C5, 0x10C5, 0x10C5,
  0x10C5, 0x10C5, 0x10C5, 0x10C5, 0x10C5, 0x10C5, 0x10C5, 0x10C5, 0x10C5, 0x10C5, 0x10C5, 0x10C5, 0x10C5, 0x10C5, 0x10C5, 0x10C5,
  0x10C5, 0x10C5, 0x10C5, 0x10C5, 0x10C5, 0x10C5, 0x10C5, 0x10C5, 0x10C5, 0x18E5, 0x10A4, 0x10A4, 0x10A4, 0x10A4, 0x10A4, 0x10A4,
  0x18E5, 0x10C5, 0x10C5, 0x10C5, 0x10C5, 0x10C5, 0x10C5, 0x10C5, 0x10C5, 0x10C5, 0x10C5, 0x10C5, 0x10C5, 0x10C5, 0x10C5, 0x10C5,
  0x10C5, 0x10C5, 0x10C5, 0x10C5, 0x10C5, 0x10C5, 0x10C5, 0x10C5, 0x10C5, 0x10C5, 0x10C5, 0x10C5, 0x10C5, 0x10C5, 0x10C5, 0x10C5,
  0x10C5, 0x10C5, 0x10C5, 0x10C5, 0x10C5, 0x10C5, 0x10C5, 0x10C5, 0x10C5, 0x10C5, 0x10C5, 0x10C5, 0x10C5, 0x10C5, 0x10C5, 0x10C5,
  0x10C5, 0x10C5, 0x10C5, 0x10C5, 0x10C5, 0x10C5, 0x10C5, 0x10C5, 0x10C5, 0x10C5, 0x10C5, 0x10C5, 0x10C5, 0x10C5, 0x10C5, 0x10C5,
  0x10C5, 0x10C5, 0x10C5, 0x10C5, 0x10C5, 0x10C5, 0x18E5, 0x10A4, 0x10A4, 0x10A4, 0x10A4, 0x10A4, 0x10A4, 0x10A4, 0x10A4, 0x10A4,
  0x10A4, 0x10A4, 0x10A4, 0x10A4, 0x10A4, 0x10A4, 0x10A4, 0x10A4, 0x10A4, 0x18E5, 0x10C5, 0x10C5, 0x10C5, 0x10C5, 0x10C5, 0x10C5,
  0x10C5, 0x10C5, 0x10C5, 0x10C5, 0x10C5, 0x10C5, 0x10C5, 0x10C5, 0x10C5, 0x10C5, 0x10C5, 0x10C5, 0x10C5, 0x10C5, 0x10C5, 0x10C5,
  0x10C5, 0x10C5, 0x10C5, 0x10C5, 0x10C5, 0x10C5, 0x10C5, 0x10C5, 0x10C5, 0x10C5, 0x10C5, 0x10C5, 0x10C5, 0x10C5, 0x10C5, 0x10C5,
  0x10C5, 0x10C5, 0x10C5, 0x10C5, 0x10C5, 0x10C5, 0x10C5, 0x10C5, 0x10C5, 0x10C5, 0x10C5, 0x10C5, 0x10C5, 0x10C5, 0x10C5, 0x10C5,
  0x10C5, 0x10C5, 0x10C5, 0x10C5, 0x10C5, 0x10C5, 0x10C5, 0x10C5, 0x10C5, 0x10C5, 0x10C5, 0x10C5, 0x10C5, 0x10C5, 0x10C5, 0x18E5,
  0x10A4, 0x10A4, 0x10A4, 0x10A4, 0x10A4, 0x10A4, 0x18E5, 0x10C5, 0x10C5, 0x10C5, 0x10C5, 0x10C5, 0x10C5, 0x10C5, 0x10C5, 0x10C5,
  0x10C5, 0x10C5, 0x10C5, 0x10C5, 0x10C5, 0x10C5, 0x10C5, 0x10C5, 0x10C5, 0x10C5, 0x10C5, 0x10C5, 0x10C5, 0x10C5, 0x10C5, 0x10C5,
  0x10C5, 0x10C5, 0x10C5, 0x10C5, 0x10C5, 0x10C5, 0x10C5, 0x10C5, 0x10C5, 0x10C5, 0x10C5, 0x10C5, 0x10C5, 0x10C5, 0x10C5, 0x10C5,
  0x10C5, 0x10C5, 0x10C5, 0x10C5, 0x10C5, 0x10C5, 0x10C5, 0x10C5, 0x10C5, 0x10C5, 0x10C5, 0x10C5, 0x10C5, 0x10C5, 0x10C5, 0x10C5,
  0x10C5, 0x10C5, 0x10C5, 0x10C5, 0x10C5, 0x10C5, 0x10C5, 0x18E5, 0x18E5, 0x18E5, 0x18E5, 0x18E5, 0x2126, 0x1904, 0x1904, 0x1904,
  0x1904, 0x1904, 0x1904, 0x2126, 0x18E5, 0x18E5, 0x18E5, 0x18E5, 0x18E5, 0x10C5, 0x10C5, 0x10C5, 0x10C5, 0x10C5, 0x10C5, 0x10C5,
  0x10C5, 0x10C5, 0x10C5, 0x10C5, 0x10C5, 0x10C5, 0x10C5, 0x10C5, 0x10C5, 0x10C5, 0x10C5, 0x10C5, 0x10C5, 0x10C5, 0x10C5, 0x10C5,
  0x10C5, 0x10C5, 0x10C5, 0x10C5, 0x10C5, 0x10C5, 0x10C5, 0x10C5, 0x10C5, 0x10C5, 0x10C5, 0x10C5, 0x10C5, 0x10C5, 0x10C5, 0x10C5,
  0x10C5, 0x10C5, 0x10C5, 0x10C5, 0x10C5, 0x10C5, 0x10C5, 0x10C5, 0x10C5, 0x10C5, 0x10C5, 0x10C5, 0x10C5, 0x10C5, 0x10C5, 0x10C5,
  0x10C5, 0x10C5, 0x10C5, 0x10C5, 0x10C5, 0x10C5, 0x10C5, 0x10C5, 0x10C5, 0x18E5, 0x10A4, 0x10A4, 0x10A4, 0x10A4, 0x10A4, 0x10A4,
  0x18E5, 0x10C5, 0x10C5, 0x10C5, 0x10C5, 0x10C5, 0x10C5, 0x10C5, 0x10C5, 0x10C5, 0x10C5, 0x10C5, 0x10C5, 0x10C5, 0x10C5, 0x10C5,
  0x10C5, 0x10C5, 0x10C5, 0x10C5, 0x10C5, 0x10C5, 0x10C5, 0x10C5, 0x10C5, 0x10C5, 0x10C5, 0x10C5, 0x10C5, 0x10C5, 0x10C5, 0x10C5,
  0x10C5, 0x10C5, 0x10C5, 0x10C5, 0x10C5, 0x10C5, 0x10C5, 0x10C5, 0x10C5, 0x10C5, 0x10C5, 0x10C5, 0x10C5, 0x10C5, 0x10C5, 0x10C5,
  0x10C5, 0x10C5, 0x10C5, 0x10C5, 0x10C5, 0x10C5, 0x10C5, 0x10C5, 0x10C5, 0x10C5, 0x10C5, 0x10C5, 0x10C5, 0x10C5, 0x10C5, 0x10C5,
  0x10C5, 0x10C5, 0x10C5, 0x10C5, 0x10C5, 0x10C5, 0x18E5, 0x10A4, 0x10A4, 0x10A4, 0x10A4, 0x10A4, 0x10A4, 0x10A4, 0x10A4, 0x10A4,
  0x10A4, 0x10A4, 0x10A4, 0x10A4, 0x10A4, 0x10A4, 0x10A4, 0x10A4, 0x10A4, 0x18E5, 0x10C5, 0x10C5, 0x10C5, 0x10C5, 0x10C5, 0x10C5,
  0x10C5, 0x10C5, 0x10C5, 0x10C5, 0x10C5, 0x10C5, 0x10C5, 0x10C5, 0x10C5, 0x10C5, 0x10C5, 0x10C5, 0x10C5, 0x10C5, 0x10C5, 0x10C5,
  0x10C5, 0x10C5, 0x10C5, 0x10C5, 0x10C5, 0x10C5, 0x10C5, 0x10C5, 0x10C5, 0x10C5, 0x10C5, 0x10C5, 0x10C5, 0x10C5, 0x10C5, 0x10C5,
  0x10C5, 0x10C5, 0x10C5, 0x10C5, 0x10C5, 0x10C5, 0x10C5, 0x10C5, 0x10C5, 0x10C5, 0x10C5, 0x10C5, 0x10C5, 0x10C5, 0x10C5, 0x10C5,
  0x10C5, 0x10C5, 0x10C5, 0x10C5, 0x10C5, 0x10C5, 0x10C5, 0x10C5, 0x10C5, 0x10C5, 0x10C5, 0x10C5, 0x10C5, 0x10C5, 0x10C5, 0x18E5,
  0x10A4, 0x10A4, 0x10A4, 0x10A4, 0x10A4, 0x10A4, 0x18E5, 0x10C5, 0x10C5, 0x10C5, 0x10C5, 0x10C5, 0x10C5, 0x10C5, 0x10C5, 0x10C5,
  0x10C5, 0x10C5, 0x10C5, 0x10C5, 0x10C5, 0x10C5, 0x10C5, 0x10C5, 0x10C5, 0x10C5, 0x10C5, 0x10C5, 0x10C5, 0x10C5, 0x10C5, 0x10C5,
  0x10C5, 0x10C5, 0x10C5, 0x10C5, 0x10C5, 0x10C5, 0x10C5, 0x10C5, 0x10C5, 0x10C5, 0x10C5, 0x10C5, 0x10C5, 0x10C5, 0x10C5, 0x10C5,
  0x10C5, 0x10C5, 0x10C5, 0x10C5, 0x10C5, 0x10C5, 0x10C5, 0x10C5, 0x10C5, 0x10C5, 0x10C5, 0x10C5, 0x10C5, 0x10C5, 0x10C5, 0x10C5,
  0x10C5, 0x10C5, 0x10C5, 0x10C5, 0x10C5, 0x10C5, 0x10C5, 0x18E5, 0x18E5, 0x18E5, 0x18E5, 0x18E5, 0x2126, 0x1904, 0x1904, 0x1904,
  0x1904, 0x1904, 0x1904, 0x2126, 0x18E5, 0x18E5, 0x18E5, 0x18E5, 0x18E5, 0x10C5, 0x10C5, 0x10C5, 0x10C5, 0x10C5, 0x10C5, 0x10C5,
  0x10C5, 0x10C5, 0x10C5, 0x10C5, 0x10C5, 0x10C5, 0x10C5, 0x10C5, 0x10C5, 0x10C5, 0x10C5, 0x10C5, 0x10C5, 0x10C5, 0x10C5, 0x10C5,
  0x10C5, 0x10C5, 0x10C5, 0x10C5, 0x10C5, 0x10C5, 0x10C5, 0x10C5, 0x10C5, 0x10C5, 0x10C5, 0x10C5, 0x10C5, 0x10C5, 0x10C5, 0x10C5,
  0x10C5, 0x10C5, 0x10C5, 0x10C5, 0x10C5, 0x10C5, 0x10C5, 0x10C5, 0x10C5, 0x10C5, 0x10C5, 0x10C5, 0x10C5, 0x10C5, 0x10C5, 0x10C5,
  0x10C5, 0x10C5, 0x10C5, 0x10C5, 0x10C5, 0x10C5, 0x10C5, 0x10C5, 0x10C5, 0x1905, 0x10A4, 0x10A4, 0x10A4, 0x10A4, 0x10A4, 0x10A4,
  0x18E5, 0x10C5, 0x10C5, 0x10C5, 0x10C5, 0x10C5, 0x10C5, 0x10C5, 0x10C5, 0x10C5, 0x10C5, 0x10C5, 0x10C5, 0x10C5, 0x10C5, 0x10C5,
  0x10C5, 0x10C5, 0x10C5, 0x10C5, 0x10C5, 0x10C5, 0x10C5, 0x10C5, 0x10C5, 0x10C5, 0x10C5, 0x10C5, 0x10C5, 0x10C5, 0x10C5, 0x10C5,
  0x10C5, 0x10C5, 0x10C5, 0x10C5, 0x10C5, 0x10C5, 0x10C5, 0x10C5, 0x10C5, 0x10C5, 0x10C5, 0x10C5, 0x10C5, 0x10C5, 0x10C5, 0x10C5,
  0x10C5, 0x10C5, 0x10C5, 0x10C5, 0x10C5, 0x10C5, 0x10C5, 0x10C5, 0x10C5, 0x10C5, 0x10C5, 0x10C5, 0x10C5, 0x10C5, 0x10C5, 0x10C5,
  0x10C5, 0x10C5, 0x10C5, 0x10C5, 0x10C5, 0x10C5, 0x18E5, 0x10A4, 0x10A4, 0x10A4, 0x10A4, 0x10A4, 0x10A4, 0x10A4, 0x10A4, 0x10A4,
  0x10A4, 0x10A4, 0x10A4, 0x10A4, 0x10A4, 0x10A4, 0x10A4, 0x10A4, 0x10A4, 0x18E5, 0x10C5, 0x10C5, 0x10C5, 0x10C5, 0x10C5, 0x10C5,
  0x10C5, 0x10C5, 0x10C5, 0x10C5, 0x10C5, 0x10C5, 0x10C5, 0x10C5, 0x10C5, 0x10C5, 0x10C5, 0x10C5, 0x10C5, 0x10C5, 0x10C5, 0x10C5,
  0x10C5, 0x10C5, 0x10C5, 0x10C5, 0x10C5, 0x10C5, 0x10C5, 0x10C5, 0x10C5, 0x10C5, 0x10C5, 0x10C5, 0x10C5, 0x10C5, 0x10C5, 0x10C5,
  0x10C5, 0x10C5, 0x10C5, 0x10C5, 0x10C5, 0x10C5, 0x10C5, 0x10C5, 0x10C5, 0x10C5, 0x10C5, 0x10C5, 0x10C5, 0x10C5, 0x10C5, 0x10C5,
  0x10C5, 0x10C5, 0x10C5, 0x10C5, 0x10C5, 0x10C5, 0x10C5, 0x10C5, 0x10C5, 0x10C5, 0x10C5, 0x10C5, 0x10C5, 0x10C5, 0x10C5, 0x18E5,
  0x10A4, 0x10A4, 0x10A4, 0x10A4, 0x10A4, 0x10A4, 0x1905, 0x10C5, 0x10C5, 0x10C5, 0x10C5, 0x10C5, 0x10C5, 0x10C5, 0x10C5, 0x10C5,
  0x10C5, 0x10C5, 0x10C5, 0x10C5, 0x10C5, 0x10C5, 0x10C5, 0x10C5, 0x10C5, 0x10C5, 0x10C5, 0x10C5, 0x10C5, 0x10C5, 0x10C5, 0x10C5,
  0x10C5, 0x10C5, 0x10C5, 0x10C5, 0x10C5, 0x10C5, 0x10C5, 0x10C5, 0x10C5, 0x10C5, 0x10C5, 0x10C5, 0x10C5, 0x10C5, 0x10C5, 0x10C5,
  0x10C5, 0x10C5, 0x10C5, 0x10C5, 0x10C5, 0x10C5, 0x10C5, 0x10C5, 0x10C5, 0x10C5, 0x10C5, 0x10C5, 0x10C5, 0x10C5, 0x10C5, 0x10C5,
  0x10C5, 0x10C5, 0x10C5, 0x10C5, 0x10C5, 0x10C5, 0x10C5, 0x18E5, 0x18E5, 0x18E5, 0x18E5, 0x18E5, 0x2126, 0x1904, 0x18E4, 0x1904,
  0x1904, 0x18E4, 0x1904, 0x2126, 0x18E5, 0x18E5, 0x18E5, 0x18E5, 0x18E5, 0x10C5, 0x10C5, 0x10C5, 0x10C5, 0x10C5, 0x10C5, 0x10C5,
  0x10C5, 0x10C5, 0x10C5, 0x10C5, 0x10C5, 0x10C5, 0x10C5, 0x10C5, 0x10C5, 0x10C5, 0x10C5, 0x10C5, 0x10C5, 0x10C5, 0x10C5, 0x10C5,
  0x10C5, 0x10C5, 0x10C5, 0x10C5, 0x10C5, 0x10C5, 0x10C5, 0x10C5, 0x10C5, 0x10C5, 0x10C5, 0x10C5, 0x10C5, 0x10C5, 0x10C5, 0x10C5,
  0x10C5, 0x10C5, 0x10C5, 0x10C5, 0x10C5, 0x10C5, 0x10C5, 0x10C5, 0x10C5, 0x10C5, 0x10C5, 0x10C5, 0x10C5, 0x10C5, 0x10C5, 0x10C5,
  0x10C5, 0x10C5, 0x10C5, 0x10C5, 0x10C5, 0x10C5, 0x10C5, 0x10C5, 0x10C5, 0x18E5, 0x10A4, 0x10A4, 0x10A4, 0x10A4, 0x10A4, 0x10A4,
  0x18E5, 0x10C5, 0x10C5, 0x10C5, 0x10C5, 0x10C5, 0x10C5, 0x10C5, 0x10C5, 0x10C5, 0x10C5, 0x10C5, 0x10C5, 0x10C5, 0x10C5, 0x10C5,
  0x10C5, 0x10C5, 0x10C5, 0x10C5, 0x10C5, 0x10C5, 0x10C5, 0x10C5, 0x10C5, 0x10C5, 0x10C5, 0x10C5, 0x10C5, 0x10C5, 0x10C5, 0x10C5,
  0x10C5, 0x10C5, 0x10C5, 0x10C5, 0x10C5, 0x10C5, 0x10C5, 0x10C5, 0x10C5, 0x10C5, 0x10C5, 0x10C5, 0x10C5, 0x10C5, 0x10C5, 0x10C5,
  0x10C5, 0x10C5, 0x10C5, 0x10C5, 0x10C5, 0x10C5, 0x10C5, 0x10C5, 0x10C5, 0x10C5, 0x10C5, 0x10C5, 0x10C5, 0x10C5, 0x10C5, 0x10C5,
  0x10C5, 0x10C5, 0x10C5, 0x10C5, 0x10C5, 0x10C5, 0x18E5, 0x10A4, 0x10A4, 0x10A4, 0x10A4, 0x10A4, 0x10A4, 0x10A4, 0x10A4, 0x10A4,
  0x10A4, 0x10A4, 0x10A4, 0x10A4, 0x10A4, 0x10A4, 0x10A4, 0x10A4, 0x10A4, 0x18E5, 0x10C5, 0x10C5, 0x10C5, 0x10C5, 0x10C5, 0x10C5,
  0x10C5, 0x10C5, 0x10C5, 0x10C5, 0x10C5, 0x10C5, 0x10C5, 0x10C5, 0x10C5, 0x10C5, 0x10C5, 0x10C5, 0x10C5, 0x10C5, 0x10C5, 0x10C5,
  0x10C5, 0x10C5, 0x10C5, 0x10C5, 0x10C5, 0x10C5, 0x10C5, 0x10C5, 0x10C5, 0x10C5, 0x10C5, 0x10C5, 0x10C5, 0x10C5, 0x10C5, 0x10C5,
  0x10C5, 0x10C5, 0x10C5, 0x10C5, 0x10C5, 0x10C5, 0x10C5, 0x10C5, 0x10C5, 0x10C5, 0x10C5, 0x10C5, 0x10C5, 0x10C5, 0x10C5, 0x10C5,
  0x10C5, 0x10C5, 0x10C5, 0x10C5, 0x10C5, 0x10C5, 0x10C5, 0x10C5, 0x10C5, 0x10C5, 0x10C5, 0x10C5, 0x10C5, 0x10C5, 0x10C5, 0x18E5,
  0x10A4, 0x10A4, 0x10A4, 0x10A4, 0x10A4, 0x10A4, 0x18E5, 0x10C5, 0x18C5, 0x10C5, 0x10C5, 0x10C5, 0x10C5, 0x10C5, 0x10C5, 0x10C5,
  0x10C5, 0x10C5, 0x10C5, 0x10C5, 0x10C5, 0x10C5, 0x10C5, 0x10C5, 0x10C5, 0x10C5, 0x10C5, 0x10C5, 0x10C5, 0x10C5, 0x10C5, 0x10C5,
  0x10C5, 0x10C5, 0x10C5, 0x10C5, 0x10C5, 0x10C5, 0x10C5, 0x10C5, 0x10C5, 0x10C5, 0x10C5, 0x10C5, 0x10C5, 0x10C5, 0x10C5, 0x10C5,
  0x10C5, 0x10C5, 0x10C5, 0x10C5, 0x10C5, 0x10C5, 0x10C5, 0x10C5, 0x10C5, 0x10C5, 0x10C5, 0x10C5, 0x10C5, 0x10C5, 0x10C5, 0x10C5,
  0x10C5, 0x10C5, 0x10C5, 0x10C5, 0x10C5, 0x10C5, 0x10C5, 0x18E5, 0x18E5, 0x18E5, 0x18E5, 0x18E5, 0x2125, 0x1904, 0x1904, 0x1904,
  0x1904, 0x18E4, 0x1904, 0x2125, 0x18E5, 0x18E5, 0x18E5, 0x18E5, 0x18E5, 0x10C5, 0x10C5, 0x10C5, 0x10C5, 0x10C5, 0x10C5, 0x10C5,
  0x10C5, 0x10C5, 0x10C5, 0x10C5, 0x10C5, 0x10C5, 0x10C5, 0x10C5, 0x10C5, 0x10C5, 0x10C5, 0x10C5, 0x10C5, 0x10C5, 0x10C5, 0x10C5,
  0x10C5, 0x10C5, 0x10C5, 0x10C5, 0x10C5, 0x10C5, 0x10C5, 0x10C5, 0x10C5, 0x10C5, 0x10C5, 0x10C5, 0x10C5, 0x10C5, 0x10C5, 0x10C5,
  0x10C5, 0x10C5, 0x10C5, 0x10C5, 0x10C5, 0x10C5, 0x10C5, 0x10C5, 0x10C5, 0x10C5, 0x10C5, 0x10C5, 0x10C5, 0x10C5, 0x10C5, 0x10C5,
  0x10C5, 0x10C5, 0x10C5, 0x10C5, 0x10C5, 0x10C5, 0x10C5, 0x10C5, 0x10C5, 0x18E5, 0x10A4, 0x10A4, 0x10A4, 0x10A4, 0x10A4, 0x10A4,
  0x18E5, 0x10C5, 0x10C5, 0x10C5, 0x10C5, 0x10C5, 0x10C5, 0x10C5, 0x10C5, 0x10C5, 0x10C5, 0x10C5, 0x10C5, 0x10C5, 0x10C5, 0x10C5,
  0x10C5, 0x10C5, 0x10C5, 0x10C5, 0x10C5, 0x10C5, 0x10C5, 0x10C5, 0x10C5, 0x10C5, 0x10C5, 0x10C5, 0x10C5, 0x10C5, 0x10C5, 0x10C5,
  0x10C5, 0x10C5, 0x10C5, 0x10C5, 0x10C5, 0x10C5, 0x10C5, 0x10C5, 0x10C5, 0x10C5, 0x10C5, 0x10C5, 0x10C5, 0x10C5, 0x10C5, 0x10C5,
  0x10C5, 0x10C5, 0x10C5, 0x10C5, 0x10C5, 0x10C5, 0x10C5, 0x10C5, 0x10C5, 0x10C5, 0x10C5, 0x10C5, 0x10C5, 0x10C5, 0x10C5, 0x10C5,
  0x10C5, 0x10C5, 0x10C5, 0x10C5, 0x10C5, 0x10C5, 0x18E5, 0x10A4, 0x10A4, 0x10A4, 0x10A4, 0x10A4, 0x10A4, 0x10A4, 0x10A4, 0x10A4,
  0x10A4, 0x10A4, 0x10A4, 0x10A4, 0x10A4, 0x10A4, 0x10A4, 0x10A4, 0x10A4, 0x18E5, 0x10C5, 0x10C5, 0x10C5, 0x10C5, 0x10C5, 0x10C5,
  0x10C5, 0x10C5, 0x10C5, 0x10C5, 0x10C5, 0x10C5, 0x10C5, 0x10C5, 0x10C5, 0x10C5, 0x10C5, 0x10C5, 0x10C5, 0x10C5, 0x10C5, 0x10C5,
  0x10C5, 0x10C5, 0x10C5, 0x10C5, 0x10C5, 0x10C5, 0x10C5, 0x10C5, 0x10C5, 0x10C5, 0x10C5, 0x10C5, 0x10C5, 0x10C5, 0x10C5, 0x10C5,
  0x10C5, 0x10C5, 0x10C5, 0x10C5, 0x10C5, 0x10C5, 0x10C5, 0x10C5, 0x10C5, 0x10C5, 0x10C5, 0x10C5, 0x10C5, 0x10C5, 0x10C5, 0x10C5,
  0x10C5, 0x10C5, 0x10C5, 0x10C5, 0x10C5, 0x10C5, 0x10C5, 0x10C5, 0x10C5, 0x10C5, 0x10C5, 0x10C5, 0x10C5, 0x10C5, 0x10C5, 0x18E5,
  0x10A4, 0x10A4, 0x10A4, 0x10A4, 0x10A4, 0x10A4, 0x18E5, 0x10C5, 0x10C5, 0x10C5, 0x10C5, 0x10C5, 0x10C5, 0x10C5, 0x10C5, 0x10C5,
  0x10C5, 0x10C5, 0x10C5, 0x10C5, 0x10C5, 0x10C5, 0x10C5, 0x10C5, 0x10C5, 0x10C5, 0x10C5, 0x10C5, 0x10C5, 0x10C5, 0x10C5, 0x10C5,
  0x10C5, 0x10C5, 0x10C5, 0x10C5, 0x10C5, 0x10C5, 0x10C5, 0x10C5, 0x10C5, 0x10C5, 0x10C5, 0x10C5, 0x10C5, 0x10C5, 0x10C5, 0x10C5,
  0x10C5, 0x10C5, 0x10C5, 0x10C5, 0x10C5, 0x10C5, 0x10C5, 0x10C5, 0x10C5, 0x10C5, 0x10C5, 0x10C5, 0x10C5, 0x10C5, 0x10C5, 0x10C5,
  0x10C5, 0x10C5, 0x10C5, 0x10C5, 0x10C5, 0x10C5, 0x10C5, 0x18E5, 0x18E5, 0x18E5, 0x18E5, 0x18E5, 0x2125, 0x1904, 0x18E4, 0x18E4,
  0x1904, 0x18E4, 0x1904, 0x2125, 0x18E5, 0x18E5, 0x18E5, 0x18E5, 0x18E5, 0x10C5, 0x10C5, 0x10C5, 0x10C5, 0x10C5, 0x10C5, 0x10C5,
  0x10C5, 0x10C5, 0x10C5, 0x10C5, 0x10C5, 0x10C5, 0x10C5, 0x10C5, 0x10C5, 0x10C5, 0x10C5, 0x10C5, 0x10C5, 0x10C5, 0x10C5, 0x10C5,
  0x10C5, 0x10C5, 0x10C5, 0x10C5, 0x10C5, 0x10C5, 0x10C5, 0x10C5, 0x10C5, 0x10C5, 0x10C5, 0x10C5, 0x10C5, 0x10C5, 0x10C5, 0x10C5,
  0x10C5, 0x10C5, 0x10C5, 0x10C5, 0x10C5, 0x10C5, 0x10C5, 0x10C5, 0x10C5, 0x10C5, 0x10C5, 0x10C5, 0x10C5, 0x10C5, 0x10C5, 0x10C5,
  0x10C5, 0x10C5, 0x10C5, 0x10C5, 0x10C5, 0x10C5, 0x10C5, 0x10C5, 0x10C5, 0x18E5, 0x10A4, 0x10A4, 0x10A4, 0x10A4, 0x10A4, 0x10A4,
  0x18E5, 0x10C5, 0x10C5, 0x10C5, 0x10C5, 0x10C5, 0x10C5, 0x10C5, 0x10C5, 0x10C5, 0x10C5, 0x10C5, 0x10C5, 0x10C5, 0x10C5, 0x10C5,
  0x10C5, 0x10C5, 0x10C5, 0x10C5, 0x10C5, 0x10C5, 0x10C5, 0x10C5, 0x10C5, 0x10C5, 0x10C5, 0x10C5, 0x10C5, 0x10C5, 0x10C5, 0x10C5,
  0x10C5, 0x10C5, 0x10C5, 0x10C5, 0x10C5, 0x10C5, 0x10C5, 0x10C5, 0x10C5, 0x10C5, 0x10C5, 0x10C5, 0x10C5, 0x10C5, 0x10C5, 0x10C5,
  0x10C5, 0x10C5, 0x10C5, 0x10C5, 0x10C5, 0x10C5, 0x10C5, 0x10C5, 0x10C5, 0x10C5, 0x10C5, 0x10C5, 0x10C5, 0x10C5, 0x10C5, 0x10C5,
  0x10C5, 0x10C5, 0x10C5, 0x10C5, 0x10C5, 0x10C5, 0x18E5, 0x10A4, 0x10A4, 0x10A4, 0x10A4, 0x10A4, 0x10A4, 0x10A4, 0x10A4, 0x10A4,
  0x10A4, 0x10A4, 0x10A4, 0x10A4, 0x10A4, 0x10A4, 0x10A4, 0x10A4, 0x10A4, 0x18E5, 0x10C5, 0x10C5, 0x10C5, 0x10C5, 0x10C5, 0x10C5,
  0x10C5, 0x10C5, 0x10C5, 0x10C5, 0x10C5, 0x10C5, 0x10C5, 0x10C5, 0x10C5, 0x10C5, 0x10C5, 0x10C5, 0x10C5, 0x10C5, 0x10C5, 0x10C5,
  0x10C5, 0x10C5, 0x10C5, 0x10C5, 0x10C5, 0x10C5, 0x10C5, 0x10C5, 0x10C5, 0x10C5, 0x10C5, 0x10C5, 0x10C5, 0x10C5, 0x10C5, 0x10C5,
  0x10C5, 0x10C5, 0x10C5, 0x10C5, 0x10C5, 0x10C5, 0x10C5, 0x10C5, 0x10C5, 0x10C5, 0x10C5, 0x10C5, 0x10C5, 0x10C5, 0x10C5, 0x10C5,
  0x10C5, 0x10C5, 0x10C5, 0x10C5, 0x10C5, 0x10C5, 0x10C5, 0x10C5, 0x10C5, 0x10C5, 0x10C5, 0x10C5, 0x10C5, 0x10C5, 0x10C5, 0x18E5,
  0x10A4, 0x10A4, 0x10A4, 0x10A4, 0x10A4, 0x10A4, 0x18E5, 0x10C5, 0x10C5, 0x10C5, 0x10C5, 0x10C5, 0x10C5, 0x10C5, 0x10C5, 0x10C5,
  0x10C5, 0x10C5, 0x10C5, 0x10C5, 0x10C5, 0x10C5, 0x10C5, 0x10C5, 0x10C5, 0x10C5, 0x10C5, 0x10C5, 0x10C5, 0x10C5, 0x10C5, 0x10C5,
  0x10C5, 0x10C5, 0x10C5, 0x10C5, 0x10C5, 0x10C5, 0x10C5, 0x10C5, 0x10C5, 0x10C5, 0x10C5, 0x10C5, 0x10C5, 0x10C5, 0x10C5, 0x10C5,
  0x10C5, 0x10C5, 0x10C5, 0x10C5, 0x10C5, 0x10C5, 0x10C5, 0x10C5, 0x10C5, 0x10C5, 0x10C5, 0x10C5, 0x10C5, 0x10C5, 0x10C5, 0x10C5,
  0x10C5, 0x10C5, 0x10C5, 0x10C5, 0x10C5, 0x10C5, 0x18C5, 0x18E5, 0x18E5, 0x18E5, 0x18E5, 0x18E5, 0x2125, 0x1904, 0x1904, 0x1904,
  0x1904, 0x1904, 0x1904, 0x2125, 0x18E5, 0x18E5, 0x18E5, 0x18E5, 0x18E5, 0x18C5, 0x10C5, 0x10C5, 0x10C5, 0x10C5, 0x10C5, 0x10C5,
  0x10C5, 0x10C5, 0x10C5, 0x10C5, 0x10C5, 0x10C5, 0x10C5, 0x10C5, 0x10C5, 0x10C5, 0x10C5, 0x10C5, 0x10C5, 0x10C5, 0x10C5, 0x10C5,
  0x10C5, 0x10C5, 0x10C5, 0x10C5, 0x10C5, 0x10C5, 0x10C5, 0x10C5, 0x10C5, 0x10C5, 0x10C5, 0x10C5, 0x10C5, 0x10C5, 0x10C5, 0x10C5,
  0x10C5, 0x10C5, 0x10C5, 0x10C5, 0x10C5, 0x10C5, 0x10C5, 0x10C5, 0x10C5, 0x10C5, 0x10C5, 0x10C5, 0x10C5, 0x10C5, 0x10C5, 0x10C5,
  0x10C5, 0x10C5, 0x10C5, 0x10C5, 0x10C5, 0x10C5, 0x10C5, 0x10C5, 0x10C5, 0x18E5, 0x10A4, 0x10A4, 0x10A4, 0x10A4, 0x10A4, 0x10A4,
  0x18E5, 0x10C5, 0x10C5, 0x10C5, 0x10C5, 0x10C5, 0x10C5, 0x10C5, 0x10C5, 0x10C5, 0x10C5, 0x10C5, 0x10C5, 0x10C5, 0x10C5, 0x10C5,
  0x10C5, 0x10C5, 0x10C5, 0x10C5, 0x10C5, 0x10C5, 0x10C5, 0x10C5, 0x10C5, 0x10C5, 0x10C5, 0x10C5, 0x10C5, 0x10C5, 0x10C5, 0x10C5,
  0x10C5, 0x10C5, 0x10C5, 0x10C5, 0x10C5, 0x10C5, 0x10C5, 0x10C5, 0x10C5, 0x10C5, 0x10C5, 0x10C5, 0x10C5, 0x10C5, 0x10C5, 0x10C5,
  0x10C5, 0x10C5, 0x10C5, 0x10C5, 0x10C5, 0x10C5, 0x10C5, 0x10C5, 0x10C5, 0x10C5, 0x10C5, 0x10C5, 0x10C5, 0x10C5, 0x10C5, 0x10C5,
  0x10C5, 0x10C5, 0x10C5, 0x10C5, 0x10C5, 0x10C5, 0x18E5, 0x10A4, 0x10A4, 0x10A4, 0x10A4, 0x10A4, 0x10A4, 0x10A4, 0x10A4, 0x10A4,
  0x10A4, 0x10A4, 0x10A4, 0x10A4, 0x10A4, 0x10A4, 0x10A4, 0x10A4, 0x10A4, 0x18E5, 0x10C5, 0x10C5, 0x10C5, 0x10C5, 0x10C5, 0x10C5,
  0x10C5, 0x10C5, 0x10C5, 0x10C5, 0x10C5, 0x10C5, 0x10C5, 0x10C5, 0x10C5, 0x10C5, 0x10C5, 0x10C5, 0x10C5, 0x10C5, 0x10C5, 0x10C5,
  0x10C5, 0x10C5, 0x10C5, 0x10C5, 0x10C5, 0x10C5, 0x10C5, 0x10C5, 0x10C5, 0x10C5, 0x10C5, 0x10C5, 0x10C5, 0x10C5, 0x10C5, 0x10C5,
  0x10C5, 0x10C5, 0x10C5, 0x10C5, 0x10C5, 0x10C5, 0x10C5, 0x10C5, 0x10C5, 0x10C5, 0x10C5, 0x10C5, 0x10C5, 0x10C5, 0x10C5, 0x10C5,
  0x10C5, 0x10C5, 0x10C5, 0x10C5, 0x10C5, 0x10C5, 0x10C5, 0x10C5, 0x10C5, 0x10C5, 0x10C5, 0x10C5, 0x10C5, 0x10C5, 0x10C5, 0x18E5,
  0x10A4, 0x10A4, 0x10A4, 0x10A4, 0x10A4, 0x10A4, 0x18E5, 0x10C5, 0x10C5, 0x10C5, 0x10C5, 0x10C5, 0x10C5, 0x10C5, 0x10C5, 0x10C5,
  0x10C5, 0x10C5, 0x10C5, 0x10C5, 0x10C5, 0x10C5, 0x10C5, 0x10C5, 0x10C5, 0x10C5, 0x10C5, 0x10C5, 0x10C5, 0x10C5, 0x10C5, 0x10C5,
  0x10C5, 0x10C5, 0x10C5, 0x10C5, 0x10C5, 0x10C5, 0x10C5, 0x10C5, 0x10C5, 0x10C5, 0x10C5, 0x10C5, 0x10C5, 0x10C5, 0x10C5, 0x10C5,
  0x10C5, 0x10C5, 0x10C5, 0x10C5, 0x10C5, 0x10C5, 0x10C5, 0x10C5, 0x10C5, 0x10C5, 0x10C5, 0x10C5, 0x10C5, 0x10C5, 0x10C5, 0x10C5,
  0x10C5, 0x10C5, 0x10C5, 0x10C5, 0x10C5, 0x10C5, 0x18C5, 0x18E5, 0x18E5, 0x18E5, 0x18E5, 0x18E5, 0x2125, 0x1904, 0x18E4, 0x1904,
  0x1904, 0x1904, 0x1904, 0x2125, 0x18E5, 0x18E5, 0x18E5, 0x18E5, 0x18E5, 0x18C5, 0x10C5, 0x10C5, 0x10C5, 0x10C5, 0x10C5, 0x10C5,
  0x10C5, 0x10C5, 0x10C5, 0x10C5, 0x10C5, 0x10C5, 0x10C5, 0x10C5, 0x10C5, 0x10C5, 0x10C5, 0x10C5, 0x10C5, 0x10C5, 0x10C5, 0x10C5,
  0x10C5, 0x10C5, 0x10C5, 0x10C5, 0x10C5, 0x10C5, 0x10C5, 0x10C5, 0x10C5, 0x10C5, 0x10C5, 0x10C5, 0x10C5, 0x10C5, 0x10C5, 0x10C5,
  0x10C5, 0x10C5, 0x10C5, 0x10C5, 0x10C5, 0x10C5, 0x10C5, 0x10C5, 0x10C5, 0x10C5, 0x10C5, 0x10C5, 0x10C5, 0x10C5, 0x10C5, 0x10C5,
  0x10C5, 0x10C5, 0x10C5, 0x10C5, 0x10C5, 0x10C5, 0x10C5, 0x10C5, 0x10C5, 0x18E5, 0x10A4, 0x10A4, 0x10A4, 0x10A4, 0x10A4, 0x10A4,
  0x18E5, 0x10C5, 0x10C5, 0x10C5, 0x10C5, 0x10C5, 0x10C5, 0x10C5, 0x10C5, 0x10C5, 0x10C5, 0x10C5, 0x10C5, 0x10C5, 0x10C5, 0x10C5,
  0x10C5, 0x10C5, 0x10C5, 0x10C5, 0x10C5, 0x10C5, 0x10C5, 0x10C5, 0x10C5, 0x10C5, 0x10C5, 0x10C5, 0x10C5, 0x10C5, 0x10C5, 0x10C5,
  0x10C5, 0x10C5, 0x10C5, 0x10C5, 0x10C5, 0x10C5, 0x10C5, 0x10C5, 0x10C5, 0x10C5, 0x10C5, 0x10C5, 0x10C5, 0x10C5, 0x10C5, 0x10C5,
  0x10C5, 0x10C5, 0x10C5, 0x10C5, 0x10C5, 0x10C5, 0x10C5, 0x10C5, 0x10C5, 0x10C5, 0x10C5, 0x10C5, 0x10C5, 0x10C5, 0x10C5, 0x10C5,
  0x10C5, 0x10C5, 0x10C5, 0x10C5, 0x10C5, 0x10C5, 0x18E5, 0x10A4, 0x10A4, 0x10A4, 0x10A4, 0x10A4, 0x10A4, 0x10A4, 0x10A4, 0x10A4,
  0x10A4, 0x10A4, 0x10A4, 0x10A4, 0x10A4, 0x10A4, 0x10A4, 0x10A4, 0x10A4, 0x18E5, 0x10C5, 0x10C5, 0x10C5, 0x10C5, 0x10C5, 0x10C5,
  0x10C5, 0x10C5, 0x10C5, 0x10C5, 0x10C5, 0x10C5, 0x10C5, 0x10C5, 0x10C5, 0x10C5, 0x10C5, 0x10C5, 0x10C5, 0x10C5, 0x10C5, 0x10C5,
  0x10C5, 0x10C5, 0x10C5, 0x10C5, 0x10C5, 0x10C5, 0x10C5, 0x10C5, 0x10C5, 0x10C5, 0x10C5, 0x10C5, 0x10C5, 0x10C5, 0x10C5, 0x10C5,
  0x10C5, 0x10C5, 0x10C5, 0x10C5, 0x10C5, 0x10C5, 0x10C5, 0x10C5, 0x10C5, 0x10C5, 0x10C5, 0x10C5, 0x10C5, 0x10C5, 0x10C5, 0x10C5,
  0x10C5, 0x10C5, 0x10C5, 0x10C5, 0x10C5, 0x10C5, 0x10C5, 0x10C5, 0x10C5, 0x10C5, 0x10C5, 0x10C5, 0x10C5, 0x10C5, 0x10C5, 0x18E5,
  0x10A4, 0x10A4, 0x10A4, 0x10A4, 0x10A4, 0x10A4, 0x18E5, 0x10C5, 0x10C5, 0x10C5, 0x10C5, 0x10C5, 0x10C5, 0x10C5, 0x10C5, 0x10C5,
  0x10C5, 0x10C5, 0x10C5, 0x10C5, 0x10C5, 0x10C5, 0x10C5, 0x10C5, 0x10C5, 0x10C5, 0x10C5, 0x10C5, 0x10C5, 0x10C5, 0x10C5, 0x10C5,
  0x10C5, 0x10C5, 0x10C5, 0x10C5, 0x10C5, 0x10C5, 0x10C5, 0x10C5, 0x10C5, 0x10C5, 0x10C5, 0x10C5, 0x10C5, 0x10C5, 0x10C5, 0x10C5,
  0x10C5, 0x10C5, 0x10C5, 0x10C5, 0x10C5, 0x10C5, 0x10C5, 0x10C5, 0x10C5, 0x10C5, 0x10C5, 0x10C5, 0x10C5, 0x10C5, 0x10C5, 0x10C5,
  0x10C5, 0x10C5, 0x10C5, 0x10C5, 0x10C5, 0x10C5, 0x18C5, 0x18E5, 0x18E5, 0x18E5, 0x18E5, 0x18E5, 0x2105, 0x1904, 0x1904, 0x1904,
  0x1904, 0x1904, 0x1904, 0x2125, 0x18E5, 0x18E5, 0x18E5, 0x18E5, 0x18E5, 0x18C5, 0x10C5, 0x10C5, 0x10C5, 0x10C5, 0x10C5, 0x10C5,
  0x10C5, 0x10C5, 0x10C5, 0x10C5, 0x10C5, 0x10C5, 0x10C5, 0x10C5, 0x10C5, 0x10C5, 0x10C5, 0x10C5, 0x10C5, 0x10C5, 0x10C5, 0x10C5,
  0x10C5, 0x10C5, 0x10C5, 0x10C5, 0x10C5, 0x10C5, 0x10C5, 0x10C5, 0x10C5, 0x10C5, 0x10C5, 0x10C5, 0x10C5, 0x10C5, 0x10C5, 0x10C5,
  0x10C5, 0x10C5, 0x10C5, 0x10C5, 0x10C5, 0x10C5, 0x10C5, 0x10C5, 0x10C5, 0x10C5, 0x10C5, 0x10C5, 0x10C5, 0x10C5, 0x10C5, 0x10C5,
  0x10C5, 0x10C5, 0x10C5, 0x10C5, 0x10C5, 0x10C5, 0x10C5, 0x10C5, 0x10C5, 0x18E5, 0x10A4, 0x10A4, 0x10A4, 0x10A4, 0x10A4, 0x10A4,
  0x18E5, 0x10C5, 0x10C5, 0x10C5, 0x10C5, 0x10C5, 0x10C5, 0x10C5, 0x10C5, 0x10C5, 0x10C5, 0x10C5, 0x10C5, 0x10C5, 0x10C5, 0x10C5,
  0x10C5, 0x10C5, 0x10C5, 0x10C5, 0x10C5, 0x10C5, 0x10C5, 0x10C5, 0x10C5, 0x10C5, 0x10C5, 0x10C5, 0x10C5, 0x10C5, 0x10C5, 0x10C5,
  0x10C5, 0x10C5, 0x10C5, 0x10C5, 0x10C5, 0x10C5, 0x10C5, 0x10C5, 0x10C5, 0x10C5, 0x10C5, 0x10C5, 0x10C5, 0x10C5, 0x10C5, 0x10C5,
  0x10C5, 0x10C5, 0x10C5, 0x10C5, 0x10C5, 0x10C5, 0x10C5, 0x10C5, 0x10C5, 0x10C5, 0x10C5, 0x10C5, 0x10C5, 0x10C5, 0x10C5, 0x10C5,
  0x10C5, 0x10C5, 0x10C5, 0x10C5, 0x10C5, 0x10C5, 0x18E5, 0x10A4, 0x10A4, 0x10A4, 0x10A4, 0x10A4, 0x10A4, 0x10A4, 0x10A4, 0x10A4,
  0x10A4, 0x10A4, 0x10A4, 0x10A4, 0x10A4, 0x10A4, 0x10A4, 0x10A4, 0x10A4, 0x18E5, 0x10C5, 0x10C5, 0x10C5, 0x10C5, 0x10C5, 0x10C5,
  0x10C5, 0x10C5, 0x10C5, 0x10C5, 0x10C5, 0x10C5, 0x10C5, 0x10C5, 0x10C5, 0x10C5, 0x10C5, 0x10C5, 0x10C5, 0x10C5, 0x10C5, 0x10C5,
  0x10C5, 0x10C5, 0x10C5, 0x10C5, 0x10C5, 0x10C5, 0x10C5, 0x10C5, 0x10C5, 0x10C5, 0x10C5, 0x10C5, 0x10C5, 0x10C5, 0x10C5, 0x10C5,
  0x10C5, 0x10C5, 0x10C5, 0x10C5, 0x10C5, 0x10C5, 0x10C5, 0x10C5, 0x10C5, 0x10C5, 0x10C5, 0x10C5, 0x10C5, 0x10C5, 0x10C5, 0x10C5,
  0x10C5, 0x10C5, 0x10C5, 0x10C5, 0x10C5, 0x10C5, 0x10C5, 0x10C5, 0x10C5, 0x10C5, 0x10C5, 0x10C5, 0x10C5, 0x10C5, 0x10C5, 0x18E5,
  0x10A4, 0x10A4, 0x10A4, 0x10A4, 0x10A4, 0x10A4, 0x18E5, 0x10C5, 0x10C5, 0x10C5, 0x10C5, 0x10C5, 0x10C5, 0x10C5, 0x10C5, 0x10C5,
  0x10C5, 0x10C5, 0x10C5, 0x10C5, 0x10C5, 0x10C5, 0x10C5, 0x10C5, 0x10C5, 0x10C5, 0x10C5, 0x10C5, 0x10C5, 0x10C5, 0x10C5, 0x10C5,
  0x10C5, 0x10C5, 0x10C5, 0x10C5, 0x10C5, 0x10C5, 0x10C5, 0x10C5, 0x10C5, 0x10C5, 0x10C5, 0x10C5, 0x10C5, 0x10C5, 0x10C5, 0x10C5,
  0x10C5, 0x10C5, 0x10C5, 0x10C5, 0x10C5, 0x10C5, 0x10C5, 0x10C5, 0x10C5, 0x10C5, 0x10C5, 0x10C5, 0x10C5, 0x10C5, 0x10C5, 0x10C5,
  0x10C5, 0x10C5, 0x10C5, 0x10C5, 0x10C5, 0x10C5, 0x18C5, 0x18E5, 0x18E5, 0x18E5, 0x18E5, 0x18E5, 0x2125, 0x1904, 0x1904, 0x1904,
  0x1904, 0x1904, 0x1904, 0x2105, 0x18E5, 0x18E5, 0x18E5, 0x18E5, 0x18E5, 0x18C5, 0x10C5, 0x10C5, 0x10C5, 0x10C5, 0x10C5, 0x10C5,
  0x10C5, 0x10C5, 0x10C5, 0x10C5, 0x10C5, 0x10C5, 0x10C5, 0x10C5, 0x10C5, 0x10C5, 0x10C5, 0x10C5, 0x10C5, 0x10C5, 0x10C5, 0x10C5,
  0x10C5, 0x10C5, 0x10C5, 0x10C5, 0x10C5, 0x10C5, 0x10C5, 0x10C5, 0x10C5, 0x10C5, 0x10C5, 0x10C5, 0x10C5, 0x10C5, 0x10C5, 0x10C5,
  0x10C5, 0x10C5, 0x10C5, 0x10C5, 0x10C5, 0x10C5, 0x10C5, 0x10C5, 0x10C5, 0x10C5, 0x10C5, 0x10C5, 0x10C5, 0x10C5, 0x10C5, 0x10C5,
  0x10C5, 0x10C5, 0x10C5, 0x10C5, 0x10C5, 0x10C5, 0x10C5, 0x10C5, 0x10C5, 0x18E5, 0x10A4, 0x10A4, 0x10A4, 0x10A4, 0x10A4, 0x10A4,
  0x18E5, 0x10C5, 0x10C5, 0x10C5, 0x10C5, 0x10C5, 0x10C5, 0x10C5, 0x10C5, 0x10C5, 0x10C5, 0x10C5, 0x10C5, 0x10C5, 0x10C5, 0x10C5,
  0x10C5, 0x10C5, 0x10C5, 0x10C5, 0x10C5, 0x10C5, 0x10C5, 0x10C5, 0x10C5, 0x10C5, 0x10C5, 0x10C5, 0x10C5, 0x10C5, 0x10C5, 0x10C5,
  0x10C5, 0x10C5, 0x10C5, 0x10C5, 0x10C5, 0x10C5, 0x10C5, 0x10C5, 0x10C5, 0x10C5, 0x10C5, 0x10C5, 0x10C5, 0x10C5, 0x10C5, 0x10C5,
  0x10C5, 0x10C5, 0x10C5, 0x10C5, 0x10C5, 0x10C5, 0x10C5, 0x10C5, 0x10C5, 0x10C5, 0x10C5, 0x10C5, 0x10C5, 0x10C5, 0x10C5, 0x10C5,
  0x10C5, 0x10C5, 0x10C5, 0x10C5, 0x10C5, 0x10C5, 0x18E5, 0x10A4, 0x10A4, 0x10A4, 0x10A4, 0x10A4, 0x10A4, 0x10A4, 0x10A4, 0x10A4,
  0x10A4, 0x10A4, 0x10A4, 0x10A4, 0x10A4, 0x10A4, 0x10A4, 0x10A4, 0x10A4, 0x18E5, 0x10C5, 0x10C5, 0x10C5, 0x10C5, 0x10C5, 0x10C5,
  0x10C5, 0x10C5, 0x10C5, 0x10C5, 0x10C5, 0x10C5, 0x10C5, 0x10C5, 0x10C5, 0x10C5, 0x10C5, 0x10C5, 0x10C5, 0x10C5, 0x10C5, 0x10C5,
  0x10C5, 0x10C5, 0x10C5, 0x10C5, 0x10C5, 0x10C5, 0x10C5, 0x10C5, 0x10C5, 0x10C5, 0x10C5, 0x10C5, 0x10C5, 0x10C5, 0x10C5, 0x10C5,
  0x10C5, 0x10C5, 0x10C5, 0x10C5, 0x10C5, 0x10C5, 0x10C5, 0x10C5, 0x10C5, 0x10C5, 0x10C5, 0x10C5, 0x10C5, 0x10C5, 0x10C5, 0x10C5,
  0x10C5, 0x10C5, 0x10C5, 0x10C5, 0x10C5, 0x10C5, 0x10C5, 0x10C5, 0x10C5, 0x10C5, 0x10C5, 0x10C5, 0x10C5, 0x10C5, 0x10C5, 0x18E5,
  0x10A4, 0x10A4, 0x10A4, 0x10A4, 0x10A4, 0x10A4, 0x18E5, 0x10C5, 0x10C5, 0x10C5, 0x10C5, 0x10C5, 0x10C5, 0x10C5, 0x10C5, 0x10C5,
  0x10C5, 0x10C5, 0x10C5, 0x10C5, 0x10C5, 0x10C5, 0x10C5, 0x10C5, 0x10C5, 0x10C5, 0x10C5, 0x10C5, 0x10C5, 0x10C5, 0x10C5, 0x10C5,
  0x10C5, 0x10C5, 0x10C5, 0x10C5, 0x10C5, 0x10C5, 0x10C5, 0x10C5, 0x10C5, 0x10C5, 0x10C5, 0x10C5, 0x10C5, 0x10C5, 0x10C5, 0x10C5,
  0x10C5, 0x10C5, 0x10C5, 0x10C5, 0x10C5, 0x10C5, 0x10C5, 0x10C5, 0x10C5, 0x10C5, 0x10C5, 0x10C5, 0x10C5, 0x10C5, 0x10C5, 0x10C5,
  0x10C5, 0x10C5, 0x10C5, 0x10C5, 0x10C5, 0x10C5, 0x18C5, 0x18E5, 0x18E5, 0x18E5, 0x18E5, 0x18E5, 0x2125, 0x1904, 0x1904, 0x1904,
  0x1904, 0x1904, 0x1904, 0x2105, 0x18E5, 0x18E5, 0x18E5, 0x18E5, 0x18E5, 0x18C5, 0x10C5, 0x10C5, 0x10C5, 0x10C5, 0x10C5, 0x10C5,
  0x10C5, 0x10C5, 0x10C5, 0x10C5, 0x10C5, 0x10C5, 0x10C5, 0x10C5, 0x10C5, 0x10C5, 0x10C5, 0x10C5, 0x10C5, 0x10C5, 0x10C5, 0x10C5,
  0x10C5, 0x10C5, 0x10C5, 0x10C5, 0x10C5, 0x10C5, 0x10C5, 0x10C5, 0x10C5, 0x10C5, 0x10C5, 0x10C5, 0x10C5, 0x10C5, 0x10C5, 0x10C5,
  0x10C5, 0x10C5, 0x10C5, 0x10C5, 0x10C5, 0x10C5, 0x10C5, 0x10C5, 0x10C5, 0x10C5, 0x10C5, 0x10C5, 0x10C5, 0x10C5, 0x10C5, 0x10C5,
  0x10C5, 0x10C5, 0x10C5, 0x10C5, 0x10C5, 0x10C5, 0x10C5, 0x18C5, 0x10C5, 0x18E5, 0x10A4, 0x10A4, 0x10A4, 0x10A4, 0x10A4, 0x10A4,
  0x18E5, 0x10C5, 0x10C5, 0x10C5, 0x10C5, 0x10C5, 0x10C5, 0x10C5, 0x10C5, 0x10C5, 0x10C5, 0x10C5, 0x10C5, 0x10C5, 0x10C5, 0x10C5,
  0x10C5, 0x10C5, 0x10C5, 0x10C5, 0x10C5, 0x10C5, 0x10C5, 0x10C5, 0x10C5, 0x10C5, 0x10C5, 0x10C5, 0x10C5, 0x10C5, 0x10C5, 0x10C5,
  0x10C5, 0x10C5, 0x10C5, 0x10C5, 0x10C5, 0x10C5, 0x10C5, 0x10C5, 0x10C5, 0x10C5, 0x10C5, 0x10C5, 0x10C5, 0x10C5, 0x10C5, 0x10C5,
  0x10C5, 0x10C5, 0x10C5, 0x10C5, 0x10C5, 0x10C5, 0x10C5, 0x10C5, 0x10C5, 0x10C5, 0x10C5, 0x10C5, 0x10C5, 0x10C5, 0x10C5, 0x10C5,
  0x10C5, 0x10C5, 0x10C5, 0x10C5, 0x10C5, 0x10C5, 0x18E5, 0x10A4, 0x10A4, 0x10A4, 0x10A4, 0x10A4, 0x10A4, 0x10A4, 0x10A4, 0x10A4,
  0x10A4, 0x10A4, 0x10A4, 0x10A4, 0x10A4, 0x10A4, 0x10A4, 0x10A4, 0x10A4, 0x18E5, 0x10C5, 0x10C5, 0x10C5, 0x10C5, 0x10C5, 0x10C5,
  0x10C5, 0x10C5, 0x10C5, 0x10C5, 0x10C5, 0x10C5, 0x10C5, 0x10C5, 0x10C5, 0x10C5, 0x10C5, 0x10C5, 0x10C5, 0x10C5, 0x10C5, 0x10C5,
  0x10C5, 0x10C5, 0x10C5, 0x10C5, 0x10C5, 0x10C5, 0x10C5, 0x10C5, 0x10C5, 0x10C5, 0x10C5, 0x10C5, 0x10C5, 0x10C5, 0x10C5, 0x10C5,
  0x10C5, 0x10C5, 0x10C5, 0x10C5, 0x10C5, 0x10C5, 0x10C5, 0x10C5, 0x10C5, 0x10C5, 0x10C5, 0x10C5, 0x10C5, 0x10C5, 0x10C5, 0x10C5,
  0x10C5, 0x10C5, 0x10C5, 0x10C5, 0x10C5, 0x10C5, 0x10C5, 0x10C5, 0x10C5, 0x10C5, 0x10C5, 0x10C5, 0x10C5, 0x10C5, 0x10C5, 0x18E5,
  0x10A4, 0x10A4, 0x10A4, 0x10A4, 0x10A4, 0x10A4, 0x18E5, 0x10C5, 0x10C5, 0x10C5, 0x10C5, 0x10C5, 0x10C5, 0x10C5, 0x10C5, 0x10C5,
  0x10C5, 0x10C5, 0x10C5, 0x10C5, 0x10C5, 0x10C5, 0x10C5, 0x10C5, 0x10C5, 0x10C5, 0x10C5, 0x10C5, 0x10C5, 0x10C5, 0x10C5, 0x10C5,
  0x10C5, 0x10C5, 0x10C5, 0x10C5, 0x10C5, 0x10C5, 0x10C5, 0x10C5, 0x10C5, 0x10C5, 0x10C5, 0x10C5, 0x10C5, 0x10C5, 0x10C5, 0x10C5,
  0x10C5, 0x10C5, 0x10C5, 0x10C5, 0x10C5, 0x10C5, 0x10C5, 0x10C5, 0x10C5, 0x10C5, 0x10C5, 0x10C5, 0x10C5, 0x10C5, 0x10C5, 0x10C5,
  0x10C5, 0x10C5, 0x10C5, 0x10C5, 0x10C5, 0x10C5, 0x18C5, 0x18E5, 0x18E5, 0x18E5, 0x18E5, 0x18E5, 0x2125, 0x1904, 0x1904, 0x1904,
  0x1904, 0x18E4, 0x1904, 0x2125, 0x18E5, 0x18E5, 0x18E5, 0x18E5, 0x18E5, 0x18C5, 0x10C5, 0x10C5, 0x10C5, 0x10C5, 0x10C5, 0x10C5,
  0x10C5, 0x10C5, 0x10C5, 0x10C5, 0x10C5, 0x10C5, 0x10C5, 0x10C5, 0x10C5, 0x10C5, 0x10C5, 0x10C5, 0x10C5, 0x10C5, 0x10C5, 0x10C5,
  0x10C5, 0x10C5, 0x10C5, 0x10C5, 0x10C5, 0x10C5, 0x10C5, 0x10C5, 0x10C5, 0x10C5, 0x10C5, 0x10C5, 0x10C5, 0x10C5, 0x10C5, 0x10C5,
  0x10C5, 0x10C5, 0x10C5, 0x10C5, 0x10C5, 0x10C5, 0x10C5, 0x10C5, 0x10C5, 0x10C5, 0x10C5, 0x10C5, 0x10C5, 0x10C5, 0x10C5, 0x10C5,
  0x10C5, 0x10C5, 0x10C5, 0x10C5, 0x10C5, 0x10C5, 0x10C5, 0x10C5, 0x10C5, 0x18E5, 0x10A4, 0x10A4, 0x10A4, 0x10A4, 0x10A4, 0x10A4,
  0x18E5, 0x10C5, 0x10C5, 0x10C5, 0x10C5, 0x10C5, 0x10C5, 0x10C5, 0x10C5, 0x10C5, 0x10C5, 0x10C5, 0x10C5, 0x10C5, 0x10C5, 0x10C5,
  0x10C5, 0x10C5, 0x10C5, 0x10C5, 0x10C5, 0x10C5, 0x10C5, 0x10C5, 0x10C5, 0x10C5, 0x10C5, 0x10C5, 0x10C5, 0x10C5, 0x10C5, 0x10C5,
  0x10C5, 0x10C5, 0x10C5, 0x10C5, 0x10C5, 0x10C5, 0x10C5, 0x10C5, 0x10C5, 0x10C5, 0x10C5, 0x10C5, 0x10C5, 0x10C5, 0x10C5, 0x10C5,
  0x10C5, 0x10C5, 0x10C5, 0x10C5, 0x10C5, 0x10C5, 0x10C5, 0x10C5, 0x10C5, 0x10C5, 0x10C5, 0x10C5, 0x10C5, 0x10C5, 0x10C5, 0x10C5,
  0x10C5, 0x10C5, 0x10C5, 0x10C5, 0x10C5, 0x10C5, 0x18E5, 0x10A4, 0x10A4, 0x10A4, 0x10A4, 0x10A4, 0x10A4, 0x10A4, 0x10A4, 0x10A4,
  0x10A4, 0x10A4, 0x10A4, 0x10A4, 0x10A4, 0x10A4, 0x10A4, 0x10A4, 0x10A4, 0x18E5, 0x10C5, 0x10C5, 0x10C5, 0x10C5, 0x10C5, 0x10C5,
  0x10C5, 0x10C5, 0x10C5, 0x10C5, 0x10C5, 0x10C5, 0x10C5, 0x10C5, 0x10C5, 0x10C5, 0x10C5, 0x10C5, 0x10C5, 0x10C5, 0x10C5, 0x10C5,
  0x10C5, 0x10C5, 0x10C5, 0x10C5, 0x10C5, 0x10C5, 0x10C5, 0x10C5, 0x10C5, 0x10C5, 0x10C5, 0x10C5, 0x10C5, 0x10C5, 0x10C5, 0x10C5,
  0x10C5, 0x10C5, 0x10C5, 0x10C5, 0x10C5, 0x10C5, 0x10C5, 0x10C5, 0x10C5, 0x10C5, 0x10C5, 0x10C5, 0x10C5, 0x10C5, 0x10C5, 0x10C5,
  0x10C5, 0x10C5, 0x10C5, 0x10C5, 0x10C5, 0x10C5, 0x10C5, 0x10C5, 0x10C5, 0x10C5, 0x10C5, 0x10C5, 0x10C5, 0x10C5, 0x10C5, 0x18E5,
  0x10A4, 0x10A4, 0x10A4, 0x10A4, 0x10A4, 0x10A4, 0x18E5, 0x10C5, 0x10C5, 0x10C5, 0x10C5, 0x10C5, 0x10C5, 0x10C5, 0x10C5, 0x10C5,
  0x10C5, 0x10C5, 0x10C5, 0x10C5, 0x10C5, 0x10C5, 0x10C5, 0x10C5, 0x10C5, 0x10C5, 0x10C5, 0x10C5, 0x10C5, 0x10C5, 0x10C5, 0x10C5,
  0x10C5, 0x10C5, 0x10C5, 0x10C5, 0x10C5, 0x10C5, 0x10C5, 0x10C5, 0x10C5, 0x10C5, 0x10C5, 0x10C5, 0x10C5, 0x10C5, 0x10C5, 0x10C5,
  0x10C5, 0x10C5, 0x10C5, 0x10C5, 0x10C5, 0x10C5, 0x10C5, 0x10C5, 0x10C5, 0x10C5, 0x10C5, 0x10C5, 0x10C5, 0x10C5, 0x10C5, 0x10C5,
  0x10C5, 0x10C5, 0x10C5, 0x10C5, 0x10C5, 0x10C5, 0x18C5, 0x18E5, 0x18E5, 0x18E5, 0x18E5, 0x18E5, 0x2125, 0x1904, 0x1904, 0x1904,
  0x18E4, 0x18E4, 0x1904, 0x2125, 0x18E5, 0x18E5, 0x18E5, 0x18E5, 0x18E5, 0x18C5, 0x10C5, 0x10C5, 0x10C5, 0x10C5, 0x10C5, 0x10C5,
  0x10C5, 0x10C5, 0x10C5, 0x10C5, 0x10C5, 0x10C5, 0x10C5, 0x10C5, 0x10C5, 0x10C5, 0x10C5, 0x10C5, 0x10C5, 0x10C5, 0x10C5, 0x10C5,
  0x10C5, 0x10C5, 0x10C5, 0x10C5, 0x10C5, 0x10C5, 0x10C5, 0x10C5, 0x10C5, 0x10C5, 0x10C5, 0x10C5, 0x10C5, 0x10C5, 0x10C5, 0x10C5,
  0x10C5, 0x10C5, 0x10C5, 0x10C5, 0x10C5, 0x10C5, 0x10C5, 0x10C5, 0x10C5, 0x10C5, 0x10C5, 0x10C5, 0x10C5, 0x10C5, 0x10C5, 0x10C5,
  0x10C5, 0x10C5, 0x10C5, 0x10C5, 0x10C5, 0x10C5, 0x10C5, 0x10C5, 0x10C5, 0x18E5, 0x10A4, 0x10A4, 0x10A4, 0x10A4, 0x10A4, 0x10A4,
  0x18E5, 0x10C5, 0x10C5, 0x10C5, 0x10C5, 0x10C5, 0x10C5, 0x10C5, 0x10C5, 0x10C5, 0x10C5, 0x10C5, 0x10C5, 0x10C5, 0x10C5, 0x10C5,
  0x10C5, 0x10C5, 0x10C5, 0x10C5, 0x10C5, 0x10C5, 0x10C5, 0x10C5, 0x10C5, 0x10C5, 0x10C5, 0x10C5, 0x10C5, 0x10C5, 0x10C5, 0x10C5,
  0x10C5, 0x10C5, 0x10C5, 0x10C5, 0x10C5, 0x10C5, 0x10C5, 0x10C5, 0x10C5, 0x10C5, 0x10C5, 0x10C5, 0x10C5, 0x10C5, 0x10C5, 0x10C5,
  0x10C5, 0x10C5, 0x10C5, 0x10C5, 0x10C5, 0x10C5, 0x10C5, 0x10C5, 0x10C5, 0x10C5, 0x10C5, 0x10C5, 0x10C5, 0x10C5, 0x10C5, 0x10C5,
  0x10C5, 0x10C5, 0x10C5, 0x10C5, 0x10C5, 0x10C5, 0x18E5, 0x10A4, 0x10A4, 0x10A4, 0x10A4, 0x10A4, 0x10A4, 0x10A4, 0x10A4, 0x10A4,
  0x10A4, 0x10A4, 0x10A4, 0x10A4, 0x10A4, 0x10A4, 0x10A4, 0x10A4, 0x10A4, 0x18E5, 0x10C5, 0x10C5, 0x10C5, 0x10C5, 0x10C5, 0x10C5,
  0x10C5, 0x10C5, 0x10C5, 0x10C5, 0x10C5, 0x10C5, 0x10C5, 0x10C5, 0x10C5, 0x10C5, 0x10C5, 0x10C5, 0x10C5, 0x10C5, 0x10C5, 0x10C5,
  0x10C5, 0x10C5, 0x10C5, 0x10C5, 0x10C5, 0x10C5, 0x10C5, 0x10C5, 0x10C5, 0x10C5, 0x10C5, 0x10C5, 0x10C5, 0x10C5, 0x10C5, 0x10C5,
  0x10C5, 0x10C5, 0x10C5, 0x10C5, 0x10C5, 0x10C5, 0x10C5, 0x10C5, 0x10C5, 0x10C5, 0x10C5, 0x10C5, 0x10C5, 0x10C5, 0x10C5, 0x10C5,
  0x10C5, 0x10C5, 0x10C5, 0x10C5, 0x10C5, 0x10C5, 0x10C5, 0x10C5, 0x10C5, 0x10C5, 0x10C5, 0x10C5, 0x10C5, 0x10C5, 0x10C5, 0x18E5,
  0x10A4, 0x10A4, 0x10A4, 0x10A4, 0x10A4, 0x10A4, 0x18E5, 0x10C5, 0x10C5, 0x10C5, 0x10C5, 0x10C5, 0x10C5, 0x10C5, 0x10C5, 0x10C5,
  0x10C5, 0x10C5, 0x10C5, 0x10C5, 0x10C5, 0x10C5, 0x10C5, 0x10C5, 0x10C5, 0x10C5, 0x10C5, 0x10C5, 0x10C5, 0x10C5, 0x10C5, 0x10C5,
  0x10C5, 0x10C5, 0x10C5, 0x10C5, 0x10C5, 0x10C5, 0x10C5, 0x10C5, 0x10C5, 0x10C5, 0x10C5, 0x10C5, 0x10C5, 0x10C5, 0x10C5, 0x10C5,
  0x10C5, 0x10C5, 0x10C5, 0x10C5, 0x10C5, 0x10C5, 0x10C5, 0x10C5, 0x10C5, 0x10C5, 0x10C5, 0x10C5, 0x10C5, 0x10C5, 0x10C5, 0x10C5,
  0x10C5, 0x10C5, 0x10C5, 0x10C5, 0x10C5, 0x10C5, 0x18C5, 0x18E5, 0x18E5, 0x18E5, 0x18E5, 0x18E5, 0x2125, 0x1904, 0x18E4, 0x1904,
  0x1904, 0x18E4, 0x1904, 0x2125, 0x18E5, 0x18E5, 0x18E5, 0x18E5, 0x18E5, 0x18C5, 0x10C5, 0x10C5, 0x10C5, 0x10C5, 0x10C5, 0x10C5,
  0x10C5, 0x10C5, 0x10C5, 0x10C5, 0x10C5, 0x10C5, 0x10C5, 0x10C5, 0x10C5, 0x10C5, 0x10C5, 0x10C5, 0x10C5, 0x10C5, 0x10C5, 0x10C5,
  0x10C5, 0x10C5, 0x10C5, 0x10C5, 0x10C5, 0x10C5, 0x10C5, 0x10C5, 0x10C5, 0x10C5, 0x10C5, 0x10C5, 0x10C5, 0x10C5, 0x10C5, 0x10C5,
  0x10C5, 0x10C5, 0x10C5, 0x10C5, 0x10C5, 0x10C5, 0x10C5, 0x10C5, 0x10C5, 0x10C5, 0x10C5, 0x10C5, 0x10C5, 0x10C5, 0x10C5, 0x10C5,
  0x10C5, 0x10C5, 0x10C5, 0x10C5, 0x10C5, 0x10C5, 0x10C5, 0x10C5, 0x10C5, 0x18E5, 0x10A4, 0x10A4, 0x10A4, 0x10A4, 0x10A4, 0x10A4,
  0x18E5, 0x10C5, 0x10C5, 0x10C5, 0x10C5, 0x10C5, 0x10C5, 0x10C5, 0x10C5, 0x10C5, 0x10C5, 0x10C5, 0x10C5, 0x10C5, 0x10C5, 0x10C5,
  0x10C5, 0x10C5, 0x10C5, 0x10C5, 0x10C5, 0x10C5, 0x10C5, 0x10C5, 0x10C5, 0x10C5, 0x10C5, 0x10C5, 0x10C5, 0x10C5, 0x10C5, 0x10C5,
  0x10C5, 0x10C5, 0x10C5, 0x10C5, 0x10C5, 0x10C5, 0x10C5, 0x10C5, 0x10C5, 0x10C5, 0x10C5, 0x10C5, 0x10C5, 0x10C5, 0x10C5, 0x10C5,
  0x10C5, 0x10C5, 0x10C5, 0x10C5, 0x10C5, 0x10C5, 0x10C5, 0x10C5, 0x10C5, 0x10C5, 0x10C5, 0x10C5, 0x10C5, 0x10C5, 0x10C5, 0x10C5,
  0x10C5, 0x10C5, 0x10C5, 0x10C5, 0x10C5, 0x10C5, 0x18E5, 0x10A4, 0x10A4, 0x10A4, 0x10A4, 0x10A4, 0x10A4, 0x10A4, 0x10A4, 0x10A4,
  0x10A4, 0x10A4, 0x10A4, 0x10A4, 0x10A4, 0x10A4, 0x10A4, 0x10A4, 0x10A4, 0x18E5, 0x10C5, 0x10C5, 0x10C5, 0x10C5, 0x10C5, 0x10C5,
  0x10C5, 0x10C5, 0x10C5, 0x10C5, 0x10C5, 0x10C5, 0x10C5, 0x10C5, 0x10C5, 0x10C5, 0x10C5, 0x10C5, 0x10C5, 0x10C5, 0x10C5, 0x10C5,
  0x10C5, 0x10C5, 0x10C5, 0x10C5, 0x10C5, 0x10C5, 0x10C5, 0x10C5, 0x10C5, 0x10C5, 0x10C5, 0x10C5, 0x10C5, 0x10C5, 0x10C5, 0x10C5,
  0x10C5, 0x10C5, 0x10C5, 0x10C5, 0x10C5, 0x10C5, 0x10C5, 0x10C5, 0x10C5, 0x10C5, 0x10C5, 0x10C5, 0x10C5, 0x10C5, 0x10C5, 0x10C5,
  0x10C5, 0x10C5, 0x10C5, 0x10C5, 0x10C5, 0x10C5, 0x10C5, 0x10C5, 0x10C5, 0x10C5, 0x10C5, 0x10C5, 0x10C5, 0x10C5, 0x10C5, 0x18E5,
  0x10A4, 0x10A4, 0x10A4, 0x10A4, 0x10A4, 0x10A4, 0x18E5, 0x10C5, 0x10C5, 0x10C5, 0x10C5, 0x10C5, 0x10C5, 0x10C5, 0x10C5, 0x10C5,
  0x10C5, 0x10C5, 0x10C5, 0x10C5, 0x10C5, 0x10C5, 0x10C5, 0x10C5, 0x10C5, 0x10C5, 0x10C5, 0x10C5, 0x10C5, 0x10C5, 0x10C5, 0x10C5,
  0x10C5, 0x10C5, 0x10C5, 0x10C5, 0x10C5, 0x10C5, 0x10C5, 0x10C5, 0x10C5, 0x10C5, 0x10C5, 0x10C5, 0x10C5, 0x10C5, 0x10C5, 0x10C5,
  0x10C5, 0x10C5, 0x10C5, 0x10C5, 0x10C5, 0x10C5, 0x10C5, 0x10C5, 0x10C5, 0x10C5, 0x10C5, 0x10C5, 0x10C5, 0x10C5, 0x10C5, 0x10C5,
  0x10C5, 0x10C5, 0x10C5, 0x10C5, 0x10C5, 0x10C5, 0x18C5, 0x18E5, 0x18E5, 0x18E5, 0x18E5, 0x18E5, 0x2125, 0x1904, 0x18E4, 0x1904,
  0x1904, 0x1904, 0x1904, 0x2125, 0x18E5, 0x18E5, 0x18E5, 0x18E5, 0x18E5, 0x18C5, 0x10C5, 0x10C5, 0x10C5, 0x10C5, 0x10C5, 0x10C5,
  0x10C5, 0x10C5, 0x10C5, 0x10C5, 0x10C5, 0x10C5, 0x10C5, 0x10C5, 0x10C5, 0x10C5, 0x10C5, 0x10C5, 0x10C5, 0x10C5, 0x10C5, 0x10C5,
  0x10C5, 0x10C5, 0x10C5, 0x10C5, 0x10C5, 0x10C5, 0x10C5, 0x10C5, 0x10C5, 0x10C5, 0x10C5, 0x10C5, 0x10C5, 0x10C5, 0x10C5, 0x10C5,
  0x10C5, 0x10C5, 0x10C5, 0x10C5, 0x10C5, 0x10C5, 0x10C5, 0x10C5, 0x10C5, 0x10C5, 0x10C5, 0x10C5, 0x10C5, 0x10C5, 0x10C5, 0x10C5,
  0x10C5, 0x10C5, 0x10C5, 0x10C5, 0x10C5, 0x10C5, 0x10C5, 0x18C5, 0x10C5, 0x18E5, 0x10A4, 0x10A4, 0x10A4, 0x10A4, 0x10A4, 0x10A4,
  0x18E5, 0x10C5, 0x10C5, 0x10C5, 0x10C5, 0x10C5, 0x10C5, 0x10C5, 0x10C5, 0x10C5, 0x10C5, 0x10C5, 0x10C5, 0x10C5, 0x10C5, 0x10C5,
  0x10C5, 0x10C5, 0x10C5, 0x10C5, 0x10C5, 0x10C5, 0x10C5, 0x10C5, 0x10C5, 0x10C5, 0x10C5, 0x10C5, 0x10C5, 0x10C5, 0x10C5, 0x10C5,
  0x10C5, 0x10C5, 0x10C5, 0x10C5, 0x10C5, 0x10C5, 0x10C5, 0x10C5, 0x10C5, 0x10C5, 0x10C5, 0x10C5, 0x10C5, 0x10C5, 0x10C5, 0x10C5,
  0x10C5, 0x10C5, 0x10C5, 0x10C5, 0x10C5, 0x10C5, 0x10C5, 0x10C5, 0x10C5, 0x10C5, 0x10C5, 0x10C5, 0x10C5, 0x10C5, 0x10C5, 0x10C5,
  0x10C5, 0x10C5, 0x10C5, 0x10C5, 0x10C5, 0x10C5, 0x18E5, 0x10A4, 0x10A4, 0x10A4, 0x10A4, 0x10A4, 0x10A4, 0x10A4, 0x10A4, 0x10A4,
  0x10A4, 0x10A4, 0x10A4, 0x10A4, 0x10A4, 0x10A4, 0x10A4, 0x10A4, 0x10A4, 0x18E5, 0x10C5, 0x10C5, 0x10C5, 0x10C5, 0x10C5, 0x10C5,
  0x10C5, 0x10C5, 0x10C5, 0x10C5, 0x10C5, 0x10C5, 0x10C5, 0x10C5, 0x10C5, 0x10C5, 0x10C5, 0x10C5, 0x10C5, 0x10C5, 0x10C5, 0x10C5,
  0x10C5, 0x10C5, 0x10C5, 0x10C5, 0x10C5, 0x10C5, 0x10C5, 0x10C5, 0x10C5, 0x10C5, 0x10C5, 0x10C5, 0x10C5, 0x10C5, 0x10C5, 0x10C5,
  0x10C5, 0x10C5, 0x10C5, 0x10C5, 0x10C5, 0x10C5, 0x10C5, 0x10C5, 0x10C5, 0x10C5, 0x10C5, 0x10C5, 0x10C5, 0x10C5, 0x10C5, 0x10C5,
  0x10C5, 0x10C5, 0x10C5, 0x10C5, 0x10C5, 0x10C5, 0x10C5, 0x10C5, 0x10C5, 0x10C5, 0x10C5, 0x10C5, 0x10C5, 0x10C5, 0x10C5, 0x18E5,
  0x10A4, 0x10A4, 0x10A4, 0x10A4, 0x10A4, 0x10A4, 0x18E5, 0x10C5, 0x10C5, 0x10C5, 0x10C5, 0x10C5, 0x10C5, 0x10C5, 0x10C5, 0x10C5,
  0x10C5, 0x10C5, 0x10C5, 0x10C5, 0x10C5, 0x10C5, 0x10C5, 0x10C5, 0x10C5, 0x10C5, 0x10C5, 0x10C5, 0x10C5, 0x10C5, 0x10C5, 0x10C5,
  0x10C5, 0x10C5, 0x10C5, 0x10C5, 0x10C5, 0x10C5, 0x10C5, 0x10C5, 0x10C5, 0x10C5, 0x10C5, 0x10C5, 0x10C5, 0x10C5, 0x10C5, 0x10C5,
  0x10C5, 0x10C5, 0x10C5, 0x10C5, 0x10C5, 0x10C5, 0x10C5, 0x10C5, 0x10C5, 0x10C5, 0x10C5, 0x10C5, 0x10C5, 0x10C5, 0x10C5, 0x10C5,
  0x10C5, 0x10C5, 0x10C5, 0x10C5, 0x10C5, 0x10C5, 0x18C5, 0x18E5, 0x18E5, 0x18E5, 0x18E5, 0x18E5, 0x2125, 0x1904, 0x18E4, 0x1904,
  0x1904, 0x18E4, 0x1904, 0x2125, 0x18E5, 0x18E5, 0x18E5, 0x18E5, 0x18E5, 0x18C5, 0x10C5, 0x10C5, 0x10C5, 0x10C5, 0x10C5, 0x10C5,
  0x10C5, 0x10C5, 0x10C5, 0x10C5, 0x10C5, 0x10C5, 0x10C5, 0x10C5, 0x10C5, 0x10C5, 0x10C5, 0x10C5, 0x10C5, 0x10C5, 0x10C5, 0x10C5,
  0x10C5, 0x10C5, 0x10C5, 0x10C5, 0x10C5, 0x10C5, 0x10C5, 0x10C5, 0x10C5, 0x10C5, 0x10C5, 0x10C5, 0x10C5, 0x10C5, 0x10C5, 0x10C5,
  0x10C5, 0x10C5, 0x10C5, 0x10C5, 0x10C5, 0x10C5, 0x10C5, 0x10C5, 0x10C5, 0x10C5, 0x10C5, 0x10C5, 0x10C5, 0x10C5, 0x10C5, 0x10C5,
  0x10C5, 0x10C5, 0x10C5, 0x10C5, 0x10C5, 0x10C5, 0x10C5, 0x10C5, 0x10C5, 0x18E5, 0x10A4, 0x10A4, 0x10A4, 0x10A4, 0x10A4, 0x10A4,
  0x18E5, 0x10C5, 0x10C5, 0x10C5, 0x10C5, 0x10C5, 0x10C5, 0x10C5, 0x10C5, 0x10C5, 0x10C5, 0x10C5, 0x10C5, 0x10C5, 0x10C5, 0x10C5,
  0x10C5, 0x10C5, 0x10C5, 0x10C5, 0x10C5, 0x10C5, 0x10C5, 0x10C5, 0x10C5, 0x10C5, 0x10C5, 0x10C5, 0x10C5, 0x10C5, 0x10C5, 0x10C5,
  0x10C5, 0x10C5, 0x10C5, 0x10C5, 0x10C5, 0x10C5, 0x10C5, 0x10C5, 0x10C5, 0x10C5, 0x10C5, 0x10C5, 0x10C5, 0x10C5, 0x10C5, 0x10C5,
  0x10C5, 0x10C5, 0x10C5, 0x10C5, 0x10C5, 0x10C5, 0x10C5, 0x10C5, 0x10C5, 0x10C5, 0x10C5, 0x10C5, 0x10C5, 0x10C5, 0x10C5, 0x10C5,
  0x10C5, 0x10C5, 0x10C5, 0x10C5, 0x10C5, 0x10C5, 0x18E5, 0x10A4, 0x10A4, 0x10A4, 0x10A4, 0x10A4, 0x10A4, 0x10A4, 0x10A4, 0x10A4,
  0x10A4, 0x10A4, 0x10A4, 0x10A4, 0x10A4, 0x10A4, 0x10A4, 0x10A4, 0x10A4, 0x18E5, 0x10C5, 0x10C5, 0x10C5, 0x10C5, 0x10C5, 0x10C5,
  0x10C5, 0x10C5, 0x10C5, 0x10C5, 0x10C5, 0x10C5, 0x10C5, 0x10C5, 0x10C5, 0x10C5, 0x10C5, 0x10C5, 0x10C5, 0x10C5, 0x10C5, 0x10C5,
  0x10C5, 0x10C5, 0x10C5, 0x10C5, 0x10C5, 0x10C5, 0x10C5, 0x10C5, 0x10C5, 0x10C5, 0x10C5, 0x10C5, 0x10C5, 0x10C5, 0x10C5, 0x10C5,
  0x10C5, 0x10C5, 0x10C5, 0x10C5, 0x10C5, 0x10C5, 0x10C5, 0x10C5, 0x10C5, 0x10C5, 0x10C5, 0x10C5, 0x10C5, 0x10C5, 0x10C5, 0x10C5,
  0x10C5, 0x10C5, 0x10C5, 0x10C5, 0x10C5, 0x10C5, 0x10C5, 0x10C5, 0x10C5, 0x10C5, 0x10C5, 0x10C5, 0x10C5, 0x10C5, 0x10C5, 0x18E5,
  0x10A4, 0x10A4, 0x10A4, 0x10A4, 0x10A4, 0x10A4, 0x18E5, 0x10C5, 0x18C5, 0x10C5, 0x10C5, 0x10C5, 0x10C5, 0x10C5, 0x10C5, 0x10C5,
  0x10C5, 0x10C5, 0x10C5, 0x10C5, 0x10C5, 0x10C5, 0x10C5, 0x10C5, 0x10C5, 0x10C5, 0x10C5, 0x10C5, 0x10C5, 0x10C5, 0x10C5, 0x10C5,
  0x10C5, 0x10C5, 0x10C5, 0x10C5, 0x10C5, 0x10C5, 0x10C5, 0x10C5, 0x10C5, 0x10C5, 0x10C5, 0x10C5, 0x10C5, 0x10C5, 0x10C5, 0x10C5,
  0x10C5, 0x10C5, 0x10C5, 0x10C5, 0x10C5, 0x10C5, 0x10C5, 0x10C5, 0x10C5, 0x10C5, 0x10C5, 0x10C5, 0x10C5, 0x10C5, 0x10C5, 0x10C5,
  0x10C5, 0x10C5, 0x10C5, 0x10C5, 0x10C5, 0x10C5, 0x18C5, 0x18E5, 0x18E5, 0x18E5, 0x18E5, 0x18E5, 0x2105, 0x1904, 0x18E4, 0x18E4,
  0x18E4, 0x18E4, 0x1904, 0x2105, 0x18E5, 0x18E5, 0x18E5, 0x18E5, 0x18E5, 0x18C5, 0x10C5, 0x10C5, 0x10C5, 0x10C5, 0x10C5, 0x10C5,
  0x10C5, 0x10C5, 0x10C5, 0x10C5, 0x10C5, 0x10C5, 0x10C5, 0x10C5, 0x10C5, 0x10C5, 0x10C5, 0x10C5, 0x10C5, 0x10C5, 0x10C5, 0x10C5,
  0x10C5, 0x10C5, 0x10C5, 0x10C5, 0x10C5, 0x10C5, 0x10C5, 0x10C5, 0x10C5, 0x10C5, 0x10C5, 0x10C5, 0x10C5, 0x10C5, 0x10C5, 0x10C5,
  0x10C5, 0x10C5, 0x10C5, 0x10C5, 0x10C5, 0x10C5, 0x10C5, 0x10C5, 0x10C5, 0x10C5, 0x10C5, 0x10C5, 0x10C5, 0x10C5, 0x10C5, 0x10C5,
  0x10C5, 0x10C5, 0x10C5, 0x10C5, 0x10C5, 0x10C5, 0x10C5, 0x10C5, 0x10C5, 0x18E5, 0x10A4, 0x10A4, 0x10A4, 0x10A4, 0x10A4, 0x10A4,
  0x18E5, 0x10C5, 0x10C5, 0x10C5, 0x10C5, 0x10C5, 0x10C5, 0x10C5, 0x10C5, 0x10C5, 0x10C5, 0x10C5, 0x10C5, 0x10C5, 0x10C5, 0x10C5,
  0x10C5, 0x10C5, 0x10C5, 0x10C5, 0x10C5, 0x10C5, 0x10C5, 0x10C5, 0x10C5, 0x10C5, 0x10C5, 0x10C5, 0x10C5, 0x10C5, 0x10C5, 0x10C5,
  0x10C5, 0x10C5, 0x10C5, 0x10C5, 0x10C5, 0x10C5, 0x10C5, 0x10C5, 0x10C5, 0x10C5, 0x10C5, 0x10C5, 0x10C5, 0x10C5, 0x10C5, 0x10C5,
  0x10C5, 0x10C5, 0x10C5, 0x10C5, 0x10C5, 0x10C5, 0x10C5, 0x10C5, 0x10C5, 0x10C5, 0x10C5, 0x10C5, 0x10C5, 0x10C5, 0x10C5, 0x10C5,
  0x10C5, 0x10C5, 0x10C5, 0x10C5, 0x10C5, 0x10C5, 0x18E5, 0x10A4, 0x10A4, 0x10A4, 0x10A4, 0x10A4, 0x10A4, 0x10A4, 0x10A4, 0x10A4,
  0x10A4, 0x10A4, 0x10A4, 0x10A4, 0x10A4, 0x10A4, 0x10A4, 0x10A4, 0x10A4, 0x18E5, 0x10C5, 0x10C5, 0x10C5, 0x10C5, 0x10C5, 0x10C5,
  0x10C5, 0x10C5, 0x10C5, 0x10C5, 0x10C5, 0x10C5, 0x10C5, 0x10C5, 0x10C5, 0x10C5, 0x10C5, 0x10C5, 0x10C5, 0x10C5, 0x10C5, 0x10C5,
  0x10C5, 0x10C5, 0x10C5, 0x10C5, 0x10C5, 0x10C5, 0x10C5, 0x10C5, 0x10C5, 0x10C5, 0x10C5, 0x10C5, 0x10C5, 0x10C5, 0x10C5, 0x10C5,
  0x10C5, 0x10C5, 0x10C5, 0x10C5, 0x10C5, 0x10C5, 0x10C5, 0x10C5, 0x10C5, 0x10C5, 0x10C5, 0x10C5, 0x10C5, 0x10C5, 0x10C5, 0x10C5,
  0x10C5, 0x10C5, 0x10C5, 0x10C5, 0x10C5, 0x10C5, 0x10C5, 0x10C5, 0x10C5, 0x10C5, 0x10C5, 0x10C5, 0x10C5, 0x10C5, 0x10C5, 0x18E5,
  0x10A4, 0x10A4, 0x10A4, 0x10A4, 0x10A4, 0x10A4, 0x18E5, 0x10C5, 0x10C5, 0x10C5, 0x10C5, 0x10C5, 0x10C5, 0x10C5, 0x10C5, 0x10C5,
  0x10C5, 0x10C5, 0x10C5, 0x10C5, 0x10C5, 0x10C5, 0x10C5, 0x10C5, 0x10C5, 0x10C5, 0x10C5, 0x10C5, 0x10C5, 0x10C5, 0x10C5, 0x10C5,
  0x10C5, 0x10C5, 0x10C5, 0x10C5, 0x10C5, 0x10C5, 0x10C5, 0x10C5, 0x10C5, 0x10C5, 0x10C5, 0x10C5, 0x10C5, 0x10C5, 0x10C5, 0x10C5,
  0x10C5, 0x10C5, 0x10C5, 0x10C5, 0x10C5, 0x10C5, 0x10C5, 0x10C5, 0x10C5, 0x10C5, 0x10C5, 0x10C5, 0x10C5, 0x10C5, 0x10C5, 0x10C5,
  0x10C5, 0x10C5, 0x10C5, 0x10C5, 0x10C5, 0x10C5, 0x18C5, 0x18E5, 0x18E5, 0x18E5, 0x18E5, 0x18E5, 0x2125, 0x1904, 0x1904, 0x1904,
  0x1904, 0x18E4, 0x1904, 0x2125, 0x18E5, 0x18E5, 0x18E5, 0x18E5, 0x18E5, 0x18C5, 0x10C5, 0x10C5, 0x10C5, 0x10C5, 0x10C5, 0x10C5,
  0x10C5, 0x10C5, 0x10C5, 0x10C5, 0x10C5, 0x10C5, 0x10C5, 0x10C5, 0x10C5, 0x10C5, 0x10C5, 0x10C5, 0x10C5, 0x10C5, 0x10C5, 0x10C5,
  0x10C5, 0x10C5, 0x10C5, 0x10C5, 0x10C5, 0x10C5, 0x10C5, 0x10C5, 0x10C5, 0x10C5, 0x10C5, 0x10C5, 0x10C5, 0x10C5, 0x10C5, 0x10C5,
  0x10C5, 0x10C5, 0x10C5, 0x10C5, 0x10C5, 0x10C5, 0x10C5, 0x10C5, 0x10C5, 0x10C5, 0x10C5, 0x10C5, 0x10C5, 0x10C5, 0x10C5, 0x10C5,
  0x10C5, 0x10C5, 0x10C5, 0x10C5, 0x10C5, 0x10C5, 0x10C5, 0x10C5, 0x10C5, 0x18E5, 0x10A4, 0x10A4, 0x10A4, 0x10A4, 0x10A4, 0x10A4,
  0x18E5, 0x10C5, 0x10C5, 0x10C5, 0x10C5, 0x10C5, 0x10C5, 0x10C5, 0x10C5, 0x10C5, 0x10C5, 0x10C5, 0x10C5, 0x10C5, 0x10C5, 0x10C5,
  0x10C5, 0x10C5, 0x10C5, 0x10C5, 0x10C5, 0x10C5, 0x10C5, 0x10C5, 0x10C5, 0x10C5, 0x10C5, 0x10C5, 0x10C5, 0x10C5, 0x10C5, 0x10C5,
  0x10C5, 0x10C5, 0x10C5, 0x10C5, 0x10C5, 0x10C5, 0x10C5, 0x10C5, 0x10C5, 0x10C5, 0x10C5, 0x10C5, 0x10C5, 0x10C5, 0x10C5, 0x10C5,
  0x10C5, 0x10C5, 0x10C5, 0x10C5, 0x10C5, 0x10C5, 0x10C5, 0x10C5, 0x10C5, 0x10C5, 0x10C5, 0x10C5, 0x10C5, 0x10C5, 0x10C5, 0x10C5,
  0x10C5, 0x10C5, 0x10C5, 0x10C5, 0x10C5, 0x10C5, 0x18E5, 0x10A4, 0x10A4, 0x10A4, 0x10A4, 0x10A4, 0x10A4, 0x10A4, 0x10A4, 0x10A4,
  0x10A4, 0x10A4, 0x10A4, 0x10A4, 0x10A4, 0x10A4, 0x10A4, 0x10A4, 0x10A4, 0x18E5, 0x10C5, 0x10C5, 0x10C5, 0x10C5, 0x10C5, 0x10C5,
  0x10C5, 0x10C5, 0x10C5, 0x10C5, 0x10C5, 0x10C5, 0x10C5, 0x10C5, 0x10C5, 0x10C5, 0x10C5, 0x10C5, 0x10C5, 0x10C5, 0x10C5, 0x10C5,
  0x10C5, 0x10C5, 0x10C5, 0x10C5, 0x10C5, 0x10C5, 0x10C5, 0x10C5, 0x10C5, 0x10C5, 0x10C5, 0x10C5, 0x10C5, 0x10C5, 0x10C5, 0x10C5,
  0x10C5, 0x10C5, 0x10C5, 0x10C5, 0x10C5, 0x10C5, 0x10C5, 0x10C5, 0x10C5, 0x10C5, 0x10C5, 0x10C5, 0x10C5, 0x10C5, 0x10C5, 0x10C5,
  0x10C5, 0x10C5, 0x10C5, 0x10C5, 0x10C5, 0x10C5, 0x10C5, 0x10C5, 0x10C5, 0x10C5, 0x10C5, 0x10C5, 0x10C5, 0x10C5, 0x10C5, 0x18E5,
  0x10A4, 0x10A4, 0x10A4, 0x10A4, 0x10A4, 0x10A4, 0x18E5, 0x10C5, 0x10C5, 0x10C5, 0x10C5, 0x10C5, 0x10C5, 0x10C5, 0x10C5, 0x10C5,
  0x10C5, 0x10C5, 0x10C5, 0x10C5, 0x10C5, 0x10C5, 0x10C5, 0x10C5, 0x10C5, 0x10C5, 0x10C5, 0x10C5, 0x10C5, 0x10C5, 0x10C5, 0x10C5,
  0x10C5, 0x10C5, 0x10C5, 0x10C5, 0x10C5, 0x10C5, 0x10C5, 0x10C5, 0x10C5, 0x10C5, 0x10C5, 0x10C5, 0x10C5, 0x10C5, 0x10C5, 0x10C5,
  0x10C5, 0x10C5, 0x10C5, 0x10C5, 0x10C5, 0x10C5, 0x10C5, 0x10C5, 0x10C5, 0x10C5, 0x10C5, 0x10C5, 0x10C5, 0x10C5, 0x10C5, 0x10C5,
  0x10C5, 0x10C5, 0x10C5, 0x10C5, 0x10C5, 0x10C5, 0x18C5, 0x18E5, 0x18E5, 0x18E5, 0x18E5, 0x18E5, 0x2125, 0x1904, 0x1904, 0x1904,
  0x1904, 0x18E4, 0x1904, 0x2105, 0x18E5, 0x18E5, 0x18E5, 0x18E5, 0x18E5, 0x10C5, 0x10C5, 0x10C5, 0x10C5, 0x10C5, 0x10C5, 0x10C5,
  0x10C5, 0x10C5, 0x10C5, 0x10C5, 0x10C5, 0x10C5, 0x10C5, 0x10C5, 0x10C5, 0x10C5, 0x10C5, 0x10C5, 0x10C5, 0x10C5, 0x10C5, 0x10C5,
  0x10C5, 0x10C5, 0x10C5, 0x10C5, 0x10C5, 0x10C5, 0x10C5, 0x10C5, 0x10C5, 0x10C5, 0x10C5, 0x10C5, 0x10C5, 0x10C5, 0x10C5, 0x10C5,
  0x10C5, 0x10C5, 0x10C5, 0x10C5, 0x10C5, 0x10C5, 0x10C5, 0x10C5, 0x10C5, 0x10C5, 0x10C5, 0x10C5, 0x10C5, 0x10C5, 0x10C5, 0x10C5,
  0x10C5, 0x10C5, 0x10C5, 0x10C5, 0x10C5, 0x10C5, 0x10C5, 0x10C5, 0x10C5, 0x18E5, 0x10A4, 0x10A4, 0x10A4, 0x10A4, 0x10A4, 0x10A4,
  0x18E5, 0x10C5, 0x10C5, 0x10C5, 0x10C5, 0x10C5, 0x10C5, 0x10C5, 0x10C5, 0x10C5, 0x10C5, 0x10C5, 0x10C5, 0x10C5, 0x10C5, 0x10C5,
  0x10C5, 0x10C5, 0x10C5, 0x10C5, 0x10C5, 0x10C5, 0x10C5, 0x10C5, 0x10C5, 0x10C5, 0x10C5, 0x10C5, 0x10C5, 0x10C5, 0x10C5, 0x10C5,
  0x10C5, 0x10C5, 0x10C5, 0x10C5, 0x10C5, 0x10C5, 0x10C5, 0x10C5, 0x10C5, 0x10C5, 0x10C5, 0x10C5, 0x10C5, 0x10C5, 0x10C5, 0x10C5,
  0x10C5, 0x10C5, 0x10C5, 0x10C5, 0x10C5, 0x10C5, 0x10C5, 0x10C5, 0x10C5, 0x10C5, 0x10C5, 0x10C5, 0x10C5, 0x10C5, 0x10C5, 0x10C5,
  0x10C5, 0x10C5, 0x10C5, 0x10C5, 0x10C5, 0x10C5, 0x18E5, 0x10A4, 0x10A4, 0x10A4, 0x10A4, 0x10A4, 0x10A4, 0x10A4, 0x10A4, 0x10A4,
  0x10A4, 0x10A4, 0x10A4, 0x10A4, 0x10A4, 0x10A4, 0x10A4, 0x10A4, 0x10A4, 0x18E5, 0x10C5, 0x10C5, 0x10C5, 0x10C5, 0x10C5, 0x10C5,
  0x10C5, 0x10C5, 0x10C5, 0x10C5, 0x10C5, 0x10C5, 0x10C5, 0x10C5, 0x10C5, 0x10C5, 0x10C5, 0x10C5, 0x10C5, 0x10C5, 0x10C5, 0x10C5,
  0x10C5, 0x10C5, 0x10C5, 0x10C5, 0x10C5, 0x10C5, 0x10C5, 0x10C5, 0x10C5, 0x10C5, 0x10C5, 0x10C5, 0x10C5, 0x10C5, 0x10C5, 0x10C5,
  0x10C5, 0x10C5, 0x10C5, 0x10C5, 0x10C5, 0x10C5, 0x10C5, 0x10C5, 0x10C5, 0x10C5, 0x10C5, 0x10C5, 0x10C5, 0x10C5, 0x10C5, 0x10C5,
  0x10C5, 0x10C5, 0x10C5, 0x10C5, 0x10C5, 0x10C5, 0x10C5, 0x10C5, 0x10C5, 0x10C5, 0x10C5, 0x10C5, 0x10C5, 0x10C5, 0x10C5, 0x18E5,
  0x10A4, 0x10A4, 0x10A4, 0x10A4, 0x10A4, 0x10A4, 0x18E5, 0x10C5, 0x10C5, 0x10C5, 0x10C5, 0x10C5, 0x10C5, 0x10C5, 0x10C5, 0x10C5,
  0x10C5, 0x10C5, 0x10C5, 0x10C5, 0x10C5, 0x10C5, 0x10C5, 0x10C5, 0x10C5, 0x10C5, 0x10C5, 0x10C5, 0x10C5, 0x10C5, 0x10C5, 0x10C5,
  0x10C5, 0x10C5, 0x10C5, 0x10C5, 0x10C5, 0x10C5, 0x10C5, 0x10C5, 0x10C5, 0x10C5, 0x10C5, 0x10C5, 0x10C5, 0x10C5, 0x18C5, 0x18C5,
  0x18C5, 0x18C5, 0x18C5, 0x18C5, 0x18C5, 0x18C5, 0x18C5, 0x18C5, 0x18C5, 0x18C5, 0x18C5, 0x18C5, 0x18C5, 0x18C5, 0x18C5, 0x18C5,
  0x18C5, 0x18C5, 0x18C5, 0x18C5, 0x18C5, 0x18C5, 0x18E5, 0x18E5, 0x18E5, 0x18E5, 0x18E5, 0x18E5, 0x2105, 0x1904, 0x1904, 0x1904,
  0x1904, 0x1904, 0x1904, 0x2125, 0x18E5, 0x18E5, 0x18E5, 0x18E5, 0x18E5, 0x18E5, 0x18C5, 0x18C5, 0x18C5, 0x18C5, 0x18C5, 0x18C5,
  0x18C5, 0x18C5, 0x18C5, 0x18C5, 0x18C5, 0x18C5, 0x18C5, 0x18C5, 0x18C5, 0x18C5, 0x18C5, 0x18C5, 0x18C5, 0x18C5, 0x18C5, 0x18C5,
  0x18C5, 0x18C5, 0x10C5, 0x10C5, 0x10C5, 0x10C5, 0x10C5, 0x10C5, 0x10C5, 0x10C5, 0x10C5, 0x10C5, 0x10C5, 0x10C5, 0x10C5, 0x10C5,
  0x10C5, 0x10C5, 0x10C5, 0x10C5, 0x10C5, 0x10C5, 0x10C5, 0x10C5, 0x10C5, 0x10C5, 0x10C5, 0x10C5, 0x10C5, 0x10C5, 0x10C5, 0x10C5,
  0x10C5, 0x10C5, 0x10C5, 0x10C5, 0x10C5, 0x18C5, 0x10C5, 0x10C5, 0x10C5, 0x18E5, 0x10A4, 0x10A4, 0x10A4, 0x10A4, 0x10A4, 0x10A4,
  0x18E5, 0x10C5, 0x10C5, 0x10C5, 0x10C5, 0x10C5, 0x10C5, 0x10C5, 0x10C5, 0x10C5, 0x10C5, 0x10C5, 0x10C5, 0x10C5, 0x10C5, 0x10C5,
  0x10C5, 0x10C5, 0x10C5, 0x10C5, 0x10C5, 0x10C5, 0x10C5, 0x10C5, 0x10C5, 0x10C5, 0x10C5, 0x10C5, 0x10C5, 0x10C5, 0x10C5, 0x10C5,
  0x10C5, 0x10C5, 0x10C5, 0x10C5, 0x10C5, 0x10C5, 0x10C5, 0x10C5, 0x10C5, 0x10C5, 0x10C5, 0x10C5, 0x10C5, 0x10C5, 0x10C5, 0x10C5,
  0x10C5, 0x10C5, 0x10C5, 0x10C5, 0x10C5, 0x10C5, 0x10C5, 0x10C5, 0x10C5, 0x10C5, 0x10C5, 0x10C5, 0x10C5, 0x10C5, 0x10C5, 0x10C5,
  0x10C5, 0x10C5, 0x10C5, 0x10C5, 0x10C5, 0x10C5, 0x18E5, 0x10A4, 0x10A4, 0x10A4, 0x10A4, 0x10A4, 0x10A4, 0x10A4, 0x10A4, 0x10A4,
  0x10A4, 0x10A4, 0x10A4, 0x10A4, 0x10A4, 0x10A4, 0x10A4, 0x10A4, 0x10A4, 0x18E5, 0x18E5, 0x10C5, 0x10C5, 0x10C5, 0x10C5, 0x10C5,
  0x10C5, 0x10C5, 0x10C5, 0x10C5, 0x10C5, 0x10C5, 0x10C5, 0x10C5, 0x10C5, 0x10C5, 0x10C5, 0x10C5, 0x10C5, 0x10C5, 0x10C5, 0x10C5,
  0x10C5, 0x10C5, 0x10C5, 0x10C5, 0x10C5, 0x10C5, 0x10C5, 0x10C5, 0x10C5, 0x10C5, 0x10C5, 0x10C5, 0x10C5, 0x10C5, 0x10C5, 0x10C5,
  0x10C5, 0x10C5, 0x10C5, 0x10C5, 0x10C5, 0x10C5, 0x10C5, 0x10C5, 0x10C5, 0x10C5, 0x10C5, 0x10C5, 0x10C5, 0x10C5, 0x10C5, 0x10C5,
  0x10C5, 0x10C5, 0x10C5, 0x10C5, 0x10C5, 0x10C5, 0x10C5, 0x10C5, 0x10C5, 0x10C5, 0x10C5, 0x10C5, 0x10C5, 0x10C5, 0x18E5, 0x18E5,
  0x10A4, 0x10A4, 0x10A4, 0x10A4, 0x10A4, 0x10A4, 0x18E5, 0x18E5, 0x10C5, 0x10C5, 0x10C5, 0x10C5, 0x10C5, 0x10C5, 0x10C5, 0x10C5,
  0x10C5, 0x10C5, 0x10C5, 0x18C5, 0x10C5, 0x10C5, 0x10C5, 0x10C5, 0x10C5, 0x18C5, 0x18C5, 0x18C5, 0x18C5, 0x18C5, 0x18C5, 0x18C5,
  0x18C5, 0x18C5, 0x18C5, 0x18C5, 0x18C5, 0x18C5, 0x18C5, 0x18C5, 0x18C5, 0x18C5, 0x18C5, 0x18C5, 0x18E5, 0x18E5, 0x18C5, 0x18E5,
  0x18E5, 0x18E5, 0x18E5, 0x18E5, 0x18E5, 0x18E5, 0x18E5, 0x18E5, 0x18E5, 0x18E5, 0x18E5, 0x18E5, 0x18E5, 0x18E5, 0x18E5, 0x18E5,
  0x18E5, 0x18E5, 0x18E5, 0x18E5, 0x18E5, 0x18E5, 0x18E5, 0x18E5, 0x18E5, 0x18E5, 0x18E5, 0x1905, 0x2125, 0x1904, 0x1904, 0x1904,
  0x1904, 0x1904, 0x18E4, 0x2125, 0x1905, 0x18E5, 0x18E5, 0x18E5, 0x18E5, 0x18E5, 0x18E5, 0x18E5, 0x18E5, 0x18E5, 0x18E5, 0x18E5,
  0x18E5, 0x18E5, 0x18E5, 0x18E5, 0x18E5, 0x18E5, 0x18E5, 0x18E5, 0x18E5, 0x18E5, 0x18E5, 0x18E5, 0x18E5, 0x18E5, 0x18E5, 0x18E5,
  0x18E5, 0x18E5, 0x18C5, 0x18C5, 0x18C5, 0x18C5, 0x18C5, 0x18C5, 0x18C5, 0x18C5, 0x18C5, 0x18C5, 0x18C5, 0x18C5, 0x18C5, 0x18C5,
  0x18C5, 0x18C5, 0x18C5, 0x18C5, 0x18C5, 0x18C5, 0x18C5, 0x18C5, 0x10C5, 0x10C5, 0x18C5, 0x10C5, 0x10C5, 0x10C5, 0x10C5, 0x10C5,
  0x10C5, 0x10C5, 0x10C5, 0x10C5, 0x10C5, 0x10C5, 0x10C5, 0x10C5, 0x18E5, 0x18E5, 0x10A4, 0x10A4, 0x10A4, 0x10A4, 0x10A4, 0x10A4,
  0x18E5, 0x18E5, 0x10C5, 0x10C5, 0x10C5, 0x10C5, 0x10C5, 0x10C5, 0x10C5, 0x10C5, 0x10C5, 0x10C5, 0x10C5, 0x10C5, 0x10C5, 0x10C5,
  0x10C5, 0x10C5, 0x10C5, 0x10C5, 0x10C5, 0x10C5, 0x10C5, 0x10C5, 0x10C5, 0x10C5, 0x10C5, 0x10C5, 0x10C5, 0x10C5, 0x10C5, 0x10C5,
  0x10C5, 0x10C5, 0x10C5, 0x10C5, 0x10C5, 0x10C5, 0x10C5, 0x10C5, 0x10C5, 0x10C5, 0x10C5, 0x10C5, 0x10C5, 0x10C5, 0x10C5, 0x10C5,
  0x10C5, 0x10C5, 0x10C5, 0x10C5, 0x10C5, 0x10C5, 0x10C5, 0x10C5, 0x10C5, 0x10C5, 0x10C5, 0x10C5, 0x10C5, 0x10C5, 0x10C5, 0x10C5,
  0x10C5, 0x10C5, 0x10C5, 0x10C5, 0x10C5, 0x18E5, 0x18E5, 0x10A4, 0x10A4, 0x10A4, 0x10A4, 0x10A4, 0x10A4, 0x10A4, 0x10A4, 0x10A4,
  0x10A4, 0x10A4, 0x10A4, 0x10A4, 0x10A4, 0x10A4, 0x10A4, 0x10A4, 0x10A4, 0x10A4, 0x18E5, 0x18E5, 0x18C5, 0x10C5, 0x10C5, 0x10C5,
  0x10C5, 0x10C5, 0x10C5, 0x10C5, 0x10C5, 0x10C5, 0x10C5, 0x10C5, 0x10C5, 0x10C5, 0x10C5, 0x10C5, 0x10C5, 0x10C5, 0x10C5, 0x10C5,
  0x10C5, 0x10C5, 0x10C5, 0x10C5, 0x10C5, 0x10C5, 0x10C5, 0x10C5, 0x10C5, 0x10C5, 0x10C5, 0x10C5, 0x10C5, 0x10C5, 0x10C5, 0x10C5,
  0x10C5, 0x10C5, 0x10C5, 0x10C5, 0x10C5, 0x10C5, 0x10C5, 0x10C5, 0x10C5, 0x10C5, 0x10C5, 0x10C5, 0x10C5, 0x10C5, 0x10C5, 0x10C5,
  0x10C5, 0x10C5, 0x10C5, 0x10C5, 0x10C5, 0x10C5, 0x10C5, 0x10C5, 0x10C5, 0x10C5, 0x10C5, 0x10C5, 0x10C5, 0x18E5, 0x18E5, 0x10A4,
  0x10A4, 0x10A4, 0x10A4, 0x10A4, 0x10A4, 0x10A4, 0x10A4, 0x18E5, 0x18E5, 0x10C5, 0x10C5, 0x10C5, 0x10C5, 0x10C5, 0x10C5, 0x10C5,
  0x10C5, 0x10C5, 0x18C5, 0x10C5, 0x10C5, 0x10C5, 0x10C5, 0x10C5, 0x10C5, 0x18C5, 0x18C5, 0x18C5, 0x18C5, 0x18C5, 0x18C5, 0x18C5,
  0x18C5, 0x18C5, 0x18C5, 0x18C5, 0x18C5, 0x18C5, 0x18C5, 0x18C5, 0x18C5, 0x18C5, 0x18C5, 0x18C5, 0x18C5, 0x18E5, 0x18C5, 0x18E5,
  0x18E5, 0x18E5, 0x18E5, 0x18E5, 0x18E5, 0x18E5, 0x18E5, 0x18E5, 0x18E5, 0x18E5, 0x18E5, 0x18E5, 0x18E5, 0x18E5, 0x18E5, 0x18E5,
  0x18E5, 0x18E5, 0x18E5, 0x18E5, 0x18E5, 0x18E5, 0x18E5, 0x18E5, 0x18E5, 0x18E5, 0x1905, 0x2125, 0x1904, 0x1904, 0x1904, 0x1904,
  0x1904, 0x1904, 0x18E4, 0x1904, 0x2125, 0x1905, 0x18E5, 0x18E5, 0x18E5, 0x18E5, 0x18E5, 0x18E5, 0x18E5, 0x18E5, 0x18E5, 0x18E5,
  0x18E5, 0x18E5, 0x18E5, 0x18E5, 0x18E5, 0x18E5, 0x18E5, 0x18E5, 0x18E5, 0x18E5, 0x18E5, 0x18E5, 0x18E5, 0x18E5, 0x18E5, 0x18E5,
  0x18E5, 0x18C5, 0x18C5, 0x18C5, 0x18C5, 0x18C5, 0x18C5, 0x18C5, 0x18C5, 0x18C5, 0x18E5, 0x18C5, 0x18C5, 0x18C5, 0x18C5, 0x18C5,
  0x18C5, 0x18C5, 0x18C5, 0x18C5, 0x18C5, 0x18C5, 0x18C5, 0x10C5, 0x18C5, 0x10C5, 0x10C5, 0x10C5, 0x10C5, 0x10C5, 0x10C5, 0x10C5,
  0x10C5, 0x10C5, 0x10C5, 0x10C5, 0x10C5, 0x10C5, 0x18C5, 0x18E5, 0x18E5, 0x10A4, 0x10A4, 0x10A4, 0x10A4, 0x10A4, 0x10A4, 0x10A4,
  0x10A4, 0x18E5, 0x18E5, 0x10C5, 0x10C5, 0x10C5, 0x10C5, 0x10C5, 0x10C5, 0x10C5, 0x10C5, 0x10C5, 0x10C5, 0x10C5, 0x10C5, 0x10C5,
  0x10C5, 0x10C5, 0x10C5, 0x10C5, 0x10C5, 0x10C5, 0x10C5, 0x10C5, 0x10C5, 0x10C5, 0x10C5, 0x10C5, 0x10C5, 0x10C5, 0x10C5, 0x10C5,
  0x10C5, 0x10C5, 0x10C5, 0x10C5, 0x10C5, 0x10C5, 0x10C5, 0x10C5, 0x10C5, 0x10C5, 0x10C5, 0x10C5, 0x10C5, 0x10C5, 0x10C5, 0x10C5,
  0x10C5, 0x10C5, 0x10C5, 0x10C5, 0x10C5, 0x10C5, 0x10C5, 0x10C5, 0x10C5, 0x10C5, 0x10C5, 0x10C5, 0x10C5, 0x10C5, 0x10C5, 0x10C5,
  0x10C5, 0x10C5, 0x10C5, 0x18C5, 0x18E5, 0x18E5, 0x10A4, 0x10A4, 0x10A4, 0x10A4, 0x10A4, 0x10A4, 0x10A4, 0x10A4, 0x10A4, 0x10A4,
  0x10A4, 0x10A4, 0x10A4, 0x10A4, 0x10A4, 0x10A4, 0x10A4, 0x10A4, 0x10A4, 0x10A4, 0x10A4, 0x18C5, 0x18E5, 0x18E5, 0x18E5, 0x18E5,
  0x18E5, 0x18E5, 0x18E5, 0x18E5, 0x18E5, 0x18E5, 0x18E5, 0x18E5, 0x18E5, 0x18E5, 0x18E5, 0x18E5, 0x18E5, 0x18E5, 0x18E5, 0x18E5,
  0x18E5, 0x18E5, 0x18E5, 0x18E5, 0x18E5, 0x18E5, 0x18E5, 0x18E5, 0x18E5, 0x18E5, 0x18E5, 0x18E5, 0x18E5, 0x18E5, 0x18E5, 0x18E5,
  0x18E5, 0x18E5, 0x18E5, 0x18E5, 0x18E5, 0x18E5, 0x18E5, 0x18E5, 0x18E5, 0x18E5, 0x18E5, 0x18E5, 0x18E5, 0x18E5, 0x18E5, 0x18E5,
  0x18E5, 0x18E5, 0x18E5, 0x18E5, 0x18E5, 0x18E5, 0x18E5, 0x18E5, 0x18E5, 0x18E5, 0x18E5, 0x18E5, 0x18E5, 0x18E5, 0x10A4, 0x10A4,
  0x10A4, 0x10A4, 0x10A4, 0x10A4, 0x10A4, 0x10A4, 0x10A4, 0x10A4, 0x18E5, 0x18E5, 0x18E5, 0x18E5, 0x18E5, 0x18E5, 0x18E5, 0x18E5,
  0x18E5, 0x18E5, 0x18E5, 0x18E5, 0x18E5, 0x1905, 0x18E5, 0x18E5, 0x1905, 0x18E5, 0x18E5, 0x1905, 0x18E5, 0x18E5, 0x1905, 0x1905,
  0x1905, 0x1905, 0x1905, 0x1905, 0x1905, 0x1905, 0x1905, 0x1905, 0x1905, 0x1905, 0x1905, 0x1905, 0x1905, 0x1905, 0x1905, 0x1905,
  0x1905, 0x1905, 0x1905, 0x1905, 0x1905, 0x2105, 0x2105, 0x2105, 0x2105, 0x2105, 0x2105, 0x2105, 0x2105, 0x2105, 0x2105, 0x2105,
  0x2105, 0x2105, 0x2125, 0x2125, 0x2125, 0x2125, 0x2125, 0x2125, 0x2125, 0x2125, 0x2125, 0x1904, 0x1904, 0x1904, 0x1904, 0x1904,
  0x1904, 0x18E4, 0x18E4, 0x1904, 0x1904, 0x2125, 0x2125, 0x2125, 0x2125, 0x2125, 0x2125, 0x2125, 0x2125, 0x2125, 0x2125, 0x2105,
  0x2105, 0x2105, 0x2105, 0x2105, 0x2125, 0x2105, 0x2105, 0x2105, 0x2105, 0x2105, 0x2105, 0x1905, 0x1905, 0x1905, 0x1905, 0x1905,
  0x1905, 0x1905, 0x1905, 0x1905, 0x1905, 0x1905, 0x1905, 0x1905, 0x1905, 0x1905, 0x1905, 0x1905, 0x1905, 0x1905, 0x1905, 0x1905,
  0x1905, 0x1905, 0x1905, 0x18E5, 0x18E5, 0x18E5, 0x18E5, 0x18E5, 0x1905, 0x18E5, 0x18E5, 0x18E5, 0x18E5, 0x18E5, 0x18E5, 0x18E5,
  0x18E5, 0x18E5, 0x18E5, 0x18E5, 0x18E5, 0x18E5, 0x18E5, 0x18E5, 0x10A4, 0x10A4, 0x10A4, 0x10A4, 0x10A4, 0x10A4, 0x10A4, 0x10A4,
  0x10A4, 0x10A4, 0x18E5, 0x18E5, 0x18E5, 0x18E5, 0x18E5, 0x18E5, 0x18E5, 0x18E5, 0x18E5, 0x18E5, 0x18E5, 0x18E5, 0x18E5, 0x18E5,
  0x18E5, 0x18E5, 0x18E5, 0x18E5, 0x18E5, 0x18E5, 0x18E5, 0x18E5, 0x18E5, 0x18E5, 0x18E5, 0x18E5, 0x18E5, 0x18E5, 0x18E5, 0x18E5,
  0x18E5, 0x18E5, 0x18E5, 0x18E5, 0x18E5, 0x18E5, 0x18E5, 0x18E5, 0x18E5, 0x18E5, 0x18E5, 0x18E5, 0x18E5, 0x18E5, 0x18E5, 0x18E5,
  0x18E5, 0x18E5, 0x18E5, 0x18E5, 0x18E5, 0x18E5, 0x18E5, 0x18E5, 0x18E5, 0x18E5, 0x18E5, 0x18E5, 0x18E5, 0x18E5, 0x18E5, 0x18E5,
  0x18E5, 0x18E5, 0x18E5, 0x18E5, 0x18E5, 0x10A4, 0x10A4, 0x10A4, 0x10A4, 0x10A4, 0x10A4, 0x10A4, 0x10A4, 0x10A4, 0x10A4, 0x10A4,
  0x10A4, 0x10A4, 0x10A4, 0x10A4, 0x10A4, 0x10A4, 0x10A4, 0x10A4, 0x10A4, 0x10A4, 0x10A4, 0x10A4, 0x10A4, 0x10A4, 0x10A4, 0x10A4,
  0x10A4, 0x10A4, 0x10A4, 0x10A4, 0x10A4, 0x10A4, 0x10A4, 0x10A4, 0x10A4, 0x10A4, 0x10A4, 0x10A4, 0x10A4, 0x10A4, 0x10A4, 0x10A4,
  0x10A4, 0x10A4, 0x10A4, 0x10A4, 0x10A4, 0x10A4, 0x10A4, 0x10A4, 0x10A4, 0x10A4, 0x10A4, 0x10A4, 0x10A4, 0x10A4, 0x10A4, 0x10A4,
  0x10A4, 0x10A4, 0x10A4, 0x10A4, 0x10A4, 0x10A4, 0x10A4, 0x10A4, 0x10A4, 0x10A4, 0x10A4, 0x10A4, 0x10A4, 0x10A4, 0x10A4, 0x10A4,
  0x10A4, 0x10A4, 0x10A4, 0x10A4, 0x10A4, 0x10A4, 0x10A4, 0x10A4, 0x10A4, 0x10A4, 0x10A4, 0x10A4, 0x10A4, 0x10A4, 0x10A4, 0x10A4,
  0x10A4, 0x10A4, 0x10A4, 0x10A4, 0x10A4, 0x10A4, 0x10A4, 0x10A4, 0x10A4, 0x10A4, 0x10A4, 0x10A4, 0x10A4, 0x10A4, 0x10A4, 0x10A4,
  0x10A4, 0x10A4, 0x10A4, 0x10A4, 0x10A4, 0x10A4, 0x10A4, 0x10A4, 0x10A4, 0x10A4, 0x10A4, 0x10A4, 0x10A4, 0x10A4, 0x10A4, 0x10A4,
  0x10A4, 0x10A4, 0x10A4, 0x10A4, 0x10A4, 0x10A4, 0x10A4, 0x10A4, 0x10C4, 0x10A4, 0x10C4, 0x10C4, 0x10A4, 0x10A4, 0x10C4, 0x10C4,
  0x10C4, 0x10C4, 0x10C4, 0x10C4, 0x18C4, 0x18C4, 0x18C4, 0x18C4, 0x18C4, 0x18E4, 0x18E4, 0x18E4, 0x18E4, 0x18E4, 0x18E4, 0x18E4,
  0x18E4, 0x18E4, 0x18E4, 0x18E4, 0x18E4, 0x18E4, 0x18E4, 0x1904, 0x18E4, 0x18E4, 0x18E4, 0x18E4, 0x18E4, 0x1904, 0x18E4, 0x1904,
  0x1904, 0x1904, 0x18E4, 0x18E4, 0x18E4, 0x18E4, 0x18E4, 0x1904, 0x18E4, 0x1904, 0x18E4, 0x18E4, 0x18E4, 0x18E4, 0x18E4, 0x18E4,
  0x18E4, 0x18E4, 0x18E4, 0x18E4, 0x18E4, 0x18E4, 0x18E4, 0x18E4, 0x18C4, 0x18C4, 0x18C4, 0x18C4, 0x10C4, 0x10C4, 0x18C4, 0x10C4,
  0x10A4, 0x10C4, 0x10C4, 0x10C4, 0x10C4, 0x10C4, 0x10A4, 0x10A4, 0x10A4, 0x10A4, 0x10A4, 0x10A4, 0x10A4, 0x10A4, 0x10A4, 0x10A4,
  0x10A4, 0x10A4, 0x10A4, 0x10A4, 0x10A4, 0x10A4, 0x10A4, 0x10A4, 0x10A4, 0x10A4, 0x10A4, 0x10A4, 0x10A4, 0x10A4, 0x10A4, 0x10A4,
  0x10A4, 0x10A4, 0x10A4, 0x10A4, 0x10A4, 0x10A4, 0x10A4, 0x10A4, 0x10A4, 0x10A4, 0x10A4, 0x10A4, 0x10A4, 0x10A4, 0x10A4, 0x10A4,
  0x10A4, 0x10A4, 0x10A4, 0x10A4, 0x10A4, 0x10A4, 0x10A4, 0x10A4, 0x10A4, 0x10A4, 0x10A4, 0x10A4, 0x10A4, 0x10A4, 0x10A4, 0x10A4,
  0x10A4, 0x10A4, 0x10A4, 0x10A4, 0x10A4, 0x10A4, 0x10A4, 0x10A4, 0x10A4, 0x10A4, 0x10A4, 0x10A4, 0x10A4, 0x10A4, 0x10A4, 0x10A4,
  0x10A4, 0x10A4, 0x10A4, 0x10A4, 0x10A4, 0x10A4, 0x10A4, 0x10A4, 0x10A4, 0x10A4, 0x10A4, 0x10A4, 0x10A4, 0x10A4, 0x10A4, 0x10A4,
  0x10A4, 0x10A4, 0x10A4, 0x10A4, 0x10A4, 0x10A4, 0x10A4, 0x10A4, 0x10A4, 0x10A4, 0x10A4, 0x10A4, 0x10A4, 0x10A4, 0x10A4, 0x10A4,
  0x10A4, 0x10A4, 0x10A4, 0x10A4, 0x10A4, 0x10A4, 0x10A4, 0x10A4, 0x10A4, 0x10A4, 0x10A4, 0x10A4, 0x10A4, 0x10A4, 0x10A4, 0x10A4,
  0x10A4, 0x10A4, 0x10A4, 0x10A4, 0x10A4, 0x10A4, 0x10A4, 0x10A4, 0x10A4, 0x10A4, 0x10A4, 0x10A4, 0x10A4, 0x10A4, 0x10A4, 0x10A4,
  0x10A4, 0x10A4, 0x10A4, 0x10A4, 0x10A4, 0x10A4, 0x10A4, 0x10A4, 0x10A4, 0x10A4, 0x10A4, 0x10A4, 0x10A4, 0x10A4, 0x10A4, 0x10A4,
  0x10A4, 0x10A4, 0x10A4, 0x10A4, 0x10A4, 0x10A4, 0x10A4, 0x10A4, 0x10A4, 0x10A4, 0x10A4, 0x10A4, 0x10A4, 0x10A4, 0x10A4, 0x10A4,
  0x10A4, 0x10A4, 0x10A4, 0x10A4, 0x10A4, 0x10A4, 0x10A4, 0x10A4, 0x10A4, 0x10A4, 0x10A4, 0x10A4, 0x10A4, 0x10A4, 0x10A4, 0x10A4,
  0x10A4, 0x10A4, 0x10A4, 0x10A4, 0x10A4, 0x10A4, 0x10A4, 0x10A4, 0x10A4, 0x10A4, 0x10A4, 0x10A4, 0x10A4, 0x10A4, 0x10A4, 0x10A4,
  0x10A4, 0x10A4, 0x10A4, 0x10A4, 0x10A4, 0x10A4, 0x10A4, 0x10A4, 0x10A4, 0x10A4, 0x10A4, 0x10A4, 0x10A4, 0x10A4, 0x10A4, 0x10A4,
  0x10A4, 0x10A4, 0x10A4, 0x10A4, 0x10A4, 0x10A4, 0x10A4, 0x10A4, 0x10A4, 0x10A4, 0x10A4, 0x10A4, 0x10A4, 0x10A4, 0x10A4, 0x10A4,
  0x10A4, 0x10A4, 0x10A4, 0x10A4, 0x10A4, 0x10A4, 0x10A4, 0x10C4, 0x10A4, 0x10A4, 0x10A4, 0x10C4, 0x10A4, 0x10C4, 0x10C4, 0x10C4,
  0x10C4, 0x10C4, 0x10C4, 0x10C4, 0x18C4, 0x18C4, 0x18C4, 0x18C4, 0x18C4, 0x18E4, 0x18E4, 0x18E4, 0x18E4, 0x18E4, 0x18E4, 0x18E4,
  0x18E4, 0x18E4, 0x18E4, 0x18E4, 0x18E4, 0x18E4, 0x18E4, 0x18E4, 0x18E4, 0x18E4, 0x18E4, 0x18E4, 0x18E4, 0x1904, 0x1904, 0x18E4,
  0x1904, 0x18E4, 0x1904, 0x1904, 0x1904, 0x18E4, 0x18E4, 0x1904, 0x18E4, 0x18E4, 0x18E4, 0x18E4, 0x18E4, 0x18E4, 0x18E4, 0x18E4,
  0x18E4, 0x18E4, 0x18E4, 0x18E4, 0x18C4, 0x18C4, 0x18E4, 0x18C4, 0x18C4, 0x18C4, 0x18C4, 0x18C4, 0x18C4, 0x10C4, 0x10C4, 0x10C4,
  0x10C4, 0x10C4, 0x10C4, 0x10C4, 0x10C4, 0x10C4, 0x10A4, 0x10A4, 0x10A4, 0x10A4, 0x10A4, 0x10A4, 0x10A4, 0x10A4, 0x10A4, 0x10A4,
  0x10A4, 0x10A4, 0x10A4, 0x10A4, 0x10A4, 0x10A4, 0x10A4, 0x10A4, 0x10A4, 0x10A4, 0x10A4, 0x10A4, 0x10A4, 0x10A4, 0x10A4, 0x10A4,
  0x10A4, 0x10A4, 0x10A4, 0x10A4, 0x10A4, 0x10A4, 0x10A4, 0x10A4, 0x10A4, 0x10A4, 0x10A4, 0x10A4, 0x10A4, 0x10A4, 0x10A4, 0x10A4,
  0x10A4, 0x10A4, 0x10A4, 0x10A4, 0x10A4, 0x10A4, 0x10A4, 0x10A4, 0x10A4, 0x10A4, 0x10A4, 0x10A4, 0x10A4, 0x10A4, 0x10A4, 0x10A4,
  0x10A4, 0x10A4, 0x10A4, 0x10A4, 0x10A4, 0x10A4, 0x10A4, 0x10A4, 0x10A4, 0x10A4, 0x10A4, 0x10A4, 0x10A4, 0x10A4, 0x10A4, 0x10A4,
  0x10A4, 0x10A4, 0x10A4, 0x10A4, 0x10A4, 0x10A4, 0x10A4, 0x10A4, 0x10A4, 0x10A4, 0x10A4, 0x10A4, 0x10A4, 0x10A4, 0x10A4, 0x10A4,
  0x10A4, 0x10A4, 0x10A4, 0x10A4, 0x10A4, 0x10A4, 0x10A4, 0x10A4, 0x10A4, 0x10A4, 0x10A4, 0x10A4, 0x10A4, 0x10A4, 0x10A4, 0x10A4,
  0x10A4, 0x10A4, 0x10A4, 0x10A4, 0x10A4, 0x10A4, 0x10A4, 0x10A4, 0x10A4, 0x10A4, 0x10A4, 0x10A4, 0x10A4, 0x10A4, 0x10A4, 0x10A4,
  0x10A4, 0x10A4, 0x10A4, 0x10A4, 0x10A4, 0x10A4, 0x10A4, 0x10A4, 0x10A4, 0x10A4, 0x10A4, 0x10A4, 0x10A4, 0x10A4, 0x10A4, 0x10A4,
  0x10A4, 0x10A4, 0x10A4, 0x10A4, 0x10A4, 0x10A4, 0x10A4, 0x10A4, 0x10A4, 0x10A4, 0x10A4, 0x10A4, 0x10A4, 0x10A4, 0x10A4, 0x10A4,
  0x10A4, 0x10A4, 0x10A4, 0x10A4, 0x10A4, 0x10A4, 0x10A4, 0x10A4, 0x10A4, 0x10A4, 0x10A4, 0x10A4, 0x10A4, 0x10A4, 0x10A4, 0x10A4,
  0x10A4, 0x10A4, 0x10A4, 0x10A4, 0x10A4, 0x10A4, 0x10A4, 0x10A4, 0x10A4, 0x10A4, 0x10A4, 0x10A4, 0x10A4, 0x10A4, 0x10A4, 0x10A4,
  0x10A4, 0x10A4, 0x10A4, 0x10A4, 0x10A4, 0x10A4, 0x10A4, 0x10A4, 0x10A4, 0x10A4, 0x10A4, 0x10A4, 0x10A4, 0x10A4, 0x10A4, 0x10A4,
  0x10A4, 0x10A4, 0x10A4, 0x10A4, 0x10A4, 0x10A4, 0x10A4, 0x10A4, 0x10A4, 0x10A4, 0x10A4, 0x10A4, 0x10A4, 0x10A4, 0x10A4, 0x10A4,
  0x10A4, 0x10A4, 0x10A4, 0x10A4, 0x10A4, 0x10A4, 0x10A4, 0x10A4, 0x10A4, 0x10A4, 0x10A4, 0x10A4, 0x10A4, 0x10A4, 0x10A4, 0x10A4,
  0x10A4, 0x10A4, 0x10A4, 0x10A4, 0x10A4, 0x10A4, 0x10A4, 0x10A4, 0x10C4, 0x10A4, 0x10A4, 0x10C4, 0x10C4, 0x10C4, 0x10A4, 0x10C4,
  0x10C4, 0x10C4, 0x10C4, 0x10C4, 0x18C4, 0x18C4, 0x18C4, 0x18E4, 0x18C4, 0x18E4, 0x18E4, 0x18E4, 0x18E4, 0x18E4, 0x18E4, 0x18E4,
  0x18E4, 0x18E4, 0x18E4, 0x18E4, 0x18E4, 0x18E4, 0x18E4, 0x18E4, 0x18E4, 0x18E4, 0x18E4, 0x1904, 0x1904, 0x18E4, 0x1904, 0x1904,
  0x1904, 0x18E4, 0x1904, 0x1904, 0x1904, 0x18E4, 0x18E4, 0x18E4, 0x18E4, 0x18E4, 0x18E4, 0x18E4, 0x18E4, 0x18E4, 0x18E4, 0x18E4,
  0x18E4, 0x18E4, 0x18E4, 0x18E4, 0x18C4, 0x18E4, 0x18E4, 0x18E4, 0x18C4, 0x18C4, 0x18C4, 0x18C4, 0x18C4, 0x10C4, 0x10C4, 0x10C4,
  0x10C4, 0x10A4, 0x10C4, 0x10C4, 0x10C4, 0x10C4, 0x10A4, 0x10A4, 0x10A4, 0x10A4, 0x10A4, 0x10A4, 0x10A4, 0x10A4, 0x10A4, 0x10A4,
  0x10A4, 0x10A4, 0x10A4, 0x10A4, 0x10A4, 0x10A4, 0x10A4, 0x10A4, 0x10A4, 0x10A4, 0x10A4, 0x10A4, 0x10A4, 0x10A4, 0x10A4, 0x10A4,
  0x10A4, 0x10A4, 0x10A4, 0x10A4, 0x10A4, 0x10A4, 0x10A4, 0x10A4, 0x10A4, 0x10A4, 0x10A4, 0x10A4, 0x10A4, 0x10A4, 0x10A4, 0x10A4,
  0x10A4, 0x10A4, 0x10A4, 0x10A4, 0x10A4, 0x10A4, 0x10A4, 0x10A4, 0x10A4, 0x10A4, 0x10A4, 0x10A4, 0x10A4, 0x10A4, 0x10A4, 0x10A4,
  0x10A4, 0x10A4, 0x10A4, 0x10A4, 0x10A4, 0x10A4, 0x10A4, 0x10A4, 0x10A4, 0x10A4, 0x10A4, 0x10A4, 0x10A4, 0x10A4, 0x10A4, 0x10A4,
  0x10A4, 0x10A4, 0x10A4, 0x10A4, 0x10A4, 0x10A4, 0x10A4, 0x10A4, 0x10A4, 0x10A4, 0x10A4, 0x10A4, 0x10A4, 0x10A4, 0x10A4, 0x10A4,
  0x10A4, 0x10A4, 0x10A4, 0x10A4, 0x10A4, 0x10A4, 0x10A4, 0x10A4, 0x10A4, 0x10A4, 0x10A4, 0x10A4, 0x10A4, 0x10A4, 0x10A4, 0x10A4,
  0x10A4, 0x10A4, 0x10A4, 0x10A4, 0x10A4, 0x10A4, 0x10A4, 0x10A4, 0x10A4, 0x10A4, 0x10A4, 0x10A4, 0x10A4, 0x10A4, 0x10A4, 0x10A4,
  0x10A4, 0x10A4, 0x10A4, 0x10A4, 0x10A4, 0x10A4, 0x10A4, 0x10A4, 0x10A4, 0x10A4, 0x10A4, 0x10A4, 0x10A4, 0x10A4, 0x10A4, 0x10A4,
  0x10A4, 0x10A4, 0x10A4, 0x10A4, 0x10A4, 0x10A4, 0x10A4, 0x10A4, 0x10A4, 0x10A4, 0x10A4, 0x10A4, 0x10A4, 0x10A4, 0x10A4, 0x10A4,
  0x10A4, 0x10A4, 0x10A4, 0x10A4, 0x10A4, 0x10A4, 0x10A4, 0x10A4, 0x10A4, 0x10A4, 0x10A4, 0x10A4, 0x10A4, 0x10A4, 0x10A4, 0x10A4,
  0x10A4, 0x10A4, 0x10A4, 0x10A4, 0x10A4, 0x10A4, 0x10A4, 0x10A4, 0x10A4, 0x10A4, 0x10A4, 0x10A4, 0x10A4, 0x10A4, 0x10A4, 0x10A4,
  0x10A4, 0x10A4, 0x10A4, 0x10A4, 0x10A4, 0x10A4, 0x10A4, 0x10A4, 0x10A4, 0x10A4, 0x10A4, 0x10A4, 0x10A4, 0x10A4, 0x10A4, 0x10A4,
  0x10A4, 0x10A4, 0x10A4, 0x10A4, 0x10A4, 0x10A4, 0x10A4, 0x10A4, 0x10A4, 0x10A4, 0x10A4, 0x10A4, 0x10A4, 0x10A4, 0x10A4, 0x10A4,
  0x10A4, 0x10A4, 0x10A4, 0x10A4, 0x10A4, 0x10A4, 0x10A4, 0x10A4, 0x10A4, 0x10A4, 0x10A4, 0x10A4, 0x10A4, 0x10A4, 0x10A4, 0x10A4,
  0x10A4, 0x10A4, 0x10A4, 0x10A4, 0x10A4, 0x10A4, 0x10A4, 0x10A4, 0x10C4, 0x10A4, 0x10A4, 0x10A4, 0x10C4, 0x10C4, 0x10A4, 0x10C4,
  0x10C4, 0x10C4, 0x10C4, 0x10C4, 0x18C4, 0x18E4, 0x18C4, 0x18C4, 0x18C4, 0x18E4, 0x18E4, 0x18E4, 0x18E4, 0x18E4, 0x18E4, 0x18E4,
  0x18E4, 0x18E4, 0x18E4, 0x18E4, 0x18E4, 0x18E4, 0x1904, 0x18E4, 0x18E4, 0x18E4, 0x18E4, 0x1904, 0x1904, 0x1904, 0x1904, 0x1904,
  0x1904, 0x1904, 0x2104, 0x20E4, 0x1904, 0x1904, 0x18E4, 0x18E4, 0x18E4, 0x18E4, 0x18E4, 0x18E4, 0x18E4, 0x18E4, 0x18E4, 0x18E4,
  0x18E4, 0x18E4, 0x18E4, 0x18E4, 0x18C4, 0x18E4, 0x18E4, 0x18C4, 0x18C4, 0x18C4, 0x18C4, 0x18C4, 0x18C4, 0x10C4, 0x10C4, 0x10C4,
  0x10C4, 0x10C4, 0x10C4, 0x10C4, 0x10C4, 0x10C4, 0x10A4, 0x10C4, 0x10A4, 0x10A4, 0x10A4, 0x10A4, 0x10A4, 0x10A4, 0x10A4, 0x10A4,
  0x10A4, 0x10A4, 0x10A4, 0x10A4, 0x10A4, 0x10A4, 0x10A4, 0x10A4, 0x10A4, 0x10A4, 0x10A4, 0x10A4, 0x10A4, 0x10A4, 0x10A4, 0x10A4,
  0x10A4, 0x10A4, 0x10A4, 0x10A4, 0x10A4, 0x10A4, 0x10A4, 0x10A4, 0x10A4, 0x10A4, 0x10A4, 0x10A4, 0x10A4, 0x10A4, 0x10A4, 0x10A4,
  0x10A4, 0x10A4, 0x10A4, 0x10A4, 0x10A4, 0x10A4, 0x10A4, 0x10A4, 0x10A4, 0x10A4, 0x10A4, 0x10A4, 0x10A4, 0x10A4, 0x10A4, 0x10A4,
  0x10A4, 0x10A4, 0x10A4, 0x10A4, 0x10A4, 0x10A4, 0x10A4, 0x10A4, 0x10A4, 0x10A4, 0x10A4, 0x10A4, 0x10A4, 0x10A4, 0x10A4, 0x10A4,
  0x10A4, 0x10A4, 0x10A4, 0x10A4, 0x10A4, 0x10A4, 0x10A4, 0x10A4, 0x10A4, 0x10A4, 0x10A4, 0x10A4, 0x10A4, 0x10A4, 0x10A4, 0x10A4,
  0x10A4, 0x10A4, 0x10A4, 0x10A4, 0x10A4, 0x10A4, 0x10A4, 0x10A4, 0x10A4, 0x10A4, 0x10A4, 0x10A4, 0x10A4, 0x10A4, 0x10A4, 0x10A4,
  0x10A4, 0x10A4, 0x10A4, 0x10A4, 0x10A4, 0x10A4, 0x10A4, 0x10A4, 0x10A4, 0x10A4, 0x10A4, 0x10A4, 0x10A4, 0x10A4, 0x10A4, 0x10A4,
  0x10A4, 0x10A4, 0x10A4, 0x10A4, 0x10A4, 0x10A4, 0x10A4, 0x10A4, 0x10A4, 0x10A4, 0x10A4, 0x10A4, 0x10A4, 0x10A4, 0x10A4, 0x10A4,
  0x10A4, 0x10A4, 0x10A4, 0x10A4, 0x10A4, 0x10A4, 0x10A4, 0x10A4, 0x10A4, 0x10A4, 0x10A4, 0x10A4, 0x10A4, 0x10A4, 0x10A4, 0x10A4,
  0x10A4, 0x10A4, 0x10A4, 0x10A4, 0x10A4, 0x10A4, 0x10A4, 0x10A4, 0x10A4, 0x10A4, 0x10A4, 0x10A4, 0x10A4, 0x10A4, 0x10A4, 0x10A4,
  0x10A4, 0x10A4, 0x10A4, 0x10A4, 0x10A4, 0x10A4, 0x10A4, 0x10A4, 0x10A4, 0x10A4, 0x10A4, 0x10A4, 0x10A4, 0x10A4, 0x10A4, 0x10A4,
  0x10A4, 0x10A4, 0x10A4, 0x10A4, 0x10A4, 0x10A4, 0x10A4, 0x10A4, 0x10A4, 0x10A4, 0x10A4, 0x10A4, 0x10A4, 0x10A4, 0x10A4, 0x10A4,
  0x10A4, 0x10A4, 0x10A4, 0x10A4, 0x10A4, 0x10A4, 0x10A4, 0x10A4, 0x10A4, 0x10A4, 0x10A4, 0x10A4, 0x10A4, 0x10A4, 0x10A4, 0x10A4,
  0x10A4, 0x10A4, 0x10A4, 0x10A4, 0x10A4, 0x10A4, 0x10A4, 0x10A4, 0x10A4, 0x10A4, 0x10A4, 0x10A4, 0x10A4, 0x10A4, 0x10A4, 0x10A4,
  0x10A4, 0x10A4, 0x10A4, 0x10A4, 0x10A4, 0x10A4, 0x10A4, 0x10A4, 0x10A4, 0x10A4, 0x10A4, 0x10A4, 0x10A4, 0x10C4, 0x10C4, 0x10C4,
  0x10C4, 0x18C4, 0x10C4, 0x18C4, 0x18C4, 0x18C4, 0x18C4, 0x18C4, 0x18C4, 0x18E4, 0x18E4, 0x18C4, 0x18E4, 0x18E4, 0x18E4, 0x18E4,
  0x18E4, 0x18E4, 0x18E4, 0x18E4, 0x18E4, 0x18E4, 0x18E4, 0x18E4, 0x18E4, 0x18E4, 0x1904, 0x18E4, 0x1904, 0x1904, 0x1904, 0x18E4,
  0x1904, 0x18E4, 0x1904, 0x1904, 0x1904, 0x1904, 0x18E4, 0x18E4, 0x18E4, 0x1904, 0x1904, 0x18E4, 0x18E4, 0x18E4, 0x18E4, 0x18E4,
  0x18E4, 0x18E4, 0x18E4, 0x18E4, 0x18E4, 0x18E4, 0x18E4, 0x18C4, 0x18C4, 0x18C4, 0x18C4, 0x18C4, 0x18C4, 0x10C4, 0x10C4, 0x10C4,
  0x10C4, 0x10C4, 0x10A4, 0x10C4, 0x10C4, 0x10C4, 0x10A4, 0x10A4, 0x10A4, 0x10A4, 0x10A4, 0x10A4, 0x10A4, 0x10A4, 0x10A4, 0x10A4,
  0x10A4, 0x10A4, 0x10A4, 0x10A4, 0x10A4, 0x10A4, 0x10A4, 0x10A4, 0x10A4, 0x10A4, 0x10A4, 0x10A4, 0x10A4, 0x10A4, 0x10A4, 0x10A4,
  0x10A4, 0x10A4, 0x10A4, 0x10A4, 0x10A4, 0x10A4, 0x10A4, 0x10A4, 0x10A4, 0x10A4, 0x10A4, 0x10A4, 0x10A4, 0x10A4, 0x10A4, 0x10A4,
  0x10A4, 0x10A4, 0x10A4, 0x10A4, 0x10A4, 0x10A4, 0x10A4, 0x10A4, 0x10A4, 0x10A4, 0x10A4, 0x10A4, 0x10A4, 0x10A4, 0x10A4, 0x10A4,
  0x10A4, 0x10A4, 0x10A4, 0x10A4, 0x10A4, 0x10A4, 0x10A4, 0x10A4, 0x10A4, 0x10A4, 0x10A4, 0x10A4, 0x10A4, 0x10A4, 0x10A4, 0x10A4,
  0x10A4, 0x10A4, 0x10A4, 0x10A4, 0x10A4, 0x10A4, 0x10A4, 0x10A4, 0x10A4, 0x10A4, 0x10A4, 0x10A4, 0x10A4, 0x10A4, 0x10A4, 0x10A4,
  0x10A4, 0x10A4, 0x10A4, 0x10A4, 0x10A4, 0x10A4, 0x10A4, 0x10A4, 0x10A4, 0x10A4, 0x10A4, 0x10A4, 0x10A4, 0x10A4, 0x10A4, 0x10A4,
  0x10A4, 0x10A4, 0x10A4, 0x10A4, 0x10A4, 0x10A4, 0x10A4, 0x10A4, 0x10A4, 0x10A4, 0x10A4, 0x10A4, 0x10A4, 0x10A4, 0x10A4, 0x10A4,
  0x10A4, 0x10A4, 0x10A4, 0x10A4, 0x10A4, 0x10A4, 0x10A4, 0x10A4, 0x10A4, 0x10A4, 0x10A4, 0x10A4, 0x10A4, 0x10A4, 0x10A4, 0x10A4,
  0x10A4, 0x10A4, 0x10A4, 0x10A4, 0x10A4, 0x10A4, 0x10A4, 0x10A4, 0x10A4, 0x10A4, 0x10A4, 0x10A4, 0x10A4, 0x10A4, 0x10A4, 0x10A4,
  0x10A4, 0x10A4, 0x10A4, 0x10A4, 0x10A4, 0x10A4, 0x10A4, 0x10A4, 0x10A4, 0x10A4, 0x10A4, 0x10A4, 0x10A4, 0x10A4, 0x10A4, 0x10A4,
  0x10A4, 0x10A4, 0x10A4, 0x10A4, 0x10A4, 0x10A4, 0x10A4, 0x10A4, 0x10A4, 0x10A4, 0x10A4, 0x10A4, 0x10A4, 0x10A4, 0x10A4, 0x10A4,
  0x10A4, 0x10A4, 0x10A4, 0x10A4, 0x10A4, 0x10A4, 0x10A4, 0x10A4, 0x10A4, 0x10A4, 0x10A4, 0x10A4, 0x10A4, 0x10A4, 0x10A4, 0x10A4,
  0x10A4, 0x10A4, 0x10A4, 0x10A4, 0x10A4, 0x10A4, 0x10A4, 0x10A4, 0x10A4, 0x10A4, 0x10A4, 0x10A4, 0x10A4, 0x10A4, 0x10A4, 0x10A4,
  0x10A4, 0x10A4, 0x10A4, 0x10A4, 0x10A4, 0x10A4, 0x10A4, 0x10A4, 0x10A4, 0x10A4, 0x10A4, 0x10A4, 0x10A4, 0x10A4, 0x10A4, 0x10A4,
  0x10A4, 0x10A4, 0x10A4, 0x10A4, 0x10A4, 0x10A4, 0x10A4, 0x10A4, 0x10A4, 0x10A4, 0x10A4, 0x10C4, 0x10C4, 0x10C4, 0x10C4, 0x10C4,
  0x10C4, 0x10C4, 0x10C4, 0x18C4, 0x18C4, 0x18C4, 0x18C4, 0x18C4, 0x18C4, 0x18E4, 0x18E4, 0x18C4, 0x18E4, 0x18E4, 0x18E4, 0x18E4,
  0x18E4, 0x18E4, 0x18E4, 0x18E4, 0x18E4, 0x18E4, 0x1904, 0x18E4, 0x18E4, 0x18E4, 0x1904, 0x1904, 0x1904, 0x2104, 0x2104, 0x1904,
  0x1904, 0x1904, 0x1904, 0x1904, 0x2104, 0x1904, 0x1904, 0x1904, 0x18E4, 0x18E4, 0x1904, 0x1904, 0x18E4, 0x18E4, 0x18E4, 0x18E4,
  0x18E4, 0x18E4, 0x18E4, 0x18E4, 0x18E4, 0x18E4, 0x18E4, 0x18E4, 0x18C4, 0x18C4, 0x18C4, 0x18C4, 0x18C4, 0x10C4, 0x10C4, 0x10C4,
  0x10C4, 0x10C4, 0x10A4, 0x10C4, 0x10C4, 0x10C4, 0x10A4, 0x10A4, 0x10A4, 0x10A4, 0x10A4, 0x10A4, 0x10A4, 0x10A4, 0x10A4, 0x10A4,
  0x10A4, 0x10A4, 0x10A4, 0x10A4, 0x10A4, 0x10A4, 0x10A4, 0x10A4, 0x10A4, 0x10A4, 0x10A4, 0x10A4, 0x10A4, 0x10A4, 0x10A4, 0x10A4,
  0x10A4, 0x10A4, 0x10A4, 0x10A4, 0x10A4, 0x10A4, 0x10A4, 0x10A4, 0x10A4, 0x10A4, 0x10A4, 0x10A4, 0x10A4, 0x10A4, 0x10A4, 0x10A4,
  0x10A4, 0x10A4, 0x10A4, 0x10A4, 0x10A4, 0x10A4, 0x10A4, 0x10A4, 0x10A4, 0x10A4, 0x10A4, 0x10A4, 0x10A4, 0x10A4, 0x10A4, 0x10A4,
  0x10A4, 0x10A4, 0x10A4, 0x10A4, 0x10A4, 0x10A4, 0x10A4, 0x10A4, 0x10A4, 0x10A4, 0x10A4, 0x10A4, 0x10A4, 0x10A4, 0x10A4, 0x10A4,
  0x10A4, 0x10A4, 0x10A4, 0x10A4, 0x10A4, 0x10A4, 0x10A4, 0x10A4, 0x10A4, 0x10A4, 0x10A4, 0x10A4, 0x10A4, 0x10A4, 0x10A4, 0x10A4,
  0x10A4, 0x10A4, 0x10A4, 0x10A4, 0x10A4, 0x10A4, 0x10A4, 0x10A4, 0x10A4, 0x10A4, 0x10A4, 0x10A4, 0x10A4, 0x10A4, 0x10A4, 0x10A4,
  0x10A4, 0x10A4, 0x10A4, 0x10A4, 0x10A4, 0x10A4, 0x10A4, 0x10A4, 0x10A4, 0x10A4, 0x10A4, 0x10A4, 0x10A4, 0x10A4, 0x10A4, 0x10A4,
  0x10A4, 0x10A4, 0x10A4, 0x10A4, 0x10A4, 0x10A4, 0x10A4, 0x10A4, 0x10A4, 0x10A4, 0x10A4, 0x10A4, 0x10A4, 0x10A4, 0x10A4, 0x10A4,
  0x10A4, 0x10A4, 0x10A4, 0x10A4, 0x10A4, 0x10A4, 0x10A4, 0x10A4, 0x10A4, 0x10A4, 0x10A4, 0x10A4, 0x10A4, 0x10A4, 0x10A4, 0x10A4,
  0x10A4, 0x10A4, 0x10A4, 0x10A4, 0x10A4, 0x10A4, 0x10A4, 0x10A4, 0x10A4, 0x10A4, 0x10A4, 0x10A4, 0x10A4, 0x10A4, 0x10A4, 0x10A4,
  0x10A4, 0x10A4, 0x10A4, 0x10A4, 0x10A4, 0x10A4, 0x10A4, 0x10A4, 0x10A4, 0x10A4, 0x10A4, 0x10A4, 0x10A4, 0x10A4, 0x10A4, 0x10A4,
  0x10A4, 0x10A4, 0x10A4, 0x10A4, 0x10A4, 0x10A4, 0x10A4, 0x10A4, 0x10A4, 0x10A4, 0x10A4, 0x10A4, 0x10A4, 0x10A4, 0x10A4, 0x10A4,
  0x10A4, 0x10A4, 0x10A4, 0x10A4, 0x10A4, 0x10A4, 0x10A4, 0x10A4, 0x10A4, 0x10A4, 0x10A4, 0x10A4, 0x10A4, 0x10A4, 0x10A4, 0x10A4,
  0x10A4, 0x10A4, 0x10A4, 0x10A4, 0x10A4, 0x10A4, 0x10A4, 0x10A4, 0x10A4, 0x10A4, 0x10A4, 0x10A4, 0x10A4, 0x10A4, 0x10A4, 0x10A4,
  0x10A4, 0x10A4, 0x10A4, 0x10A4, 0x10A4, 0x10A4, 0x10A4, 0x10A4, 0x10A4, 0x10A4, 0x10C4, 0x10C4, 0x10A4, 0x10A4, 0x10C4, 0x10C4,
  0x18C4, 0x18C4, 0x10C4, 0x18C4, 0x18C4, 0x18C4, 0x18C4, 0x18C4, 0x18C4, 0x18E4, 0x18E4, 0x18C4, 0x18E4, 0x18E4, 0x18E4, 0x18E4,
  0x18E4, 0x18E4, 0x18E4, 0x18E4, 0x18E4, 0x1904, 0x18E4, 0x18E4, 0x18E4, 0x18E4, 0x1904, 0x18E4, 0x1904, 0x1904, 0x18E4, 0x1904,
  0x1904, 0x18E4, 0x1904, 0x1904, 0x18E4, 0x18E4, 0x1904, 0x1904, 0x18E4, 0x18E4, 0x18E4, 0x18E4, 0x18E4, 0x18E4, 0x18E4, 0x18E4,
  0x18E4, 0x18E4, 0x18E4, 0x18E4, 0x18E4, 0x18E4, 0x18E4, 0x18E4, 0x18C4, 0x18C4, 0x18C4, 0x18C4, 0x18C4, 0x10C4, 0x18C4, 0x10C4,
  0x10C4, 0x10C4, 0x10A4, 0x10A4, 0x10A4, 0x10A4, 0x10A4, 0x10A4, 0x10A4, 0x10A4, 0x10A4, 0x10A4, 0x10A4, 0x10A4, 0x10A4, 0x10A4,
  0x10A4, 0x10A4, 0x10A4, 0x10A4, 0x10A4, 0x10A4, 0x10A4, 0x10A4, 0x10A4, 0x10A4, 0x10A4, 0x10A4, 0x10A4, 0x10A4, 0x10A4, 0x10A4,
  0x10A4, 0x10A4, 0x10A4, 0x10A4, 0x10A4, 0x10A4, 0x10A4, 0x10A4, 0x10A4, 0x10A4, 0x10A4, 0x10A4, 0x10A4, 0x10A4, 0x10A4, 0x10A4,
  0x10A4, 0x10A4, 0x10A4, 0x10A4, 0x10A4, 0x10A4, 0x10A4, 0x10A4, 0x10A4, 0x10A4, 0x10A4, 0x10A4, 0x10A4, 0x10A4, 0x10A4, 0x10A4,
  0x10A4, 0x10A4, 0x10A4, 0x10A4, 0x10A4, 0x10A4, 0x10A4, 0x10A4, 0x10A4, 0x10A4, 0x10A4, 0x10A4, 0x10A4, 0x10A4, 0x10A4, 0x10A4,
  0x10A4, 0x10A4, 0x10A4, 0x10A4, 0x10A4, 0x10A4, 0x10A4, 0x10A4, 0x10A4, 0x10A4, 0x10A4, 0x10A4, 0x10A4, 0x10A4, 0x10A4, 0x10A4,
  0x10A4, 0x10A4, 0x10A4, 0x10A4, 0x10A4, 0x10A4, 0x10A4, 0x10A4, 0x10A4, 0x10A4, 0x10A4, 0x10A4, 0x10A4, 0x10A4, 0x10A4, 0x10A4,
  0x10A4, 0x10A4, 0x10A4, 0x10A4, 0x10A4, 0x10A4, 0x10A4, 0x10A4, 0x10A4, 0x10A4, 0x10A4, 0x10A4, 0x10A4, 0x10A4, 0x10A4, 0x10A4,
  0x10A4, 0x10A4, 0x10A4, 0x10A4, 0x10A4, 0x10A4, 0x10A4, 0x10A4, 0x10A4, 0x10A4, 0x10A4, 0x10A4, 0x10A4, 0x10A4, 0x10A4, 0x10A4,
  0x10A4, 0x10A4, 0x10A4, 0x10A4, 0x10A4, 0x10A4, 0x10A4, 0x10A4, 0x10A4, 0x10A4, 0x10A4, 0x10A4, 0x10A4, 0x10A4, 0x10A4, 0x10A4,
  0x10A4, 0x10A4, 0x10A4, 0x10A4, 0x10A4, 0x10A4, 0x10A4, 0x10A4, 0x10A4, 0x10A4, 0x10A4, 0x10A4, 0x10A4, 0x10A4, 0x10A4, 0x10A4,
  0x10A4, 0x10A4, 0x10A4, 0x10A4, 0x10A4, 0x10A4, 0x10A4, 0x10A4, 0x10A4, 0x10A4, 0x10A4, 0x10A4, 0x10A4, 0x10A4, 0x10A4, 0x10A4,
  0x10A4, 0x10A4, 0x10A4, 0x10A4, 0x10A4, 0x10A4, 0x10A4, 0x10A4, 0x10A4, 0x10A4, 0x10A4, 0x10A4, 0x10A4, 0x10A4, 0x10A4, 0x10A4,
  0x10A4, 0x10A4, 0x10A4, 0x10A4, 0x10A4, 0x10A4, 0x10A4, 0x10A4, 0x10A4, 0x10A4, 0x10A4, 0x10A4, 0x10A4, 0x10A4, 0x10A4, 0x10A4,
  0x10A4, 0x10A4, 0x10A4, 0x10A4, 0x10A4, 0x10A4, 0x10A4, 0x10A4, 0x10A4, 0x10A4, 0x10A4, 0x10A4, 0x10A4, 0x10A4, 0x10A4, 0x10A4,
  0x10A4, 0x10A4, 0x10A4, 0x10A4, 0x10A4, 0x10A4, 0x10A4, 0x10A4, 0x10A4, 0x10A4, 0x10C4, 0x10C4, 0x10A4, 0x10A4, 0x10C4, 0x10C4,
  0x18C4, 0x10C4, 0x10C4, 0x18C4, 0x18C4, 0x18C4, 0x18C4, 0x18C4, 0x18E4, 0x18E4, 0x18C4, 0x18E4, 0x18E4, 0x18E4, 0x18E4, 0x18E4,
  0x18E4, 0x18E4, 0x18E4, 0x18E4, 0x18E4, 0x18E4, 0x18E4, 0x18E4, 0x1904, 0x1904, 0x1904, 0x18E4, 0x1904, 0x1904, 0x2104, 0x2104,
  0x2104, 0x2104, 0x18E4, 0x1904, 0x1904, 0x1904, 0x2104, 0x1904, 0x18E4, 0x18E4, 0x18E4, 0x18E4, 0x18E4, 0x18E4, 0x18E4, 0x18E4,
  0x18E4, 0x18E4, 0x18E4, 0x18E4, 0x18E4, 0x18E4, 0x18E4, 0x18E4, 0x18E4, 0x18C4, 0x18C4, 0x18C4, 0x18C4, 0x18C4, 0x18C4, 0x10C4,
  0x10C4, 0x10C4, 0x10A4, 0x10C4, 0x10A4, 0x10A4, 0x10A4, 0x10A4, 0x10A4, 0x10A4, 0x10A4, 0x10A4, 0x10A4, 0x10A4, 0x10A4, 0x10A4,
  0x10A4, 0x10A4, 0x10A4, 0x10A4, 0x10A4, 0x10A4, 0x10A4, 0x10A4, 0x10A4, 0x10A4, 0x10A4, 0x10A4, 0x10A4, 0x10A4, 0x10A4, 0x10A4,
  0x10A4, 0x10A4, 0x10A4, 0x10A4, 0x10A4, 0x10A4, 0x10A4, 0x10A4, 0x10A4, 0x10A4, 0x10A4, 0x10A4, 0x10A4, 0x10A4, 0x10A4, 0x10A4,
  0x10A4, 0x10A4, 0x10A4, 0x10A4, 0x10A4, 0x10A4, 0x10A4, 0x10A4, 0x10A4, 0x10A4, 0x10A4, 0x10A4, 0x10A4, 0x10A4, 0x10A4, 0x10A4,
  0x10A4, 0x10A4, 0x10A4, 0x10A4, 0x10A4, 0x10A4, 0x10A4, 0x10A4, 0x10A4, 0x10A4, 0x10A4, 0x10A4, 0x10A4, 0x10A4, 0x10A4, 0x10A4,
  0x10A4, 0x10A4, 0x10A4, 0x10A4, 0x10A4, 0x10A4, 0x10A4, 0x10A4, 0x10A4, 0x10A4, 0x10A4, 0x10A4, 0x10A4, 0x10A4, 0x10A4, 0x10A4,
  0x10A4, 0x10A4, 0x10A4, 0x10A4, 0x10A4, 0x10A4, 0x10A4, 0x10A4, 0x10A4, 0x10A4, 0x10A4, 0x10A4, 0x10A4, 0x10A4, 0x10A4, 0x10A4,
  0x10A4, 0x10A4, 0x10A4, 0x10A4, 0x10A4, 0x10A4, 0x10A4, 0x10A4, 0x10A4, 0x10A4, 0x10A4, 0x10A4, 0x10A4, 0x10A4, 0x10A4, 0x10A4,
  0x10A4, 0x10A4, 0x10A4, 0x10A4, 0x10A4, 0x10A4, 0x10A4, 0x10A4, 0x10A4, 0x10A4, 0x10A4, 0x10A4, 0x10A4, 0x10A4, 0x10A4, 0x10A4,
  0x10A4, 0x10A4, 0x10A4, 0x10A4, 0x10A4, 0x10A4, 0x10A4, 0x10A4, 0x10A4, 0x10A4, 0x10A4, 0x10A4, 0x10A4, 0x10A4, 0x10A4, 0x10A4,
  0x10A4, 0x10A4, 0x10A4, 0x10A4, 0x10A4, 0x10A4, 0x10A4, 0x10A4, 0x10A4, 0x10A4, 0x10A4, 0x10A4, 0x10A4, 0x10A4, 0x10A4, 0x10A4,
  0x10A4, 0x10A4, 0x10A4, 0x10A4, 0x10A4, 0x10A4, 0x10A4, 0x10A4, 0x10A4, 0x10A4, 0x10A4, 0x10A4, 0x10A4, 0x10A4, 0x10A4, 0x10A4,
  0x10A4, 0x10A4, 0x10A4, 0x10A4, 0x10A4, 0x10A4, 0x10A4, 0x10A4, 0x10A4, 0x10A4, 0x10A4, 0x10A4, 0x10A4, 0x10A4, 0x10A4, 0x10A4,
  0x10A4, 0x10A4, 0x10A4, 0x10A4, 0x10A4, 0x10A4, 0x10A4, 0x10A4, 0x10A4, 0x10A4, 0x10A4, 0x10A4, 0x10A4, 0x10A4, 0x10A4, 0x10A4,
  0x10A4, 0x10A4, 0x10A4, 0x10A4, 0x10A4, 0x10A4, 0x10A4, 0x10A4, 0x10A4, 0x10A4, 0x10A4, 0x10A4, 0x10A4, 0x10A4, 0x10A4, 0x10A4,
  0x10A4, 0x10A4, 0x10A4, 0x10A4, 0x10A4, 0x10A4, 0x10A4, 0x10A4, 0x10A4, 0x10A4, 0x10C4, 0x10C4, 0x10A4, 0x10A4, 0x10C4, 0x10C4,
  0x18C4, 0x10C4, 0x10C4, 0x18C4, 0x18C4, 0x18C4, 0x18C4, 0x18C4, 0x18C4, 0x18C4, 0x18C4, 0x18E4, 0x18E4, 0x18E4, 0x18E4, 0x18E4,
  0x18E4, 0x18E4, 0x18E4, 0x18E4, 0x18E4, 0x18E4, 0x18E4, 0x18E4, 0x1904, 0x18E4, 0x1904, 0x18E4, 0x2104, 0x2104, 0x2104, 0x2104,
  0x2104, 0x2104, 0x2104, 0x1904, 0x1904, 0x1904, 0x18E4, 0x1904, 0x18E4, 0x18E4, 0x18E4, 0x18E4, 0x18E4, 0x18E4, 0x18E4, 0x18E4,
  0x18E4, 0x18E4, 0x18E4, 0x18E4, 0x18E4, 0x18E4, 0x18E4, 0x18C4, 0x18C4, 0x18C4, 0x18C4, 0x18C4, 0x18C4, 0x18C4, 0x18C4, 0x18C4,
  0x18C4, 0x10C4, 0x10A4, 0x10C4, 0x10C4, 0x10C4, 0x10A4, 0x10A4, 0x10A4, 0x10A4, 0x10A4, 0x10A4, 0x10A4, 0x10A4, 0x10A4, 0x10A4,
  0x10A4, 0x10A4, 0x10A4, 0x10A4, 0x10A4, 0x10A4, 0x10A4, 0x10A4, 0x10A4, 0x10A4, 0x10A4, 0x10A4, 0x10A4, 0x10A4, 0x10A4, 0x10A4,
  0x10A4, 0x10A4, 0x10A4, 0x10A4, 0x10A4, 0x10A4, 0x10A4, 0x10A4, 0x10A4, 0x10A4, 0x10A4, 0x10A4, 0x10A4, 0x10A4, 0x10A4, 0x10A4,
  0x10A4, 0x10A4, 0x10A4, 0x10A4, 0x10A4, 0x10A4, 0x10A4, 0x10A4, 0x10A4, 0x10A4, 0x10A4, 0x10A4, 0x10A4, 0x10A4, 0x10A4, 0x10A4,
  0x10A4, 0x10A4, 0x10A4, 0x10A4, 0x10A4, 0x10A4, 0x10A4, 0x10A4, 0x10A4, 0x10A4, 0x10A4, 0x10A4, 0x10A4, 0x10A4, 0x10A4, 0x10A4,
  0x10A4, 0x10A4, 0x10A4, 0x10A4, 0x10A4, 0x10A4, 0x10A4, 0x10A4, 0x10A4, 0x10A4, 0x10A4, 0x10A4, 0x10A4, 0x10A4, 0x10A4, 0x10A4,
  0x10A4, 0x10A4, 0x10A4, 0x10A4, 0x10A4, 0x10A4, 0x10A4, 0x10A4, 0x10A4, 0x10A4, 0x10A4, 0x10A4, 0x10A4, 0x10A4, 0x10A4, 0x10A4,
  0x10A4, 0x10A4, 0x10A4, 0x10A4, 0x10A4, 0x10A4, 0x10A4, 0x10A4, 0x10A4, 0x10A4, 0x10A4, 0x10A4, 0x10A4, 0x10A4, 0x10A4, 0x10A4,
};

