#ifndef GUARDIAN_MAX_SPLASH_H
#define GUARDIAN_MAX_SPLASH_H

// Guardian MAX boot and setup screens, 320x170.
// Same chrome as images_guardian_320_170.h with the MAX badge.

const unsigned short guardianMaxSetupScreen[0xD480] PROGMEM = {
  0x10A4, 0x10A4, 0x10A4, 0x10A4, 0x10A4, 0x10A4, 0x10A4, 0x10A4, 0x10A4, 0x10A4, 0x10A4, 0x10A4, 0x10A4, 0x10A4, 0x10A4, 0x10A4,
  0x10A4, 0x10A4, 0x10A4, 0x10A4, 0x10A4, 0x10A4, 0x10A4, 0x10A4, 0x10A4, 0x10A4, 0x10A4, 0x10A4, 0x10A4, 0x10A4, 0x10A4, 0x10A4,
  0x10A4, 0x10A4, 0x10A4, 0x10A4, 0x10A4, 0x10A4, 0x10A4, 0x10A4, 0x10A4, 0x10A4, 0x10A4, 0x10A4, 0x10A4, 0x10A4, 0x10A4, 0x10A4,
  0x10A4, 0x10A4, 0x10A4, 0x10A4, 0x10A4, 0x10A4, 0x10A4, 0x10A4, 0x10A4, 0x10A4, 0x10A4, 0x10A4, 0x10A4, 0x10A4, 0x10A4, 0x10A4,
  0x10A4, 0x10A4, 0x10A4, 0x10A4, 0x10A4, 0x10A4, 0x10A4, 0x10A4, 0x10A4, 0x10A4, 0x10A4, 0x10A4, 0x10A4, 0x10A4, 0x10A4, 0x10A4,
  0x10A4, 0x10A4, 0x10A4, 0x10A4, 0x10A4, 0x10A4, 0x10A4, 0x10A4, 0x10A4, 0x10A4, 0x10A4, 0x10A4, 0x10A4, 0x10A4, 0x10A4, 0x10A4,
  0x10A4, 0x10A4, 0x10A4, 0x10A4, 0x10A4, 0x10A4, 0x10A4, 0x10A4, 0x10A4, 0x10A4, 0x10C4, 0x10C4, 0x10C4, 0x10C4, 0x10C4, 0x10C4,
  0x10C4, 0x10C4, 0x10C4, 0x10C4, 0x10C4, 0x10C5, 0x10C4, 0x10C5, 0x10E5, 0x10E5, 0x10E5, 0x10E5, 0x10E5, 0x10E5, 0x10E5, 0x10E5,
  0x10E5, 0x10E5, 0x1105, 0x1105, 0x1105, 0x1105, 0x1105, 0x1105, 0x1105, 0x1105, 0x1105, 0x1125, 0x1125, 0x1125, 0x1126, 0x1126,
  0x1126, 0x1126, 0x1126, 0x1126, 0x1126, 0x1146, 0x1146, 0x1146, 0x1146, 0x1146, 0x1146, 0x1146, 0x1146, 0x1146, 0x1146, 0x1146,
  0x1146, 0x1146, 0x1146, 0x1146, 0x1146, 0x1146, 0x1146, 0x1146, 0x1146, 0x1146, 0x1146, 0x1146, 0x1126, 0x1126, 0x1126, 0x1126,
  0x1126, 0x1126, 0x1126, 0x1125, 0x1125, 0x1105, 0x1105, 0x1105, 0x1105, 0x1105, 0x1105, 0x1105, 0x1105, 0x1105, 0x1105, 0x10E5,
  0x10E5, 0x10E5, 0x10E5, 0x10E5, 0x10E5, 0x10E5, 0x10E5, 0x10E5, 0x10E5, 0x10C5, 0x10C5, 0x10C4, 0x10C4, 0x10C4, 0x10C4, 0x10C4,
  0x10C4, 0x10C4, 0x10C4, 0x10C4, 0x10C4, 0x10C4, 0x10C4, 0x10C4, 0x10C4, 0x10A4, 0x10A4, 0x10A4, 0x10A4, 0x10A4, 0x10A4, 0x10A4,
  0x10A4, 0x10A4, 0x10A4, 0x10A4, 0x10A4, 0x10A4, 0x10A4, 0x10A4, 0x10A4, 0x10A4, 0x10A4, 0x10A4, 0x10A4, 0x10A4, 0x10A4, 0x10A4,
  0x10A4, 0x10A4, 0x10A4, 0x10A4, 0x10A4, 0x10A4, 0x10A4, 0x10A4, 0x10A4, 0x10A4, 0x10A4, 0x10A4, 0x10A4, 0x10A4, 0x10A4, 0x10A4,
  0x10A4, 0x10A4, 0x10A4, 0x10A4, 0x10A4, 0x10A4, 0x10A4, 0x10A4, 0x10A4, 0x10A4, 0x10A4, 0x10A4, 0x10A4, 0x10A4, 0x10A4, 0x10A4,
  0x10A4, 0x10A4, 0x10A4, 0x10A4, 0x10A4, 0x10A4, 0x10A4, 0x10A4, 0x10A4, 0x10A4, 0x10A4, 0x10A4, 0x10A4, 0x10A4, 0x10A4, 0x10A4,
  0x10A4, 0x10A4, 0x10A4, 0x10A4, 0x10A4, 0x10A4, 0x10A4, 0x10A4, 0x10A4, 0x10A4, 0x10A4, 0x10A4, 0x10A4, 0x10A4, 0x10A4, 0x10A4,
  0x10A4, 0x10A4, 0x10A4, 0x10A4, 0x10A4, 0x10A4, 0x10A4, 0x10A4, 0x10A4, 0x10A4, 0x10A4, 0x10A4, 0x10A4, 0x10A4, 0x10A4, 0x10A4,
  0x10A4, 0x10A4, 0x10A4, 0x10A4, 0x10A4, 0x10A4, 0x10A4, 0x10A4, 0x10A4, 0x10A4, 0x10A4, 0x10A4, 0x10A4, 0x10A4, 0x10A4, 0x10A4,
  0x10A4, 0x10A4, 0x10A4, 0x10A4, 0x10A4, 0x10A4, 0x10A4, 0x10A4, 0x10A4, 0x10A4, 0x10A4, 0x10A4, 0x10A4, 0x10A4, 0x10A4, 0x10A4,
  0x10A4, 0x10A4, 0x10A4, 0x10A4, 0x10A4, 0x10A4, 0x10A4, 0x10A4, 0x10A4, 0x10A4, 0x10A4, 0x10A4, 0x10A4, 0x10A4, 0x10A4, 0x10A4,
  0x10A4, 0x10A4, 0x10A4, 0x10A4, 0x10A4, 0x10A4, 0x10A4, 0x10A4, 0x10A4, 0x10A4, 0x10A4, 0x10A4, 0x10A4, 0x10A4, 0x10A4, 0x10A4,
  0x10A4, 0x10A4, 0x10A4, 0x10A4, 0x10A4, 0x10A4, 0x10A4, 0x10A4, 0x10A4, 0x10A4, 0x10A4, 0x10A4, 0x10A4, 0x10A4, 0x10A4, 0x10A4,
  0x10A4, 0x10A4, 0x10A4, 0x10A4, 0x10A4, 0x10A4, 0x10A4, 0x10A4, 0x10A4, 0x10A4, 0x10A4, 0x10A4, 0x10A4, 0x10A4, 0x10A4, 0x10A4,
  0x10A4, 0x10A4, 0x10A4, 0x10A4, 0x10A4, 0x10A4, 0x10A4, 0x10C4, 0x10C4, 0x10A4, 0x10C4, 0x10C4, 0x10C4, 0x10C4, 0x10C4, 0x10C4,
  0x10C4, 0x10C4, 0x10C4, 0x10C4, 0x10C4, 0x10C4, 0x10E5, 0x10C5, 0x10E5, 0x10E5, 0x10E5, 0x10E5, 0x10E5, 0x10E5, 0x10E5, 0x10E5,
  0x10E5, 0x10E5, 0x1105, 0x1105, 0x1105, 0x1105, 0x1105, 0x1105, 0x1105, 0x1105, 0x1125, 0x1125, 0x1125, 0x1125, 0x1126, 0x1126,
  0x1126, 0x1126, 0x1126, 0x1126, 0x1126, 0x1146, 0x1146, 0x1146, 0x1146, 0x1146, 0x1146, 0x1146, 0x1146, 0x1146, 0x1146, 0x1146,
  0x1146, 0x1146, 0x1146, 0x1146, 0x1146, 0x1146, 0x1146, 0x1146, 0x1146, 0x1146, 0x1146, 0x1146, 0x1146, 0x1126, 0x1126, 0x1126,
  0x1126, 0x1126, 0x1126, 0x1125, 0x1125, 0x1125, 0x1105, 0x1105, 0x1105, 0x1105, 0x1105, 0x1105, 0x1105, 0x1105, 0x1105, 0x10E5,
  0x10E5, 0x10E5, 0x10E5, 0x10E5, 0x10E5, 0x10E5, 0x10E5, 0x10E5, 0x10E5, 0x10C5, 0x10C5, 0x10C4, 0x10C4, 0x10C4, 0x10C4, 0x10C4,
  0x10C4, 0x10C4, 0x10C4, 0x10C4, 0x10C4, 0x10C4, 0x10C4, 0x10C4, 0x10A4, 0x10A4, 0x10A4, 0x10A4, 0x10A4, 0x10A4, 0x10A4, 0x10A4,
  0x10A4, 0x10A4, 0x10A4, 0x10A4, 0x10A4, 0x10A4, 0x10A4, 0x10A4, 0x10A4, 0x10A4, 0x10A4, 0x10A4, 0x10A4, 0x10A4, 0x10A4, 0x10A4,
  0x10A4, 0x10A4, 0x10A4, 0x10A4, 0x10A4, 0x10A4, 0x10A4, 0x10A4, 0x10A4, 0x10A4, 0x10A4, 0x10A4, 0x10A4, 0x10A4, 0x10A4, 0x10A4,
  0x10A4, 0x10A4, 0x10A4, 0x10A4, 0x10A4, 0x10A4, 0x10A4, 0x10A4, 0x10A4, 0x10A4, 0x10A4, 0x10A4, 0x10A4, 0x10A4, 0x10A4, 0x10A4,
  0x10A4, 0x10A4, 0x10A4, 0x10A4, 0x10A4, 0x10A4, 0x10A4, 0x10A4, 0x10A4, 0x10A4, 0x10A4, 0x10A4, 0x10A4, 0x10A4, 0x10A4, 0x10A4,
  0x10A4, 0x10A4, 0x10A4, 0x10A4, 0x10A4, 0x10A4, 0x10A4, 0x10A4, 0x10A4, 0x10A4, 0x10A4, 0x10A4, 0x10A4, 0x10A4, 0x10A4, 0x10A4,
  0x10A4, 0x10A4, 0x10A4, 0x10A4, 0x10A4, 0x10A4, 0x10A4, 0x10A4, 0x10A4, 0x10A4, 0x10A4, 0x10A4, 0x10A4, 0x10A4, 0x10A4, 0x10A4,
  0x10A4, 0x10A4, 0x10A4, 0x10A4, 0x10A4, 0x10A4, 0x10A4, 0x10A4, 0x10A4, 0x10A4, 0x10A4, 0x10A4, 0x10A4, 0x10A4, 0x10A4, 0x10A4,
  0x10A4, 0x10A4, 0x10A4, 0x10A4, 0x10A4, 0x10A4, 0x10A4, 0x10A4, 0x10A4, 0x10A4, 0x10A4, 0x10A4, 0x10A4, 0x10A4, 0x10A4, 0x10A4,
  0x10A4, 0x10A4, 0x10A4, 0x10A4, 0x10A4, 0x10A4, 0x10A4, 0x10A4, 0x10A4, 0x10A4, 0x10A4, 0x10A4, 0x10A4, 0x10A4, 0x10A4, 0x10A4,
  0x10A4, 0x10A4, 0x10A4, 0x10A4, 0x10A4, 0x10A4, 0x10A4, 0x10A4, 0x10A4, 0x10A4, 0x10A4, 0x10A4, 0x10A4, 0x10A4, 0x10A4, 0x10A4,
  0x10A4, 0x10A4, 0x10A4, 0x10A4, 0x10A4, 0x10A4, 0x10A4, 0x10A4, 0x10A4, 0x10A4, 0x10A4, 0x10A4, 0x10A4, 0x10A4, 0x10A4, 0x10A4,
  0x10A4, 0x10A4, 0x10A4, 0x10A4, 0x10A4, 0x10A4, 0x10A4, 0x10A4, 0x10A4, 0x10A4, 0x10A4, 0x10A4, 0x10A4, 0x10A4, 0x10A4, 0x10A4,
  0x10A4, 0x10A4, 0x10A4, 0x10A4, 0x10A4, 0x10A4, 0x10A4, 0x10A4, 0x10C4, 0x10C4, 0x10C4, 0x10C4, 0x10C4, 0x10C4, 0x10C4, 0x10C4,
  0x10C4, 0x10C4, 0x10C4, 0x10C4, 0x10C4, 0x10C4, 0x10E5, 0x10E5, 0x10E5, 0x10E5, 0x10E5, 0x10E5, 0x10E5, 0x10E5, 0x10E5, 0x10E5,
  0x10E5, 0x10E5, 0x1105, 0x1105, 0x1105, 0x1105, 0x1105, 0x1105, 0x1105, 0x1105, 0x1105, 0x1125, 0x1125, 0x1126, 0x1126, 0x1126,
  0x1126, 0x1126, 0x1126, 0x1146, 0x1146, 0x1146, 0x1146, 0x1146, 0x1146, 0x1146, 0x1146, 0x1146, 0x1146, 0x1146, 0x1146, 0x1146,
  0x1146, 0x1146, 0x1146, 0x1146, 0x1146, 0x1146, 0x1146, 0x1146, 0x1146, 0x1146, 0x1146, 0x1146, 0x1146, 0x1146, 0x1126, 0x1126,
  0x1126, 0x1126, 0x1126, 0x1125, 0x1125, 0x1125, 0x1105, 0x1105, 0x1105, 0x1105, 0x1105, 0x1105, 0x1105, 0x1105, 0x1105, 0x10E5,
  0x10E5, 0x10E5, 0x10E5, 0x10E5, 0x10E5, 0x10E5, 0x10E5, 0x10E5, 0x10E5, 0x10E5, 0x10C5, 0x10C4, 0x10C4, 0x10C4, 0x10C4, 0x10C4,
  0x10C4, 0x10C4, 0x10C4, 0x10C4, 0x10C4, 0x10C4, 0x10C4, 0x10C4, 0x10A4, 0x10A4, 0x10A4, 0x10A4, 0x10A4, 0x10A4, 0x10A4, 0x10A4,
  0x10A4, 0x10A4, 0x10A4, 0x10A4, 0x10A4, 0x10A4, 0x10A4, 0x10A4, 0x10A4, 0x10A4, 0x10A4, 0x10A4, 0x10A4, 0x10A4, 0x10A4, 0x10A4,
  0x10A4, 0x10A4, 0x10A4, 0x10A4, 0x10A4, 0x10A4, 0x10A4, 0x10A4, 0x10A4, 0x10A4, 0x10A4, 0x10A4, 0x10A4, 0x10A4, 0x10A4, 0x10A4,
  0x10A4, 0x10A4, 0x10A4, 0x10A4, 0x10A4, 0x10A4, 0x10A4, 0x10A4, 0x10A4, 0x10A4, 0x10A4, 0x10A4, 0x10A4, 0x10A4, 0x10A4, 0x10A4,
  0x10A4, 0x10A4, 0x10A4, 0x10A4, 0x10A4, 0x10A4, 0x10A4, 0x10A4, 0x10A4, 0x10A4, 0x10A4, 0x10A4, 0x10A4, 0x10A4, 0x10A4, 0x10A4,
  0x10A4, 0x10A4, 0x10A4, 0x10A4, 0x10A4, 0x10A4, 0x10A4, 0x10A4, 0x10A4, 0x10A4, 0x10A4, 0x10A4, 0x10A4, 0x10A4, 0x10A4, 0x10A4,
  0x10A4, 0x10A4, 0x10A4, 0x10A4, 0x10A4, 0x10A4, 0x10A4, 0x10A4, 0x10A4, 0x10A4, 0x10A4, 0x10A4, 0x10A4, 0x10A4, 0x10A4, 0x10A4,
  0x10A4, 0x10A4, 0x10A4, 0x10A4, 0x10A4, 0x10A4, 0x10A4, 0x10A4, 0x10A4, 0x10A4, 0x10A4, 0x10A4, 0x10A4, 0x10A4, 0x10A4, 0x10A4,
  0x10A4, 0x10A4, 0x10A4, 0x10A4, 0x10A4, 0x10A4, 0x10A4, 0x10A4, 0x10A4, 0x10A4, 0x10A4, 0x10A4, 0x10A4, 0x10A4, 0x10A4, 0x10A4,
  0x10A4, 0x10A4, 0x10A4, 0x10A4, 0x10A4, 0x10A4, 0x10A4, 0x10A4, 0x10A4, 0x10A4, 0x10A4, 0x10A4, 0x10A4, 0x10A4, 0x10A4, 0x10A4,
  0x10A4, 0x10A4, 0x10A4, 0x10A4, 0x10A4, 0x10A4, 0x10A4, 0x10A4, 0x10A4, 0x10A4, 0x10A4, 0x10A4, 0x10A4, 0x10A4, 0x10A4, 0x10A4,
  0x10A4, 0x10A4, 0x10A4, 0x10A4, 0x10A4, 0x10A4, 0x10A4, 0x10A4, 0x10A4, 0x10A4, 0x10A4, 0x10A4, 0x10A4, 0x10A4, 0x10A4, 0x10A4,
  0x10A4, 0x10A4, 0x10A4, 0x10A4, 0x10A4, 0x10A4, 0x10A4, 0x10A4, 0x10A4, 0x10A4, 0x10A4, 0x10A4, 0x10A4, 0x10A4, 0x10A4, 0x10A4,
  0x10A4, 0x10A4, 0x10A4, 0x10A4, 0x10A4, 0x10A4, 0x10A4, 0x10A4, 0x10C4, 0x10C4, 0x10C4, 0x10C4, 0x10C4, 0x10C4, 0x10C4, 0x10C4,
  0x10C4, 0x10C4, 0x10C4, 0x10C4, 0x10C4, 0x10C4, 0x10E4, 0x10E5, 0x10E5, 0x10E5, 0x10E5, 0x10E5, 0x10E5, 0x10E5, 0x10E5, 0x10E5,
  0x10E5, 0x1105, 0x1105, 0x1105, 0x1105, 0x1105, 0x1105, 0x1105, 0x1105, 0x1105, 0x1125, 0x1125, 0x1125, 0x1126, 0x1126, 0x1126,
  0x1126, 0x1126, 0x1126, 0x1146, 0x1146, 0x1146, 0x1146, 0x1146, 0x1146, 0x1146, 0x1146, 0x1146, 0x1146, 0x1146, 0x1146, 0x1146,
  0x1146, 0x1146, 0x1146, 0x1146, 0x1146, 0x1146, 0x1146, 0x1146, 0x1146, 0x1146, 0x1146, 0x1146, 0x1146, 0x1146, 0x1126, 0x1126,
  0x1126, 0x1126, 0x1126, 0x1126, 0x1125, 0x1125, 0x1105, 0x1105, 0x1105, 0x1105, 0x1105, 0x1105, 0x1105, 0x1105, 0x10E5, 0x10E5,
  0x10E5, 0x10E5, 0x10E5, 0x10E5, 0x10E5, 0x10E5, 0x10E5, 0x10E5, 0x10E5, 0x10E5, 0x10C4, 0x10C4, 0x10C4, 0x10C4, 0x10C4, 0x10C4,
  0x10C4, 0x10C4, 0x10C4, 0x10C4, 0x10C4, 0x10C4, 0x10C4, 0x10A4, 0x10A4, 0x10A4, 0x10A4, 0x10A4, 0x10A4, 0x10A4, 0x10A4, 0x10A4,
  0x10A4, 0x10A4, 0x10A4, 0x10A4, 0x10A4, 0x10A4, 0x10A4, 0x10A4, 0x10A4, 0x10A4, 0x10A4, 0x10A4, 0x10A4, 0x10A4, 0x10A4, 0x10A4,
  0x10A4, 0x10A4, 0x10A4, 0x10A4, 0x10A4, 0x10A4, 0x10A4, 0x10A4, 0x10A4, 0x10A4, 0x10A4, 0x10A4, 0x10A4, 0x10A4, 0x10A4, 0x10A4,
  0x10A4, 0x10A4, 0x10A4, 0x10A4, 0x10A4, 0x10A4, 0x10A4, 0x10A4, 0x10A4, 0x10A4, 0x10A4, 0x10A4, 0x10A4, 0x10A4, 0x10A4, 0x10A4,
  0x10A4, 0x10A4, 0x10A4, 0x10A4, 0x10A4, 0x10A4, 0x10A4, 0x10A4, 0x10A4, 0x10A4, 0x10A4, 0x10A4, 0x10A4, 0x10A4, 0x10A4, 0x10A4,
  0x10A4, 0x10A4, 0x10A4, 0x10A4, 0x10A4, 0x10A4, 0x10A4, 0x10A4, 0x10A4, 0x10A4, 0x10A4, 0x10A4, 0x10A4, 0x10A4, 0x10A4, 0x10A4,
  0x10A4, 0x10A4, 0x10A4, 0x10A4, 0x10A4, 0x10A4, 0x10A4, 0x10A4, 0x10A4, 0x10A4, 0x10A4, 0x10A4, 0x10A4, 0x10A4, 0x10A4, 0x10A4,
  0x10A4, 0x10A4, 0x10A4, 0x10A4, 0x10A4, 0x10A4, 0x10A4, 0x10A4, 0x10A4, 0x10A4, 0x10A4, 0x10A4, 0x10A4, 0x10A4, 0x10A4, 0x10A4,
  0x10A4, 0x10A4, 0x10A4, 0x10A4, 0x10A4, 0x10A4, 0x10A4, 0x10A4, 0x10A4, 0x10A4, 0x10A4, 0x10A4, 0x10A4, 0x10A4, 0x10A4, 0x10A4,
  0x10A4, 0x10A4, 0x10A4, 0x10A4, 0x10A4, 0x10A4, 0x10A4, 0x10A4, 0x10A4, 0x10A4, 0x10A4, 0x10A4, 0x10A4, 0x10A4, 0x10A4, 0x10A4,
  0x10A4, 0x10A4, 0x10A4, 0x10A4, 0x10A4, 0x10A4, 0x10A4, 0x10A4, 0x10A4, 0x10A4, 0x10A4, 0x10A4, 0x10A4, 0x10A4, 0x10A4, 0x10A4,
  0x10A4, 0x10A4, 0x10A4, 0x10A4, 0x10A4, 0x10A4, 0x10A4, 0x10A4, 0x10A4, 0x10A4, 0x10A4, 0x10A4, 0x10A4, 0x10A4, 0x10A4, 0x10A4,
  0x10A4, 0x10A4, 0x10A4, 0x10A4, 0x10A4, 0x10A4, 0x10A4, 0x10A4, 0x10A4, 0x10A4, 0x10A4, 0x10A4, 0x10A4, 0x10A4, 0x10A4, 0x10A4,
  0x10A4, 0x10A4, 0x10A4, 0x10A4, 0x10A4, 0x10A4, 0x10A4, 0x10A4, 0x10C4, 0x10C4, 0x10C4, 0x10C4, 0x10C4, 0x10C4, 0x10C4, 0x10C4,
  0x10C4, 0x10C4, 0x10C4, 0x10C4, 0x10C4, 0x10C4, 0x10C5, 0x10E5, 0x10E5, 0x10E5, 0x10E5, 0x10E5, 0x10E5, 0x10E5, 0x10E5, 0x10E5,
  0x10E5, 0x10E5, 0x1105, 0x1105, 0x1105, 0x1105, 0x1105, 0x1105, 0x1105, 0x1105, 0x1125, 0x1125, 0x1125, 0x1126, 0x1126, 0x1126,
  0x1126, 0x1126, 0x1126, 0x1146, 0x1146, 0x1146, 0x1146, 0x1146, 0x1146, 0x1146, 0x1146, 0x1146, 0x1146, 0x1146, 0x1146, 0x1146,
  0x1146, 0x1146, 0x1146, 0x1146, 0x1146, 0x1146, 0x1146, 0x1146, 0x1146, 0x1146, 0x1146, 0x1146, 0x1146, 0x1126, 0x1126, 0x1126,
  0x1126, 0x1126, 0x1126, 0x1126, 0x1125, 0x1125, 0x1105, 0x1105, 0x1105, 0x1105, 0x1105, 0x1105, 0x1105, 0x1105, 0x1105, 0x10E5,
  0x10E5, 0x10E5, 0x10E5, 0x10E5, 0x10E5, 0x10E5, 0x10E5, 0x10E5, 0x10E5, 0x10E5, 0x10C4, 0x10C4, 0x10C4, 0x10C4, 0x10C4, 0x10C4,
  0x10C4, 0x10C4, 0x10C4, 0x10C4, 0x10C4, 0x10C4, 0x10C4, 0x10C4, 0x10C4, 0x10A4, 0x10A4, 0x10A4, 0x10A4, 0x10A4, 0x10A4, 0x10A4,
  0x10A4, 0x10A4, 0x10A4, 0x10A4, 0x10A4, 0x10A4, 0x10A4, 0x10A4, 0x10A4, 0x10A4, 0x10A4, 0x10A4, 0x10A4, 0x10A4, 0x10A4, 0x10A4,
  0x10A4, 0x10A4, 0x10A4, 0x10A4, 0x10A4, 0x10A4, 0x10A4, 0x10A4, 0x10A4, 0x10A4, 0x10A4, 0x10A4, 0x10A4, 0x10A4, 0x10A4, 0x10A4,
  0x10A4, 0x10A4, 0x10A4, 0x10A4, 0x10A4, 0x10A4, 0x10A4, 0x10A4, 0x10A4, 0x10A4, 0x10A4, 0x10A4, 0x10A4, 0x10A4, 0x10A4, 0x10A4,
  0x10A4, 0x10A4, 0x10A4, 0x10A4, 0x10A4, 0x10A4, 0x10A4, 0x10A4, 0x10A4, 0x10A4, 0x10A4, 0x10A4, 0x10A4, 0x10A4, 0x10A4, 0x10A4,
  0x10A4, 0x10A4, 0x10A4, 0x10A4, 0x10A4, 0x10A4, 0x10A4, 0x10A4, 0x10A4, 0x10A4, 0x10A4, 0x10A4, 0x10A4, 0x10A4, 0x10A4, 0x10A4,
  0x10A4, 0x10A4, 0x10A4, 0x10A4, 0x10A4, 0x10A4, 0x10A4, 0x10A4, 0x10A4, 0x10A4, 0x10A4, 0x10A4, 0x10A4, 0x10A4, 0x10A4, 0x10A4,
  0x10A4, 0x10A4, 0x10A4, 0x10A4, 0x10A4, 0x10A4, 0x10A4, 0x10A4, 0x10A4, 0x10A4, 0x10A4, 0x10A4, 0x10A4, 0x10A4, 0x10A4, 0x10A4,
  0x10A4, 0x10A4, 0x10A4, 0x10A4, 0x10A4, 0x10A4, 0x10A4, 0x10A4, 0x10A4, 0x10A4, 0x10A4, 0x10A4, 0x10A4, 0x10A4, 0x10A4, 0x10A4,
  0x10A4, 0x10A4, 0x10A4, 0x10A4, 0x10A4, 0x10A4, 0x10A4, 0x10A4, 0x10A4, 0x10A4, 0x10A4, 0x10A4, 0x10A4, 0x10A4, 0x10A4, 0x10A4,
  0x10A4, 0x10A4, 0x10A4, 0x10A4, 0x10A4, 0x10A4, 0x10A4, 0x10A4, 0x10A4, 0x10A4, 0x10A4, 0x10A4, 0x10A4, 0x10A4, 0x10A4, 0x10A4,
  0x10A4, 0x10A4, 0x10A4, 0x10A4, 0x10A4, 0x10A4, 0x10A4, 0x10A4, 0x10A4, 0x10A4, 0x10A4, 0x10A4, 0x10A4, 0x10A4, 0x10A4, 0x10A4,
  0x10A4, 0x10A4, 0x10A4, 0x10A4, 0x10A4, 0x10A4, 0x10A4, 0x10A4, 0x10A4, 0x10A4, 0x10A4, 0x10A4, 0x10A4, 0x10A4, 0x10A4, 0x10A4,
  0x10A4, 0x10A4, 0x10A4, 0x10A4, 0x10A4, 0x10A4, 0x10A4, 0x10C4, 0x10A4, 0x10C4, 0x10C4, 0x10C4, 0x10C4, 0x10C4, 0x10C4, 0x10C4,
  0x10C4, 0x10C4, 0x10C4, 0x10C4, 0x10C4, 0x10C4, 0x10C5, 0x10E5, 0x10E5, 0x10E5, 0x10E5, 0x10E5, 0x10E5, 0x10E5, 0x10E5, 0x10E5,
  0x1105, 0x1105, 0x1105, 0x1105, 0x1105, 0x1105, 0x1105, 0x1105, 0x1105, 0x1105, 0x1125, 0x1125, 0x1126, 0x1126, 0x1126, 0x1126,
  0x1126, 0x1126, 0x1126, 0x1146, 0x1146, 0x1146, 0x1146, 0x1146, 0x1146, 0x1146, 0x1146, 0x1146, 0x1146, 0x1146, 0x1146, 0x1166,
  0x1166, 0x1146, 0x1146, 0x1146, 0x1146, 0x1146, 0x1146, 0x1146, 0x1146, 0x1146, 0x1146, 0x1146, 0x1146, 0x1146, 0x1126, 0x1126,
  0x1126, 0x1126, 0x1126, 0x1126, 0x1125, 0x1125, 0x1105, 0x1105, 0x1105, 0x1105, 0x1105, 0x1105, 0x1105, 0x1105, 0x1105, 0x10E5,
  0x10E5, 0x10E5, 0x10E5, 0x10E5, 0x10E5, 0x10E5, 0x10E5, 0x10E5, 0x10E5, 0x10E5, 0x10E5, 0x10C4, 0x10C4, 0x10C4, 0x10C4, 0x10C4,
  0x10C4, 0x10C4, 0x10C4, 0x10C4, 0x10C4, 0x10C4, 0x10C4, 0x10C4, 0x10A4, 0x10A4, 0x10A4, 0x10A4, 0x10A4, 0x10A4, 0x10A4, 0x10A4,
  0x10A4, 0x10A4, 0x10A4, 0x10A4, 0x10A4, 0x10A4, 0x10A4, 0x10A4, 0x10A4, 0x10A4, 0x10A4, 0x10A4, 0x10A4, 0x10A4, 0x10A4, 0x10A4,
  0x10A4, 0x10A4, 0x10A4, 0x10A4, 0x10A4, 0x10A4, 0x10A4, 0x10A4, 0x10A4, 0x10A4, 0x10A4, 0x10A4, 0x10A4, 0x10A4, 0x10A4, 0x10A4,
  0x10A4, 0x10A4, 0x10A4, 0x10A4, 0x10A4, 0x10A4, 0x10A4, 0x10A4, 0x10A4, 0x10A4, 0x10A4, 0x10A4, 0x10A4, 0x10A4, 0x10A4, 0x10A4,
  0x10A4, 0x10A4, 0x10A4, 0x10A4, 0x10A4, 0x10A4, 0x10A4, 0x10A4, 0x10A4, 0x10A4, 0x10A4, 0x10A4, 0x10A4, 0x10A4, 0x10A4, 0x10A4,
  0x10A4, 0x10A4, 0x10A4, 0x10A4, 0x10A4, 0x10A4, 0x10A4, 0x10A4, 0x10A4, 0x10A4, 0x10A4, 0x10A4, 0x10A4, 0x10A4, 0x10A4, 0x10A4,
  0x10A4, 0x10A4, 0x10A4, 0x10A4, 0x10A4, 0x10A4, 0x10A4, 0x10A4, 0x10A4, 0x10A4, 0x10A4, 0x10A4, 0x10A4, 0x10A4, 0x10A4, 0x10A4,
  0x10A4, 0x10A4, 0x10A4, 0x10A4, 0x10A4, 0x10A4, 0x10A4, 0x10A4, 0x10A4, 0x10A4, 0x10A4, 0x10A4, 0x10A4, 0x10A4, 0x10A4, 0x10A4,
  0x10A4, 0x10A4, 0x10A4, 0x10A4, 0x10A4, 0x10A4, 0x10A4, 0x10A4, 0x10A4, 0x10A4, 0x10A4, 0x10A4, 0x10A4, 0x10A4, 0x10A4, 0x10A4,
  0x10A4, 0x10A4, 0x10A4, 0x10A4, 0x10A4, 0x10A4, 0x10A4, 0x10A4, 0x10A4, 0x10A4, 0x10A4, 0x10A4, 0x10A4, 0x10A4, 0x10A4, 0x10A4,
  0x10A4, 0x10A4, 0x10A4, 0x10A4, 0x10A4, 0x10A4, 0x10A4, 0x10A4, 0x10A4, 0x10A4, 0x10A4, 0x10A4, 0x10A4, 0x10A4, 0x10A4, 0x10A4,
  0x10A4, 0x10A4, 0x10A4, 0x10A4, 0x10A4, 0x10A4, 0x10A4, 0x10A4, 0x10A4, 0x10A4, 0x10A4, 0x10A4, 0x10A4, 0x10A4, 0x10A4, 0x10A4,
  0x10A4, 0x10A4, 0x10A4, 0x10A4, 0x10A4, 0x10A4, 0x10A4, 0x10A4, 0x10A4, 0x10A4, 0x10A4, 0x10A4, 0x10A4, 0x10A4, 0x10A4, 0x10A4,
  0x10A4, 0x10A4, 0x10A4, 0x10A4, 0x10A4, 0x10A4, 0x10A4, 0x10C4, 0x10C4, 0x10C4, 0x10C4, 0x10C4, 0x10C4, 0x10C4, 0x10C4, 0x10C4,
  0x10C4, 0x10C4, 0x10C4, 0x10C4, 0x10C4, 0x10C4, 0x10E5, 0x10E5, 0x10E5, 0x10E5, 0x10E5, 0x10E5, 0x10E5, 0x10E5, 0x10E5, 0x10E5,
  0x10E5, 0x1105, 0x1105, 0x1105, 0x1105, 0x1105, 0x1105, 0x1105, 0x1105, 0x1105, 0x1125, 0x1125, 0x1126, 0x1126, 0x1126, 0x1126,
  0x1126, 0x1126, 0x1146, 0x1146, 0x1146, 0x1146, 0x1146, 0x1146, 0x1146, 0x1146, 0x1146, 0x1146, 0x1146, 0x1166, 0x1166, 0x1166,
  0x1166, 0x1146, 0x1146, 0x1166, 0x1146, 0x1146, 0x1146, 0x1146, 0x1146, 0x1146, 0x1146, 0x1146, 0x1146, 0x1146, 0x1126, 0x1126,
  0x1126, 0x1126, 0x1126, 0x1126, 0x1125, 0x1125, 0x1125, 0x1105, 0x1105, 0x1105, 0x1105, 0x1105, 0x1105, 0x1105, 0x1105, 0x10E5,
  0x10E5, 0x10E5, 0x10E5, 0x10E5, 0x10E5, 0x10E5, 0x10E5, 0x10E5, 0x10E5, 0x10E5, 0x10C5, 0x10C5, 0x10C4, 0x10C4, 0x10C4, 0x10C4,
  0x10C4, 0x10C4, 0x10C4, 0x10C4, 0x10C4, 0x10C4, 0x10C4, 0x10A4, 0x10A4, 0x10A4, 0x10A4, 0x10A4, 0x10A4, 0x10A4, 0x10A4, 0x10A4,
  0x10A4, 0x10A4, 0x10A4, 0x10A4, 0x10A4, 0x10A4, 0x10A4, 0x10A4, 0x10A4, 0x10A4, 0x10A4, 0x10A4, 0x10A4, 0x10A4, 0x10A4, 0x10A4,
  0x10A4, 0x10A4, 0x10A4, 0x10A4, 0x10A4, 0x10A4, 0x10A4, 0x10A4, 0x10A4, 0x10A4, 0x10A4, 0x10A4, 0x10A4, 0x10A4, 0x10A4, 0x10A4,
  0x10A4, 0x10A4, 0x10A4, 0x10A4, 0x10A4, 0x10A4, 0x10A4, 0x10A4, 0x10A4, 0x10A4, 0x10A4, 0x10A4, 0x10A4, 0x10A4, 0x10A4, 0x10A4,
  0x10A4, 0x10A4, 0x10A4, 0x10A4, 0x10A4, 0x10A4, 0x10A4, 0x10A4, 0x10A4, 0x10A4, 0x10A4, 0x10A4, 0x10A4, 0x10A4, 0x10A4, 0x10A4,
  0x10A4, 0x10A4, 0x10A4, 0x10A4, 0x10A4, 0x10A4, 0x10A4, 0x10A4, 0x10A4, 0x10A4, 0x10A4, 0x10A4, 0x10A4, 0x10A4, 0x10A4, 0x10A4,
  0x10A4, 0x10A4, 0x10A4, 0x10A4, 0x10A4, 0x10A4, 0x10A4, 0x10A4, 0x10A4, 0x10A4, 0x10A4, 0x10A4, 0x10A4, 0x10A4, 0x10A4, 0x10A4,
  0x10A4, 0x10A4, 0x10A4, 0x10A4, 0x10A4, 0x10A4, 0x10A4, 0x10A4, 0x10A4, 0x10A4, 0x10A4, 0x10A4, 0x10A4, 0x10A4, 0x10A4, 0x10A4,
  0x10A4, 0x10A4, 0x10A4, 0x10A4, 0x10A4, 0x10A4, 0x10A4, 0x10A4, 0x10A4, 0x10A4, 0x10A4, 0x10A4, 0x10A4, 0x10A4, 0x10A4, 0x10A4,
  0x10A4, 0x10A4, 0x10C4, 0x10A4, 0x10A4, 0x10A4, 0x10C4, 0x10A4, 0x10A4, 0x10A4, 0x10A4, 0x10A4, 0x10A4, 0x10A4, 0x10A4, 0x10A4,
  0x10A4, 0x10A4, 0x10A4, 0x10A4, 0x10A4, 0x10A4, 0x10A4, 0x10A4, 0x10A4, 0x10A4, 0x10A4, 0x10A4, 0x10A4, 0x10A4, 0x10A4, 0x10A4,
  0x10A4, 0x10A4, 0x10A4, 0x10A4, 0x10A4, 0x10A4, 0x10A4, 0x10A4, 0x10A4, 0x10A4, 0x10A4, 0x10A4, 0x10A4, 0x10A4, 0x10A4, 0x10A4,
  0x10A4, 0x10A4, 0x10A4, 0x10A4, 0x10A4, 0x10A4, 0x10A4, 0x10A4, 0x10A4, 0x10A4, 0x10A4, 0x10A4, 0x10A4, 0x10A4, 0x10A4, 0x10A4,
  0x10A4, 0x10A4, 0x10A4, 0x10A4, 0x10A4, 0x10A4, 0x10A4, 0x10A4, 0x10C4, 0x10C4, 0x10C4, 0x10C4, 0x10C4, 0x10C4, 0x10C4, 0x10C4,
  0x10C4, 0x10C4, 0x10C4, 0x10C4, 0x10C4, 0x10C5, 0x10C4, 0x10E5, 0x10E5, 0x10E5, 0x10E5, 0x10E5, 0x10E5, 0x10E5, 0x10E5, 0x10E5,
  0x10E5, 0x1105, 0x1105, 0x1105, 0x1105, 0x1105, 0x1105, 0x1105, 0x1105, 0x1125, 0x1125, 0x1126, 0x1126, 0x1126, 0x1126, 0x1126,
  0x1126, 0x1146, 0x1146, 0x1146, 0x1146, 0x1146, 0x1146, 0x1146, 0x1146, 0x1146, 0x1146, 0x1166, 0x1166, 0x1166, 0x1166, 0x1166,
  0x1166, 0x1166, 0x1166, 0x1166, 0x1166, 0x1146, 0x1146, 0x1146, 0x1146, 0x1146, 0x1146, 0x1146, 0x1146, 0x1146, 0x1146, 0x1126,
  0x1126, 0x1126, 0x1126, 0x1125, 0x1126, 0x1125, 0x1125, 0x1105, 0x1105, 0x1105, 0x1105, 0x1105, 0x1105, 0x1105, 0x1105, 0x1105,
  0x10E5, 0x10E5, 0x10E5, 0x10E5, 0x10E5, 0x10E5, 0x10E5, 0x10E5, 0x10E5, 0x10E5, 0x10C5, 0x10C5, 0x10C4, 0x10C4, 0x10C4, 0x10C4,
  0x10C4, 0x10C4, 0x10C4, 0x10C4, 0x10C4, 0x10C4, 0x10C4, 0x10C4, 0x10C4, 0x10A4, 0x10A4, 0x10A4, 0x10A4, 0x10A4, 0x10A4, 0x10A4,
  0x10A4, 0x10A4, 0x10A4, 0x10A4, 0x10A4, 0x10A4, 0x10A4, 0x10A4, 0x10A4, 0x10A4, 0x10A4, 0x10A4, 0x10A4, 0x10A4, 0x10A4, 0x10A4,
  0x10A4, 0x10A4, 0x10A4, 0x10A4, 0x10A4, 0x10A4, 0x10A4, 0x10A4, 0x10A4, 0x10A4, 0x10A4, 0x10A4, 0x10A4, 0x10A4, 0x10A4, 0x10A4,
  0x10A4, 0x10A4, 0x10A4, 0x10A4, 0x10A4, 0x10A4, 0x10A4, 0x10A4, 0x10A4, 0x10A4, 0x10A4, 0x10A4, 0x10A4, 0x10A4, 0x10A4, 0x10A4,
  0x10A4, 0x10A4, 0x10A4, 0x10A4, 0x10A4, 0x10A4, 0x10A4, 0x10A4, 0x10A4, 0x10A4, 0x10A4, 0x10A4, 0x10A4, 0x10A4, 0x10A4, 0x10A4,
  0x10A4, 0x10A4, 0x10A4, 0x10A4, 0x10A4, 0x10A4, 0x10A4, 0x10A4, 0x10A4, 0x10A4, 0x10A4, 0x10A4, 0x10A4, 0x10A4, 0x10A4, 0x10A4,
  0x10A4, 0x10A4, 0x10A4, 0x10A4, 0x10A4, 0x10A4, 0x10A4, 0x10A4, 0x10A4, 0x10A4, 0x10A4, 0x10A4, 0x10A4, 0x10A4, 0x10A4, 0x10A4,
  0x10A4, 0x10A4, 0x10A4, 0x10A4, 0x10A4, 0x10A4, 0x10A4, 0x10A4, 0x10A4, 0x10A4, 0x10A4, 0x10A4, 0x10A4, 0x10A4, 0x10A4, 0x10A4,
  0x10A4, 0x10A4, 0x10A4, 0x10A4, 0x10A4, 0x10A4, 0x10A4, 0x10A4, 0x10A4, 0x10A4, 0x10A4, 0x10A4, 0x10A4, 0x10A4, 0x10C4, 0x10A4,
  0x10A4, 0x0863, 0x0022, 0x0042, 0x0884, 0x0883, 0x0022, 0x0042, 0x0883, 0x10A4, 0x10A4, 0x10C4, 0x10A4, 0x10A4, 0x10A4, 0x10A4,
  0x10A4, 0x10A4, 0x10A4, 0x10A4, 0x10A4, 0x10A4, 0x10A4, 0x10A4, 0x10A4, 0x10A4, 0x10A4, 0x10A4, 0x10A4, 0x10A4, 0x10A4, 0x10A4,
  0x10A4, 0x10A4, 0x10A4, 0x10A4, 0x10A4, 0x10A4, 0x10A4, 0x10A4, 0x10A4, 0x10A4, 0x10A4, 0x10A4, 0x10A4, 0x10A4, 0x10A4, 0x10A4,
  0x10A4, 0x10A4, 0x10A4, 0x10A4, 0x10A4, 0x10A4, 0x10A4, 0x10A4, 0x10A4, 0x10A4, 0x10A4, 0x10A4, 0x10A4, 0x10A4, 0x10A4, 0x10A4,
  0x10A4, 0x10A4, 0x10A4, 0x10A4, 0x10A4, 0x10A4, 0x10A4, 0x10A4, 0x10C4, 0x10C4, 0x10C4, 0x10C4, 0x10C4, 0x10C4, 0x10C4, 0x10C4,
  0x10C4, 0x10C4, 0x10C4, 0x10C4, 0x10C5, 0x10C5, 0x10E5, 0x10C5, 0x10E5, 0x10E5, 0x10E5, 0x10E5, 0x10E5, 0x10E5, 0x10E5, 0x10E5,
  0x10E5, 0x1105, 0x1105, 0x1105, 0x1105, 0x1105, 0x1105, 0x1105, 0x1105, 0x1125, 0x1125, 0x1126, 0x1126, 0x1126, 0x1126, 0x1126,
  0x1126, 0x1126, 0x1146, 0x1146, 0x1146, 0x1146, 0x1146, 0x1146, 0x1146, 0x1146, 0x1166, 0x1166, 0x1166, 0x1166, 0x1166, 0x1166,
  0x1166, 0x1166, 0x1166, 0x1166, 0x1166, 0x1166, 0x1146, 0x1146, 0x1146, 0x1146, 0x1146, 0x1146, 0x1146, 0x1146, 0x1146, 0x1126,
  0x1126, 0x1126, 0x1126, 0x1126, 0x1126, 0x1125, 0x1125, 0x1105, 0x1105, 0x1105, 0x1105, 0x1105, 0x1105, 0x1105, 0x1105, 0x1105,
  0x10E5, 0x10E5, 0x10E5, 0x10E5, 0x10E5, 0x10E5, 0x10E5, 0x10E5, 0x10E5, 0x10E5, 0x10E5, 0x10C5, 0x10C4, 0x10C4, 0x10C4, 0x10C4,
  0x10C4, 0x10C4, 0x10C4, 0x10C4, 0x10C4, 0x10C4, 0x10C4, 0x10C4, 0x10C4, 0x10A4, 0x10A4, 0x10A4, 0x10A4, 0x10A4, 0x10A4, 0x10A4,
  0x10A4, 0x10A4, 0x10A4, 0x10A4, 0x10A4, 0x10A4, 0x10A4, 0x10A4, 0x10A4, 0x10A4, 0x10A4, 0x10A4, 0x10A4, 0x10A4, 0x10A4, 0x10A4,
  0x10A4, 0x10A4, 0x10A4, 0x10A4, 0x10A4, 0x10A4, 0x10A4, 0x10A4, 0x10A4, 0x10A4, 0x10A4, 0x10A4, 0x10A4, 0x10A4, 0x10A4, 0x10A4,
  0x10A4, 0x10A4, 0x10A4, 0x10A4, 0x10A4, 0x10A4, 0x10A4, 0x10A4, 0x10A4, 0x10A4, 0x10A4, 0x10A4, 0x10A4, 0x10A4, 0x10A4, 0x10A4,
  0x10A4, 0x10A4, 0x10A4, 0x10A4, 0x10A4, 0x10A4, 0x10A4, 0x10A4, 0x10A4, 0x10A4, 0x10A4, 0x10A4, 0x10A4, 0x10A4, 0x10A4, 0x10A4,
  0x10A4, 0x10A4, 0x10A4, 0x10A4, 0x10A4, 0x10A4, 0x10A4, 0x10A4, 0x10A4, 0x10A4, 0x10A4, 0x10A4, 0x10A4, 0x10A4, 0x10A4, 0x10A4,
  0x10A4, 0x10A4, 0x10A4, 0x10A4, 0x10A4, 0x10A4, 0x10A4, 0x10A4, 0x10A4, 0x10A4, 0x10A4, 0x10A4, 0x10A4, 0x10A4, 0x10A4, 0x10A4,
  0x10A4, 0x10A4, 0x10A4, 0x10A4, 0x10A4, 0x10A4, 0x10A4, 0x10A4, 0x10A4, 0x10A4, 0x10A4, 0x10A4, 0x10A4, 0x10A4, 0x10A4, 0x10A4,
  0x10A4, 0x10A4, 0x10A4, 0x10A4, 0x10A4, 0x10A4, 0x10A4, 0x10A4, 0x10A4, 0x10A4, 0x10A4, 0x10A4, 0x10A4, 0x0863, 0x0022, 0x0043,
  0x10A4, 0x31C8, 0x5AEC, 0x7BD0, 0x9492, 0x8C52, 0x73AF, 0x4A8B, 0x2967, 0x0883, 0x0043, 0x0022, 0x0884, 0x10A4, 0x10A4, 0x10A4,
  0x10A4, 0x10A4, 0x10A4, 0x10A4, 0x10A4, 0x10A4, 0x10A4, 0x10A4, 0x10A4, 0x10A4, 0x10A4, 0x10A4, 0x10A4, 0x10A4, 0x10A4, 0x10A4,
  0x10A4, 0x10A4, 0x10A4, 0x10A4, 0x10A4, 0x10A4, 0x10A4, 0x10A4, 0x10A4, 0x10A4, 0x10A4, 0x10A4, 0x10A4, 0x10A4, 0x10A4, 0x10A4,
  0x10A4, 0x10A4, 0x10A4, 0x10A4, 0x10A4, 0x10A4, 0x10A4, 0x10A4, 0x10A4, 0x10A4, 0x10A4, 0x10A4, 0x10A4, 0x10A4, 0x10A4, 0x10A4,
  0x10A4, 0x10A4, 0x10A4, 0x10A4, 0x10A4, 0x10A4, 0x10A4, 0x10C4, 0x10C4, 0x10C4, 0x10C4, 0x10C4, 0x10C4, 0x10C4, 0x10C4, 0x10C4,
  0x10C4, 0x10C4, 0x10C4, 0x10C4, 0x10C4, 0x10C4, 0x10C5, 0x10E5, 0x10E5, 0x10E5, 0x10E5, 0x10E5, 0x10E5, 0x10E5, 0x10E5, 0x10E5,
  0x1105, 0x1105, 0x1105, 0x1105, 0x1105, 0x1105, 0x1105, 0x1105, 0x1125, 0x1125, 0x1125, 0x1126, 0x1126, 0x1126, 0x1126, 0x1126,
  0x1126, 0x1146, 0x1146, 0x1146, 0x1146, 0x1146, 0x1146, 0x1146, 0x1146, 0x1146, 0x1166, 0x1166, 0x1166, 0x1166, 0x1166, 0x1166,
  0x1166, 0x1166, 0x1166, 0x1166, 0x1166, 0x1166, 0x1166, 0x1146, 0x1146, 0x1146, 0x1146, 0x1146, 0x1146, 0x1146, 0x1146, 0x1126,
  0x1126, 0x1126, 0x1126, 0x1126, 0x1126, 0x1125, 0x1125, 0x1105, 0x1105, 0x1105, 0x1105, 0x1105, 0x1105, 0x1105, 0x1105, 0x10E5,
  0x10E5, 0x10E5, 0x10E5, 0x10E5, 0x10E5, 0x10E5, 0x10E5, 0x10E5, 0x10E5, 0x10E5, 0x10E5, 0x10C5, 0x10C4, 0x10C4, 0x10C4, 0x10C4,
  0x10C4, 0x10C4, 0x10C4, 0x10C4, 0x10C4, 0x10C4, 0x10C4, 0x10C4, 0x10C4, 0x10C4, 0x10C4, 0x10C4, 0x10A4, 0x10A4, 0x10A4, 0x10A4,
  0x10A4, 0x10A4, 0x10A4, 0x10A4, 0x10A4, 0x10A4, 0x10A4, 0x10A4, 0x10A4, 0x10A4, 0x10A4, 0x10A4, 0x10A4, 0x10A4, 0x10A4, 0x10A4,
  0x10A4, 0x10A4, 0x10A4, 0x10A4, 0x10A4, 0x10A4, 0x10A4, 0x10A4, 0x10A4, 0x10A4, 0x10A4, 0x10A4, 0x10A4, 0x10A4, 0x10A4, 0x10A4,
  0x10A4, 0x10A4, 0x10A4, 0x10A4, 0x10A4, 0x10A4, 0x10A4, 0x10A4, 0x10A4, 0x10A4, 0x10A4, 0x10A4, 0x10A4, 0x10A4, 0x10A4, 0x10A4,
  0x10A4, 0x10A4, 0x10A4, 0x10A4, 0x10A4, 0x10A4, 0x10A4, 0x10A4, 0x10A4, 0x10A4, 0x10A4, 0x10A4, 0x10A4, 0x10A4, 0x10A4, 0x10A4,
  0x10A4, 0x10A4, 0x10A4, 0x10A4, 0x10A4, 0x10A4, 0x10A4, 0x10A4, 0x10A4, 0x10A4, 0x10A4, 0x10A4, 0x10A4, 0x10A4, 0x10A4, 0x10A4,
  0x10A4, 0x10A4, 0x10A4, 0x10A4, 0x10A4, 0x10A4, 0x10A4, 0x10A4, 0x10A4, 0x10A4, 0x10A4, 0x10A4, 0x10A4, 0x10A4, 0x10A4, 0x10A4,
  0x10A4, 0x10A4, 0x10A4, 0x10A4, 0x10A4, 0x10A4, 0x10A4, 0x10A4, 0x10A4, 0x10A4, 0x10A4, 0x10A4, 0x10A4, 0x10A4, 0x10A4, 0x10A4,
  0x10A4, 0x10A4, 0x10A4, 0x10A4, 0x10A4, 0x10A4, 0x10A4, 0x10A4, 0x10A4, 0x10A4, 0x10A4, 0x10A4, 0x0884, 0x2967, 0x6B4E, 0x8431,
  0x94B3, 0x8C72, 0x73AF, 0x4A6B, 0x2947, 0x31A8, 0x5ACC, 0x7BD0, 0x8C92, 0x9493, 0x7BF0, 0x52CC, 0x1905, 0x1084, 0x10A4, 0x10A4,
  0x10A4, 0x10A4, 0x10A4, 0x10A4, 0x10A4, 0x10A4, 0x10A4, 0x10A4, 0x10A4, 0x10A4, 0x10A4, 0x10A4, 0x10A4, 0x10A4, 0x10A4, 0x10A4,
  0x10A4, 0x10A4, 0x10A4, 0x10A4, 0x10A4, 0x10A4, 0x10A4, 0x10A4, 0x10A4, 0x10A4, 0x10A4, 0x10A4, 0x10A4, 0x10A4, 0x10A4, 0x10A4,
  0x10A4, 0x10A4, 0x10A4, 0x10A4, 0x10A4, 0x10A4, 0x10A4, 0x10A4, 0x10A4, 0x10A4, 0x10A4, 0x10A4, 0x10A4, 0x10A4, 0x10A4, 0x10A4,
  0x10A4, 0x10A4, 0x10A4, 0x10A4, 0x10A4, 0x10A4, 0x10A4, 0x10C4, 0x10A4, 0x10C4, 0x10C4, 0x10C4, 0x10C4, 0x10C4, 0x10C4, 0x10C4,
  0x10C4, 0x10C4, 0x10C4, 0x10C4, 0x10C4, 0x10C4, 0x10E5, 0x10E5, 0x10E5, 0x10E5, 0x10E5, 0x10E5, 0x10E5, 0x10E5, 0x10E5, 0x10E5,
  0x1105, 0x1105, 0x1105, 0x1105, 0x1105, 0x1105, 0x1105, 0x1105, 0x1125, 0x1125, 0x1125, 0x1125, 0x1125, 0x1126, 0x1126, 0x1126,
  0x1146, 0x1146, 0x1146, 0x1146, 0x1146, 0x1146, 0x1146, 0x1146, 0x1146, 0x1166, 0x1166, 0x1166, 0x1166, 0x1166, 0x1166, 0x1166,
  0x1166, 0x1166, 0x1166, 0x1166, 0x1166, 0x1166, 0x1166, 0x1146, 0x1146, 0x1146, 0x1146, 0x1146, 0x1146, 0x1146, 0x1146, 0x1146,
  0x1126, 0x1126, 0x1126, 0x1126, 0x1126, 0x1125, 0x1125, 0x1125, 0x1105, 0x1105, 0x1105, 0x1105, 0x1105, 0x1105, 0x1105, 0x1105,
  0x10E5, 0x10E5, 0x10E5, 0x10E5, 0x10E5, 0x10E5, 0x10E5, 0x10E5, 0x10E5, 0x10E5, 0x10E5, 0x10C4, 0x10C4, 0x10C4, 0x10C4, 0x10C4,
  0x10C4, 0x10C4, 0x10C4, 0x10C4, 0x10C4, 0x10C4, 0x10C4, 0x10A4, 0x10C4, 0x10C4, 0x1063, 0x10A4, 0x10C4, 0x10A4, 0x10A4, 0x10A4,
  0x10A4, 0x10A4, 0x10A4, 0x10A4, 0x10A4, 0x10A4, 0x10A4, 0x10A4, 0x10A4, 0x10A4, 0x10A4, 0x10A4, 0x10A4, 0x10A4, 0x10A4, 0x10A4,
  0x10A4, 0x10A4, 0x10A4, 0x10A4, 0x10A4, 0x10A4, 0x10A4, 0x10A4, 0x10A4, 0x10A4, 0x10A4, 0x10A4, 0x10A4, 0x10A4, 0x10A4, 0x10A4,
  0x10A4, 0x10A4, 0x10A4, 0x10A4, 0x10A4, 0x10A4, 0x10A4, 0x10A4, 0x10A4, 0x10A4, 0x10A4, 0x10A4, 0x10A4, 0x10A4, 0x10A4, 0x10A4,
  0x10A4, 0x10A4, 0x10A4, 0x10A4, 0x10A4, 0x10A4, 0x10A4, 0x10A4, 0x10A4, 0x10A4, 0x10A4, 0x10A4, 0x10A4, 0x10A4, 0x10A4, 0x10A4,
  0x10A4, 0x10A4, 0x10A4, 0x10A4, 0x10A4, 0x10A4, 0x10A4, 0x10A4, 0x10A4, 0x10A4, 0x10A4, 0x10A4, 0x10A4, 0x10A4, 0x10A4, 0x10A4,
  0x10A4, 0x10A4, 0x10A4, 0x10A4, 0x10A4, 0x10A4, 0x10A4, 0x10A4, 0x10A4, 0x10A4, 0x10A4, 0x10A4, 0x10A4, 0x10A4, 0x10A4, 0x10A4,
  0x10A4, 0x10A4, 0x10A4, 0x10A4, 0x10A4, 0x10A4, 0x10A4, 0x10A4, 0x10A4, 0x10A4, 0x10A4, 0x10A4, 0x10A4, 0x10A4, 0x10A4, 0x10A4,
  0x10A4, 0x10A4, 0x10A4, 0x10A4, 0x10A4, 0x10A4, 0x10A4, 0x10A4, 0x10A4, 0x10A4, 0x10A4, 0x10A4, 0x0863, 0x424A, 0x6B8F, 0x422A,
  0x1905, 0x0022, 0x0001, 0x0001, 0x0043, 0x0022, 0x0001, 0x0001, 0x0043, 0x2967, 0x4A6B, 0x6B8F, 0x2967, 0x0884, 0x10A4, 0x10A4,
  0x10A4, 0x10A4, 0x10A4, 0x10A4, 0x10A4, 0x10A4, 0x10A4, 0x10A4, 0x10A4, 0x10A4, 0x10A4, 0x10A4, 0x10A4, 0x10A4, 0x10A4, 0x10A4,
  0x10A4, 0x10A4, 0x10A4, 0x10A4, 0x10A4, 0x10A4, 0x10A4, 0x10A4, 0x10A4, 0x10A4, 0x10A4, 0x10A4, 0x10A4, 0x10A4, 0x10A4, 0x10A4,
  0x10A4, 0x10A4, 0x10A4, 0x10A4, 0x10A4, 0x10A4, 0x10A4, 0x10A4, 0x10A4, 0x10A4, 0x10A4, 0x10A4, 0x10A4, 0x10A4, 0x10A4, 0x10A4,
  0x10A4, 0x10A4, 0x10A4, 0x10A4, 0x10A4, 0x10A4, 0x10A4, 0x10A4, 0x10C4, 0x10C4, 0x10C4, 0x10C4, 0x10C4, 0x10C4, 0x10C4, 0x10C4,
  0x10C4, 0x10C4, 0x10C4, 0x10C4, 0x10C5, 0x10E5, 0x10E5, 0x10E5, 0x10E5, 0x10E5, 0x10E5, 0x10E5, 0x10E5, 0x10E5, 0x10E5, 0x1105,
  0x1105, 0x1105, 0x1105, 0x1105, 0x1105, 0x1105, 0x1105, 0x1105, 0x1125, 0x1125, 0x1125, 0x1125, 0x1126, 0x1126, 0x1126, 0x1126,
  0x1146, 0x1146, 0x1146, 0x1146, 0x1146, 0x1146, 0x1146, 0x1146, 0x1166, 0x1166, 0x1166, 0x1166, 0x1166, 0x1166, 0x1166, 0x1166,
  0x1166, 0x1166, 0x1166, 0x1166, 0x1166, 0x1166, 0x1166, 0x1146, 0x1146, 0x1146, 0x1146, 0x1146, 0x1146, 0x1146, 0x1146, 0x1146,
  0x1126, 0x1126, 0x1126, 0x1126, 0x1126, 0x1126, 0x1125, 0x1125, 0x1105, 0x1105, 0x1105, 0x1105, 0x1105, 0x1105, 0x1105, 0x1105,
  0x10E5, 0x10E5, 0x10E5, 0x10E5, 0x10E5, 0x10E5, 0x10E5, 0x10E5, 0x10E5, 0x10E5, 0x10E5, 0x10C5, 0x10C5, 0x10C4, 0x10C4, 0x10C4,
  0x10C4, 0x10C4, 0x10C4, 0x10C4, 0x10C4, 0x10C4, 0x10A4, 0x10C4, 0x1084, 0x1083, 0x0A08, 0x1126, 0x10A4, 0x10C4, 0x10A4, 0x10A4,
  0x10A4, 0x10A4, 0x10A4, 0x10A4, 0x10A4, 0x10A4, 0x10A4, 0x10A4, 0x10A4, 0x10A4, 0x10A4, 0x10A4, 0x10A4, 0x10A4, 0x10A4, 0x10A4,
  0x10A4, 0x10A4, 0x10C4, 0x10A4, 0x10A4, 0x10A4, 0x10A4, 0x10A4, 0x10A4, 0x10A4, 0x10A4, 0x10A4, 0x10A4, 0x10A4, 0x10A4, 0x10A4,
  0x10A4, 0x10A4, 0x10A4, 0x10A4, 0x10A4, 0x10A4, 0x10A4, 0x10A4, 0x10A4, 0x10A4, 0x10C4, 0x10A4, 0x10A4, 0x10C4, 0x10A4, 0x10A4,
  0x10A4, 0x10A4, 0x10A4, 0x10A4, 0x10C4, 0x10A4, 0x10A4, 0x10C4, 0x10A4, 0x10A4, 0x10A4, 0x10C4, 0x10A4, 0x10A4, 0x10C4, 0x10A4,
  0x10A4, 0x10A4, 0x10A4, 0x10A4, 0x10A4, 0x10A4, 0x10A4, 0x10A4, 0x10A4, 0x10A4, 0x10A4, 0x10A4, 0x10A4, 0x10A4, 0x10A4, 0x10A4,
  0x10A4, 0x10A4, 0x10C4, 0x10A4, 0x10C4, 0x10A4, 0x10A4, 0x10A4, 0x10A4, 0x10A4, 0x10A4, 0x10A4, 0x10A4, 0x10A4, 0x10A4, 0x10A4,
  0x10A4, 0x10A4, 0x10A4, 0x10A4, 0x10A4, 0x10A4, 0x10A4, 0x10A4, 0x10A4, 0x10A4, 0x10A4, 0x10A4, 0x10A4, 0x10A4, 0x10A4, 0x10A4,
  0x10A4, 0x10A4, 0x10A4, 0x10A4, 0x10A4, 0x10A4, 0x10A4, 0x10A4, 0x10A4, 0x10A4, 0x10A4, 0x10C4, 0x10A4, 0x0022, 0x0001, 0x0001,
  0x10A4, 0x31A8, 0x52CC, 0x8C72, 0xBDF8, 0xB596, 0x7BF0, 0x4A6B, 0x2946, 0x0042, 0x0001, 0x0001, 0x0863, 0x10A4, 0x10C4, 0x10A4,
  0x10A4, 0x10A4, 0x10A4, 0x10A4, 0x10A4, 0x10A4, 0x10A4, 0x10A4, 0x10A4, 0x10A4, 0x10A4, 0x10A4, 0x10A4, 0x10A4, 0x10A4, 0x10A4,
  0x10A4, 0x10A4, 0x10A4, 0x10A4, 0x10A4, 0x10A4, 0x10A4, 0x10A4, 0x10A4, 0x10A4, 0x10A4, 0x10A4, 0x10A4, 0x10A4, 0x10A4, 0x10A4,
  0x10A4, 0x10A4, 0x10A4, 0x10A4, 0x10A4, 0x10A4, 0x10A4, 0x10A4, 0x10A4, 0x10A4, 0x10A4, 0x10A4, 0x10A4, 0x10A4, 0x10A4, 0x10A4,
  0x10A4, 0x10A4, 0x10A4, 0x10A4, 0x10A4, 0x10A4, 0x10A4, 0x10C4, 0x10C4, 0x10C4, 0x10C4, 0x10C4, 0x10C4, 0x10C4, 0x10C4, 0x10C4,
  0x10C4, 0x10C4, 0x10C4, 0x10C4, 0x10C4, 0x10C5, 0x10C5, 0x10E5, 0x10E5, 0x10E5, 0x10E5, 0x10E5, 0x10E5, 0x10E5, 0x10E5, 0x10E5,
  0x1105, 0x1105, 0x1105, 0x1105, 0x1105, 0x1105, 0x1105, 0x1105, 0x1105, 0x1125, 0x1125, 0x1126, 0x1126, 0x1126, 0x1126, 0x1126,
  0x1126, 0x1146, 0x1146, 0x1146, 0x1146, 0x1146, 0x1146, 0x1146, 0x1166, 0x1166, 0x1166, 0x1166, 0x1166, 0x1166, 0x1166, 0x1166,
  0x1166, 0x1166, 0x1166, 0x1166, 0x1166, 0x1166, 0x1166, 0x1166, 0x1166, 0x1146, 0x1146, 0x1146, 0x1146, 0x1146, 0x1146, 0x1146,
  0x1126, 0x1126, 0x1126, 0x1126, 0x1126, 0x1126, 0x1125, 0x1125, 0x1105, 0x1105, 0x1105, 0x1105, 0x1105, 0x1105, 0x1105, 0x1105,
  0x1105, 0x10E5, 0x10E5, 0x10E5, 0x10E5, 0x10E5, 0x10E5, 0x10E5, 0x10E5, 0x10E5, 0x10C5, 0x10C5, 0x10C4, 0x10C4, 0x10C4, 0x10C4,
  0x10C4, 0x10C4, 0x10C4, 0x10C4, 0x10C4, 0x10C4, 0x10C4, 0x1083, 0x1166, 0x0574, 0x0616, 0x09C8, 0x1083, 0x10C4, 0x10A4, 0x1083,
  0x10A4, 0x10A4, 0x10A4, 0x10A4, 0x10A4, 0x10A4, 0x0863, 0x0863, 0x10A4, 0x10A4, 0x0863, 0x0883, 0x10A4, 0x0883, 0x0863, 0x10A4,
  0x10A4, 0x0863, 0x0863, 0x0883, 0x10A4, 0x10A4, 0x0883, 0x0863, 0x10A4, 0x0043, 0x0043, 0x0863, 0x0843, 0x0043, 0x0863, 0x1084,
  0x0863, 0x10A4, 0x0883, 0x0043, 0x10A4, 0x10A4, 0x0883, 0x0863, 0x10A4, 0x10A4, 0x0043, 0x0043, 0x0883, 0x0022, 0x0884, 0x10A4,
  0x10A4, 0x10A4, 0x10A4, 0x1084, 0x0022, 0x0883, 0x0863, 0x0043, 0x10A4, 0x10A4, 0x1084, 0x0022, 0x0863, 0x0843, 0x0022, 0x10A4,
  0x10A4, 0x0863, 0x0043, 0x10A4, 0x10A4, 0x0883, 0x0863, 0x10A4, 0x0863, 0x0863, 0x0043, 0x0043, 0x0863, 0x1084, 0x0863, 0x0884,
  0x10A4, 0x0863, 0x0022, 0x0883, 0x0042, 0x0863, 0x10A4, 0x10A4, 0x10A4, 0x10A4, 0x10A4, 0x10A4, 0x10A4, 0x10A4, 0x10A4, 0x10A4,
  0x10A4, 0x10A4, 0x10A4, 0x10A4, 0x10A4, 0x10A4, 0x10A4, 0x10A4, 0x10A4, 0x10A4, 0x10A4, 0x10A4, 0x10A4, 0x10A4, 0x10A4, 0x10A4,
  0x10A4, 0x10A4, 0x10A4, 0x10A4, 0x10A4, 0x10A4, 0x10A4, 0x10A4, 0x10A4, 0x10A4, 0x0843, 0x0022, 0x18E5, 0x39C8, 0x634E, 0x9CF4,
  0xC639, 0xEF5D, 0xFFFF, 0xFFFF, 0xFFFF, 0xFFFF, 0xFFFF, 0xFFFF, 0xDF1C, 0xBDD7, 0x8C72, 0x52CC, 0x2967, 0x10A4, 0x0022, 0x0883,
  0x10A4, 0x10A4, 0x10A4, 0x10A4, 0x10A4, 0x10A4, 0x10A4, 0x10A4, 0x10A4, 0x10A4, 0x10A4, 0x10A4, 0x10A4, 0x10A4, 0x10A4, 0x10A4,
  0x10A4, 0x10A4, 0x10A4, 0x10A4, 0x10A4, 0x10A4, 0x10A4, 0x10A4, 0x10A4, 0x10A4, 0x10A4, 0x10A4, 0x10A4, 0x10A4, 0x10A4, 0x10A4,
  0x10A4, 0x10A4, 0x10A4, 0x10A4, 0x10A4, 0x10A4, 0x10A4, 0x10A4, 0x10A4, 0x10A4, 0x10A4, 0x10A4, 0x10A4, 0x10A4, 0x10A4, 0x10A4,
  0x10A4, 0x10A4, 0x10A4, 0x10A4, 0x10A4, 0x10A4, 0x10A4, 0x10A4, 0x10C4, 0x10C4, 0x10C4, 0x10C4, 0x10C4, 0x10C4, 0x10C4, 0x10C4,
  0x10C4, 0x10C4, 0x10C4, 0x10C4, 0x10C4, 0x10E5, 0x10E5, 0x10E5, 0x10E5, 0x10E5, 0x10E5, 0x10E5, 0x10E5, 0x10E5, 0x10E5, 0x10E5,
  0x1105, 0x1105, 0x1105, 0x1105, 0x1105, 0x1105, 0x1105, 0x1105, 0x1125, 0x1125, 0x1125, 0x1126, 0x1126, 0x1126, 0x1126, 0x1126,
  0x1146, 0x1146, 0x1146, 0x1146, 0x1146, 0x1146, 0x1146, 0x1146, 0x1166, 0x1166, 0x1166, 0x1166, 0x1166, 0x1166, 0x1167, 0x1167,
  0x1166, 0x1166, 0x1166, 0x1166, 0x1166, 0x1166, 0x1166, 0x1166, 0x1166, 0x1146, 0x1146, 0x1146, 0x1146, 0x1146, 0x1146, 0x1146,
  0x1126, 0x1126, 0x1126, 0x1126, 0x1126, 0x1126, 0x1125, 0x1125, 0x1105, 0x1105, 0x1105, 0x1105, 0x1105, 0x1105, 0x1105, 0x1105,
  0x1105, 0x10E5, 0x10E5, 0x10E5, 0x10E5, 0x10E5, 0x10E5, 0x10E5, 0x10E5, 0x10E5, 0x10E5, 0x10C5, 0x10C4, 0x10C4, 0x10C4, 0x10C4,
  0x10C4, 0x10C4, 0x10C4, 0x10C4, 0x10C4, 0x10C4, 0x10A4, 0x1126, 0x0636, 0x0C0F, 0x10A4, 0x10A4, 0x10C4, 0x10A4, 0x1105, 0x1187,
  0x1084, 0x10A4, 0x10A4, 0x10A4, 0x10A4, 0x10C4, 0xAD55, 0x8C72, 0x0022, 0x3187, 0xBE18, 0x52AB, 0x0021, 0x6B6E, 0xC618, 0x1906,
  0x0863, 0x8C92, 0xC618, 0x4A4A, 0x0863, 0x0843, 0x6B6E, 0xB596, 0x1905, 0xBDD7, 0xCE9A, 0xC618, 0xC639, 0xD69A, 0x632E, 0x52CC,
  0xC618, 0x18C5, 0x8431, 0xA535, 0x1084, 0x0843, 0x6B6E, 0xB596, 0x18C5, 0x0863, 0x4A8B, 0xC618, 0xDEDB, 0x9CF4, 0x18E5, 0x0863,
  0x10A4, 0x10A4, 0x0883, 0x18E5, 0x9CD4, 0xDEDB, 0xD69A, 0x632D, 0x0863, 0x10A4, 0x10C4, 0x9492, 0xD6BB, 0xD69A, 0x738F, 0x0883,
  0x0863, 0x9CF4, 0x94B3, 0x0863, 0x0863, 0x7C11, 0xA535, 0x0043, 0x9CF4, 0xC639, 0xCE7A, 0xD69A, 0x73AF, 0x39E9, 0xC618, 0x31A8,
  0x0022, 0x39C8, 0xB596, 0xDEDB, 0xB5B7, 0x31A8, 0x0863, 0x10A4, 0x10A4, 0x10A4, 0x10A4, 0x10A4, 0x10A4, 0x10A4, 0x10A4, 0x10A4,
  0x10A4, 0x10A4, 0x10A4, 0x10A4, 0x10A4, 0x10A4, 0x10A4, 0x10A4, 0x10A4, 0x10A4, 0x10A4, 0x10A4, 0x10A4, 0x10A4, 0x10A4, 0x10A4,
  0x10A4, 0x10A4, 0x10A4, 0x10A4, 0x10A4, 0x10A4, 0x10A4, 0x10A4, 0x10A4, 0x0883, 0x5B0D, 0xAD76, 0xCE7A, 0xF7BE, 0xFFFF, 0xFFFF,
  0xFFFF, 0xF7BE, 0xFFDF, 0xFFFF, 0xE73C, 0xF79E, 0xFFFF, 0xFFDF, 0xF7BE, 0xFFFF, 0xFFFF, 0xFFFF, 0xEF5D, 0xC638, 0x9CF4, 0x39E8,
  0x0863, 0x10A4, 0x10A4, 0x10A4, 0x10A4, 0x10A4, 0x10A4, 0x10A4, 0x10A4, 0x10A4, 0x10A4, 0x10A4, 0x10A4, 0x10A4, 0x10A4, 0x10A4,
  0x10A4, 0x10A4, 0x10A4, 0x10A4, 0x10A4, 0x10A4, 0x10A4, 0x10A4, 0x10A4, 0x10A4, 0x10A4, 0x10A4, 0x10A4, 0x10A4, 0x10A4, 0x10A4,
  0x10A4, 0x10A4, 0x10A4, 0x10A4, 0x10A4, 0x10A4, 0x10A4, 0x10A4, 0x10A4, 0x10A4, 0x10A4, 0x10A4, 0x10A4, 0x10A4, 0x10A4, 0x10A4,
  0x10A4, 0x10A4, 0x10A4, 0x10A4, 0x10A4, 0x10A4, 0x10A4, 0x10A4, 0x10C4, 0x10C4, 0x10C4, 0x10C4, 0x10C4, 0x10C4, 0x10C4, 0x10C4,
  0x10C4, 0x10C4, 0x10C4, 0x10C4, 0x10C5, 0x10E5, 0x10E5, 0x10E5, 0x10E5, 0x10E5, 0x10E5, 0x10E5, 0x10E5, 0x10E5, 0x10E5, 0x1105,
  0x1105, 0x1105, 0x1105, 0x1105, 0x1105, 0x1105, 0x1105, 0x1105, 0x1125, 0x1125, 0x1125, 0x1126, 0x1126, 0x1126, 0x1126, 0x1146,
  0x1146, 0x1146, 0x1146, 0x1146, 0x1146, 0x1146, 0x1146, 0x1166, 0x1166, 0x1166, 0x1166, 0x1166, 0x1166, 0x1166, 0x1166, 0x1167,
  0x1167, 0x1167, 0x1167, 0x1166, 0x1166, 0x1166, 0x1166, 0x1166, 0x1166, 0x1146, 0x1146, 0x1146, 0x1146, 0x1146, 0x1146, 0x1146,
  0x1126, 0x1126, 0x1126, 0x1126, 0x1126, 0x1125, 0x1125, 0x1125, 0x1125, 0x1105, 0x1105, 0x1105, 0x1105, 0x1105, 0x1105, 0x1105,
  0x1105, 0x10E5, 0x10E5, 0x10E5, 0x10E5, 0x10E5, 0x10E5, 0x10E5, 0x10E5, 0x10E5, 0x10E4, 0x10C5, 0x10C4, 0x10C4, 0x10C4, 0x10C4,
  0x10C4, 0x10C4, 0x10C4, 0x10C4, 0x10C4, 0x10C4, 0x1043, 0x0C30, 0x04D2, 0x1002, 0x10A4, 0x10C4, 0x10C4, 0x1063, 0x09A7, 0x0616,
  0x1146, 0x1084, 0x10A4, 0x10A4, 0x10C4, 0x0022, 0xBDD7, 0xF79E, 0x0002, 0x6B6E, 0xFFFF, 0x9CD4, 0x0001, 0xC618, 0xEF5D, 0x0863,
  0x2947, 0xF7BE, 0xFFFF, 0xA535, 0x0843, 0x0022, 0x9493, 0xFFDF, 0x2106, 0x7BF0, 0x8C92, 0xFFFF, 0xCE7A, 0x8451, 0x3A09, 0x7BF0,
  0xFFFF, 0x1905, 0xAD76, 0xFFFF, 0x7BF0, 0x0000, 0x94B3, 0xFFDF, 0x10A4, 0x424A, 0xFFFF, 0xBDF8, 0x8411, 0xFFDF, 0xDEDB, 0x10C4,
  0x10A4, 0x10A4, 0x0883, 0xBDD7, 0xFFFF, 0x8431, 0xAD55, 0xFFFF, 0x634E, 0x0001, 0xAD76, 0xFFFF, 0x8C52, 0xA514, 0xFFFF, 0x73AF,
  0x0002, 0xCE9A, 0xFFFF, 0x5AED, 0x0001, 0xB596, 0xE73C, 0x0022, 0xE71C, 0xDEFC, 0x7BF0, 0x8C72, 0x424A, 0x52AC, 0xFFFF, 0x3A09,
  0x2106, 0xEF7D, 0xDEDB, 0x7BF0, 0xDEDB, 0xFFFF, 0x2987, 0x0863, 0x10A4, 0x10A4, 0x10A4, 0x10A4, 0x10A4, 0x10A4, 0x10A4, 0x10A4,
  0x10A4, 0x10A4, 0x10A4, 0x10A4, 0x10A4, 0x10A4, 0x10A4, 0x10A4, 0x10A4, 0x10A4, 0x10A4, 0x10A4, 0x10A4, 0x10A4, 0x10A4, 0x10A4,
  0x10A4, 0x10A4, 0x10A4, 0x10A4, 0x10A4, 0x10A4, 0x10A4, 0x10A4, 0x10A4, 0x0043, 0xBDF8, 0xFFFF, 0xFFDF, 0xF7BE, 0xF79E, 0xF79E,
  0xF7BE, 0xFFFF, 0xD69A, 0x8C72, 0x2987, 0x4A8B, 0xA535, 0xDEFC, 0xFFFF, 0xF79E, 0xF79E, 0xF79E, 0xFFDE, 0xFFFF, 0xFFFF, 0x73AF,
  0x0022, 0x10C4, 0x10A4, 0x10A4, 0x10A4, 0x10A4, 0x10A4, 0x10A4, 0x10A4, 0x10A4, 0x10A4, 0x10A4, 0x10A4, 0x10A4, 0x10A4, 0x10A4,
  0x10A4, 0x10A4, 0x10A4, 0x10A4, 0x10A4, 0x10A4, 0x10A4, 0x10A4, 0x10A4, 0x10A4, 0x10A4, 0x10A4, 0x10A4, 0x10A4, 0x10A4, 0x10A4,
  0x10A4, 0x10A4, 0x10A4, 0x10A4, 0x10A4, 0x10A4, 0x10A4, 0x10A4, 0x10A4, 0x10A4, 0x10A4, 0x10A4, 0x10A4, 0x10A4, 0x10A4, 0x10A4,
  0x10A4, 0x10A4, 0x10A4, 0x10A4, 0x10A4, 0x10A4, 0x10C4, 0x10C4, 0x10C4, 0x10C4, 0x10C4, 0x10C4, 0x10C4, 0x10C4, 0x10C4, 0x10C4,
  0x10C4, 0x10C4, 0x10C4, 0x10C4, 0x10C4, 0x10C5, 0x10E5, 0x10E5, 0x10E5, 0x10E5, 0x10E5, 0x10E5, 0x10E5, 0x10E5, 0x10E5, 0x10E5,
  0x1105, 0x1105, 0x1105, 0x1105, 0x1105, 0x1105, 0x1105, 0x1105, 0x1105, 0x1125, 0x1126, 0x1126, 0x1126, 0x1126, 0x1126, 0x1126,
  0x1146, 0x1146, 0x1146, 0x1146, 0x1146, 0x1146, 0x1146, 0x1166, 0x1166, 0x1166, 0x1166, 0x1166, 0x1166, 0x1167, 0x1167, 0x1167,
  0x1167, 0x1167, 0x1167, 0x1167, 0x1166, 0x1166, 0x1166, 0x1166, 0x1166, 0x1166, 0x1146, 0x1146, 0x1146, 0x1146, 0x1146, 0x1146,
  0x1146, 0x1126, 0x1126, 0x1126, 0x1126, 0x1126, 0x1125, 0x1125, 0x1125, 0x1105, 0x1105, 0x1105, 0x1105, 0x1105, 0x1105, 0x1105,
  0x1105, 0x10E5, 0x10E5, 0x10E5, 0x10E5, 0x10E5, 0x10E5, 0x10E5, 0x10E5, 0x10E5, 0x10E5, 0x10C5, 0x10C4, 0x10C4, 0x10C4, 0x10C4,
  0x10C4, 0x10C4, 0x10C4, 0x10C4, 0x10C4, 0x10C4, 0x10A4, 0x05D5, 0x0A09, 0x1063, 0x10C4, 0x10A4, 0x10A4, 0x10C4, 0x1063, 0x0574,
  0x0ACB, 0x1043, 0x10C4, 0x10A4, 0x10C4, 0x0042, 0x632D, 0xFFFF, 0x2947, 0xA514, 0xFFDF, 0xC639, 0x10C4, 0xEF9E, 0x94B3, 0x0000,
  0x7BF0, 0xEF7D, 0x9CF4, 0xF79E, 0x2126, 0x0002, 0x8C52, 0xEF5D, 0x18E5, 0x0002, 0x0043, 0xEF5D, 0x8411, 0x0000, 0x0002, 0x7BF0,
  0xFFDF, 0x1905, 0xA535, 0xFFDF, 0xFFFF, 0x2987, 0x7BF0, 0xEF7D, 0x0863, 0xBDF8, 0xE71C, 0x0863, 0x0000, 0x2126, 0x6B4E, 0x1905,
  0x10A4, 0x0863, 0x3A09, 0xFFFF, 0x632D, 0x0000, 0x0843, 0x9CD3, 0x6B4E, 0x2947, 0xFFFF, 0x73AF, 0x0001, 0x0001, 0xB596, 0xE71C,
  0x0863, 0xBE18, 0xFFDF, 0xEF5D, 0x18C5, 0x9CF4, 0xDEDB, 0x0022, 0xDEDB, 0xAD76, 0x0043, 0x1905, 0x0022, 0x52CC, 0xFFFF, 0x3187,
  0x7BF0, 0xFFDF, 0x2146, 0x0000, 0x0883, 0x6B4E, 0x2967, 0x0883, 0x10A4, 0x10A4, 0x10A4, 0x10A4, 0x10A4, 0x10A4, 0x10A4, 0x10A4,
  0x10A4, 0x10A4, 0x10A4, 0x10A4, 0x10A4, 0x10A4, 0x10A4, 0x10A4, 0x10A4, 0x10A4, 0x10A4, 0x10A4, 0x10A4, 0x10A4, 0x10A4, 0x10A4,
  0x10A4, 0x10A4, 0x10A4, 0x10A4, 0x10A4, 0x10A4, 0x10A4, 0x10A4, 0x10C4, 0x0022, 0xAD56, 0xFFFF, 0xF79E, 0xF7BE, 0xF79E, 0xFFDF,
  0xEF7D, 0x6B6E, 0x10A4, 0x0042, 0x0863, 0x0863, 0x0043, 0x1905, 0x9493, 0xFFFF, 0xF7BE, 0xF7BE, 0xF7BE, 0xF79E, 0xFFFF, 0x6B8F,
  0x0022, 0x10C4, 0x10A4, 0x10A4, 0x10A4, 0x10A4, 0x10A4, 0x10A4, 0x10A4, 0x10A4, 0x10A4, 0x10A4, 0x10A4, 0x10A4, 0x10A4, 0x10A4,
  0x10A4, 0x10A4, 0x10A4, 0x10A4, 0x10A4, 0x10A4, 0x10A4, 0x10A4, 0x10A4, 0x10A4, 0x10A4, 0x10A4, 0x10A4, 0x10A4, 0x10A4, 0x10A4,
  0x10A4, 0x10A4, 0x10A4, 0x10A4, 0x10A4, 0x10A4, 0x10A4, 0x10A4, 0x10A4, 0x10A4, 0x10A4, 0x10A4, 0x10A4, 0x10A4, 0x10A4, 0x10A4,
  0x10A4, 0x10A4, 0x10A4, 0x10A4, 0x10A4, 0x10C4, 0x10A4, 0x10C4, 0x10C4, 0x10C4, 0x10C4, 0x10C4, 0x10C4, 0x10C4, 0x10C4, 0x10C4,
  0x10C4, 0x10C4, 0x10C4, 0x10C4, 0x10C4, 0x10E5, 0x10E5, 0x10E5, 0x10E5, 0x10E5, 0x10E5, 0x10E5, 0x10E5, 0x10E5, 0x10E5, 0x1105,
  0x1105, 0x1105, 0x1105, 0x1105, 0x1105, 0x1105, 0x1105, 0x1105, 0x1125, 0x1125, 0x1126, 0x1126, 0x1126, 0x1126, 0x1126, 0x1126,
  0x1146, 0x1146, 0x1146, 0x1146, 0x1146, 0x1146, 0x1166, 0x1166, 0x1166, 0x1166, 0x1166, 0x1166, 0x1167, 0x1167, 0x1167, 0x1167,
  0x1167, 0x1167, 0x1167, 0x1167, 0x1166, 0x1166, 0x1166, 0x1166, 0x1166, 0x1166, 0x1146, 0x1146, 0x1146, 0x1146, 0x1146, 0x1146,
  0x1146, 0x1146, 0x1126, 0x1126, 0x1126, 0x1126, 0x1126, 0x1125, 0x1125, 0x1105, 0x1105, 0x1105, 0x1105, 0x1105, 0x1105, 0x1105,
  0x1105, 0x10E5, 0x10E5, 0x10E5, 0x10E5, 0x10E5, 0x10E5, 0x10E5, 0x10E5, 0x10E5, 0x10E5, 0x10C4, 0x10C5, 0x10C4, 0x10C4, 0x10C4,
  0x10C4, 0x10C4, 0x10C4, 0x10C4, 0x10C4, 0x10A4, 0x10E5, 0x05B5, 0x11A7, 0x1084, 0x10C4, 0x10A4, 0x10A4, 0x10C4, 0x1022, 0x04F2,
  0x0B2C, 0x1022, 0x10C4, 0x10A4, 0x10A4, 0x0863, 0x2947, 0xFFDF, 0x6B6F, 0xCE59, 0x94D3, 0xDEFB, 0x5B0D, 0xFFDF, 0x52AB, 0x0021,
  0xCE7A, 0xAD55, 0x18E5, 0xFFFF, 0x632D, 0x0000, 0x8C72, 0xEF7D, 0x18E5, 0x1084, 0x18E5, 0xEF7D, 0x8C72, 0x0843, 0x0043, 0x7BF0,
  0xFFFF, 0x18E5, 0xB596, 0xD6BA, 0xAD76, 0xCE59, 0x8C52, 0xEF5D, 0x10C5, 0xD6BB, 0xAD96, 0x0001, 0x7BF0, 0xAD76, 0x9493, 0x31A8,
  0x0884, 0x0043, 0x632D, 0xFFFF, 0x39C8, 0x0884, 0x18C5, 0x0002, 0x0001, 0x52AC, 0xFFFF, 0x424A, 0x10A4, 0x0043, 0x7BF0, 0xFFDF,
  0x10C5, 0xCE7A, 0xBDD7, 0xC639, 0xB5B7, 0x9CF4, 0xDEDB, 0x0042, 0xCE9A, 0xFFFF, 0xEF5D, 0xF7BE, 0x3A09, 0x4A6B, 0xFFFF, 0x2987,
  0x9CF4, 0xE73C, 0x0002, 0x5B0D, 0xB5B7, 0x94B3, 0x422A, 0x0863, 0x10A4, 0x10A4, 0x10A4, 0x10A4, 0x10A4, 0x10A4, 0x10A4, 0x10A4,
  0x10A4, 0x10A4, 0x10A4, 0x10A4, 0x10A4, 0x10A4, 0x10A4, 0x10A4, 0x10A4, 0x10A4, 0x10A4, 0x10A4, 0x10A4, 0x10A4, 0x10A4, 0x10A4,
  0x10A4, 0x10A4, 0x10A4, 0x10A4, 0x10A4, 0x10A4, 0x10A4, 0x10A4, 0x10C4, 0x0022, 0xA555, 0xFFFF, 0xF79E, 0xF7BE, 0xF7BE, 0xF7BE,
  0x52AB, 0x0002, 0x10A4, 0x10C4, 0x10A4, 0x10A4, 0x10A4, 0x0884, 0x0022, 0x8451, 0xFFFF, 0xF79E, 0xF7BE, 0xF79E, 0xFFFF, 0x634E,
  0x0043, 0x10C4, 0x10A4, 0x10A4, 0x10A4, 0x10A4, 0x10A4, 0x10A4, 0x10A4, 0x10A4, 0x10A4, 0x10A4, 0x10A4, 0x10A4, 0x10A4, 0x10A4,
  0x10A4, 0x10A4, 0x10A4, 0x10A4, 0x10A4, 0x10A4, 0x10A4, 0x10A4, 0x10A4, 0x10A4, 0x10A4, 0x10A4, 0x10A4, 0x10A4, 0x10A4, 0x10A4,
  0x10A4, 0x10A4, 0x10A4, 0x10A4, 0x10A4, 0x10A4, 0x10A4, 0x10A4, 0x10A4, 0x10A4, 0x10A4, 0x10A4, 0x10A4, 0x10A4, 0x10A4, 0x10A4,
  0x10A4, 0x10A4, 0x10A4, 0x10A4, 0x10A4, 0x10A4, 0x10A4, 0x10C4, 0x10C4, 0x10C4, 0x10C4, 0x10C4, 0x10C4, 0x10C4, 0x10C4, 0x10C4,
  0x10C4, 0x10C4, 0x10C4, 0x10C4, 0x10C5, 0x10E5, 0x10E5, 0x10E5, 0x10E5, 0x10E5, 0x10E5, 0x10E5, 0x10E5, 0x10E5, 0x10E5, 0x10E5,
  0x1105, 0x1105, 0x1105, 0x1105, 0x1105, 0x1105, 0x1105, 0x1125, 0x1125, 0x1125, 0x1126, 0x1126, 0x1126, 0x1126, 0x1146, 0x1126,
  0x1146, 0x1146, 0x1146, 0x1146, 0x1146, 0x1146, 0x1166, 0x1166, 0x1166, 0x1166, 0x1166, 0x1167, 0x1167, 0x1167, 0x1167, 0x1167,
  0x1167, 0x1167, 0x1167, 0x1167, 0x1167, 0x1167, 0x1166, 0x1166, 0x1166, 0x1166, 0x1166, 0x1146, 0x1146, 0x1146, 0x1146, 0x1146,
  0x1146, 0x1126, 0x1126, 0x1126, 0x1126, 0x1126, 0x1125, 0x1125, 0x1125, 0x1105, 0x1105, 0x1105, 0x1105, 0x1105, 0x1105, 0x1105,
  0x1105, 0x10E5, 0x10E5, 0x10E5, 0x10E5, 0x10E5, 0x10E5, 0x10E5, 0x10E5, 0x10E5, 0x10E5, 0x10E5, 0x10C5, 0x10C4, 0x10C4, 0x10C4,
  0x10C4, 0x10C4, 0x10C4, 0x10C4, 0x10C4, 0x10C4, 0x1083, 0x05B4, 0x0A49, 0x1063, 0x10C5, 0x10C4, 0x10A4, 0x10C4, 0x1043, 0x05B4,
  0x0A8A, 0x1043, 0x10C4, 0x10A4, 0x10A4, 0x10A4, 0x0883, 0xCE59, 0xD6BA, 0xE71C, 0x2967, 0xC618, 0xD6BB, 0xE71C, 0x10C5, 0x2967,
  0xFFFF, 0xE73C, 0xB5B7, 0xFFFF, 0xAD56, 0x0000, 0x8C72, 0xEF7D, 0x18E5, 0x0883, 0x10C5, 0xEF7D, 0x8C52, 0x0042, 0x0043, 0x7BF0,
  0xFFFF, 0x18E5, 0xB596, 0xD6BA, 0x18E5, 0xE73D, 0xEF5D, 0xDEFC, 0x1084, 0xCE59, 0xD69A, 0x0001, 0x4A6B, 0xAD76, 0xFFFF, 0x4A6B,
  0x0863, 0x0863, 0x4A8B, 0xFFFF, 0x422A, 0x0001, 0x0043, 0x5AEC, 0x424A, 0x31C8, 0xFFFF, 0x5ACC, 0x0001, 0x0001, 0x9D14, 0xF79E,
  0x0884, 0xD69A, 0xAD56, 0x2126, 0xF7BE, 0xEF5D, 0xCE79, 0x0042, 0xD6DB, 0xC618, 0x422A, 0x5AEC, 0x10C4, 0x52AC, 0xFFFF, 0x2987,
  0x8C52, 0xF79E, 0x0863, 0x31C8, 0x94B3, 0xFFFF, 0x73D0, 0x0002, 0x10C4, 0x10A4, 0x10A4, 0x10A4, 0x10A4, 0x10A4, 0x10A4, 0x10A4,
  0x10A4, 0x10A4, 0x10A4, 0x10A4, 0x10A4, 0x10A4, 0x10A4, 0x10A4, 0x10A4, 0x10A4, 0x10A4, 0x10A4, 0x10A4, 0x10A4, 0x10A4, 0x10A4,
  0x10A4, 0x10A4, 0x10A4, 0x10A4, 0x10A4, 0x10A4, 0x10A4, 0x10A4, 0x10C4, 0x0022, 0x9CD4, 0xFFFF, 0xF79E, 0xF79E, 0xFFFF, 0x8C52,
  0x0022, 0x10C5, 0x10A4, 0x10A4, 0x10A4, 0x10A4, 0x10A4, 0x10A4, 0x10A4, 0x0884, 0xC639, 0xFFFF, 0xF79E, 0xF7BE, 0xFFFF, 0x5ACC,
  0x0043, 0x10A4, 0x10A4, 0x10A4, 0x10A4, 0x10A4, 0x10A4, 0x10A4, 0x10A4, 0x10A4, 0x10A4, 0x10A4, 0x10A4, 0x10A4, 0x10A4, 0x10A4,
  0x10A4, 0x10A4, 0x10A4, 0x10A4, 0x10A4, 0x10A4, 0x10A4, 0x10A4, 0x10A4, 0x10A4, 0x10A4, 0x10A4, 0x10A4, 0x10A4, 0x10A4, 0x10A4,
  0x10A4, 0x10A4, 0x10A4, 0x10A4, 0x10A4, 0x10A4, 0x10A4, 0x10A4, 0x10A4, 0x10A4, 0x10A4, 0x10A4, 0x10A4, 0x10A4, 0x10A4, 0x10A4,
  0x10A4, 0x10A4, 0x10A4, 0x10A4, 0x10A4, 0x10A4, 0x10A4, 0x10C4, 0x10C4, 0x10C4, 0x10C4, 0x10C4, 0x10C4, 0x10C4, 0x10C4, 0x10C4,
  0x10C4, 0x10C4, 0x10C4, 0x10C4, 0x10C5, 0x10E5, 0x10E5, 0x10E5, 0x10E5, 0x10E5, 0x10E5, 0x10E5, 0x10E5, 0x10E5, 0x10E5, 0x1105,
  0x1105, 0x1105, 0x1105, 0x1105, 0x1105, 0x1105, 0x1105, 0x1105, 0x1125, 0x1126, 0x1126, 0x1126, 0x1126, 0x1126, 0x1126, 0x1146,
  0x1146, 0x1146, 0x1146, 0x1146, 0x1146, 0x1146, 0x1166, 0x1166, 0x1166, 0x1166, 0x1166, 0x1167, 0x1167, 0x1167, 0x1167, 0x1187,
  0x1187, 0x1167, 0x1167, 0x1167, 0x1167, 0x1167, 0x1166, 0x1166, 0x1166, 0x1166, 0x1166, 0x1146, 0x1146, 0x1146, 0x1146, 0x1146,
  0x1146, 0x1146, 0x1126, 0x1126, 0x1126, 0x1126, 0x1126, 0x1125, 0x1105, 0x1105, 0x1105, 0x1105, 0x1105, 0x1105, 0x1105, 0x1105,
  0x1105, 0x10E5, 0x10E5, 0x10E5, 0x10E5, 0x10E5, 0x10E5, 0x10E5, 0x10E5, 0x10E5, 0x10E5, 0x10C5, 0x10C4, 0x10C4, 0x10C4, 0x10C4,
  0x10C4, 0x10C4, 0x10C4, 0x10C4, 0x10C4, 0x10C4, 0x1043, 0x0B8E, 0x05B4, 0x1043, 0x1063, 0x10A4, 0x10A4, 0x1001, 0x0AEB, 0x05F5,
  0x10A4, 0x10A4, 0x10A4, 0x10A4, 0x10A4, 0x10C4, 0x0022, 0x8431, 0xFFFF, 0xC618, 0x0001, 0x9493, 0xFFFF, 0xAD56, 0x0001, 0x7BF0,
  0xFFFF, 0x8452, 0x7BF0, 0xBDD7, 0xF79E, 0x0863, 0x8C52, 0xF79E, 0x18E5, 0x0883, 0x10C5, 0xF79E, 0x8C72, 0x0042, 0x0043, 0x7BF0,
  0xFFFF, 0x18E5, 0xB5B7, 0xE71C, 0x0002, 0x5AEC, 0xFFFF, 0xE73C, 0x0883, 0x6B8F, 0xFFFF, 0x8452, 0x31A8, 0xB5B7, 0xE71C, 0x10C5,
  0x10A4, 0x10A4, 0x18C5, 0xDEFC, 0xD6BA, 0x422A, 0x73AF, 0xFFFF, 0x7BF0, 0x0022, 0xD69A, 0xE71C, 0x4A6A, 0x6B4E, 0xFFFF, 0x9493,
  0x0001, 0xDEDB, 0xBDD8, 0x0000, 0x7BD0, 0xFFFF, 0xCE7A, 0x0022, 0xE71C, 0xAD76, 0x0000, 0x0863, 0x0022, 0x5AEC, 0xFFFF, 0x39C8,
  0x31A8, 0xFFFF, 0xAD96, 0x31A8, 0x8431, 0xFFDF, 0x39E9, 0x0863, 0x10A4, 0x10A4, 0x10A4, 0x10A4, 0x10A4, 0x10A4, 0x10A4, 0x10A4,
  0x10A4, 0x10A4, 0x10A4, 0x10A4, 0x10A4, 0x10A4, 0x10A4, 0x10A4, 0x10A4, 0x10A4, 0x10A4, 0x10A4, 0x10A4, 0x10A4, 0x10A4, 0x10A4,
  0x10A4, 0x10A4, 0x10A4, 0x10A4, 0x10A4, 0x10A4, 0x10A4, 0x10A4, 0x10C4, 0x0022, 0x8451, 0xFFFF, 0xF79E, 0xFFDF, 0xEF5D, 0x2987,
  0x0863, 0x10A4, 0x10C4, 0x10A4, 0x10A4, 0x10A4, 0x10A4, 0x10A4, 0x10C4, 0x0022, 0x632E, 0xFFFF, 0xF79E, 0xF7BE, 0xFFDF, 0x424A,
  0x0863, 0x10A4, 0x10A4, 0x10A4, 0x10A4, 0x10A4, 0x10A4, 0x10A4, 0x10A4, 0x10A4, 0x10A4, 0x10A4, 0x10A4, 0x10A4, 0x10A4, 0x10A4,
  0x10A4, 0x10A4, 0x10A4, 0x10A4, 0x10A4, 0x10A4, 0x10A4, 0x10A4, 0x10A4, 0x10A4, 0x10A4, 0x10A4, 0x10A4, 0x10A4, 0x10A4, 0x10A4,
  0x10A4, 0x10A4, 0x10A4, 0x10A4, 0x10A4, 0x10A4, 0x10A4, 0x10A4, 0x10A4, 0x10A4, 0x10A4, 0x10A4, 0x10A4, 0x10A4, 0x10A4, 0x10A4,
  0x10A4, 0x10A4, 0x10A4, 0x10A4, 0x10A4, 0x10A4, 0x10A4, 0x10C4, 0x10C4, 0x10C4, 0x10C4, 0x10C4, 0x10C4, 0x10C4, 0x10C4, 0x10C4,
  0x10C4, 0x10C4, 0x10C4, 0x10C4, 0x10C4, 0x10E5, 0x10E5, 0x10E5, 0x10E5, 0x10E5, 0x10E5, 0x10E5, 0x10E5, 0x10E5, 0x10E5, 0x1105,
  0x1105, 0x1105, 0x1105, 0x1105, 0x1105, 0x1105, 0x1105, 0x1125, 0x1125, 0x1125, 0x1126, 0x1126, 0x1126, 0x1126, 0x1126, 0x1146,
  0x1146, 0x1146, 0x1146, 0x1146, 0x1146, 0x1146, 0x1166, 0x1166, 0x1166, 0x1166, 0x1167, 0x1167, 0x1167, 0x1167, 0x1187, 0x1187,
  0x1187, 0x1187, 0x1167, 0x1167, 0x1167, 0x1167, 0x1166, 0x1166, 0x1166, 0x1166, 0x1166, 0x1146, 0x1146, 0x1146, 0x1146, 0x1146,
  0x1146, 0x1146, 0x1126, 0x1126, 0x1126, 0x1126, 0x1126, 0x1125, 0x1125, 0x1105, 0x1105, 0x1105, 0x1105, 0x1105, 0x1105, 0x1105,
  0x1105, 0x10E5, 0x10E5, 0x10E5, 0x10E5, 0x10E5, 0x10E5, 0x10E5, 0x10E5, 0x10E5, 0x10E5, 0x10C5, 0x10C4, 0x10C4, 0x10C4, 0x10C4,
  0x10C4, 0x10C4, 0x10C4, 0x10C4, 0x10C4, 0x10C4, 0x10C4, 0x10A4, 0x0553, 0x0574, 0x09C8, 0x10E5, 0x1126, 0x0B6D, 0x0677, 0x0A29,
  0x1063, 0x10C4, 0x10A4, 0x10A4, 0x10A4, 0x10A4, 0x0863, 0x4209, 0xEF7D, 0x73AF, 0x0001, 0x4A8B, 0xEF7D, 0x632E, 0x0021, 0xBDF8,
  0xBDF8, 0x0001, 0x0000, 0x31C8, 0xF79E, 0x424A, 0x73AF, 0xE71C, 0x18E5, 0x0883, 0x10C5, 0xDEFC, 0x8411, 0x0043, 0x0043, 0x73AF,
  0xEF7D, 0x18E5, 0xA535, 0xCE7A, 0x0883, 0x0043, 0x9D14, 0xDEDB, 0x18E5, 0x0884, 0x8451, 0xF79E, 0xF7BE, 0xDEFB, 0x422A, 0x0863,
  0x10A4, 0x10A4, 0x0863, 0x31A8, 0xCE7A, 0xF7BE, 0xF7BE, 0x9493, 0x10A4, 0x0863, 0x2967, 0xC639, 0xF7BE, 0xF7BF, 0xA535, 0x18E5,
  0x0043, 0xC639, 0xAD55, 0x0022, 0x10A4, 0xC618, 0xC659, 0x0022, 0xCE7A, 0xA515, 0x0043, 0x18E5, 0x0043, 0x52AB, 0xEF7D, 0x3A09,
  0x0002, 0x6B8F, 0xE73C, 0xF7BE, 0xEF7D, 0x634E, 0x0863, 0x10A4, 0x10A4, 0x10A4, 0x10A4, 0x10A4, 0x10A4, 0x10A4, 0x10A4, 0x10A4,
  0x10A4, 0x10A4, 0x10A4, 0x10A4, 0x10A4, 0x10A4, 0x10A4, 0x10A4, 0x10A4, 0x10A4, 0x10A4, 0x10A4, 0x10A4, 0x10A4, 0x10A4, 0x10A4,
  0x10A4, 0x10A4, 0x10A4, 0x10A4, 0x10A4, 0x10A4, 0x10A4, 0x10A4, 0x10C4, 0x0042, 0x73AF, 0xFFFF, 0xF79E, 0xFFFF, 0xC639, 0x0863,
  0x10A4, 0x10A4, 0x0042, 0x1084, 0x10C4, 0x10C4, 0x0883, 0x0863, 0x10C4, 0x0863, 0x31A8, 0xEF7D, 0xF7BE, 0xF7BE, 0xF7BE, 0x31A8,
  0x0863, 0x10A4, 0x10A4, 0x10A4, 0x10A4, 0x10A4, 0x10A4, 0x10A4, 0x10A4, 0x10A4, 0x10A4, 0x10A4, 0x10A4, 0x10A4, 0x10A4, 0x10A4,
  0x10A4, 0x10A4, 0x10A4, 0x10A4, 0x10A4, 0x10A4, 0x10A4, 0x10A4, 0x10A4, 0x10A4, 0x10A4, 0x10A4, 0x10A4, 0x10A4, 0x10A4, 0x10A4,
  0x10A4, 0x10A4, 0x10A4, 0x10A4, 0x10A4, 0x10A4, 0x10A4, 0x10A4, 0x10A4, 0x10A4, 0x10A4, 0x10A4, 0x10A4, 0x10A4, 0x10A4, 0x10A4,
  0x10A4, 0x10A4, 0x10A4, 0x10A4, 0x10A4, 0x10A4, 0x10A4, 0x10A4, 0x10C4, 0x10C4, 0x10C4, 0x10C4, 0x10C4, 0x10C4, 0x10C4, 0x10C4,
  0x10C4, 0x10C4, 0x10C4, 0x10C4, 0x10C4, 0x10E5, 0x10E5, 0x10E5, 0x10E5, 0x10E5, 0x10E5, 0x10E5, 0x10E5, 0x10E5, 0x10E5, 0x10E5,
  0x1105, 0x1105, 0x1105, 0x1105, 0x1105, 0x1105, 0x1105, 0x1125, 0x1125, 0x1126, 0x1126, 0x1126, 0x1126, 0x1126, 0x1126, 0x1146,
  0x1146, 0x1146, 0x1146, 0x1146, 0x1146, 0x1166, 0x1166, 0x1166, 0x1166, 0x1166, 0x1166, 0x1167, 0x1187, 0x1167, 0x1167, 0x1187,
  0x1187, 0x1187, 0x1187, 0x1167, 0x1167, 0x1167, 0x1167, 0x1166, 0x1166, 0x1166, 0x1166, 0x1146, 0x1146, 0x1146, 0x1146, 0x1146,
  0x1146, 0x1146, 0x1126, 0x1126, 0x1126, 0x1126, 0x1126, 0x1125, 0x1125, 0x1105, 0x1105, 0x1105, 0x1105, 0x1105, 0x1105, 0x1105,
  0x1105, 0x10E5, 0x10E5, 0x10E5, 0x10E5, 0x10E5, 0x10E5, 0x10E5, 0x10E5, 0x10E5, 0x10E5, 0x10C5, 0x10C4, 0x10C4, 0x10C4, 0x10C4,
  0x10C4, 0x10C4, 0x10C4, 0x10C4, 0x10C4, 0x10C4, 0x10C4, 0x10A4, 0x10C4, 0x0C0F, 0x05F5, 0x05F5, 0x0616, 0x0574, 0x09E8, 0x1063,
  0x10C4, 0x10A4, 0x10A4, 0x10A4, 0x10A4, 0x10A4, 0x10A4, 0x10A4, 0x18E5, 0x10A4, 0x10A4, 0x10A4, 0x18E5, 0x10A4, 0x10A4, 0x18E5,
  0x10C4, 0x10C4, 0x10C5, 0x10A4, 0x18E5, 0x18C5, 0x10C4, 0x18E5, 0x10A4, 0x10A4, 0x10A4, 0x18E5, 0x10C4, 0x10A4, 0x10A4, 0x10C4,
  0x18E5, 0x10A4, 0x10C5, 0x18E5, 0x10A4, 0x10A4, 0x0884, 0x18E5, 0x10A4, 0x10A4, 0x0043, 0x18E5, 0x2146, 0x10A4, 0x0863, 0x10A4,
  0x10A4, 0x10A4, 0x10A4, 0x0863, 0x0883, 0x2146, 0x1905, 0x0043, 0x10A4, 0x10A4, 0x0863, 0x0863, 0x2126, 0x2126, 0x0843, 0x0884,
  0x10A4, 0x18C5, 0x10C5, 0x10A4, 0x10A4, 0x10A4, 0x18E5, 0x10A4, 0x18E5, 0x10C5, 0x10A4, 0x10A4, 0x10A4, 0x10A4, 0x18E5, 0x10A4,
  0x10A4, 0x0863, 0x10C4, 0x2967, 0x18E5, 0x0843, 0x10A4, 0x10A4, 0x10A4, 0x10A4, 0x10A4, 0x10A4, 0x10A4, 0x10A4, 0x10A4, 0x10A4,
  0x10A4, 0x10A4, 0x10A4, 0x10A4, 0x10A4, 0x10A4, 0x10A4, 0x10A4, 0x10A4, 0x10A4, 0x10A4, 0x10A4, 0x10A4, 0x10A4, 0x10A4, 0x10A4,
  0x10A4, 0x10A4, 0x10A4, 0x10A4, 0x10A4, 0x10A4, 0x10A4, 0x10A4, 0x10C4, 0x0043, 0x52AB, 0xFFFF, 0xF79E, 0xFFFF, 0xAD96, 0x0883,
  0x0843, 0x5AED, 0x73AF, 0x10A4, 0x0042, 0x0042, 0x2146, 0x94B3, 0x31C8, 0x0043, 0x2146, 0xEF5D, 0xFFDE, 0xFFDF, 0xE71C, 0x2126,
  0x0883, 0x10A4, 0x10A4, 0x10A4, 0x10A4, 0x10A4, 0x10A4, 0x10A4, 0x10A4, 0x10A4, 0x10A4, 0x10A4, 0x10A4, 0x10A4, 0x10A4, 0x10A4,
  0x10A4, 0x10A4, 0x10A4, 0x10A4, 0x10A4, 0x10A4, 0x10A4, 0x10A4, 0x10A4, 0x10A4, 0x10A4, 0x10A4, 0x10A4, 0x10A4, 0x10A4, 0x10A4,
  0x10A4, 0x10A4, 0x10A4, 0x10A4, 0x10A4, 0x10A4, 0x10A4, 0x10A4, 0x10A4, 0x10A4, 0x10A4, 0x10A4, 0x10A4, 0x10A4, 0x10A4, 0x10A4,
  0x10A4, 0x10A4, 0x10A4, 0x10A4, 0x10A4, 0x10C4, 0x10C4, 0x10C4, 0x10C4, 0x10C4, 0x10C4, 0x10C4, 0x10C4, 0x10C4, 0x10C4, 0x10C4,
  0x10C4, 0x10C4, 0x10C4, 0x10C4, 0x10C4, 0x10C5, 0x10E5, 0x10E5, 0x10E5, 0x10E5, 0x10E5, 0x10E5, 0x10E5, 0x10E5, 0x1105, 0x1105,
  0x1105, 0x1105, 0x1105, 0x1105, 0x1105, 0x1105, 0x1105, 0x1125, 0x1125, 0x1125, 0x1126, 0x1126, 0x1126, 0x1126, 0x1126, 0x1146,
  0x1146, 0x1146, 0x1146, 0x1146, 0x1146, 0x1166, 0x1166, 0x1166, 0x1166, 0x1167, 0x1167, 0x1167, 0x1187, 0x1167, 0x1187, 0x1187,
  0x1187, 0x1187, 0x1187, 0x1187, 0x1167, 0x1167, 0x1167, 0x1166, 0x1166, 0x1166, 0x1166, 0x1146, 0x1146, 0x1146, 0x1146, 0x1146,
  0x1146, 0x1146, 0x1126, 0x1126, 0x1126, 0x1126, 0x1126, 0x1125, 0x1125, 0x1105, 0x1105, 0x1105, 0x1105, 0x1105, 0x1105, 0x1105,
  0x1105, 0x10E5, 0x10E5, 0x10E5, 0x10E5, 0x10E5, 0x10E5, 0x10E5, 0x10E5, 0x10E5, 0x10E5, 0x10C5, 0x10C4, 0x10C4, 0x10C4, 0x10C4,
  0x10C4, 0x10C4, 0x10C4, 0x10C4, 0x10C4, 0x10C4, 0x10C4, 0x10C4, 0x10A4, 0x1043, 0x10C4, 0x1187, 0x1126, 0x1063, 0x1063, 0x10C4,
  0x10A4, 0x10A4, 0x10A4, 0x10A4, 0x10A4, 0x10A4, 0x10A4, 0x10A4, 0x0884, 0x10A4, 0x10A4, 0x10A4, 0x0884, 0x10A4, 0x10A4, 0x1084,
  0x10A4, 0x10A4, 0x10A4, 0x10A4, 0x0884, 0x1084, 0x10A4, 0x1084, 0x10A4, 0x10A4, 0x10A4, 0x1084, 0x10A4, 0x10A4, 0x10A4, 0x10A4,
  0x0884, 0x10A4, 0x1084, 0x1084, 0x10A4, 0x10A4, 0x10A4, 0x1084, 0x10A4, 0x10A4, 0x10A4, 0x0884, 0x0883, 0x10A4, 0x10A4, 0x10A4,
  0x10A4, 0x10A4, 0x10A4, 0x10A4, 0x10A4, 0x0883, 0x0884, 0x10A4, 0x10A4, 0x10A4, 0x10A4, 0x10A4, 0x0883, 0x0883, 0x10A4, 0x10A4,
  0x10A4, 0x1084, 0x1084, 0x10A4, 0x10A4, 0x10A4, 0x1084, 0x10A4, 0x1084, 0x1084, 0x10A4, 0x10A4, 0x10A4, 0x10A4, 0x0884, 0x10A4,
  0x10A4, 0x10A4, 0x1084, 0x0883, 0x1084, 0x10A4, 0x10A4, 0x10A4, 0x10A4, 0x10A4, 0x10A4, 0x10A4, 0x10A4, 0x10A4, 0x10A4, 0x10A4,
  0x10A4, 0x10A4, 0x10A4, 0x10A4, 0x10A4, 0x10A4, 0x10A4, 0x10A4, 0x10A4, 0x10A4, 0x10A4, 0x10A4, 0x10A4, 0x10A4, 0x10A4, 0x10A4,
  0x10A4, 0x10A4, 0x10A4, 0x10A4, 0x10A4, 0x10A4, 0x10A4, 0x10A4, 0x10A4, 0x0863, 0x31A8, 0xF7BE, 0xF79E, 0xFFFF, 0xAD76, 0x0883,
  0x0022, 0x7BD0, 0xFFFF, 0xC639, 0x4A6B, 0x738F, 0xE73C, 0xFFFF, 0x39E9, 0x0042, 0x2946, 0xEF5D, 0xF7BE, 0xFFFF, 0xC659, 0x10C5,
  0x10A4, 0x10A4, 0x10A4, 0x10A4, 0x10A4, 0x10A4, 0x10A4, 0x10A4, 0x10A4, 0x10A4, 0x10A4, 0x10A4, 0x10A4, 0x10A4, 0x10A4, 0x10A4,
  0x10A4, 0x10A4, 0x10A4, 0x10A4, 0x10A4, 0x10A4, 0x10A4, 0x10A4, 0x10A4, 0x10A4, 0x10A4, 0x10A4, 0x10A4, 0x10A4, 0x10A4, 0x10A4,
  0x10A4, 0x10A4, 0x10A4, 0x10A4, 0x10A4, 0x10A4, 0x10A4, 0x10A4, 0x10A4, 0x10A4, 0x10A4, 0x10A4, 0x10A4, 0x10A4, 0x10A4, 0x10A4,
  0x10A4, 0x10A4, 0x10A4, 0x10A4, 0x10A4, 0x10A4, 0x10A4, 0x10C4, 0x10C4, 0x10C4, 0x10C4, 0x10C4, 0x10C4, 0x10C4, 0x10C4, 0x10C4,
  0x10C4, 0x10C4, 0x10C4, 0x10C5, 0x10C5, 0x10C5, 0x10E5, 0x10E5, 0x10E5, 0x10E5, 0x10E5, 0x10E5, 0x10E5, 0x10E5, 0x10E5, 0x1105,
  0x1105, 0x1105, 0x1105, 0x1105, 0x1105, 0x1105, 0x1105, 0x1125, 0x1125, 0x1126, 0x1126, 0x1126, 0x1126, 0x1126, 0x1126, 0x1146,
  0x1146, 0x1146, 0x1146, 0x1146, 0x1146, 0x1166, 0x1166, 0x1166, 0x1166, 0x1167, 0x1167, 0x1167, 0x1187, 0x1187, 0x1187, 0x1187,
  0x1187, 0x1187, 0x1187, 0x1187, 0x1187, 0x1167, 0x1167, 0x1166, 0x1166, 0x1166, 0x1166, 0x1166, 0x1146, 0x1146, 0x1146, 0x1146,
  0x1146, 0x1146, 0x1126, 0x1126, 0x1126, 0x1126, 0x1125, 0x1125, 0x1125, 0x1125, 0x1105, 0x1105, 0x1105, 0x1105, 0x1105, 0x1105,
  0x1105, 0x10E5, 0x10E5, 0x10E5, 0x10E5, 0x10E5, 0x10E5, 0x10E5, 0x10E5, 0x10E5, 0x10E5, 0x10E5, 0x10C5, 0x10C4, 0x10C4, 0x10C4,
  0x10C4, 0x10C4, 0x10C4, 0x10C4, 0x10C4, 0x10C4, 0x10C4, 0x10C4, 0x10C4, 0x10C4, 0x10A4, 0x1083, 0x1084, 0x10C4, 0x10C4, 0x10A4,
  0x10A4, 0x10A4, 0x10A4, 0x10A4, 0x10A4, 0x10A4, 0x10A4, 0x10A4, 0x10A4, 0x10A4, 0x10A4, 0x10A4, 0x10A4, 0x10A4, 0x10A4, 0x10A4,
  0x10A4, 0x10A4, 0x10A4, 0x10A4, 0x10A4, 0x10A4, 0x10A4, 0x10A4, 0x10A4, 0x10A4, 0x10A4, 0x10A4, 0x10A4, 0x10A4, 0x10A4, 0x10A4,
  0x10A4, 0x10A4, 0x10A4, 0x10A4, 0x10A4, 0x10A4, 0x10A4, 0x10A4, 0x10A4, 0x10A4, 0x10A4, 0x10A4, 0x10A4, 0x10A4, 0x10A4, 0x10A4,
  0x10A4, 0x10A4, 0x10A4, 0x10A4, 0x10A4, 0x10A4, 0x10A4, 0x10A4, 0x10A4, 0x10A4, 0x10A4, 0x10A4, 0x10A4, 0x10A4, 0x10A4, 0x10A4,
  0x10A4, 0x10A4, 0x10A4, 0x10A4, 0x10A4, 0x10A4, 0x10A4, 0x10A4, 0x10A4, 0x10A4, 0x10A4, 0x10A4, 0x10A4, 0x10A4, 0x10A4, 0x10A4,
  0x10A4, 0x10A4, 0x10A4, 0x10A4, 0x10A4, 0x10A4, 0x10A4, 0x10A4, 0x10A4, 0x10A4, 0x10A4, 0x10A4, 0x10A4, 0x10A4, 0x10A4, 0x10A4,
  0x10A4, 0x10A4, 0x10A4, 0x10A4, 0x10A4, 0x10A4, 0x10A4, 0x10A4, 0x10A4, 0x10A4, 0x10A4, 0x10A4, 0x10A4, 0x10A4, 0x10A4, 0x10A4,
  0x10A4, 0x10A4, 0x10A4, 0x10A4, 0x10A4, 0x10A4, 0x10A4, 0x10A4, 0x10A4, 0x0884, 0x2126, 0xD6BB, 0xFFDF, 0xFFFF, 0xAD76, 0x0883,
  0x0863, 0x422A, 0xDEDB, 0xFFFF, 0xFFDF, 0xFFFF, 0xFFFF, 0xBDF7, 0x2126, 0x0863, 0x2146, 0xEF5D, 0xF7BE, 0xFFFF, 0xA535, 0x0043,
  0x10C4, 0x10A4, 0x10A4, 0x10A4, 0x10A4, 0x10A4, 0x10A4, 0x10A4, 0x10A4, 0x10A4, 0x10A4, 0x10A4, 0x10A4, 0x10A4, 0x10A4, 0x10A4,
  0x10A4, 0x10A4, 0x10A4, 0x10A4, 0x10A4, 0x10A4, 0x10A4, 0x10A4, 0x10A4, 0x10A4, 0x10A4, 0x10A4, 0x10A4, 0x10A4, 0x10A4, 0x10A4,
  0x10A4, 0x10A4, 0x10A4, 0x10A4, 0x10A4, 0x10A4, 0x10A4, 0x10A4, 0x10A4, 0x10A4, 0x10A4, 0x10A4, 0x10A4, 0x10A4, 0x10A4, 0x10A4,
  0x10A4, 0x10A4, 0x10A4, 0x10A4, 0x10A4, 0x10A4, 0x10A4, 0x10C4, 0x10C4, 0x10C4, 0x10C4, 0x10C4, 0x10C4, 0x10C4, 0x10C4, 0x10C4,
  0x10C4, 0x10C4, 0x10C4, 0x10C5, 0x10C5, 0x10E5, 0x10E5, 0x10E5, 0x10E5, 0x10E5, 0x10E5, 0x10E5, 0x10E5, 0x10E5, 0x10E5, 0x1105,
  0x1105, 0x1105, 0x1105, 0x1105, 0x1105, 0x1105, 0x1105, 0x1125, 0x1125, 0x1125, 0x1126, 0x1126, 0x1126, 0x1126, 0x1146, 0x1146,
  0x1146, 0x1146, 0x1146, 0x1146, 0x1146, 0x1166, 0x1166, 0x1166, 0x1167, 0x1167, 0x1167, 0x1167, 0x1187, 0x1187, 0x1187, 0x1187,
  0x1187, 0x1187, 0x1187, 0x1187, 0x1187, 0x1167, 0x1167, 0x1167, 0x1166, 0x1166, 0x1166, 0x1166, 0x1146, 0x1146, 0x1146, 0x1146,
  0x1146, 0x1146, 0x1126, 0x1126, 0x1126, 0x1126, 0x1126, 0x1125, 0x1125, 0x1105, 0x1105, 0x1105, 0x1105, 0x1105, 0x1105, 0x1105,
  0x1105, 0x1105, 0x10E5, 0x10E5, 0x10E5, 0x10E5, 0x10E5, 0x10E5, 0x10E5, 0x10E5, 0x10E5, 0x10E5, 0x10C5, 0x10C4, 0x10C4, 0x10C4,
  0x10C4, 0x10C4, 0x10C4, 0x10C4, 0x10C4, 0x10C4, 0x10C4, 0x10C4, 0x10C4, 0x10C4, 0x10A4, 0x10C4, 0x10A4, 0x10A4, 0x10A4, 0x10A4,
  0x10A4, 0x10A4, 0x10A4, 0x10A4, 0x10A4, 0x10A4, 0x10A4, 0x10A4, 0x10A4, 0x10A4, 0x10A4, 0x10A4, 0x10A4, 0x10A4, 0x10A4, 0x10A4,
  0x10A4, 0x10A4, 0x10A4, 0x10A4, 0x10A4, 0x10A4, 0x10A4, 0x10A4, 0x10A4, 0x10A4, 0x10A4, 0x10A4, 0x10A4, 0x10A4, 0x10A4, 0x10A4,
  0x10A4, 0x10A4, 0x10A4, 0x10A4, 0x10A4, 0x10A4, 0x10A4, 0x10A4, 0x10A4, 0x10A4, 0x10A4, 0x10A4, 0x10A4, 0x10A4, 0x10A4, 0x10A4,
  0x10A4, 0x10A4, 0x10A4, 0x10A4, 0x10A4, 0x10A4, 0x10A4, 0x10A4, 0x10A4, 0x10A4, 0x10A4, 0x10A4, 0x10A4, 0x10A4, 0x10A4, 0x10A4,
  0x10A4, 0x10A4, 0x10A4, 0x10A4, 0x10A4, 0x10A4, 0x10A4, 0x10A4, 0x10A4, 0x10A4, 0x10A4, 0x10A4, 0x10A4, 0x10A4, 0x10A4, 0x10A4,
  0x10A4, 0x10A4, 0x10A4, 0x10A4, 0x10A4, 0x10A4, 0x10A4, 0x10A4, 0x10A4, 0x10A4, 0x10A4, 0x10A4, 0x10A4, 0x10A4, 0x10A4, 0x10A4,
  0x10A4, 0x10A4, 0x10A4, 0x10A4, 0x10A4, 0x10A4, 0x10A4, 0x10A4, 0x10A4, 0x10A4, 0x10A4, 0x10A4, 0x10A4, 0x10A4, 0x10A4, 0x10A4,
  0x10A4, 0x10A4, 0x10A4, 0x10A4, 0x10A4, 0x10A4, 0x10A4, 0x10A4, 0x10A4, 0x10A4, 0x0863, 0xB5B7, 0xFFFF, 0xFFFF, 0xAD76, 0x0863,
  0x10C4, 0x0863, 0x1905, 0xA515, 0xFFDF, 0xF79E, 0x73AF, 0x0884, 0x1084, 0x0884, 0x2146, 0xEF5D, 0xF7BE, 0xFFFF, 0x73AF, 0x0022,
  0x10C4, 0x10A4, 0x10A4, 0x10A4, 0x10A4, 0x10A4, 0x10A4, 0x10A4, 0x10A4, 0x10A4, 0x10A4, 0x10A4, 0x10A4, 0x10A4, 0x10A4, 0x10A4,
  0x10A4, 0x10A4, 0x10A4, 0x10A4, 0x10A4, 0x10A4, 0x10A4, 0x10A4, 0x10A4, 0x10A4, 0x10A4, 0x10A4, 0x10A4, 0x10A4, 0x10A4, 0x10A4,
  0x10A4, 0x10A4, 0x10A4, 0x10A4, 0x10A4, 0x10A4, 0x10A4, 0x10A4, 0x10A4, 0x10A4, 0x10A4, 0x10A4, 0x10A4, 0x10A4, 0x10A4, 0x10A4,
  0x10A4, 0x10A4, 0x10A4, 0x10A4, 0x10A4, 0x10A4, 0x10C4, 0x10C4, 0x10C4, 0x10C4, 0x10C4, 0x10C4, 0x10C4, 0x10C4, 0x10C4, 0x10C4,
  0x10C4, 0x10C4, 0x10C4, 0x10C5, 0x10C5, 0x10E5, 0x10E5, 0x10E5, 0x10E5, 0x10E5, 0x10E5, 0x10E5, 0x10E5, 0x10E5, 0x10E5, 0x10E5,
  0x1105, 0x1105, 0x1105, 0x1105, 0x1105, 0x1105, 0x1105, 0x1125, 0x1125, 0x1126, 0x1126, 0x1126, 0x1126, 0x1126, 0x1146, 0x1146,
  0x1146, 0x1146, 0x1146, 0x1146, 0x1146, 0x1166, 0x1166, 0x1166, 0x1166, 0x1167, 0x1167, 0x1167, 0x1187, 0x1187, 0x1187, 0x1187,
  0x1187, 0x1187, 0x1187, 0x1187, 0x1187, 0x1167, 0x1167, 0x1167, 0x1166, 0x1166, 0x1166, 0x1166, 0x1146, 0x1146, 0x1146, 0x1146,
  0x1146, 0x1146, 0x1126, 0x1126, 0x1126, 0x1126, 0x1126, 0x1125, 0x1125, 0x1125, 0x1105, 0x1105, 0x1105, 0x1105, 0x1105, 0x1105,
  0x1105, 0x10E5, 0x10E5, 0x10E5, 0x10E5, 0x10E5, 0x10E5, 0x10E5, 0x10E5, 0x10E5, 0x10E5, 0x10E5, 0x10C5, 0x10C4, 0x10C4, 0x10C4,
  0x10C4, 0x10C4, 0x10C4, 0x10C4, 0x10C4, 0x10C4, 0x10C4, 0x10C4, 0x10C4, 0x10C4, 0x10A4, 0x10A4, 0x10A4, 0x10A4, 0x10A4, 0x10A4,
  0x10A4, 0x10A4, 0x10A4, 0x10A4, 0x10A4, 0x10A4, 0x10A4, 0x10A4, 0x10A4, 0x10A4, 0x10A4, 0x10A4, 0x10A4, 0x10A4, 0x10A4, 0x10A4,
  0x10A4, 0x10A4, 0x10A4, 0x10A4, 0x10A4, 0x10A4, 0x10A4, 0x10A4, 0x10A4, 0x10A4, 0x10A4, 0x10A4, 0x10A4, 0x10A4, 0x10A4, 0x10A4,
  0x10A4, 0x10A4, 0x10A4, 0x10A4, 0x10A4, 0x10A4, 0x10A4, 0x10A4, 0x10A4, 0x10A4, 0x10A4, 0x10A4, 0x10A4, 0x10A4, 0x10A4, 0x10A4,
  0x10A4, 0x10A4, 0x10A4, 0x10A4, 0x10A4, 0x10A4, 0x10A4, 0x10A4, 0x10A4, 0x10A4, 0x10A4, 0x10A4, 0x10A4, 0x10A4, 0x10A4, 0x10A4,
  0x10A4, 0x10A4, 0x10A4, 0x10A4, 0x10A4, 0x10A4, 0x10A4, 0x10A4, 0x10A4, 0x10A4, 0x10A4, 0x10A4, 0x10A4, 0x10A4, 0x10A4, 0x10A4,
  0x10A4, 0x10A4, 0x10A4, 0x10A4, 0x10A4, 0x10A4, 0x10A4, 0x10A4, 0x10A4, 0x10A4, 0x10A4, 0x10A4, 0x10A4, 0x10A4, 0x10A4, 0x10A4,
  0x10A4, 0x10A4, 0x10A4, 0x10A4, 0x10A4, 0x10A4, 0x10A4, 0x10A4, 0x10A4, 0x10A4, 0x10A4, 0x10A4, 0x10A4, 0x10A4, 0x10A4, 0x10A4,
  0x10A4, 0x10A4, 0x10A4, 0x10A4, 0x10A4, 0x10A4, 0x10A4, 0x10A4, 0x10A4, 0x10C4, 0x0022, 0x8411, 0xFFFF, 0xFFFF, 0xAD76, 0x0863,
  0x10A4, 0x10C5, 0x0022, 0x4A8B, 0xFFFF, 0xEF5D, 0x18E5, 0x0863, 0x10C4, 0x0883, 0x2146, 0xEF5D, 0xFFDF, 0xFFDF, 0x422A, 0x0863,
  0x10A4, 0x10A4, 0x10A4, 0x10A4, 0x10A4, 0x10A4, 0x10A4, 0x10A4, 0x10A4, 0x10A4, 0x10A4, 0x10A4, 0x10A4, 0x10A4, 0x10A4, 0x10A4,
  0x10A4, 0x10A4, 0x10A4, 0x10A4, 0x10A4, 0x10A4, 0x10A4, 0x10A4, 0x10A4, 0x10A4, 0x10A4, 0x10A4, 0x10A4, 0x10A4, 0x10A4, 0x10A4,
  0x10A4, 0x10A4, 0x10A4, 0x10A4, 0x10A4, 0x10A4, 0x10A4, 0x10A4, 0x10A4, 0x10A4, 0x10A4, 0x10A4, 0x10A4, 0x10A4, 0x10A4, 0x10A4,
  0x10A4, 0x10A4, 0x10A4, 0x10A4, 0x10A4, 0x10A4, 0x10A4, 0x10C4, 0x10C4, 0x10C4, 0x10C4, 0x10C4, 0x10C4, 0x10C4, 0x10C4, 0x10C4,
  0x10C4, 0x10C4, 0x10C4, 0x10C5, 0x10C5, 0x10E5, 0x10E5, 0x10E5, 0x10E5, 0x10E5, 0x10E5, 0x10E5, 0x10E5, 0x10E5, 0x10E5, 0x10E5,
  0x1105, 0x1105, 0x1105, 0x1105, 0x1105, 0x1105, 0x1105, 0x1125, 0x1126, 0x1125, 0x1126, 0x1126, 0x1126, 0x1126, 0x1146, 0x1146,
  0x1146, 0x1146, 0x1146, 0x1146, 0x1166, 0x1166, 0x1166, 0x1166, 0x1166, 0x1167, 0x1167, 0x1187, 0x1187, 0x1187, 0x1187, 0x1187,
  0x1187, 0x1187, 0x1187, 0x1187, 0x1187, 0x1187, 0x1167, 0x1167, 0x1166, 0x1166, 0x1166, 0x1166, 0x1146, 0x1146, 0x1146, 0x1146,
  0x1146, 0x1146, 0x1126, 0x1126, 0x1126, 0x1126, 0x1126, 0x1126, 0x1125, 0x1125, 0x1105, 0x1105, 0x1105, 0x1105, 0x1105, 0x1105,
  0x1105, 0x1105, 0x10E5, 0x10E5, 0x10E5, 0x10E5, 0x10E5, 0x10E5, 0x10E5, 0x10E5, 0x10E5, 0x10E5, 0x10C5, 0x10C4, 0x10C4, 0x10C4,
  0x10C4, 0x10C4, 0x10C4, 0x10C4, 0x10C4, 0x10C4, 0x10C4, 0x10C4, 0x10C4, 0x10A4, 0x10A4, 0x10A4, 0x10A4, 0x10A4, 0x10A4, 0x10A4,
  0x10A4, 0x10A4, 0x10A4, 0x10A4, 0x10A4, 0x10A4, 0x10A4, 0x10A4, 0x10A4, 0x10A4, 0x10A4, 0x10A4, 0x10A4, 0x10A4, 0x10A4, 0x10A4,
  0x10A4, 0x10A4, 0x10A4, 0x10A4, 0x10A4, 0x10A4, 0x10A4, 0x10A4, 0x10A4, 0x10A4, 0x10A4, 0x10A4, 0x10A4, 0x10A4, 0x10A4, 0x10A4,
  0x10A4, 0x10A4, 0x10A4, 0x10A4, 0x10A4, 0x10A4, 0x10A4, 0x10A4, 0x10A4, 0x10A4, 0x10A4, 0x10A4, 0x10A4, 0x10A4, 0x10A4, 0x10A4,
  0x10A4, 0x10A4, 0x10A4, 0x10A4, 0x10A4, 0x10A4, 0x10A4, 0x10A4, 0x10A4, 0x10A4, 0x10A4, 0x10A4, 0x10A4, 0x10A4, 0x10A4, 0x10A4,
  0x10A4, 0x10A4, 0x10A4, 0x10A4, 0x10A4, 0x10A4, 0x10A4, 0x10A4, 0x10A4, 0x10A4, 0x10A4, 0x10A4, 0x10A4, 0x10A4, 0x10A4, 0x10A4,
  0x10A4, 0x10A4, 0x10A4, 0x10A4, 0x10A4, 0x10A4, 0x10A4, 0x10A4, 0x10A4, 0x10A4, 0x10A4, 0x10A4, 0x10A4, 0x10A4, 0x10A4, 0x10A4,
  0x10A4, 0x10A4, 0x10A4, 0x10A4, 0x10A4, 0x10A4, 0x10A4, 0x10A4, 0x10A4, 0x10A4, 0x10A4, 0x10A4, 0x10A4, 0x10A4, 0x10A4, 0x10A4,
  0x10A4, 0x10A4, 0x10A4, 0x10A4, 0x10A4, 0x10A4, 0x10A4, 0x10A4, 0x10A4, 0x10A4, 0x0863, 0x3A09, 0xF79E, 0xFFFF, 0xAD76, 0x0863,
  0x10A4, 0x10C4, 0x0043, 0x5AED, 0xFFFF, 0xEF5D, 0x2967, 0x0884, 0x10A4, 0x0883, 0x2146, 0xE73C, 0xFFFF, 0xD69A, 0x18E5, 0x1084,
  0x10A4, 0x10A4, 0x10A4, 0x10A4, 0x10A4, 0x10A4, 0x10A4, 0x10A4, 0x10A4, 0x10A4, 0x10A4, 0x10A4, 0x10A4, 0x10A4, 0x10A4, 0x10A4,
  0x10A4, 0x10A4, 0x10A4, 0x10A4, 0x10A4, 0x10A4, 0x10A4, 0x10A4, 0x10A4, 0x10A4, 0x10A4, 0x10A4, 0x10A4, 0x10A4, 0x10A4, 0x10A4,
  0x10A4, 0x10A4, 0x10A4, 0x10A4, 0x10A4, 0x10A4, 0x10A4, 0x10A4, 0x10A4, 0x10A4, 0x10A4, 0x10A4, 0x10A4, 0x10A4, 0x10A4, 0x10A4,
  0x10A4, 0x10A4, 0x10A4, 0x10A4, 0x10A4, 0x10C4, 0x10A4, 0x10C4, 0x10C4, 0x10C4, 0x10C4, 0x10C4, 0x10C4, 0x10C4, 0x10C4, 0x10C4,
  0x10C4, 0x10C4, 0x10C4, 0x10C5, 0x10C5, 0x10E5, 0x10E5, 0x10E5, 0x10E5, 0x10E5, 0x10E5, 0x10E5, 0x10E5, 0x10E5, 0x10E5, 0x1105,
  0x1105, 0x1105, 0x1105, 0x1105, 0x1105, 0x1105, 0x1105, 0x1125, 0x1125, 0x1125, 0x1126, 0x1126, 0x1126, 0x1126, 0x1146, 0x1146,
  0x1146, 0x1146, 0x1146, 0x1146, 0x1146, 0x1166, 0x1166, 0x1166, 0x1167, 0x1167, 0x1167, 0x1187, 0x1187, 0x1187, 0x1187, 0x1187,
  0x1187, 0x1187, 0x1187, 0x1187, 0x1187, 0x1187, 0x1167, 0x1167, 0x1166, 0x1166, 0x1166, 0x1166, 0x1146, 0x1146, 0x1146, 0x1146,
  0x1146, 0x1146, 0x1126, 0x1126, 0x1126, 0x1126, 0x1126, 0x1125, 0x1125, 0x1105, 0x1105, 0x1105, 0x1105, 0x1105, 0x1105, 0x1105,
  0x1105, 0x10E5, 0x10E5, 0x10E5, 0x10E5, 0x10E5, 0x10E5, 0x10E5, 0x10E5, 0x10E5, 0x10E5, 0x10E5, 0x10C5, 0x10C4, 0x10C4, 0x10C4,
  0x10C4, 0x10C4, 0x10C4, 0x10C4, 0x10C4, 0x10C4, 0x10C4, 0x10A4, 0x10C4, 0x10C4, 0x10A4, 0x10A4, 0x10A4, 0x10A4, 0x10A4, 0x10A4,
  0x10A4, 0x10A4, 0x10A4, 0x10A4, 0x10A4, 0x10A4, 0x10A4, 0x10A4, 0x10A4, 0x10A4, 0x10A4, 0x10A4, 0x10A4, 0x10A4, 0x10A4, 0x10A4,
  0x10A4, 0x10A4, 0x10A4, 0x10A4, 0x10A4, 0x10A4, 0x10A4, 0x10A4, 0x10A4, 0x10A4, 0x10A4, 0x10A4, 0x10A4, 0x10A4, 0x10A4, 0x10A4,
  0x10A4, 0x10A4, 0x10A4, 0x10A4, 0x10A4, 0x10A4, 0x10A4, 0x10A4, 0x10A4, 0x10A4, 0x10A4, 0x10A4, 0x10A4, 0x10A4, 0x10A4, 0x10A4,
  0x10A4, 0x10A4, 0x10A4, 0x10A4, 0x10A4, 0x10A4, 0x10A4, 0x10A4, 0x10A4, 0x10A4, 0x10A4, 0x10A4, 0x10A4, 0x10A4, 0x10A4, 0x10A4,
  0x10A4, 0x10A4, 0x10A4, 0x10A4, 0x10A4, 0x10A4, 0x10A4, 0x10A4, 0x10A4, 0x10A4, 0x10A4, 0x10A4, 0x10A4, 0x10A4, 0x10A4, 0x10A4,
  0x10A4, 0x10A4, 0x10A4, 0x10A4, 0x10A4, 0x10A4, 0x10A4, 0x10A4, 0x10A4, 0x10A4, 0x10A4, 0x10A4, 0x10A4, 0x10A4, 0x10A4, 0x10A4,
  0x10A4, 0x10A4, 0x10A4, 0x10A4, 0x10A4, 0x10A4, 0x10A4, 0x10A4, 0x10A4, 0x10A4, 0x10A4, 0x10A4, 0x10A4, 0x10A4, 0x10A4, 0x10A4,
  0x10A4, 0x10A4, 0x10A4, 0x10A4, 0x10A4, 0x10A4, 0x10A4, 0x10A4, 0x10A4, 0x10A4, 0x10A4, 0x10A4, 0xC639, 0xFFFF, 0xAD55, 0x0043,
  0x10C4, 0x10C5, 0x0843, 0x5AEC, 0xFFFF, 0xEF5D, 0x2967, 0x0884, 0x10C4, 0x1084, 0x2106, 0xE73C, 0xFFFF, 0x94B3, 0x0042, 0x10C4,
  0x10A4, 0x10A4, 0x10A4, 0x10A4, 0x10A4, 0x10A4, 0x10A4, 0x10A4, 0x10A4, 0x10A4, 0x10A4, 0x10A4, 0x10A4, 0x10A4, 0x10A4, 0x10A4,
  0x10A4, 0x10A4, 0x10A4, 0x10A4, 0x10A4, 0x10A4, 0x10A4, 0x10A4, 0x10A4, 0x10A4, 0x10A4, 0x10A4, 0x10A4, 0x10A4, 0x10A4, 0x10A4,
  0x10A4, 0x10A4, 0x10A4, 0x10A4, 0x10A4, 0x10A4, 0x10A4, 0x10A4, 0x10A4, 0x10A4, 0x10A4, 0x10A4, 0x10A4, 0x10A4, 0x10A4, 0x10A4,
  0x10A4, 0x10A4, 0x10A4, 0x10A4, 0x10A4, 0x10A4, 0x10A4, 0x10C4, 0x10C4, 0x10C4, 0x10C4, 0x10C4, 0x10C4, 0x10C4, 0x10C4, 0x10C4,
  0x10C4, 0x10C4, 0x10C4, 0x10C5, 0x10E5, 0x10C5, 0x10E5, 0x10E5, 0x10E5, 0x10E5, 0x10E5, 0x10E5, 0x10E5, 0x10E5, 0x10E5, 0x1105,
  0x1105, 0x1105, 0x1105, 0x1105, 0x1105, 0x1105, 0x1105, 0x1125, 0x1125, 0x1126, 0x1126, 0x1126, 0x1126, 0x1146, 0x1146, 0x1146,
  0x1146, 0x1146, 0x1146, 0x1146, 0x1166, 0x1166, 0x1166, 0x1167, 0x1167, 0x1167, 0x1187, 0x1187, 0x1187, 0x1187, 0x1187, 0x1187,
  0x1187, 0x1187, 0x1187, 0x1187, 0x1187, 0x1187, 0x1167, 0x1167, 0x1166, 0x1166, 0x1166, 0x1166, 0x1146, 0x1146, 0x1146, 0x1146,
  0x1146, 0x1146, 0x1146, 0x1126, 0x1126, 0x1126, 0x1126, 0x1125, 0x1125, 0x1105, 0x1105, 0x1105, 0x1105, 0x1105, 0x1105, 0x1105,
  0x1105, 0x1105, 0x10E5, 0x10E5, 0x10E5, 0x10E5, 0x10E5, 0x10E5, 0x10E5, 0x10E5, 0x10E5, 0x10E5, 0x10E5, 0x10C4, 0x10C4, 0x10C4,
  0x10C4, 0x10C4, 0x10C4, 0x10C4, 0x10C4, 0x10C4, 0x10C4, 0x10C4, 0x10C4, 0x10C4, 0x10C4, 0x10A4, 0x10A4, 0x10A4, 0x10A4, 0x10A4,
  0x10A4, 0x10A4, 0x10A4, 0x10A4, 0x10A4, 0x10A4, 0x10A4, 0x10A4, 0x10A4, 0x10A4, 0x10A4, 0x10A4, 0x10A4, 0x10A4, 0x10A4, 0x10A4,
  0x10A4, 0x10A4, 0x10A4, 0x10A4, 0x10A4, 0x10A4, 0x10A4, 0x10A4, 0x10A4, 0x10A4, 0x10A4, 0x10A4, 0x10A4, 0x10A4, 0x10A4, 0x10A4,
  0x10A4, 0x10A4, 0x10A4, 0x10A4, 0x10A4, 0x10A4, 0x10A4, 0x10A4, 0x10A4, 0x10A4, 0x10A4, 0x10A4, 0x10A4, 0x10A4, 0x10A4, 0x10A4,
  0x10A4, 0x10A4, 0x10A4, 0x10A4, 0x10A4, 0x10A4, 0x10A4, 0x10A4, 0x10A4, 0x10A4, 0x10A4, 0x10A4, 0x10A4, 0x10A4, 0x10A4, 0x10A4,
  0x10A4, 0x10A4, 0x10A4, 0x10A4, 0x10A4, 0x10A4, 0x10A4, 0x10A4, 0x10A4, 0x10A4, 0x10A4, 0x10A4, 0x10A4, 0x10A4, 0x10A4, 0x10A4,
  0x10A4, 0x10A4, 0x10A4, 0x10A4, 0x10A4, 0x10A4, 0x10A4, 0x10A4, 0x10A4, 0x10A4, 0x10A4, 0x10A4, 0x10A4, 0x10A4, 0x10A4, 0x10A4,
  0x10A4, 0x10A4, 0x10A4, 0x10A4, 0x10A4, 0x10A4, 0x10A4, 0x10A4, 0x10A4, 0x10A4, 0x10A4, 0x10A4, 0x10A4, 0x10A4, 0x10A4, 0x10A4,
  0x10A4, 0x10A4, 0x10A4, 0x10A4, 0x10A4, 0x10A4, 0x10A4, 0x10A4, 0x10A4, 0x10A4, 0x10C4, 0x0022, 0x7BF0, 0xFFFF, 0xDEFB, 0x2987,
  0x0002, 0x0883, 0x0022, 0x52AC, 0xFFFF, 0xEF5D, 0x1905, 0x0863, 0x0863, 0x0002, 0x630D, 0xF7BE, 0xF7BE, 0x3A09, 0x0863, 0x10A4,
  0x10A4, 0x10A4, 0x10A4, 0x10A4, 0x10A4, 0x10A4, 0x10A4, 0x10A4, 0x10A4, 0x10A4, 0x10A4, 0x10A4, 0x10A4, 0x10A4, 0x10A4, 0x10A4,
  0x10A4, 0x10A4, 0x10A4, 0x10A4, 0x10A4, 0x10A4, 0x10A4, 0x10A4, 0x10A4, 0x10A4, 0x10A4, 0x10A4, 0x10A4, 0x10A4, 0x10A4, 0x10A4,
  0x10A4, 0x10A4, 0x10A4, 0x10A4, 0x10A4, 0x10A4, 0x10A4, 0x10A4, 0x10A4, 0x10A4, 0x10A4, 0x10A4, 0x10A4, 0x10A4, 0x10A4, 0x10A4,
  0x10A4, 0x10A4, 0x10A4, 0x10A4, 0x10A4, 0x10A4, 0x10C4, 0x10C4, 0x10C4, 0x10C4, 0x10C4, 0x10C4, 0x10C4, 0x10C4, 0x10C4, 0x10C4,
  0x10C4, 0x10C4, 0x10C4, 0x10C4, 0x10E5, 0x10E5, 0x10E5, 0x10E5, 0x10E5, 0x10E5, 0x10E5, 0x10E5, 0x10E5, 0x10E5, 0x10E5, 0x1105,
  0x1105, 0x1105, 0x1105, 0x1105, 0x1105, 0x1105, 0x1105, 0x1125, 0x1125, 0x1126, 0x1126, 0x1126, 0x1126, 0x1146, 0x1146, 0x1146,
  0x1146, 0x1146, 0x1146, 0x1146, 0x1166, 0x1166, 0x1166, 0x1166, 0x1166, 0x1167, 0x1167, 0x1187, 0x1187, 0x1187, 0x1187, 0x1187,
  0x1187, 0x1187, 0x1187, 0x1187, 0x1187, 0x1187, 0x1187, 0x1167, 0x1167, 0x1166, 0x1166, 0x1166, 0x1146, 0x1146, 0x1146, 0x1146,
  0x1146, 0x1146, 0x1146, 0x1126, 0x1126, 0x1126, 0x1125, 0x1126, 0x1126, 0x1105, 0x1105, 0x1105, 0x1105, 0x1105, 0x1105, 0x1105,
  0x1105, 0x10E5, 0x10E5, 0x10E5, 0x10E5, 0x10E5, 0x10E5, 0x10E5, 0x10E5, 0x10E5, 0x10E5, 0x10C5, 0x10C4, 0x10C4, 0x10E5, 0x10C4,
  0x08A4, 0x08A4, 0x10C4, 0x10C5, 0x10C4, 0x10C4, 0x10C4, 0x10C4, 0x10C4, 0x10A4, 0x10A4, 0x10A4, 0x10A4, 0x10A4, 0x10A4, 0x10C4,
  0x10A4, 0x0884, 0x10C4, 0x10A4, 0x10A4, 0x10A4, 0x1084, 0x10A4, 0x10A4, 0x10A4, 0x10A4, 0x1084, 0x10A4, 0x10A4, 0x10A4, 0x10A4,
  0x10A4, 0x10A4, 0x10A4, 0x10A4, 0x10A4, 0x10A4, 0x10A4, 0x10A4, 0x10A4, 0x0884, 0x10A4, 0x10A4, 0x10A4, 0x10A4, 0x10A4, 0x10A4,
  0x10A4, 0x10A4, 0x10A4, 0x10A4, 0x10A4, 0x10A4, 0x10A4, 0x10A4, 0x10A4, 0x10A4, 0x1084, 0x10A4, 0x10A4, 0x10A4, 0x10A4, 0x10A4,
  0x10A4, 0x10A4, 0x1084, 0x10A4, 0x1084, 0x10A4, 0x10A4, 0x10A4, 0x0883, 0x10A4, 0x10A4, 0x10A4, 0x10A4, 0x10A4, 0x10A4, 0x10A4,
  0x0884, 0x10A4, 0x10A4, 0x10A4, 0x10A4, 0x1084, 0x10A4, 0x10A4, 0x1084, 0x10A4, 0x10A4, 0x10A4, 0x10A4, 0x10A4, 0x10A4, 0x10A4,
  0x10A4, 0x10A4, 0x10A4, 0x10A4, 0x10A4, 0x10A4, 0x10A4, 0x10A4, 0x10A4, 0x10A4, 0x10A4, 0x10A4, 0x10A4, 0x10A4, 0x10A4, 0x10A4,
  0x10A4, 0x10A4, 0x10A4, 0x10A4, 0x10A4, 0x10A4, 0x10A4, 0x10A4, 0x10A4, 0x10A4, 0x10A4, 0x10A4, 0x10A4, 0x10A4, 0x10A4, 0x10A4,
  0x10A4, 0x10A4, 0x10A4, 0x10A4, 0x10A4, 0x10A4, 0x10A4, 0x10A4, 0x10A4, 0x10A4, 0x10A4, 0x0884, 0x2126, 0xE71C, 0xFFFF, 0xDEFC,
  0x73D0, 0x31C8, 0x1905, 0xA515, 0xFFFF, 0xF7BE, 0x6B4E, 0x18C5, 0x424A, 0x94B3, 0xEF7D, 0xFFFF, 0xB5B7, 0x0863, 0x10A4, 0x10A4,
  0x10A4, 0x10A4, 0x10A4, 0x10A4, 0x10A4, 0x10A4, 0x10A4, 0x10A4, 0x10A4, 0x10A4, 0x10A4, 0x10A4, 0x10A4, 0x10A4, 0x10A4, 0x10A4,
  0x10A4, 0x10A4, 0x10A4, 0x10A4, 0x10A4, 0x10A4, 0x10A4, 0x10A4, 0x10A4, 0x10A4, 0x10A4, 0x10A4, 0x10A4, 0x10A4, 0x10A4, 0x10A4,
  0x10A4, 0x10A4, 0x10A4, 0x10A4, 0x10A4, 0x10A4, 0x10A4, 0x10A4, 0x10A4, 0x10A4, 0x10A4, 0x10A4, 0x10A4, 0x10A4, 0x10A4, 0x10A4,
  0x10A4, 0x10A4, 0x10A4, 0x10A4, 0x10A4, 0x10A4, 0x10A4, 0x10A4, 0x10C4, 0x10C4, 0x10C4, 0x10C4, 0x10C4, 0x10C4, 0x10C4, 0x10C4,
  0x10C4, 0x10C4, 0x10C4, 0x10C4, 0x10C5, 0x10E5, 0x10E5, 0x10E5, 0x10E5, 0x10E5, 0x10E5, 0x10E5, 0x10E5, 0x10E5, 0x10E5, 0x1105,
  0x1105, 0x1105, 0x1105, 0x1105, 0x1105, 0x1105, 0x1105, 0x1125, 0x1126, 0x1126, 0x1126, 0x1126, 0x1126, 0x1126, 0x1146, 0x1146,
  0x1146, 0x1146, 0x1146, 0x1146, 0x1166, 0x1166, 0x1166, 0x1166, 0x1166, 0x1167, 0x1187, 0x1187, 0x1187, 0x1187, 0x1187, 0x1187,
  0x1187, 0x1187, 0x1187, 0x1187, 0x1187, 0x1187, 0x1187, 0x1167, 0x1167, 0x1166, 0x1166, 0x1166, 0x1166, 0x1146, 0x1146, 0x1146,
  0x1146, 0x1146, 0x1146, 0x1126, 0x1126, 0x1126, 0x1126, 0x1126, 0x1125, 0x1125, 0x1105, 0x1105, 0x1105, 0x1105, 0x1105, 0x1105,
  0x1105, 0x1105, 0x10E5, 0x10E5, 0x10E5, 0x10E5, 0x10E5, 0x10E5, 0x10E5, 0x10E5, 0x10E5, 0x10C5, 0x10C5, 0x10C4, 0x0083, 0x08A4,
  0x2146, 0x2187, 0x10C4, 0x0063, 0x10A4, 0x10C4, 0x10C4, 0x10C4, 0x10A4, 0x10C4, 0x10A4, 0x10A4, 0x10A4, 0x10A4, 0x10A4, 0x0883,
  0x18E5, 0x2126, 0x0863, 0x10A4, 0x10A4, 0x18E5, 0x18E5, 0x10C4, 0x10A4, 0x10A4, 0x10A4, 0x18E5, 0x10C4, 0x10C5, 0x18C5, 0x10A4,
  0x10A4, 0x10A4, 0x10A4, 0x10A4, 0x10A4, 0x10A4, 0x10A4, 0x10A4, 0x0863, 0x2126, 0x10C4, 0x0863, 0x10A4, 0x10A4, 0x10A4, 0x10A4,
  0x10A4, 0x10A4, 0x1084, 0x10A4, 0x10A4, 0x10A4, 0x10A4, 0x10A4, 0x10A4, 0x10C4, 0x18E5, 0x18C5, 0x10A4, 0x10A4, 0x10A4, 0x10A4,
  0x10A4, 0x10C5, 0x18E5, 0x10A4, 0x18E5, 0x10C4, 0x0883, 0x0883, 0x2146, 0x10A4, 0x0883, 0x10A4, 0x10A4, 0x10A4, 0x0883, 0x10C4,
  0x2126, 0x0863, 0x10A4, 0x10A4, 0x18C5, 0x18E5, 0x10C4, 0x10A4, 0x18E5, 0x10A4, 0x18C5, 0x18C5, 0x10A4, 0x10A4, 0x10A4, 0x10A4,
  0x10A4, 0x10A4, 0x10A4, 0x18C5, 0x18C5, 0x0863, 0x10A4, 0x10A4, 0x10A4, 0x10A4, 0x10A4, 0x10A4, 0x10A4, 0x10A4, 0x10A4, 0x10A4,
  0x10A4, 0x10A4, 0x10A4, 0x10A4, 0x10A4, 0x10A4, 0x10A4, 0x10A4, 0x10A4, 0x10A4, 0x10A4, 0x10A4, 0x10A4, 0x10A4, 0x10A4, 0x10A4,
  0x10A4, 0x10A4, 0x10A4, 0x10A4, 0x10A4, 0x10A4, 0x10A4, 0x10A4, 0x10A4, 0x10A4, 0x10A4, 0x10C4, 0x0022, 0x7BF0, 0xFFFF, 0xF7BE,
  0xFFFF, 0xEF7D, 0xDEFC, 0xFFDF, 0xF7BE, 0xFFDF, 0xF79E, 0xD6DB, 0xF7BE, 0xFFFF, 0xF7BE, 0xF79E, 0x424A, 0x0843, 0x10C4, 0x10A4,
  0x10A4, 0x10A4, 0x10A4, 0x10A4, 0x10A4, 0x10A4, 0x10A4, 0x10A4, 0x10A4, 0x10A4, 0x10A4, 0x10A4, 0x10A4, 0x10A4, 0x10A4, 0x10A4,
  0x10A4, 0x10A4, 0x10A4, 0x10A4, 0x10A4, 0x10A4, 0x10A4, 0x10A4, 0x10A4, 0x10A4, 0x10A4, 0x10A4, 0x10A4, 0x10A4, 0x10A4, 0x10A4,
  0x10A4, 0x10A4, 0x10A4, 0x10A4, 0x10A4, 0x10A4, 0x10A4, 0x10A4, 0x10A4, 0x10A4, 0x10A4, 0x10A4, 0x10A4, 0x10A4, 0x10A4, 0x10A4,
  0x10A4, 0x10A4, 0x10A4, 0x10A4, 0x10A4, 0x10A4, 0x10A4, 0x10C4, 0x10C4, 0x10C4, 0x10C4, 0x10C4, 0x10C4, 0x10C4, 0x10C4, 0x10C4,
  0x10C4, 0x10C4, 0x10C4, 0x10C5, 0x10E5, 0x10E5, 0x10E5, 0x10E5, 0x10E5, 0x10E5, 0x10E5, 0x10E5, 0x10E5, 0x10E5, 0x10E5, 0x1105,
  0x1105, 0x1105, 0x1105, 0x1105, 0x1105, 0x1105, 0x1105, 0x1125, 0x1125, 0x1126, 0x1126, 0x1126, 0x1126, 0x1146, 0x1146, 0x1146,
  0x1146, 0x1146, 0x1146, 0x1146, 0x1166, 0x1166, 0x1166, 0x1166, 0x1167, 0x1167, 0x1187, 0x1187, 0x1187, 0x1187, 0x1187, 0x11A7,
  0x1187, 0x1187, 0x1187, 0x1187, 0x1187, 0x1187, 0x1167, 0x1167, 0x1167, 0x1166, 0x1166, 0x1166, 0x1166, 0x1146, 0x1146, 0x1146,
  0x1146, 0x1146, 0x1126, 0x1126, 0x1126, 0x1126, 0x1126, 0x1125, 0x1105, 0x1105, 0x1105, 0x1105, 0x1105, 0x1105, 0x1105, 0x1105,
  0x1105, 0x1105, 0x10E5, 0x10E5, 0x10E5, 0x10E5, 0x10E5, 0x10E5, 0x10E5, 0x10E5, 0x10E5, 0x10E5, 0x10E5, 0x10C4, 0x426A, 0x7BF0,
  0x6B8F, 0x6B8F, 0x73D0, 0x5B2D, 0x10E5, 0x10A4, 0x10C4, 0x10C4, 0x0863, 0x39E9, 0x630D, 0x0063, 0x1926, 0x73AF, 0x10C4, 0x39E9,
  0x7BF0, 0x8431, 0x5B0D, 0x0843, 0x6B8F, 0x8411, 0x7BD0, 0x422A, 0x0883, 0x10A4, 0x2126, 0x738F, 0x8C52, 0x8451, 0x5B0D, 0x18E5,
  0x6B8F, 0x1905, 0x0863, 0x5AED, 0x31C8, 0x3A09, 0x630D, 0x0043, 0x632D, 0x7BF0, 0x8431, 0x31A8, 0x0883, 0x0863, 0x31C8, 0x6B6E,
  0x0002, 0x630D, 0x6B4E, 0x0002, 0x6B6E, 0x31A8, 0x5AEC, 0x2987, 0x39E9, 0x8C72, 0x73B0, 0x632D, 0x10C4, 0x6B6F, 0x18E5, 0x10A4,
  0x0863, 0x4A6A, 0x7C11, 0x8C72, 0x7BF0, 0x39C8, 0x10C4, 0x73D0, 0x8411, 0x7C10, 0x2967, 0x0883, 0x10C4, 0x0863, 0x31A8, 0x7BF0,
  0x8411, 0x6B4E, 0x0863, 0x632E, 0x8411, 0x7BD0, 0x4A6B, 0x2146, 0x73D0, 0x8C72, 0x8431, 0x52AC, 0x2106, 0x6B8F, 0x1084, 0x0863,
  0x6B6E, 0x2146, 0x4A4A, 0x8C52, 0x7BF0, 0x6B6E, 0x10A4, 0x10A4, 0x10A4, 0x10A4, 0x10A4, 0x10A4, 0x10A4, 0x10A4, 0x10A4, 0x10A4,
  0x10A4, 0x10A4, 0x10A4, 0x10A4, 0x10A4, 0x10A4, 0x10A4, 0x10A4, 0x10A4, 0x10A4, 0x10A4, 0x10A4, 0x10A4, 0x10A4, 0x10A4, 0x10A4,
  0x10A4, 0x10A4, 0x10A4, 0x10A4, 0x10A4, 0x10A4, 0x10A4, 0x10A4, 0x10A4, 0x10A4, 0x10A4, 0x10A4, 0x10A4, 0x10A4, 0xCE59, 0xFFFF,
  0xEF7D, 0xF7BE, 0xFFDF, 0xF7BE, 0xF7BE, 0xF7BE, 0xF7BE, 0xFFFF, 0xF7BE, 0xEF7D, 0xFFFF, 0x9492, 0x0022, 0x10C4, 0x10A4, 0x10A4,
  0x10A4, 0x10A4, 0x10A4, 0x10A4, 0x10A4, 0x10A4, 0x10A4, 0x10A4, 0x10A4, 0x10A4, 0x10A4, 0x10A4, 0x10A4, 0x10A4, 0x10A4, 0x10A4,
  0x10A4, 0x10A4, 0x10A4, 0x10A4, 0x10A4, 0x10A4, 0x10A4, 0x10A4, 0x10A4, 0x10A4, 0x10A4, 0x10A4, 0x10A4, 0x10A4, 0x10A4, 0x10A4,
  0x10A4, 0x10A4, 0x10A4, 0x10A4, 0x10A4, 0x10A4, 0x10A4, 0x10A4, 0x10A4, 0x10A4, 0x10A4, 0x10A4, 0x10A4, 0x10A4, 0x10A4, 0x10A4,
  0x10A4, 0x10A4, 0x10A4, 0x10A4, 0x10A4, 0x10C4, 0x10A4, 0x10C4, 0x10C4, 0x10C4, 0x10C4, 0x10C4, 0x10C4, 0x10C4, 0x10C4, 0x10C4,
  0x10C4, 0x10C4, 0x10C4, 0x10C5, 0x10E5, 0x10E5, 0x10E5, 0x10E5, 0x10E5, 0x10E5, 0x10E5, 0x10E5, 0x10E5, 0x10E5, 0x10E5, 0x1105,
  0x1105, 0x1105, 0x1105, 0x1105, 0x1105, 0x1105, 0x1105, 0x1125, 0x1125, 0x1126, 0x1126, 0x1126, 0x1126, 0x1146, 0x1146, 0x1146,
  0x1146, 0x1146, 0x1146, 0x1146, 0x1166, 0x1166, 0x1166, 0x1167, 0x1167, 0x1167, 0x1187, 0x1187, 0x1187, 0x1187, 0x1187, 0x1187,
  0x1187, 0x1187, 0x1187, 0x1187, 0x1187, 0x1187, 0x1187, 0x1167, 0x1167, 0x1166, 0x1166, 0x1166, 0x1146, 0x1146, 0x1146, 0x1146,
  0x1146, 0x1146, 0x1146, 0x1126, 0x1126, 0x1126, 0x1126, 0x1125, 0x1125, 0x1105, 0x1105, 0x1105, 0x1105, 0x1105, 0x1105, 0x1105,
  0x1105, 0x10E5, 0x10E5, 0x10E5, 0x10E5, 0x10E5, 0x10E5, 0x10E5, 0x10E5, 0x10E5, 0x10E5, 0x10E5, 0x08A4, 0x4A8B, 0x6B6E, 0x31E9,
  0x424A, 0x424A, 0x31C8, 0x5B0D, 0x6B6E, 0x08A4, 0x10C4, 0x10C4, 0x0063, 0x424A, 0x73D0, 0x0042, 0x2146, 0x8C72, 0x10A4, 0x8452,
  0x424A, 0x0043, 0x52AB, 0x10A4, 0x7C10, 0x2987, 0x0043, 0x10A4, 0x10A4, 0x10A4, 0x10C4, 0x0043, 0x73B0, 0x52CC, 0x0043, 0x1905,
  0x8451, 0x18E5, 0x0002, 0x6B6F, 0x4209, 0x4A6B, 0x6B8F, 0x1905, 0x9CD4, 0x0883, 0x2967, 0x39E9, 0x0883, 0x1084, 0x2126, 0x8C52,
  0x10C4, 0x8451, 0x94B3, 0x10A4, 0x8C52, 0x1905, 0x73AF, 0x31A8, 0x4A6B, 0x632D, 0x0022, 0x1084, 0x18E5, 0x8431, 0x2106, 0x0884,
  0x10A4, 0x1084, 0x2126, 0x8451, 0x18E5, 0x0043, 0x634E, 0x632D, 0x0022, 0x4A6A, 0x7BF0, 0x0863, 0x10C4, 0x0043, 0x7BF0, 0x5ACC,
  0x0022, 0x4A6B, 0x10A4, 0x7BF0, 0x31C8, 0x0042, 0x10A4, 0x10A4, 0x0883, 0x8451, 0x4209, 0x0043, 0x2967, 0x8431, 0x0884, 0x0863,
  0x8431, 0x2147, 0x632D, 0x52AB, 0x0001, 0x8C52, 0x39E9, 0x0863, 0x10A4, 0x10A4, 0x10A4, 0x10A4, 0x10A4, 0x10A4, 0x10A4, 0x10A4,
  0x10A4, 0x10A4, 0x10A4, 0x10A4, 0x10A4, 0x10A4, 0x10A4, 0x10A4, 0x10A4, 0x10A4, 0x10A4, 0x10A4, 0x10A4, 0x10A4, 0x10A4, 0x10A4,
  0x10A4, 0x10A4, 0x10A4, 0x10A4, 0x10A4, 0x10A4, 0x10A4, 0x10A4, 0x10A4, 0x10A4, 0x10A4, 0x10A4, 0x10A4, 0x0863, 0x39E8, 0xEF5D,
  0xFFDF, 0xF79E, 0xF7BE, 0xF7BE, 0xF7BE, 0xF7BE, 0xF7BE, 0xF79E, 0xF79E, 0xFFFF, 0xBDF8, 0x10C4, 0x10A4, 0x10A4, 0x10A4, 0x10A4,
  0x10A4, 0x10A4, 0x10A4, 0x10A4, 0x10A4, 0x10A4, 0x10A4, 0x10A4, 0x10A4, 0x10A4, 0x10A4, 0x10A4, 0x10A4, 0x10A4, 0x10A4, 0x10A4,
  0x10A4, 0x10A4, 0x10A4, 0x10A4, 0x10A4, 0x10A4, 0x10A4, 0x10A4, 0x10A4, 0x10A4, 0x10A4, 0x10A4, 0x10A4, 0x10A4, 0x10A4, 0x10A4,
  0x10A4, 0x10A4, 0x10A4, 0x10A4, 0x10A4, 0x10A4, 0x10A4, 0x10A4, 0x10A4, 0x10A4, 0x10A4, 0x10A4, 0x10A4, 0x10A4, 0x10A4, 0x10A4,
  0x10A4, 0x10A4, 0x10A4, 0x10A4, 0x10A4, 0x10A4, 0x10A4, 0x10A4, 0x10C4, 0x10C4, 0x10C4, 0x10C4, 0x10C4, 0x10C4, 0x10C4, 0x10C4,
  0x10C4, 0x10C4, 0x10C4, 0x10C4, 0x10E5, 0x10E5, 0x10E5, 0x10E5, 0x10E5, 0x10E5, 0x10E5, 0x10E5, 0x10E5, 0x10E5, 0x10E5, 0x1105,
  0x1105, 0x1105, 0x1105, 0x1105, 0x1105, 0x1105, 0x1105, 0x1125, 0x1125, 0x1126, 0x1126, 0x1126, 0x1126, 0x1146, 0x1146, 0x1146,
  0x1146, 0x1146, 0x1146, 0x1146, 0x1166, 0x1166, 0x1166, 0x1166, 0x1167, 0x1187, 0x1187, 0x1187, 0x1187, 0x1187, 0x1187, 0x11A7,
  0x11A7, 0x1187, 0x1187, 0x1187, 0x1187, 0x1187, 0x1187, 0x1167, 0x1167, 0x1166, 0x1166, 0x1166, 0x1146, 0x1146, 0x1146, 0x1146,
  0x1146, 0x1146, 0x1126, 0x1126, 0x1126, 0x1126, 0x1126, 0x1126, 0x1125, 0x1125, 0x1105, 0x1105, 0x1105, 0x1105, 0x1105, 0x1105,
  0x1105, 0x1105, 0x10E5, 0x10E5, 0x10E5, 0x10E5, 0x10E5, 0x10E5, 0x10E5, 0x10E5, 0x10E5, 0x10C5, 0x10C4, 0x10E5, 0x31E9, 0x7BF0,
  0x634E, 0x5B0D, 0x7BF0, 0x4A8B, 0x10E5, 0x10C5, 0x10C4, 0x10C4, 0x0063, 0x422A, 0x738F, 0x0063, 0x2146, 0x8431, 0x10C5, 0x31C8,
  0x8451, 0x73AF, 0x2967, 0x0043, 0x8411, 0x7BF0, 0x6B6E, 0x31A8, 0x0863, 0x10A4, 0x10C4, 0x0022, 0x6B8F, 0x528B, 0x0022, 0x18E5,
  0x8C92, 0x73AF, 0x632D, 0x94D3, 0x31C8, 0x4A6A, 0x6B8F, 0x0022, 0x632E, 0x8431, 0x5AEC, 0x10A4, 0x10A4, 0x10A4, 0x0863, 0x73AF,
  0x4A8B, 0x634E, 0x6B6E, 0x4A8B, 0x73D0, 0x0022, 0x73D0, 0x31A8, 0x422A, 0x94B3, 0x6B4E, 0x4A6B, 0x10C4, 0x8411, 0x1905, 0x0884,
  0x10A4, 0x0884, 0x2106, 0x8411, 0x10C4, 0x0884, 0x7BF0, 0x2146, 0x0883, 0x10A4, 0x8431, 0x1905, 0x1084, 0x0883, 0x31A8, 0x8411,
  0x7BD0, 0x31A8, 0x0042, 0x73D0, 0x8411, 0x6B6E, 0x39E9, 0x0883, 0x0863, 0x7C11, 0x39E9, 0x0022, 0x2967, 0x7C11, 0x1084, 0x0863,
  0x7BF0, 0x2946, 0x5AEC, 0x6B6E, 0x39C8, 0x8C72, 0x2967, 0x0883, 0x10A4, 0x10A4, 0x10A4, 0x10A4, 0x10A4, 0x10A4, 0x10A4, 0x10A4,
  0x10A4, 0x10A4, 0x10A4, 0x10A4, 0x10A4, 0x10A4, 0x10A4, 0x10A4, 0x10A4, 0x10A4, 0x10A4, 0x10A4, 0x10A4, 0x10A4, 0x10A4, 0x10A4,
  0x10A4, 0x10A4, 0x10A4, 0x10A4, 0x10A4, 0x10A4, 0x10A4, 0x10A4, 0x10A4, 0x10A4, 0x10A4, 0x10A4, 0x10A4, 0x10C4, 0x0043, 0x422A,
  0xEF5D, 0xFFFF, 0xF79E, 0xF79E, 0xF7BE, 0xF7BE, 0xF79E, 0xF79E, 0xFFFF, 0xC639, 0x1905, 0x0863, 0x10A4, 0x10A4, 0x10A4, 0x10A4,
  0x10A4, 0x10A4, 0x10A4, 0x10A4, 0x10A4, 0x10A4, 0x10A4, 0x10A4, 0x10A4, 0x10A4, 0x10A4, 0x10A4, 0x10A4, 0x10A4, 0x10A4, 0x10A4,
  0x10A4, 0x10A4, 0x10A4, 0x10A4, 0x10A4, 0x10A4, 0x10A4, 0x10A4, 0x10A4, 0x10A4, 0x10A4, 0x10A4, 0x10A4, 0x10A4, 0x10A4, 0x10A4,
  0x10A4, 0x10A4, 0x10A4, 0x10A4, 0x10A4, 0x10A4, 0x10A4, 0x10A4, 0x10A4, 0x10A4, 0x10A4, 0x10A4, 0x10A4, 0x10A4, 0x10A4, 0x10A4,
  0x10A4, 0x10A4, 0x10A4, 0x10A4, 0x10A4, 0x10A4, 0x10A4, 0x10C4, 0x10C4, 0x10C4, 0x10C4, 0x10C4, 0x10C4, 0x10C4, 0x10C4, 0x10C4,
  0x10C4, 0x10C4, 0x10C4, 0x10C4, 0x10E5, 0x10E5, 0x10E5, 0x10E5, 0x10E5, 0x10E5, 0x10E5, 0x10E5, 0x10E5, 0x10E5, 0x10E5, 0x1105,
  0x1105, 0x1105, 0x1105, 0x1105, 0x1105, 0x1105, 0x1105, 0x1125, 0x1125, 0x1126, 0x1126, 0x1126, 0x1126, 0x1126, 0x1146, 0x1146,
  0x1146, 0x1146, 0x1146, 0x1146, 0x1166, 0x1166, 0x1166, 0x1166, 0x1167, 0x1187, 0x1187, 0x1187, 0x1187, 0x1187, 0x1187, 0x11A7,
  0x11A7, 0x1187, 0x1187, 0x1187, 0x1187, 0x1187, 0x1167, 0x1167, 0x1167, 0x1166, 0x1166, 0x1166, 0x1166, 0x1146, 0x1146, 0x1146,
  0x1146, 0x1146, 0x1146, 0x1146, 0x1126, 0x1126, 0x1126, 0x1125, 0x1125, 0x1125, 0x1105, 0x1105, 0x1105, 0x1105, 0x1105, 0x1105,
  0x1105, 0x1105, 0x10E5, 0x10E5, 0x10E5, 0x10E5, 0x10E5, 0x10E5, 0x10E5, 0x10E5, 0x10E5, 0x10E5, 0x10E5, 0x08A4, 0x3A09, 0x31E8,
  0x52CC, 0x5B0D, 0x31E8, 0x3A09, 0x10A4, 0x10C4, 0x10C4, 0x10C4, 0x0063, 0x424A, 0x7BD0, 0x0001, 0x1905, 0x8C72, 0x1905, 0x2126,
  0x10A4, 0x4229, 0x8C92, 0x10C4, 0x7BD0, 0x3A09, 0x1905, 0x10C4, 0x10A4, 0x10A4, 0x10C4, 0x0022, 0x6B8F, 0x528B, 0x0042, 0x18E5,
  0x8431, 0x39C8, 0x2126, 0x7BD0, 0x39E9, 0x4A4A, 0x6B6E, 0x10A4, 0x1905, 0x1084, 0x6B6E, 0x73AF, 0x0043, 0x10C4, 0x0843, 0x4A6A,
  0x9493, 0x4A4A, 0x422A, 0x9493, 0x5ACC, 0x0002, 0x73D0, 0x31A8, 0x424A, 0x73AF, 0x2146, 0x2126, 0x10C5, 0x7C11, 0x1905, 0x0884,
  0x10A4, 0x0884, 0x2126, 0x7C11, 0x10C5, 0x0863, 0x7BF0, 0x39E9, 0x0001, 0x2126, 0x8451, 0x10C4, 0x10A4, 0x10A4, 0x2126, 0x1084,
  0x2987, 0x94D3, 0x1905, 0x73AF, 0x422A, 0x18E5, 0x18C5, 0x10A4, 0x0863, 0x7C10, 0x39E9, 0x0022, 0x2967, 0x8431, 0x0043, 0x0002,
  0x8431, 0x2947, 0x52CC, 0x8451, 0x630D, 0x39E9, 0x0863, 0x10A4, 0x10A4, 0x10A4, 0x10A4, 0x10A4, 0x10A4, 0x10A4, 0x10A4, 0x10A4,
  0x10A4, 0x10A4, 0x10A4, 0x10A4, 0x10A4, 0x10A4, 0x10A4, 0x10A4, 0x10A4, 0x10A4, 0x10A4, 0x10A4, 0x10A4, 0x10A4, 0x10A4, 0x10A4,
  0x10A4, 0x10A4, 0x10A4, 0x10A4, 0x10A4, 0x10A4, 0x10A4, 0x10A4, 0x10A4, 0x10A4, 0x10A4, 0x10A4, 0x10A4, 0x10A4, 0x10C4, 0x0043,
  0x39E9, 0xCE59, 0xFFFF, 0xFFFF, 0xFFDF, 0xFFDF, 0xFFFF, 0xFFFF, 0xA515, 0x18E5, 0x0863, 0x10C4, 0x10A4, 0x10A4, 0x10A4, 0x10A4,
  0x10A4, 0x10A4, 0x10A4, 0x10A4, 0x10A4, 0x10A4, 0x10A4, 0x10A4, 0x10A4, 0x10A4, 0x10A4, 0x10A4, 0x10A4, 0x10A4, 0x10A4, 0x10A4,
  0x10A4, 0x10A4, 0x10A4, 0x10A4, 0x10A4, 0x10A4, 0x10A4, 0x10A4, 0x10A4, 0x10A4, 0x10A4, 0x10A4, 0x10A4, 0x10A4, 0x10A4, 0x10A4,
  0x10A4, 0x10A4, 0x10A4, 0x10A4, 0x10A4, 0x10A4, 0x10A4, 0x10A4, 0x10A4, 0x10A4, 0x10A4, 0x10A4, 0x10A4, 0x10A4, 0x10A4, 0x10A4,
  0x10A4, 0x10A4, 0x10A4, 0x10A4, 0x10A4, 0x10A4, 0x10A4, 0x10C4, 0x10C4, 0x10C4, 0x10C4, 0x10C4, 0x10C4, 0x10C4, 0x10C4, 0x10C4,
  0x10C4, 0x10C4, 0x10C4, 0x10C5, 0x10E5, 0x10E5, 0x10E5, 0x10E5, 0x10E5, 0x10E5, 0x10E5, 0x10E5, 0x10E5, 0x10E5, 0x1105, 0x1105,
  0x1105, 0x1105, 0x1105, 0x1105, 0x1105, 0x1105, 0x1125, 0x1125, 0x1125, 0x1125, 0x1126, 0x1126, 0x1126, 0x1126, 0x1146, 0x1146,
  0x1146, 0x1146, 0x1146, 0x1146, 0x1166, 0x1166, 0x1166, 0x1167, 0x1167, 0x1187, 0x1187, 0x1187, 0x1187, 0x1187, 0x1187, 0x11A7,
  0x11A7, 0x1187, 0x1187, 0x1187, 0x1187, 0x1187, 0x1187, 0x1167, 0x1167, 0x1166, 0x1166, 0x1166, 0x1166, 0x1146, 0x1146, 0x1146,
  0x1146, 0x1146, 0x1146, 0x1126, 0x1126, 0x1126, 0x1126, 0x1125, 0x1125, 0x1125, 0x1105, 0x1105, 0x1105, 0x1105, 0x1105, 0x1105,
  0x1105, 0x1105, 0x10E5, 0x10E5, 0x10E5, 0x10E5, 0x10E5, 0x10E5, 0x10E5, 0x10E5, 0x10E5, 0x10E5, 0x10C4, 0x10E5, 0x0063, 0x31C8,
  0x52EC, 0x4A8B, 0x4A6B, 0x0043, 0x10C5, 0x10C4, 0x10C4, 0x10C4, 0x08A4, 0x2126, 0x8C72, 0x5AEC, 0x73D0, 0x6B8F, 0x0042, 0x7BD0,
  0x6B6E, 0x52AB, 0x8431, 0x10A4, 0x8451, 0x6B8F, 0x52CC, 0x31C8, 0x0883, 0x10A4, 0x10C4, 0x0022, 0x73D0, 0x52CC, 0x0022, 0x1905,
  0x8C52, 0x18E5, 0x0002, 0x738F, 0x4229, 0x4A6B, 0x73AF, 0x1905, 0x94B3, 0x424A, 0x73CF, 0x632D, 0x0043, 0x10C4, 0x0863, 0x2967,
  0xBDD7, 0x2987, 0x2126, 0xBDD7, 0x31A8, 0x0002, 0x7C11, 0x31A8, 0x4A6B, 0x634E, 0x0022, 0x0883, 0x18E5, 0x8C52, 0x2106, 0x0884,
  0x10A4, 0x0884, 0x2126, 0x8C52, 0x18C5, 0x0843, 0x3A09, 0x9493, 0x52AB, 0x8431, 0x52AB, 0x0863, 0x10C4, 0x0863, 0x6B6F, 0x73AF,
  0x4A6A, 0x8C92, 0x18C5, 0x7BF0, 0x73AF, 0x52AC, 0x3A09, 0x0884, 0x0863, 0x8C52, 0x3A09, 0x0843, 0x10A4, 0x7BF0, 0x6B4E, 0x634E,
  0x8452, 0x0863, 0x6B6E, 0x528B, 0x0001, 0x0883, 0x10A4, 0x10A4, 0x10A4, 0x10A4, 0x10A4, 0x10A4, 0x10A4, 0x10A4, 0x10A4, 0x10A4,
  0x10A4, 0x10A4, 0x10A4, 0x10A4, 0x10A4, 0x10A4, 0x10A4, 0x10A4, 0x10A4, 0x10A4, 0x10A4, 0x10A4, 0x10A4, 0x10A4, 0x10A4, 0x10A4,
  0x10A4, 0x10A4, 0x10A4, 0x10A4, 0x10A4, 0x10A4, 0x10A4, 0x10A4, 0x10A4, 0x10A4, 0x10A4, 0x10A4, 0x10A4, 0x10A4, 0x10A4, 0x10C4,
  0x0863, 0x18C5, 0x6B8F, 0xC638, 0xE73C, 0xE71C, 0xAD76, 0x4A6A, 0x0843, 0x0884, 0x10A4, 0x10A4, 0x10A4, 0x10A4, 0x10A4, 0x10A4,
  0x10A4, 0x10A4, 0x10A4, 0x10A4, 0x10A4, 0x10A4, 0x10A4, 0x10A4, 0x10A4, 0x10A4, 0x10A4, 0x10A4, 0x10A4, 0x10A4, 0x10A4, 0x10A4,
  0x10A4, 0x10A4, 0x10A4, 0x10A4, 0x10A4, 0x10A4, 0x10A4, 0x10A4, 0x10A4, 0x10A4, 0x10A4, 0x10A4, 0x10A4, 0x10A4, 0x10A4, 0x10A4,
  0x10A4, 0x10A4, 0x10A4, 0x10A4, 0x10A4, 0x10A4, 0x10A4, 0x10A4, 0x10A4, 0x10A4, 0x10A4, 0x10A4, 0x10A4, 0x10A4, 0x10A4, 0x10A4,
  0x10A4, 0x10A4, 0x10A4, 0x10A4, 0x10A4, 0x10A4, 0x10A4, 0x10C4, 0x10C4, 0x10C4, 0x10C4, 0x10C4, 0x10C4, 0x10C4, 0x10C4, 0x10C4,
  0x10C4, 0x10C4, 0x10C4, 0x10C5, 0x10C5, 0x10E5, 0x10E5, 0x10E5, 0x10E5, 0x10E5, 0x10E5, 0x10E5, 0x10E5, 0x10E5, 0x10E5, 0x1105,
  0x1105, 0x1105, 0x1105, 0x1105, 0x1105, 0x1105, 0x1105, 0x1125, 0x1125, 0x1126, 0x1126, 0x1126, 0x1126, 0x1126, 0x1146, 0x1146,
  0x1146, 0x1146, 0x1146, 0x1146, 0x1166, 0x1166, 0x1166, 0x1167, 0x1167, 0x1167, 0x1187, 0x1187, 0x1187, 0x1187, 0x1187, 0x11A7,
  0x11A7, 0x1187, 0x1187, 0x1187, 0x1187, 0x1187, 0x1187, 0x1167, 0x1167, 0x1166, 0x1166, 0x1166, 0x1166, 0x1146, 0x1146, 0x1146,
  0x1146, 0x1146, 0x1146, 0x1126, 0x1126, 0x1126, 0x1126, 0x1126, 0x1125, 0x1125, 0x1105, 0x1105, 0x1105, 0x1105, 0x1105, 0x1105,
  0x1105, 0x10E5, 0x10E5, 0x10E5, 0x10E5, 0x10E5, 0x10E5, 0x10E5, 0x10E5, 0x10E5, 0x10E5, 0x10E5, 0x10E5, 0x10C4, 0x10E5, 0x08A4,
  0x2146, 0x2987, 0x0063, 0x10E5, 0x10C4, 0x10C4, 0x10C4, 0x10C4, 0x10C4, 0x0884, 0x2146, 0x5AED, 0x4A8B, 0x10C4, 0x0884, 0x18E5,
  0x52AB, 0x5AED, 0x2126, 0x0883, 0x39E8, 0x52AB, 0x52CC, 0x31A8, 0x0884, 0x10A4, 0x10A4, 0x0883, 0x31A8, 0x2146, 0x0883, 0x10C4,
  0x39C8, 0x18C5, 0x1084, 0x3187, 0x2106, 0x2126, 0x31A8, 0x0843, 0x2987, 0x5B0D, 0x4A4A, 0x10A4, 0x10A4, 0x10A4, 0x10A4, 0x10C4,
  0x39E9, 0x18C5, 0x10C4, 0x39C8, 0x18C5, 0x0883, 0x31A8, 0x18E5, 0x2126, 0x2987, 0x1084, 0x10A4, 0x10A4, 0x31C8, 0x10C4, 0x10A4,
  0x10A4, 0x10A4, 0x10C5, 0x31C8, 0x10A4, 0x10A4, 0x0863, 0x31A8, 0x5AED, 0x39E9, 0x0863, 0x10A4, 0x10A4, 0x1084, 0x10C4, 0x4A6B,
  0x5B0D, 0x2967, 0x0863, 0x31A8, 0x52AB, 0x52AC, 0x39C8, 0x0884, 0x1084, 0x31C8, 0x1905, 0x1084, 0x0884, 0x18E5, 0x52AC, 0x52CC,
  0x1905, 0x0863, 0x2987, 0x2946, 0x1084, 0x10A4, 0x10A4, 0x10A4, 0x10A4, 0x10A4, 0x10A4, 0x10A4, 0x10A4, 0x10A4, 0x10A4, 0x10A4,
  0x10A4, 0x10A4, 0x10A4, 0x10A4, 0x10A4, 0x10A4, 0x10A4, 0x10A4, 0x10A4, 0x10A4, 0x10A4, 0x10A4, 0x10A4, 0x10A4, 0x10A4, 0x10A4,
  0x10A4, 0x10A4, 0x10A4, 0x10A4, 0x10A4, 0x10A4, 0x10A4, 0x10A4, 0x10A4, 0x10A4, 0x10A4, 0x10A4, 0x10A4, 0x10A4, 0x10A4, 0x10A4,
  0x10C4, 0x1084, 0x0042, 0x0883, 0x2967, 0x2126, 0x0043, 0x0043, 0x10A4, 0x10A4, 0x10A4, 0x10A4, 0x10A4, 0x10A4, 0x10A4, 0x10A4,
  0x10A4, 0x10A4, 0x10A4, 0x10A4, 0x10A4, 0x10A4, 0x10A4, 0x10A4, 0x10A4, 0x10A4, 0x10A4, 0x10A4, 0x10A4, 0x10A4, 0x10A4, 0x10A4,
  0x10A4, 0x10A4, 0x10A4, 0x10A4, 0x10A4, 0x10A4, 0x10A4, 0x10A4, 0x10A4, 0x10A4, 0x10A4, 0x10A4, 0x10A4, 0x10A4, 0x10A4, 0x10A4,
  0x10A4, 0x10A4, 0x10A4, 0x10A4, 0x10A4, 0x10A4, 0x10A4, 0x10A4, 0x10A4, 0x10A4, 0x10A4, 0x10A4, 0x10A4, 0x10A4, 0x10A4, 0x10A4,
  0x10A4, 0x10A4, 0x10A4, 0x10A4, 0x10A4, 0x10A4, 0x10A4, 0x10C4, 0x10C4, 0x10C4, 0x10C4, 0x10C4, 0x10C4, 0x10C4, 0x10C4, 0x10C4,
  0x10C4, 0x10C4, 0x10C4, 0x10C5, 0x10E5, 0x10E5, 0x10E5, 0x10E5, 0x10E5, 0x10E5, 0x10E5, 0x10E5, 0x10E5, 0x10E5, 0x10E5, 0x1105,
  0x1105, 0x1105, 0x1105, 0x1105, 0x1105, 0x1105, 0x1125, 0x1125, 0x1125, 0x1126, 0x1126, 0x1126, 0x1126, 0x1126, 0x1146, 0x1146,
  0x1146, 0x1146, 0x1146, 0x1166, 0x1166, 0x1166, 0x1166, 0x1166, 0x1167, 0x1167, 0x1187, 0x1187, 0x1187, 0x1187, 0x1187, 0x1187,
  0x1187, 0x1187, 0x1187, 0x1187, 0x1187, 0x1187, 0x1187, 0x1167, 0x1166, 0x1166, 0x1166, 0x1166, 0x1146, 0x1146, 0x1146, 0x1146,
  0x1146, 0x1146, 0x1146, 0x1126, 0x1126, 0x1126, 0x1126, 0x1125, 0x1125, 0x1125, 0x1105, 0x1105, 0x1105, 0x1105, 0x1105, 0x1105,
  0x1105, 0x1105, 0x10E5, 0x10E5, 0x10E5, 0x10E5, 0x10E5, 0x10E5, 0x10E5, 0x10E5, 0x10E5, 0x10E4, 0x10C4, 0x10C4, 0x10C4, 0x10C4,
  0x10E5, 0x10E5, 0x10C4, 0x10C4, 0x10C4, 0x10C4, 0x10C4, 0x10C4, 0x10A4, 0x10C4, 0x0884, 0x0043, 0x0063, 0x10A4, 0x10C4, 0x10A4,
  0x0043, 0x0043, 0x0884, 0x10A4, 0x0863, 0x0042, 0x0042, 0x0863, 0x10A4, 0x10A4, 0x10A4, 0x10A4, 0x0863, 0x0883, 0x10A4, 0x10A4,
  0x0863, 0x10A4, 0x10A4, 0x0883, 0x0884, 0x0884, 0x0863, 0x10A4, 0x0863, 0x0042, 0x0843, 0x10A4, 0x10A4, 0x10A4, 0x10A4, 0x10A4,
  0x0863, 0x10A4, 0x10A4, 0x0863, 0x10A4, 0x10A4, 0x0863, 0x1084, 0x0884, 0x0883, 0x10A4, 0x10A4, 0x10A4, 0x0863, 0x10A4, 0x10A4,
  0x10A4, 0x10A4, 0x10A4, 0x0863, 0x10A4, 0x10A4, 0x10A4, 0x0863, 0x0042, 0x0863, 0x10A4, 0x10A4, 0x10A4, 0x10A4, 0x10A4, 0x0043,
  0x0042, 0x0883, 0x10A4, 0x0863, 0x0042, 0x0042, 0x0863, 0x10A4, 0x10A4, 0x0863, 0x0884, 0x10A4, 0x10A4, 0x1084, 0x0043, 0x0042,
  0x0884, 0x10A4, 0x0863, 0x0883, 0x10A4, 0x10A4, 0x10A4, 0x10A4, 0x10A4, 0x10A4, 0x10A4, 0x10A4, 0x10A4, 0x10A4, 0x10A4, 0x10A4,
  0x10A4, 0x10A4, 0x10A4, 0x10A4, 0x10A4, 0x10A4, 0x10A4, 0x10A4, 0x10A4, 0x10A4, 0x10A4, 0x10A4, 0x10A4, 0x10A4, 0x10A4, 0x10A4,
  0x10A4, 0x10A4, 0x10A4, 0x10A4, 0x10A4, 0x10A4, 0x10A4, 0x10A4, 0x10A4, 0x10A4, 0x10A4, 0x10A4, 0x10A4, 0x10A4, 0x10A4, 0x10A4,
  0x10A4, 0x10A4, 0x10C4, 0x10A4, 0x0883, 0x0883, 0x10A4, 0x10C4, 0x10A4, 0x10A4, 0x10A4, 0x10A4, 0x10A4, 0x10A4, 0x10A4, 0x10A4,
  0x10A4, 0x10A4, 0x10A4, 0x10A4, 0x10A4, 0x10A4, 0x10A4, 0x10A4, 0x10A4, 0x10A4, 0x10A4, 0x10A4, 0x10A4, 0x10A4, 0x10A4, 0x10A4,
  0x10A4, 0x10A4, 0x10A4, 0x10A4, 0x10A4, 0x10A4, 0x10A4, 0x10A4, 0x10A4, 0x10A4, 0x10A4, 0x10A4, 0x10A4, 0x10A4, 0x10A4, 0x10A4,
  0x10A4, 0x10A4, 0x10A4, 0x10A4, 0x10A4, 0x10A4, 0x10A4, 0x10A4, 0x10A4, 0x10A4, 0x10A4, 0x10A4, 0x10A4, 0x10A4, 0x10A4, 0x10A4,
  0x10A4, 0x10A4, 0x10A4, 0x10A4, 0x10A4, 0x10A4, 0x10A4, 0x10C4, 0x10C4, 0x10C4, 0x10C4, 0x10C4, 0x10C4, 0x10C4, 0x10C4, 0x10C4,
  0x10C4, 0x10C4, 0x10C4, 0x10E5, 0x10E5, 0x10E5, 0x10E5, 0x10E5, 0x10E5, 0x10E5, 0x10E5, 0x10E5, 0x10E5, 0x10E5, 0x10E5, 0x1105,
  0x1105, 0x1105, 0x1105, 0x1105, 0x1105, 0x1105, 0x1105, 0x1125, 0x1125, 0x1126, 0x1126, 0x1126, 0x1126, 0x1146, 0x1146, 0x1146,
  0x1146, 0x1146, 0x1146, 0x1146, 0x1166, 0x1166, 0x1166, 0x1166, 0x1167, 0x1167, 0x1187, 0x1187, 0x1187, 0x1187, 0x1187, 0x1187,
  0x1187, 0x1187, 0x1187, 0x1187, 0x1187, 0x1187, 0x1187, 0x1167, 0x1167, 0x1166, 0x1166, 0x1166, 0x1146, 0x1146, 0x1146, 0x1146,
  0x1146, 0x1146, 0x1146, 0x1126, 0x1126, 0x1126, 0x1126, 0x1125, 0x1125, 0x1125, 0x1105, 0x1105, 0x1105, 0x1105, 0x1105, 0x1105,
  0x1105, 0x1105, 0x10E5, 0x10E5, 0x10E5, 0x10E5, 0x10E5, 0x10E5, 0x10E5, 0x10E5, 0x10E5, 0x10E5, 0x10C5, 0x10C5, 0x10C4, 0x10C4,
  0x10C4, 0x10C4, 0x10C4, 0x10C4, 0x10C4, 0x10C4, 0x10C4, 0x10C4, 0x10C4, 0x10C4, 0x10C4, 0x10C4, 0x10C4, 0x10A4, 0x10A4, 0x10A4,
  0x10C4, 0x10C4, 0x10A4, 0x10A4, 0x10A4, 0x10C4, 0x10C4, 0x10A4, 0x10A4, 0x10A4, 0x10A4, 0x10A4, 0x10A4, 0x10A4, 0x10A4, 0x10A4,
  0x10A4, 0x10A4, 0x10A4, 0x10A4, 0x10A4, 0x10A4, 0x10A4, 0x10A4, 0x10A4, 0x10A4, 0x10A4, 0x10A4, 0x10A4, 0x10A4, 0x10A4, 0x10A4,
  0x10A4, 0x10A4, 0x10A4, 0x10A4, 0x10A4, 0x10A4, 0x10A4, 0x10A4, 0x10A4, 0x10A4, 0x10A4, 0x10A4, 0x10A4, 0x10A4, 0x10A4, 0x10A4,
  0x10A4, 0x10A4, 0x10A4, 0x10A4, 0x10A4, 0x10A4, 0x10A4, 0x10A4, 0x10A4, 0x10A4, 0x10A4, 0x10A4, 0x10A4, 0x10A4, 0x10A4, 0x10A4,
  0x10A4, 0x10A4, 0x10A4, 0x10A4, 0x10C4, 0x10C4, 0x10A4, 0x10A4, 0x10A4, 0x10A4, 0x10A4, 0x10A4, 0x10A4, 0x10A4, 0x10A4, 0x10A4,
  0x10A4, 0x10A4, 0x10A4, 0x10A4, 0x10A4, 0x10A4, 0x10A4, 0x10A4, 0x10A4, 0x10A4, 0x10A4, 0x10A4, 0x10A4, 0x10A4, 0x10A4, 0x10A4,
  0x10A4, 0x10A4, 0x10A4, 0x10A4, 0x10A4, 0x10A4, 0x10A4, 0x10A4, 0x10A4, 0x10A4, 0x10A4, 0x10A4, 0x10A4, 0x10A4, 0x10A4, 0x10A4,
  0x10A4, 0x10A4, 0x10A4, 0x10A4, 0x10A4, 0x10A4, 0x10A4, 0x10A4, 0x10A4, 0x10A4, 0x10A4, 0x10A4, 0x10A4, 0x10A4, 0x10A4, 0x10A4,
  0x10A4, 0x10A4, 0x10A4, 0x10A4, 0x10A4, 0x10A4, 0x10A4, 0x10A4, 0x10A4, 0x10A4, 0x10A4, 0x10A4, 0x10A4, 0x10A4, 0x10A4, 0x10A4,
  0x10A4, 0x10A4, 0x10A4, 0x10A4, 0x10A4, 0x10A4, 0x10A4, 0x10A4, 0x10A4, 0x10A4, 0x10A4, 0x10A4, 0x10A4, 0x10A4, 0x10A4, 0x10A4,
  0x10A4, 0x10A4, 0x10A4, 0x10A4, 0x10A4, 0x10A4, 0x10A4, 0x10A4, 0x10A4, 0x10A4, 0x10A4, 0x10A4, 0x10A4, 0x10A4, 0x10A4, 0x10A4,
  0x10A4, 0x10A4, 0x10A4, 0x10A4, 0x10A4, 0x10A4, 0x10A4, 0x10A4, 0x10A4, 0x10A4, 0x10A4, 0x10A4, 0x10A4, 0x10A4, 0x10A4, 0x10A4,
  0x10A4, 0x10A4, 0x10A4, 0x10A4, 0x10A4, 0x10A4, 0x10A4, 0x10C4, 0x10C4, 0x10C4, 0x10C4, 0x10C4, 0x10C4, 0x10C4, 0x10C4, 0x10C4,
  0x10C4, 0x10C4, 0x10C4, 0x10C4, 0x10C5, 0x10E5, 0x10E5, 0x10E5, 0x10E5, 0x10E5, 0x10E5, 0x10E5, 0x10E5, 0x10E5, 0x10E5, 0x1105,
  0x1105, 0x1105, 0x1105, 0x1105, 0x1105, 0x1105, 0x1105, 0x1125, 0x1125, 0x1126, 0x1126, 0x1126, 0x1126, 0x1126, 0x1146, 0x1146,
  0x1146, 0x1146, 0x1146, 0x1146, 0x1166, 0x1166, 0x1166, 0x1166, 0x1167, 0x1167, 0x1187, 0x1187, 0x1187, 0x1187, 0x1187, 0x1187,
  0x1187, 0x1187, 0x1187, 0x1187, 0x1187, 0x1187, 0x1187, 0x1167, 0x1167, 0x1166, 0x1166, 0x1166, 0x1146, 0x1146, 0x1146, 0x1146,
  0x1146, 0x1146, 0x1146, 0x1126, 0x1126, 0x1126, 0x1126, 0x1126, 0x1125, 0x1125, 0x1105, 0x1105, 0x1105, 0x1105, 0x1105, 0x1105,
  0x1105, 0x10E5, 0x10E5, 0x10E5, 0x10E5, 0x10E5, 0x10E5, 0x10E5, 0x10E5, 0x10E5, 0x10E5, 0x10C5, 0x10C4, 0x10C5, 0x10C4, 0x10C4,
  0x10C4, 0x10C4, 0x10C4, 0x10C4, 0x10C4, 0x10C4, 0x10C4, 0x10C4, 0x10A4, 0x10A4, 0x10A4, 0x10A4, 0x10A4, 0x10A4, 0x10A4, 0x10A4,
  0x10A4, 0x10A4, 0x10A4, 0x10A4, 0x10A4, 0x10A4, 0x10A4, 0x10A4, 0x10A4, 0x10A4, 0x10A4, 0x10A4, 0x10A4, 0x10A4, 0x10A4, 0x10A4,
  0x10A4, 0x10A4, 0x10A4, 0x10A4, 0x10A4, 0x10A4, 0x10A4, 0x10A4, 0x10A4, 0x10A4, 0x10A4, 0x10A4, 0x10A4, 0x10A4, 0x10A4, 0x10A4,
  0x10A4, 0x10A4, 0x10A4, 0x10A4, 0x10A4, 0x10A4, 0x10A4, 0x10A4, 0x10A4, 0x10A4, 0x10A4, 0x10A4, 0x10A4, 0x10A4, 0x10A4, 0x10A4,
  0x10A4, 0x10A4, 0x10A4, 0x10A4, 0x10A4, 0x10A4, 0x10A4, 0x10A4, 0x10A4, 0x10A4, 0x10A4, 0x10A4, 0x10A4, 0x10A4, 0x10A4, 0x10A4,
  0x10A4, 0x10A4, 0x10A4, 0x10A4, 0x10A4, 0x10A4, 0x10A4, 0x10A4, 0x10A4, 0x10A4, 0x10A4, 0x10A4, 0x10A4, 0x10A4, 0x10A4, 0x10A4,
  0x10A4, 0x10A4, 0x10A4, 0x10A4, 0x10A4, 0x10A4, 0x10A4, 0x10A4, 0x10A4, 0x10A4, 0x10A4, 0x10A4, 0x10A4, 0x10A4, 0x10A4, 0x10A4,
  0x10A4, 0x10A4, 0x10A4, 0x10A4, 0x10A4, 0x10A4, 0x10A4, 0x10A4, 0x10A4, 0x10A4, 0x10A4, 0x10A4, 0x10A4, 0x10A4, 0x10A4, 0x10A4,
  0x10A4, 0x10A4, 0x10A4, 0x10A4, 0x10A4, 0x10A4, 0x10A4, 0x10A4, 0x10A4, 0x10A4, 0x10A4, 0x10A4, 0x10A4, 0x10A4, 0x10A4, 0x10A4,
  0x10A4, 0x10A4, 0x10A4, 0x10A4, 0x10A4, 0x10A4, 0x10A4, 0x10A4, 0x10A4, 0x10A4, 0x10A4, 0x10A4, 0x10A4, 0x10A4, 0x10A4, 0x10A4,
  0x10A4, 0x10A4, 0x10A4, 0x10A4, 0x10A4, 0x10A4, 0x10A4, 0x10A4, 0x10A4, 0x10A4, 0x10A4, 0x10A4, 0x10A4, 0x10A4, 0x10A4, 0x10A4,
  0x10A4, 0x10A4, 0x10A4, 0x10A4, 0x10A4, 0x10A4, 0x10A4, 0x10A4, 0x10A4, 0x10A4, 0x10A4, 0x10A4, 0x10A4, 0x10A4, 0x10A4, 0x10A4,
  0x10A4, 0x10A4, 0x10A4, 0x10A4, 0x10A4, 0x10A4, 0x10A4, 0x10A4, 0x10A4, 0x10A4, 0x10A4, 0x10A4, 0x10A4, 0x10A4, 0x10A4, 0x10A4,
  0x10A4, 0x10A4, 0x10A4, 0x10A4, 0x10A4, 0x10A4, 0x10A4, 0x10C4, 0x10C4, 0x10C4, 0x10C4, 0x10C4, 0x10C4, 0x10C4, 0x10C4, 0x10C4,
  0x10C4, 0x10C4, 0x10C4, 0x10C5, 0x10E5, 0x10E5, 0x10E5, 0x10E5, 0x10E5, 0x10E5, 0x10E5, 0x10E5, 0x10E5, 0x10E5, 0x10E5, 0x1105,
  0x1105, 0x1105, 0x1105, 0x1105, 0x1105, 0x1105, 0x1105, 0x1125, 0x1125, 0x1126, 0x1126, 0x1126, 0x1126, 0x1126, 0x1146, 0x1146,
  0x1146, 0x1146, 0x1146, 0x1146, 0x1166, 0x1166, 0x1166, 0x1166, 0x1167, 0x1167, 0x1167, 0x1187, 0x1187, 0x1187, 0x1187, 0x1187,
  0x1187, 0x1187, 0x1187, 0x1187, 0x1187, 0x1187, 0x1167, 0x1167, 0x1167, 0x1166, 0x1166, 0x1166, 0x1146, 0x1146, 0x1146, 0x1146,
  0x1146, 0x1146, 0x1146, 0x1126, 0x1126, 0x1126, 0x1126, 0x1126, 0x1125, 0x1105, 0x1105, 0x1105, 0x1105, 0x1105, 0x1105, 0x1105,
  0x1105, 0x1105, 0x10E5, 0x10E5, 0x10E5, 0x10E5, 0x10E5, 0x10E5, 0x10E5, 0x10E5, 0x10E5, 0x10C5, 0x10C4, 0x10C4, 0x10C4, 0x10C4,
  0x10C4, 0x10C4, 0x10C4, 0x10C4, 0x10C4, 0x10C4, 0x10C4, 0x10C4, 0x10A4, 0x10A4, 0x10A4, 0x10A4, 0x10A4, 0x10A4, 0x10A4, 0x10A4,
  0x10A4, 0x10A4, 0x10A4, 0x10A4, 0x10A4, 0x10A4, 0x10A4, 0x10A4, 0x10A4, 0x10A4, 0x10A4, 0x10A4, 0x10A4, 0x10A4, 0x10A4, 0x10A4,
  0x10A4, 0x10A4, 0x10A4, 0x10A4, 0x10A4, 0x10A4, 0x10A4, 0x10A4, 0x10A4, 0x10A4, 0x10A4, 0x10A4, 0x10A4, 0x10A4, 0x10A4, 0x10A4,
  0x10A4, 0x10A4, 0x10A4, 0x10A4, 0x10A4, 0x10A4, 0x10A4, 0x10A4, 0x10A4, 0x10A4, 0x10A4, 0x10A4, 0x10A4, 0x10A4, 0x10A4, 0x10A4,
  0x10A4, 0x10A4, 0x10A4, 0x10A4, 0x10A4, 0x10A4, 0x10A4, 0x10A4, 0x10A4, 0x10A4, 0x10A4, 0x10A4, 0x10A4, 0x10A4, 0x10A4, 0x10A4,
  0x10A4, 0x10A4, 0x10A4, 0x10A4, 0x10A4, 0x10A4, 0x10A4, 0x10A4, 0x10A4, 0x10A4, 0x10A4, 0x10A4, 0x10A4, 0x10A4, 0x10A4, 0x10A4,
  0x10A4, 0x10A4, 0x10A4, 0x10A4, 0x10A4, 0x10A4, 0x10A4, 0x10A4, 0x10A4, 0x10A4, 0x10A4, 0x10A4, 0x10A4, 0x10A4, 0x10A4, 0x10A4,
  0x10A4, 0x10A4, 0x10A4, 0x10A4, 0x10A4, 0x10A4, 0x10A4, 0x10A4, 0x10A4, 0x10A4, 0x10A4, 0x10A4, 0x10A4, 0x10A4, 0x10A4, 0x10A4,
  0x10A4, 0x10A4, 0x10A4, 0x10A4, 0x10A4, 0x10A4, 0x10A4, 0x10A4, 0x10A4, 0x10A4, 0x10A4, 0x10A4, 0x10A4, 0x10A4, 0x10A4, 0x10A4,
  0x10A4, 0x10A4, 0x10A4, 0x10A4, 0x10A4, 0x10A4, 0x10A4, 0x10A4, 0x10A4, 0x10A4, 0x10A4, 0x10A4, 0x10A4, 0x10A4, 0x10A4, 0x10A4,
  0x10A4, 0x10A4, 0x10A4, 0x10A4, 0x10A4, 0x10A4, 0x10A4, 0x10A4, 0x10A4, 0x10A4, 0x10A4, 0x10A4, 0x10A4, 0x10A4, 0x10A4, 0x10A4,
  0x10A4, 0x10A4, 0x10A4, 0x10A4, 0x10A4, 0x10A4, 0x10A4, 0x10A4, 0x10A4, 0x10A4, 0x10A4, 0x10A4, 0x10A4, 0x10A4, 0x10A4, 0x10A4,
  0x10A4, 0x10A4, 0x10A4, 0x10A4, 0x10A4, 0x10A4, 0x10A4, 0x10A4, 0x10A4, 0x10A4, 0x10A4, 0x10A4, 0x10A4, 0x10A4, 0x10A4, 0x10A4,
  0x10A4, 0x10A4, 0x10A4, 0x10A4, 0x10A4, 0x10A4, 0x10A4, 0x10C4, 0x10C4, 0x10C4, 0x10C4, 0x10C4, 0x10C4, 0x10C4, 0x10C4, 0x10C4,
  0x10C4, 0x10C4, 0x10C4, 0x10C4, 0x10E5, 0x10E5, 0x10E5, 0x10E5, 0x10E5, 0x10E5, 0x10E5, 0x10E5, 0x10E5, 0x10E5, 0x10E5, 0x1105,
  0x1105, 0x1105, 0x1105, 0x1105, 0x1105, 0x1105, 0x1105, 0x1125, 0x1125, 0x1126, 0x1126, 0x1126, 0x1126, 0x1126, 0x1146, 0x1146,
  0x1146, 0x1146, 0x1146, 0x1146, 0x1146, 0x1166, 0x1166, 0x1166, 0x1167, 0x1167, 0x1187, 0x1187, 0x1187, 0x1187, 0x1187, 0x1187,
  0x1187, 0x1187, 0x1187, 0x1187, 0x1187, 0x1187, 0x1167, 0x1167, 0x1166, 0x1166, 0x1166, 0x1166, 0x1146, 0x1146, 0x1146, 0x1146,
  0x1146, 0x1146, 0x1146, 0x1126, 0x1126, 0x1126, 0x1126, 0x1126, 0x1125, 0x1105, 0x1105, 0x1105, 0x1105, 0x1105, 0x1105, 0x1105,
  0x1105, 0x10E5, 0x10E5, 0x10E5, 0x10E5, 0x10E5, 0x10E5, 0x10E5, 0x10E5, 0x10E5, 0x10E5, 0x10E5, 0x10C4, 0x10C4, 0x10C4, 0x10C4,
  0x10C4, 0x10C4, 0x10C4, 0x10C4, 0x10C4, 0x10C4, 0x10C4, 0x10C4, 0x10C4, 0x10C4, 0x10A4, 0x10A4, 0x10A4, 0x10A4, 0x10A4, 0x10A4,
  0x10A4, 0x10A4, 0x10A4, 0x10A4, 0x10A4, 0x10A4, 0x10A4, 0x10A4, 0x10A4, 0x10A4, 0x10A4, 0x10A4, 0x10A4, 0x10A4, 0x10A4, 0x10A4,
  0x10A4, 0x10A4, 0x10A4, 0x10A4, 0x10A4, 0x10A4, 0x10A4, 0x10A4, 0x10A4, 0x10A4, 0x10A4, 0x10A4, 0x10A4, 0x10A4, 0x10A4, 0x10A4,
  0x10A4, 0x10A4, 0x10A4, 0x10A4, 0x10A4, 0x10A4, 0x10A4, 0x10A4, 0x10A4, 0x10A4, 0x10A4, 0x10A4, 0x10A4, 0x10A4, 0x10A4, 0x10A4,
  0x10A4, 0x10A4, 0x10A4, 0x10A4, 0x10A4, 0x10A4, 0x10A4, 0x10A4, 0x10A4, 0x10A4, 0x10A4, 0x10A4, 0x10A4, 0x10A4, 0x10A4, 0x10A4,
  0x10A4, 0x10A4, 0x10A4, 0x10A4, 0x10A4, 0x10A4, 0x10A4, 0x10A4, 0x10A4, 0x10A4, 0x10A4, 0x10A4, 0x10A4, 0x10A4, 0x10A4, 0x10A4,
  0x10A4, 0x10A4, 0x10A4, 0x10A4, 0x10A4, 0x10A4, 0x10A4, 0x10A4, 0x10A4, 0x10A4, 0x10A4, 0x10A4, 0x10A4, 0x10A4, 0x10A4, 0x10A4,
  0x10A4, 0x10A4, 0x10A4, 0x10A4, 0x10A4, 0x10A4, 0x10A4, 0x10A4, 0x10A4, 0x10A4, 0x10A4, 0x1084, 0x0863, 0x0863, 0x10A4, 0x10A4,
  0x10A4, 0x10A4, 0x0884, 0x10A4, 0x10A4, 0x10A4, 0x1084, 0x0884, 0x10A4, 0x10A4, 0x10A4, 0x1084, 0x0884, 0x10A4, 0x10A4, 0x10A4,
  0x10A4, 0x0884, 0x0884, 0x0884, 0x10A4, 0x10C4, 0x10A4, 0x10A4, 0x0884, 0x0884, 0x0884, 0x10A4, 0x10A4, 0x10A4, 0x10A4, 0x0884,
  0x1084, 0x10A4, 0x10A4, 0x10A4, 0x10A4, 0x0884, 0x10A4, 0x10A4, 0x10A4, 0x10A4, 0x0884, 0x10A4, 0x10A4, 0x10A4, 0x10A4, 0x0884,
  0x10A4, 0x10A4, 0x10A4, 0x10A4, 0x10A4, 0x10A4, 0x10A4, 0x10A4, 0x10A4, 0x10A4, 0x10A4, 0x10A4, 0x10A4, 0x10A4, 0x10A4, 0x10A4,
  0x10A4, 0x10A4, 0x10A4, 0x10A4, 0x10A4, 0x10A4, 0x10A4, 0x10A4, 0x10A4, 0x10A4, 0x10A4, 0x10A4, 0x10A4, 0x10A4, 0x10A4, 0x10A4,
  0x10A4, 0x10A4, 0x10A4, 0x10A4, 0x10A4, 0x10A4, 0x10A4, 0x10C4, 0x10C4, 0x10C4, 0x10C4, 0x10C4, 0x10C4, 0x10C4, 0x10C4, 0x10C4,
  0x10C4, 0x10C4, 0x10C4, 0x10C4, 0x10C5, 0x10E5, 0x10E5, 0x10E5, 0x10E5, 0x10E5, 0x10E5, 0x10E5, 0x10E5, 0x10E5, 0x1105, 0x1105,
  0x1105, 0x1105, 0x1105, 0x1105, 0x1105, 0x1105, 0x1105, 0x1125, 0x1125, 0x1126, 0x1126, 0x1126, 0x1126, 0x1126, 0x1146, 0x1146,
  0x1146, 0x1146, 0x1146, 0x1146, 0x1146, 0x1166, 0x1166, 0x1166, 0x1167, 0x1167, 0x1187, 0x1187, 0x1187, 0x1187, 0x1187, 0x1187,
  0x1187, 0x1187, 0x1187, 0x1187, 0x1187, 0x1187, 0x1167, 0x1167, 0x1166, 0x1166, 0x1166, 0x1146, 0x1146, 0x1146, 0x1146, 0x1146,
  0x1146, 0x1146, 0x1146, 0x1126, 0x1126, 0x1126, 0x1126, 0x1125, 0x1125, 0x1105, 0x1105, 0x1105, 0x1105, 0x1105, 0x1105, 0x1105,
  0x1105, 0x10E5, 0x10E5, 0x10E5, 0x10E5, 0x10E5, 0x10E5, 0x10E5, 0x10E5, 0x10E5, 0x10E5, 0x10E5, 0x10C4, 0x10C4, 0x10C4, 0x10C4,
  0x10C4, 0x10C4, 0x10C4, 0x10C4, 0x10C4, 0x10C4, 0x10C4, 0x10C4, 0x10C4, 0x10C4, 0x10A4, 0x10A4, 0x10A4, 0x10A4, 0x10A4, 0x10A4,
  0x10A4, 0x10A4, 0x10A4, 0x10A4, 0x10A4, 0x10A4, 0x10A4, 0x10A4, 0x10A4, 0x10A4, 0x10A4, 0x10A4, 0x10A4, 0x10A4, 0x10A4, 0x10A4,
  0x10A4, 0x10A4, 0x10A4, 0x10A4, 0x10A4, 0x10A4, 0x10A4, 0x10A4, 0x10A4, 0x10A4, 0x10A4, 0x10A4, 0x10A4, 0x10A4, 0x10A4, 0x10A4,
  0x10A4, 0x10A4, 0x10A4, 0x10A4, 0x10A4, 0x10A4, 0x10A4, 0x10A4, 0x10A4, 0x10A4, 0x10A4, 0x10A4, 0x10A4, 0x10A4, 0x10A4, 0x10A4,
  0x10A4, 0x10A4, 0x10A4, 0x10A4, 0x10A4, 0x10A4, 0x10A4, 0x10A4, 0x10A4, 0x10A4, 0x10A4, 0x10A4, 0x10A4, 0x10A4, 0x10A4, 0x10A4,
  0x10A4, 0x10A4, 0x10A4, 0x10A4, 0x10A4, 0x10A4, 0x10A4, 0x10A4, 0x10A4, 0x10A4, 0x10A4, 0x10A4, 0x10A4, 0x10A4, 0x10A4, 0x10A4,
  0x10A4, 0x10A4, 0x10A4, 0x10A4, 0x10A4, 0x10A4, 0x10A4, 0x10A4, 0x10A4, 0x10A4, 0x10A4, 0x10A4, 0x10A4, 0x10A4, 0x10A4, 0x10A4,
  0x10A4, 0x10A4, 0x10A4, 0x10A4, 0x10A4, 0x10A4, 0x10A4, 0x10A4, 0x10A4, 0x10A4, 0x0043, 0x10C4, 0x31A8, 0x31A8, 0x10A4, 0x0863,
  0x10A4, 0x10A4, 0x1905, 0x10A4, 0x10A4, 0x10A4, 0x18E5, 0x18E5, 0x10A4, 0x10A4, 0x10A4, 0x18C5, 0x18E5, 0x10A4, 0x10A4, 0x10A4,
  0x10C4, 0x1905, 0x18E5, 0x18E5, 0x10A4, 0x0043, 0x10A4, 0x10C4, 0x1905, 0x18E5, 0x18E5, 0x0883, 0x0843, 0x10A4, 0x10A4, 0x18E5,
  0x18E5, 0x10A4, 0x10A4, 0x10A4, 0x10C4, 0x18E5, 0x10A4, 0x10A4, 0x10A4, 0x10A4, 0x1905, 0x10A4, 0x1084, 0x10A4, 0x10A4, 0x1905,
  0x10C4, 0x10A4, 0x10A4, 0x10A4, 0x10A4, 0x10A4, 0x10A4, 0x10A4, 0x10A4, 0x10A4, 0x10A4, 0x10A4, 0x10A4, 0x10A4, 0x10A4, 0x10A4,
  0x10A4, 0x10A4, 0x10A4, 0x10A4, 0x10A4, 0x10A4, 0x10A4, 0x10A4, 0x10A4, 0x10A4, 0x10A4, 0x10A4, 0x10A4, 0x10A4, 0x10A4, 0x10A4,
  0x10A4, 0x10A4, 0x10A4, 0x10A4, 0x10A4, 0x10A4, 0x10A4, 0x10C4, 0x10C4, 0x10C4, 0x10C4, 0x10C4, 0x10C4, 0x10C4, 0x10C4, 0x10C4,
  0x10C4, 0x10C4, 0x10C4, 0x10C5, 0x10C5, 0x10E5, 0x10E5, 0x10E5, 0x10E5, 0x10E5, 0x10E5, 0x10E5, 0x10E5, 0x1105, 0x1105, 0x1105,
  0x1105, 0x1105, 0x1105, 0x1105, 0x1105, 0x1105, 0x1105, 0x1125, 0x1125, 0x1126, 0x1126, 0x1126, 0x1126, 0x1126, 0x1146, 0x1146,
  0x1146, 0x1146, 0x1146, 0x1146, 0x1146, 0x1166, 0x1166, 0x1166, 0x1167, 0x1166, 0x1167, 0x1187, 0x1187, 0x1187, 0x1187, 0x1187,
  0x1187, 0x1187, 0x1187, 0x1187, 0x1187, 0x1167, 0x1167, 0x1167, 0x1166, 0x1166, 0x1166, 0x1166, 0x1146, 0x1146, 0x1146, 0x1146,
  0x1146, 0x1146, 0x1126, 0x1126, 0x1126, 0x1126, 0x1126, 0x1126, 0x1125, 0x1105, 0x1105, 0x1105, 0x1105, 0x1105, 0x1105, 0x1105,
  0x1105, 0x10E5, 0x10E5, 0x10E5, 0x10E5, 0x10E5, 0x10E5, 0x10E5, 0x10E5, 0x10E5, 0x10E5, 0x10E5, 0x10E5, 0x10C4, 0x10C4, 0x10C4,
  0x10C4, 0x10C4, 0x10C4, 0x10C4, 0x10C4, 0x10C4, 0x10C4, 0x10C4, 0x10C4, 0x10A4, 0x10A4, 0x10A4, 0x10A4, 0x10A4, 0x10A4, 0x10A4,
  0x10A4, 0x10A4, 0x10A4, 0x10A4, 0x10A4, 0x10A4, 0x10A4, 0x10A4, 0x10A4, 0x10A4, 0x10A4, 0x10A4, 0x10A4, 0x10A4, 0x10A4, 0x10A4,
  0x10A4, 0x10A4, 0x10A4, 0x10A4, 0x10A4, 0x10A4, 0x10A4, 0x10A4, 0x10A4, 0x10A4, 0x10A4, 0x10A4, 0x10A4, 0x10A4, 0x10A4, 0x10A4,
  0x10A4, 0x10A4, 0x10A4, 0x10A4, 0x10A4, 0x10A4, 0x10A4, 0x10A4, 0x10A4, 0x10A4, 0x10A4, 0x10A4, 0x10A4, 0x10A4, 0x10A4, 0x10A4,
  0x10A4, 0x10A4, 0x10A4, 0x10A4, 0x10A4, 0x10A4, 0x10A4, 0x10A4, 0x10A4, 0x10A4, 0x10A4, 0x10A4, 0x10A4, 0x10A4, 0x10A4, 0x10A4,
  0x10A4, 0x10A4, 0x10A4, 0x10A4, 0x10A4, 0x10A4, 0x10A4, 0x10A4, 0x10A4, 0x10A4, 0x10A4, 0x10A4, 0x10A4, 0x10A4, 0x10A4, 0x10A4,
  0x10A4, 0x10A4, 0x10A4, 0x10A4, 0x10A4, 0x10A4, 0x10A4, 0x10A4, 0x10A4, 0x10A4, 0x10A4, 0x10A4, 0x10A4, 0x10A4, 0x10A4, 0x10A4,
  0x10A4, 0x10A4, 0x10A4, 0x10A4, 0x10A4, 0x10A4, 0x10A4, 0x10A4, 0x10A4, 0x0863, 0x630D, 0xE73C, 0xFFFF, 0xFFFF, 0xDEDB, 0x4A4A,
  0x0001, 0x424A, 0xF79E, 0x424A, 0x0863, 0x0043, 0xA514, 0xD6DB, 0x10A4, 0x0884, 0x1905, 0xD6BB, 0xEF5D, 0x3187, 0x0883, 0x0863,
  0x52AC, 0xF79E, 0xF7BE, 0xF7BE, 0xE71C, 0x6B4E, 0x0001, 0x6B6E, 0xF79E, 0xF79E, 0xFFDF, 0xCE9A, 0x5AEC, 0x0863, 0x0883, 0xCE79,
  0xAD76, 0x0022, 0x10C4, 0x0863, 0xAD76, 0xF79E, 0x5AEC, 0x0843, 0x0883, 0x31A8, 0xEF7E, 0xB5B7, 0x0883, 0x0863, 0x3187, 0xF79E,
  0x632E, 0x0022, 0x10C4, 0x10A4, 0x10A4, 0x10A4, 0x10A4, 0x10A4, 0x10A4, 0x10A4, 0x10A4, 0x10A4, 0x10A4, 0x10A4, 0x10A4, 0x10A4,
  0x10A4, 0x10A4, 0x10A4, 0x10A4, 0x10A4, 0x10A4, 0x10A4, 0x10A4, 0x10A4, 0x10A4, 0x10A4, 0x10A4, 0x10A4, 0x10A4, 0x10A4, 0x10A4,
  0x10A4, 0x10A4, 0x10A4, 0x10A4, 0x10A4, 0x10A4, 0x10C4, 0x10C4, 0x10C4, 0x10C4, 0x10C4, 0x10C4, 0x10C4, 0x10C4, 0x10C4, 0x10C4,
  0x10C4, 0x10C4, 0x10C4, 0x10C5, 0x10C5, 0x10C4, 0x10E5, 0x10E5, 0x10E5, 0x10E5, 0x10E5, 0x10E5, 0x10E5, 0x10E5, 0x10E5, 0x10E5,
  0x1105, 0x1105, 0x1105, 0x1105, 0x1105, 0x1105, 0x1105, 0x1125, 0x1125, 0x1125, 0x1126, 0x1126, 0x1126, 0x1126, 0x1146, 0x1146,
  0x1146, 0x1146, 0x1146, 0x1146, 0x1146, 0x1166, 0x1166, 0x1166, 0x1167, 0x1167, 0x1167, 0x1187, 0x1187, 0x1187, 0x1187, 0x1187,
  0x1187, 0x1187, 0x1187, 0x1187, 0x1187, 0x1167, 0x1167, 0x1167, 0x1166, 0x1166, 0x1166, 0x1166, 0x1146, 0x1146, 0x1146, 0x1146,
  0x1146, 0x1146, 0x1126, 0x1126, 0x1126, 0x1126, 0x1126, 0x1125, 0x1125, 0x1125, 0x1105, 0x1105, 0x1105, 0x1105, 0x1105, 0x1105,
  0x1105, 0x10E5, 0x10E5, 0x10E5, 0x10E5, 0x10E5, 0x10E5, 0x10E5, 0x10E5, 0x10E5, 0x10E5, 0x10E5, 0x10C5, 0x10C4, 0x10C4, 0x10C4,
  0x10C4, 0x10C4, 0x10C4, 0x10C4, 0x10C4, 0x10C4, 0x10C4, 0x10C4, 0x10C4, 0x10A4, 0x10A4, 0x10A4, 0x10A4, 0x10A4, 0x10A4, 0x10A4,
  0x10A4, 0x10A4, 0x10A4, 0x10A4, 0x10A4, 0x10A4, 0x10A4, 0x10A4, 0x10A4, 0x10A4, 0x10A4, 0x10A4, 0x10A4, 0x10A4, 0x10A4, 0x10A4,
  0x10A4, 0x10A4, 0x10A4, 0x10A4, 0x10A4, 0x10A4, 0x10A4, 0x10A4, 0x10A4, 0x10A4, 0x10A4, 0x10A4, 0x10A4, 0x10A4, 0x10A4, 0x10A4,
  0x10A4, 0x10A4, 0x10A4, 0x10A4, 0x10A4, 0x10A4, 0x10A4, 0x10A4, 0x10A4, 0x10A4, 0x10A4, 0x10A4, 0x10A4, 0x10A4, 0x10A4, 0x10A4,
  0x10A4, 0x10A4, 0x10A4, 0x10A4, 0x10A4, 0x10A4, 0x10A4, 0x10A4, 0x10A4, 0x10A4, 0x10A4, 0x10A4, 0x10A4, 0x10A4, 0x10A4, 0x10A4,
  0x10A4, 0x10A4, 0x10A4, 0x10A4, 0x10A4, 0x10A4, 0x10A4, 0x10A4, 0x10A4, 0x10A4, 0x10A4, 0x10A4, 0x10A4, 0x10A4, 0x10A4, 0x10A4,
  0x10A4, 0x10A4, 0x10A4, 0x10A4, 0x10A4, 0x10A4, 0x10A4, 0x10A4, 0x10A4, 0x10A4, 0x10A4, 0x10A4, 0x10A4, 0x10A4, 0x10A4, 0x10A4,
  0x10A4, 0x10A4, 0x10A4, 0x10A4, 0x10A4, 0x10A4, 0x10A4, 0x10A4, 0x0043, 0x4A6B, 0xFFFF, 0xBE18, 0x52CC, 0x632E, 0xE73C, 0xFFFF,
  0x2126, 0x4229, 0xFFFF, 0x4A6B, 0x0843, 0x0042, 0xAD76, 0xEF5D, 0x10A4, 0x0042, 0x52CC, 0xFFFF, 0xFFFF, 0x7BF0, 0x0043, 0x0863,
  0x5AEC, 0xFFFF, 0x8451, 0x5ACC, 0xC638, 0xFFFF, 0x2105, 0x6B6E, 0xFFFF, 0x738F, 0x630D, 0xBDF8, 0xFFFF, 0x52AC, 0x0022, 0xDEFB,
  0xBDF8, 0x0042, 0x0884, 0x2987, 0xF79E, 0xFFFF, 0xB5B7, 0x0863, 0x0863, 0x31C8, 0xF7BE, 0xFFFF, 0x6B6E, 0x0001, 0x31C8, 0xFFFF,
  0x6B6E, 0x0022, 0x10C4, 0x10A4, 0x10A4, 0x10A4, 0x10A4, 0x10A4, 0x10A4, 0x10A4, 0x10A4, 0x10A4, 0x10A4, 0x10A4, 0x10A4, 0x10A4,
  0x10A4, 0x10A4, 0x10A4, 0x10A4, 0x10A4, 0x10A4, 0x10A4, 0x10A4, 0x10A4, 0x10A4, 0x10A4, 0x10A4, 0x10A4, 0x10A4, 0x10A4, 0x10A4,
  0x10A4, 0x10A4, 0x10A4, 0x10A4, 0x10A4, 0x10A4, 0x10A4, 0x10A4, 0x10A4, 0x10C4, 0x10C4, 0x10C4, 0x10C4, 0x10C4, 0x10C4, 0x10C4,
  0x10C4, 0x10C4, 0x10C4, 0x10C4, 0x10C5, 0x10C4, 0x10E5, 0x10E5, 0x10E5, 0x10E5, 0x10E5, 0x10E5, 0x10E5, 0x10E5, 0x10E5, 0x10E5,
  0x1105, 0x1105, 0x1105, 0x1105, 0x1105, 0x1105, 0x1105, 0x1125, 0x1125, 0x1125, 0x1126, 0x1126, 0x1126, 0x1126, 0x1146, 0x1146,
  0x1146, 0x1146, 0x1146, 0x1146, 0x1146, 0x1166, 0x1166, 0x1166, 0x1166, 0x1167, 0x1167, 0x1187, 0x1187, 0x1187, 0x1187, 0x1187,
  0x1187, 0x1187, 0x1187, 0x1187, 0x1187, 0x1167, 0x1167, 0x1167, 0x1166, 0x1166, 0x1166, 0x1166, 0x1146, 0x1146, 0x1146, 0x1146,
  0x1146, 0x1146, 0x1126, 0x1126, 0x1126, 0x1126, 0x1126, 0x1125, 0x1125, 0x1105, 0x1105, 0x1105, 0x1105, 0x1105, 0x1105, 0x1105,
  0x1105, 0x1105, 0x10E5, 0x10E5, 0x10E5, 0x10E5, 0x10E5, 0x10E5, 0x10E5, 0x10E5, 0x10E5, 0x10E5, 0x10C4, 0x10C4, 0x10C4, 0x10C4,
  0x10C4, 0x10C4, 0x10C4, 0x10C4, 0x10C4, 0x10C4, 0x10C4, 0x10C4, 0x10C4, 0x10A4, 0x10A4, 0x10A4, 0x10A4, 0x10A4, 0x10A4, 0x10A4,
  0x10A4, 0x10A4, 0x10A4, 0x10A4, 0x10A4, 0x10A4, 0x10A4, 0x10A4, 0x10A4, 0x10A4, 0x10A4, 0x10A4, 0x10A4, 0x10A4, 0x10A4, 0x10A4,
  0x10A4, 0x10A4, 0x10A4, 0x10A4, 0x10A4, 0x10A4, 0x10A4, 0x10A4, 0x10A4, 0x10A4, 0x10A4, 0x10A4, 0x10A4, 0x10A4, 0x10A4, 0x10A4,
  0x10A4, 0x10A4, 0x10A4, 0x10A4, 0x10A4, 0x10A4, 0x10A4, 0x10A4, 0x10A4, 0x10A4, 0x10A4, 0x10A4, 0x10A4, 0x10A4, 0x10A4, 0x10A4,
  0x10A4, 0x10A4, 0x10A4, 0x10A4, 0x10A4, 0x10A4, 0x10A4, 0x10A4, 0x10A4, 0x10A4, 0x10A4, 0x10A4, 0x10A4, 0x10A4, 0x10A4, 0x10A4,
  0x10A4, 0x10A4, 0x10A4, 0x10A4, 0x10A4, 0x10A4, 0x10A4, 0x10A4, 0x10A4, 0x10A4, 0x10A4, 0x10A4, 0x10A4, 0x10A4, 0x10A4, 0x10A4,
  0x10A4, 0x10A4, 0x10A4, 0x10A4, 0x10A4, 0x10A4, 0x10A4, 0x10A4, 0x10A4, 0x10A4, 0x10A4, 0x10A4, 0x10A4, 0x10A4, 0x10A4, 0x10A4,
  0x10A4, 0x10A4, 0x10A4, 0x10A4, 0x10A4, 0x10A4, 0x10A4, 0x10A4, 0x0043, 0xB5D7, 0xE71C, 0x10A4, 0x0022, 0x0000, 0x1905, 0x6B6F,
  0x18E5, 0x4229, 0xFFFF, 0x4A6A, 0x0843, 0x0042, 0xAD55, 0xE71C, 0x10A4, 0x0042, 0xB5B7, 0xD6BA, 0xBDF8, 0xDEDB, 0x0883, 0x0043,
  0x5ACC, 0xFFFF, 0x2987, 0x0000, 0x424A, 0xFFFF, 0x424A, 0x632D, 0xFFFF, 0x2126, 0x0001, 0x0883, 0xE71C, 0xC639, 0x0022, 0xDEDB,
  0xBDD7, 0x0043, 0x0042, 0x73AF, 0xF7BE, 0x9CD4, 0xF7BE, 0x2967, 0x0022, 0x39C8, 0xF79E, 0xEF5D, 0xEF7D, 0x2106, 0x2967, 0xFFFF,
  0x6B6E, 0x0022, 0x10C4, 0x10A4, 0x10A4, 0x10A4, 0x10A4, 0x10A4, 0x10A4, 0x10A4, 0x10A4, 0x10A4, 0x10A4, 0x10A4, 0x10A4, 0x10A4,
  0x10A4, 0x10A4, 0x10A4, 0x10A4, 0x10A4, 0x10A4, 0x10A4, 0x10A4, 0x10A4, 0x10A4, 0x10A4, 0x10A4, 0x10A4, 0x10A4, 0x10A4, 0x10A4,
  0x10A4, 0x10A4, 0x10A4, 0x10A4, 0x10A4, 0x10A4, 0x10A4, 0x10A4, 0x10A4, 0x10C4, 0x10C4, 0x10C4, 0x10C4, 0x10C4, 0x10C4, 0x10C4,
  0x10C4, 0x10C4, 0x10C4, 0x10C4, 0x10C5, 0x10E5, 0x10E5, 0x10E5, 0x10E5, 0x10E5, 0x10E5, 0x10E5, 0x10E5, 0x10E5, 0x1105, 0x1105,
  0x1105, 0x1105, 0x1105, 0x1105, 0x1105, 0x1105, 0x1105, 0x1125, 0x1125, 0x1126, 0x1126, 0x1126, 0x1126, 0x1126, 0x1146, 0x1146,
  0x1146, 0x1146, 0x1146, 0x1146, 0x1146, 0x1166, 0x1166, 0x1166, 0x1166, 0x1167, 0x1167, 0x1167, 0x1187, 0x1187, 0x1187, 0x1187,
  0x1187, 0x1187, 0x1187, 0x1187, 0x1187, 0x1167, 0x1167, 0x1166, 0x1166, 0x1166, 0x1166, 0x1146, 0x1146, 0x1146, 0x1146, 0x1146,
  0x1146, 0x1146, 0x1126, 0x1126, 0x1126, 0x1126, 0x1126, 0x1125, 0x1125, 0x1105, 0x1105, 0x1105, 0x1105, 0x1105, 0x1105, 0x1105,
  0x10E5, 0x10E5, 0x10E5, 0x10E5, 0x10E5, 0x10E5, 0x10E5, 0x10E5, 0x10E5, 0x10E5, 0x10E5, 0x10E5, 0x10C5, 0x10C4, 0x10C4, 0x10C4,
  0x10C4, 0x10C4, 0x10C4, 0x10C4, 0x10C4, 0x10C4, 0x10C4, 0x10C4, 0x10C4, 0x10C4, 0x10A4, 0x10A4, 0x10A4, 0x10A4, 0x10A4, 0x10A4,
  0x10A4, 0x10A4, 0x10A4, 0x10A4, 0x10A4, 0x10A4, 0x10A4, 0x10A4, 0x10A4, 0x10A4, 0x10A4, 0x10A4, 0x10A4, 0x10A4, 0x10A4, 0x10A4,
  0x10A4, 0x10A4, 0x10A4, 0x10A4, 0x10A4, 0x10A4, 0x10A4, 0x10A4, 0x10A4, 0x10A4, 0x10A4, 0x10A4, 0x10A4, 0x10A4, 0x10A4, 0x10A4,
  0x10A4, 0x10A4, 0x10A4, 0x10A4, 0x10A4, 0x10A4, 0x10A4, 0x10A4, 0x10A4, 0x10A4, 0x10A4, 0x10A4, 0x10A4, 0x10A4, 0x10A4, 0x10A4,
  0x10A4, 0x10A4, 0x10A4, 0x10A4, 0x10A4, 0x10A4, 0x10A4, 0x10A4, 0x10A4, 0x10A4, 0x10A4, 0x10A4, 0x10A4, 0x10A4, 0x10A4, 0x10A4,
  0x10A4, 0x10A4, 0x10A4, 0x10A4, 0x10A4, 0x10A4, 0x10A4, 0x10A4, 0x10A4, 0x10A4, 0x10A4, 0x10A4, 0x10A4, 0x10A4, 0x10A4, 0x10A4,
  0x10A4, 0x10A4, 0x10A4, 0x10A4, 0x10A4, 0x10A4, 0x10A4, 0x10A4, 0x10A4, 0x10A4, 0x10A4, 0x10A4, 0x10A4, 0x10A4, 0x10A4, 0x10A4,
  0x10A4, 0x10A4, 0x10A4, 0x10A4, 0x10A4, 0x10A4, 0x10A4, 0x10A4, 0x0863, 0xEF7D, 0xB597, 0x0002, 0x18E5, 0x8431, 0x8C72, 0x738F,
  0x31A8, 0x4229, 0xFFFF, 0x4A6B, 0x0843, 0x0042, 0xAD56, 0xE73C, 0x0863, 0x2126, 0xFFDF, 0x6B8F, 0x4A4A, 0xFFFF, 0x3A09, 0x0002,
  0x5AEC, 0xFFFF, 0x94B3, 0x630D, 0xBDF8, 0xEF7D, 0x10A4, 0x6B8F, 0xFFFF, 0x2987, 0x10A4, 0x0843, 0xA535, 0xE73D, 0x1084, 0xD6BB,
  0xBDD7, 0x0022, 0x0883, 0xD6BB, 0xB5D7, 0x18E5, 0xFFFF, 0x6B8F, 0x0001, 0x39C8, 0xFFFF, 0x8431, 0xDEFC, 0xAD96, 0x2126, 0xFFFF,
  0x6B6E, 0x0022, 0x10C4, 0x10A4, 0x10A4, 0x10A4, 0x10A4, 0x10A4, 0x10A4, 0x10A4, 0x10A4, 0x10A4, 0x10A4, 0x10A4, 0x10A4, 0x10A4,
  0x10A4, 0x10A4, 0x10A4, 0x10A4, 0x10A4, 0x10A4, 0x10A4, 0x10A4, 0x10A4, 0x10A4, 0x10A4, 0x10A4, 0x10A4, 0x10A4, 0x10A4, 0x10A4,
  0x10A4, 0x10A4, 0x10A4, 0x10A4, 0x10A4, 0x10A4, 0x10C4, 0x10A4, 0x10C4, 0x10C4, 0x10C4, 0x10C4, 0x10C4, 0x10C4, 0x10C4, 0x10C4,
  0x10C4, 0x10C4, 0x10C4, 0x10C4, 0x10C5, 0x10E5, 0x10E5, 0x10E5, 0x10E5, 0x10E5, 0x10E5, 0x10E5, 0x10E5, 0x10E5, 0x10E5, 0x1105,
  0x1105, 0x1105, 0x1105, 0x1105, 0x1105, 0x1105, 0x1105, 0x1125, 0x1125, 0x1126, 0x1126, 0x1126, 0x1126, 0x1126, 0x1126, 0x1146,
  0x1146, 0x1146, 0x1146, 0x1146, 0x1146, 0x1166, 0x1166, 0x1166, 0x1166, 0x1166, 0x1167, 0x1167, 0x1187, 0x1187, 0x1187, 0x1187,
  0x1187, 0x1187, 0x1187, 0x1187, 0x1167, 0x1167, 0x1167, 0x1166, 0x1166, 0x1166, 0x1166, 0x1146, 0x1146, 0x1146, 0x1146, 0x1146,
  0x1146, 0x1146, 0x1126, 0x1126, 0x1126, 0x1126, 0x1126, 0x1125, 0x1125, 0x1125, 0x1105, 0x1105, 0x1105, 0x1105, 0x1105, 0x1105,
  0x1105, 0x10E5, 0x10E5, 0x10E5, 0x10E5, 0x10E5, 0x10E5, 0x10E5, 0x10E5, 0x10E5, 0x10E5, 0x10E5, 0x10C5, 0x10C4, 0x10C4, 0x10C4,
  0x10C4, 0x10C4, 0x10C4, 0x10C4, 0x10C4, 0x10C4, 0x10C4, 0x10C4, 0x10C4, 0x10C4, 0x10A4, 0x10A4, 0x10A4, 0x10A4, 0x10A4, 0x10A4,
  0x10A4, 0x10A4, 0x10A4, 0x10A4, 0x10A4, 0x10A4, 0x10A4, 0x10A4, 0x10A4, 0x10A4, 0x10A4, 0x10A4, 0x10A4, 0x10A4, 0x10A4, 0x10A4,
  0x10A4, 0x10A4, 0x10A4, 0x10A4, 0x10A4, 0x10A4, 0x10A4, 0x10A4, 0x10A4, 0x10A4, 0x10A4, 0x10A4, 0x10A4, 0x10A4, 0x10A4, 0x10A4,
  0x10A4, 0x10A4, 0x10A4, 0x10A4, 0x10A4, 0x10A4, 0x10A4, 0x10A4, 0x10A4, 0x10A4, 0x10A4, 0x10A4, 0x10A4, 0x10A4, 0x10A4, 0x10A4,
  0x10A4, 0x10A4, 0x10A4, 0x10A4, 0x10A4, 0x10A4, 0x10A4, 0x10A4, 0x10A4, 0x10A4, 0x10A4, 0x10A4, 0x10A4, 0x10A4, 0x10A4, 0x10A4,
  0x10A4, 0x10A4, 0x10A4, 0x10A4, 0x10A4, 0x10A4, 0x10A4, 0x10A4, 0x10A4, 0x10A4, 0x10A4, 0x10A4, 0x10A4, 0x10A4, 0x10A4, 0x10A4,
  0x10A4, 0x10A4, 0x10A4, 0x10A4, 0x10A4, 0x10A4, 0x10A4, 0x10A4, 0x10A4, 0x10A4, 0x10A4, 0x10A4, 0x10A4, 0x10A4, 0x10A4, 0x10A4,
  0x10A4, 0x10A4, 0x10A4, 0x10A4, 0x10A4, 0x10A4, 0x10A4, 0x10A4, 0x0863, 0xEF7D, 0xB597, 0x0002, 0x1905, 0xA515, 0xBE18, 0xFFFF,
  0x7BF0, 0x39C8, 0xFFFF, 0x424A, 0x0863, 0x0043, 0xA555, 0xE75D, 0x0022, 0x634E, 0xFFFF, 0x630D, 0x422A, 0xFFFF, 0x8C72, 0x0001,
  0x5AEC, 0xFFFF, 0xDEDB, 0xFFFF, 0xFFFF, 0x4229, 0x0001, 0x73AF, 0xFFFF, 0x2987, 0x10A4, 0x0042, 0xA535, 0xE73D, 0x0884, 0xD6BB,
  0xBDF8, 0x0001, 0x39E8, 0xFFFF, 0x9493, 0x2967, 0xE71C, 0xC639, 0x0022, 0x31C8, 0xFFFF, 0x6B6F, 0x4A6A, 0xFFFF, 0x8431, 0xFFDF,
  0x6B6E, 0x0022, 0x10C4, 0x10A4, 0x10A4, 0x10A4, 0x10A4, 0x10A4, 0x10A4, 0x10A4, 0x10A4, 0x10A4, 0x10A4, 0x10A4, 0x10A4, 0x10A4,
  0x10A4, 0x10A4, 0x10A4, 0x10A4, 0x10A4, 0x10A4, 0x10A4, 0x10A4, 0x10A4, 0x10A4, 0x10A4, 0x10A4, 0x10A4, 0x10A4, 0x10A4, 0x10A4,
  0x10A4, 0x10A4, 0x10A4, 0x10A4, 0x10A4, 0x10A4, 0x10A4, 0x10C4, 0x10C4, 0x10C4, 0x10C4, 0x10C4, 0x10C4, 0x10C4, 0x10C4, 0x10C4,
  0x10C4, 0x10C4, 0x10C4, 0x10C4, 0x10C5, 0x10C5, 0x10E5, 0x10E5, 0x10E5, 0x10E5, 0x10E5, 0x10E5, 0x10E5, 0x10E5, 0x10E5, 0x1105,
  0x1105, 0x1105, 0x1105, 0x1105, 0x1105, 0x1105, 0x1105, 0x1125, 0x1125, 0x1126, 0x1126, 0x1126, 0x1126, 0x1126, 0x1126, 0x1146,
  0x1146, 0x1146, 0x1146, 0x1146, 0x1146, 0x1166, 0x1166, 0x1166, 0x1166, 0x1166, 0x1167, 0x1167, 0x1167, 0x1187, 0x1187, 0x1187,
  0x1187, 0x1187, 0x1167, 0x1167, 0x1167, 0x1167, 0x1167, 0x1166, 0x1166, 0x1166, 0x1166, 0x1146, 0x1146, 0x1146, 0x1146, 0x1146,
  0x1146, 0x1146, 0x1126, 0x1126, 0x1126, 0x1126, 0x1125, 0x1125, 0x1125, 0x1105, 0x1105, 0x1105, 0x1105, 0x1105, 0x1105, 0x1105,
  0x1105, 0x10E5, 0x10E5, 0x10E5, 0x10E5, 0x10E5, 0x10E5, 0x10E5, 0x10E5, 0x10E5, 0x10E5, 0x10C4, 0x10E4, 0x10C4, 0x10C4, 0x10C4,
  0x10C4, 0x10C4, 0x10C4, 0x10C4, 0x10C4, 0x10C4, 0x10C4, 0x10C4, 0x10C4, 0x10A4, 0x10A4, 0x10A4, 0x10A4, 0x10A4, 0x10A4, 0x10A4,
  0x10A4, 0x10A4, 0x10A4, 0x10A4, 0x10A4, 0x10A4, 0x10A4, 0x10A4, 0x10A4, 0x10A4, 0x10A4, 0x10A4, 0x10A4, 0x10A4, 0x10A4, 0x10A4,
  0x10A4, 0x10A4, 0x10A4, 0x10A4, 0x10A4, 0x10A4, 0x10A4, 0x10A4, 0x10A4, 0x10A4, 0x10A4, 0x10A4, 0x10A4, 0x10A4, 0x10A4, 0x10A4,
  0x10A4, 0x10A4, 0x10A4, 0x10A4, 0x10A4, 0x10A4, 0x10A4, 0x10A4, 0x10A4, 0x10A4, 0x10A4, 0x10A4, 0x10A4, 0x10A4, 0x10A4, 0x10A4,
  0x10A4, 0x10A4, 0x10A4, 0x10A4, 0x10A4, 0x10A4, 0x10A4, 0x10A4, 0x10A4, 0x10A4, 0x10A4, 0x10A4, 0x10A4, 0x10A4, 0x10A4, 0x10A4,
  0x10A4, 0x10A4, 0x10A4, 0x10A4, 0x10A4, 0x10A4, 0x10A4, 0x10A4, 0x10A4, 0x10A4, 0x10A4, 0x10A4, 0x10A4, 0x10A4, 0x10A4, 0x10A4,
  0x10A4, 0x10A4, 0x10A4, 0x10A4, 0x10A4, 0x10A4, 0x10A4, 0x10A4, 0x10A4, 0x10A4, 0x10A4, 0x10A4, 0x10A4, 0x10A4, 0x10A4, 0x10A4,
  0x10A4, 0x10A4, 0x10A4, 0x10A4, 0x10A4, 0x10A4, 0x10A4, 0x10A4, 0x0043, 0xB5B7, 0xEF5D, 0x18E5, 0x0002, 0x0000, 0x422A, 0xFFDF,
  0x738F, 0x31A8, 0xFFFF, 0x630D, 0x0001, 0x0001, 0xBDD7, 0xE71C, 0x0001, 0xB5B7, 0xFFFF, 0xEF7E, 0xF79E, 0xFFFF, 0xDEDB, 0x0043,
  0x5ACC, 0xFFFF, 0x31A8, 0x6B6E, 0xFFDF, 0x39E9, 0x0001, 0x73AF, 0xFFFF, 0x1905, 0x0001, 0x18E5, 0xE73D, 0xBDD7, 0x0022, 0xD6DB,
  0xBDF8, 0x0000, 0x7C11, 0xFFFF, 0xEF7E, 0xEF9E, 0xFFDF, 0xF7BE, 0x2967, 0x2967, 0xFFFF, 0x7BF0, 0x0001, 0xAD55, 0xFFFF, 0xFFFF,
  0x6B4E, 0x0022, 0x10C4, 0x10A4, 0x10A4, 0x10A4, 0x10A4, 0x10A4, 0x10A4, 0x10A4, 0x10A4, 0x10A4, 0x10A4, 0x10A4, 0x10A4, 0x10A4,
  0x10A4, 0x10A4, 0x10A4, 0x10A4, 0x10A4, 0x10A4, 0x10A4, 0x10A4, 0x10A4, 0x10A4, 0x10A4, 0x10A4, 0x10A4, 0x10A4, 0x10A4, 0x10A4,
  0x10A4, 0x10A4, 0x10A4, 0x10A4, 0x10A4, 0x10A4, 0x10A4, 0x10C4, 0x10C4, 0x10A4, 0x10C4, 0x10C4, 0x10C4, 0x10C4, 0x10C4, 0x10C4,
  0x10C4, 0x10C4, 0x10C4, 0x10C5, 0x10C4, 0x10E5, 0x10E5, 0x10E5, 0x10E5, 0x10E5, 0x10E5, 0x10E5, 0x10E5, 0x10E5, 0x10E5, 0x10E5,
  0x1105, 0x1105, 0x1105, 0x1105, 0x1105, 0x1105, 0x1105, 0x1125, 0x1125, 0x1125, 0x1126, 0x1126, 0x1126, 0x1126, 0x1146, 0x1146,
  0x1146, 0x1146, 0x1146, 0x1146, 0x1146, 0x1166, 0x1166, 0x1166, 0x1166, 0x1166, 0x1167, 0x1167, 0x1167, 0x1167, 0x1187, 0x1187,
  0x1167, 0x1167, 0x1167, 0x1167, 0x1167, 0x1167, 0x1166, 0x1166, 0x1166, 0x1166, 0x1166, 0x1146, 0x1146, 0x1146, 0x1146, 0x1146,
  0x1146, 0x1146, 0x1126, 0x1126, 0x1126, 0x1126, 0x1125, 0x1125, 0x1125, 0x1105, 0x1105, 0x1105, 0x1105, 0x1105, 0x1105, 0x1105,
  0x1105, 0x10E5, 0x10E5, 0x10E5, 0x10E5, 0x10E5, 0x10E5, 0x10E5, 0x10E5, 0x10E5, 0x10E5, 0x10C5, 0x10C4, 0x10C4, 0x10C4, 0x10C4,
  0x10C4, 0x10C4, 0x10C4, 0x10C4, 0x10C4, 0x10C4, 0x10C4, 0x10C4, 0x10C4, 0x10A4, 0x10C4, 0x10A4, 0x10A4, 0x10A4, 0x10A4, 0x10A4,
  0x10A4, 0x10A4, 0x10A4, 0x10A4, 0x10A4, 0x10A4, 0x10A4, 0x10A4, 0x10A4, 0x10A4, 0x10A4, 0x10A4, 0x10A4, 0x10A4, 0x10A4, 0x10A4,
  0x10A4, 0x10A4, 0x10A4, 0x10A4, 0x10A4, 0x10A4, 0x10A4, 0x10A4, 0x10A4, 0x10A4, 0x10A4, 0x10A4, 0x10A4, 0x10A4, 0x10A4, 0x10A4,
  0x10A4, 0x10A4, 0x10A4, 0x10A4, 0x10A4, 0x10A4, 0x10A4, 0x10A4, 0x10A4, 0x10A4, 0x10A4, 0x10A4, 0x10A4, 0x10A4, 0x10A4, 0x10A4,
  0x10A4, 0x10A4, 0x10A4, 0x10A4, 0x10A4, 0x10A4, 0x10A4, 0x10A4, 0x10A4, 0x10A4, 0x10A4, 0x10A4, 0x10A4, 0x10A4, 0x10A4, 0x10A4,
  0x10A4, 0x10A4, 0x10A4, 0x10A4, 0x10A4, 0x10A4, 0x10A4, 0x10A4, 0x10A4, 0x10A4, 0x10A4, 0x10A4, 0x10A4, 0x10A4, 0x10A4, 0x10A4,
  0x10A4, 0x10A4, 0x10A4, 0x10A4, 0x10A4, 0x10A4, 0x10A4, 0x10A4, 0x10A4, 0x10A4, 0x10A4, 0x10A4, 0x10A4, 0x10A4, 0x10A4, 0x10A4,
  0x10A4, 0x10A4, 0x10A4, 0x10A4, 0x10A4, 0x10A4, 0x10A4, 0x10C4, 0x0843, 0x422A, 0xFFFF, 0xCE7A, 0x6B4E, 0x8411, 0xF79E, 0xFFFF,
  0x8411, 0x0843, 0xD6DB, 0xF7BE, 0x73D0, 0x9CD4, 0xFFFF, 0x8411, 0x2146, 0xFFFF, 0x8C92, 0x2967, 0x2967, 0x73AF, 0xFFFF, 0x422A,
  0x4A8B, 0xFFFF, 0x422A, 0x10A4, 0xFFDF, 0xBDF8, 0x0001, 0x73D0, 0xFFFF, 0x9493, 0x8451, 0xE71C, 0xFFDF, 0x422A, 0x0022, 0xE71C,
  0xBDF8, 0x0022, 0xEF5D, 0xC659, 0x2967, 0x31A8, 0x4A6B, 0xFFFF, 0x7C11, 0x2126, 0xFFFF, 0x8411, 0x0022, 0x2126, 0xDF1C, 0xFFFF,
  0x6B4E, 0x0022, 0x10C4, 0x10A4, 0x10A4, 0x10A4, 0x10A4, 0x10A4, 0x10A4, 0x10A4, 0x10A4, 0x10A4, 0x10A4, 0x10A4, 0x10A4, 0x10A4,
  0x10A4, 0x10A4, 0x10A4, 0x10A4, 0x10A4, 0x10A4, 0x10A4, 0x10A4, 0x10A4, 0x10A4, 0x10A4, 0x10A4, 0x10A4, 0x10A4, 0x10A4, 0x10A4,
  0x10A4, 0x10A4, 0x10A4, 0x10A4, 0x10A4, 0x10A4, 0x10A4, 0x10C4, 0x10C4, 0x10C4, 0x10C4, 0x10C4, 0x10C4, 0x10C4, 0x10C4, 0x10C4,
  0x10C4, 0x10C4, 0x10C4, 0x10C4, 0x10E5, 0x10E5, 0x10E5, 0x10E5, 0x10E5, 0x10E5, 0x10E5, 0x10E5, 0x10E5, 0x10E5, 0x10E5, 0x1105,
  0x1105, 0x1105, 0x1105, 0x1105, 0x1105, 0x1105, 0x1105, 0x1105, 0x1125, 0x1125, 0x1126, 0x1126, 0x1126, 0x1126, 0x1126, 0x1146,
  0x1146, 0x1146, 0x1146, 0x1146, 0x1146, 0x1146, 0x1166, 0x1166, 0x1166, 0x1166, 0x1166, 0x1167, 0x1167, 0x1167, 0x1167, 0x1167,
  0x1167, 0x1167, 0x1167, 0x1167, 0x1167, 0x1167, 0x1166, 0x1166, 0x1166, 0x1166, 0x1146, 0x1146, 0x1146, 0x1146, 0x1146, 0x1146,
  0x1146, 0x1126, 0x1126, 0x1126, 0x1126, 0x1126, 0x1125, 0x1125, 0x1105, 0x1105, 0x1105, 0x1105, 0x1105, 0x1105, 0x1105, 0x1105,
  0x1105, 0x1105, 0x10E5, 0x10E5, 0x10E5, 0x10E5, 0x10E5, 0x10E5, 0x10E5, 0x10E5, 0x10E5, 0x10E5, 0x10C5, 0x10C4, 0x10C4, 0x10C4,
  0x10C4, 0x10C4, 0x10C4, 0x10C4, 0x10C4, 0x10C4, 0x10C4, 0x10C4, 0x10C4, 0x10A4, 0x10A4, 0x10A4, 0x10A4, 0x10A4, 0x10A4, 0x10A4,
  0x10A4, 0x10A4, 0x10A4, 0x10A4, 0x10A4, 0x10A4, 0x10A4, 0x10A4, 0x10A4, 0x10A4, 0x10A4, 0x10A4, 0x10A4, 0x10A4, 0x10A4, 0x10A4,
  0x10A4, 0x10A4, 0x10A4, 0x10A4, 0x10A4, 0x10A4, 0x10A4, 0x10A4, 0x10A4, 0x10A4, 0x10A4, 0x10A4, 0x10A4, 0x10A4, 0x10A4, 0x10A4,
  0x10A4, 0x10A4, 0x10A4, 0x10A4, 0x10A4, 0x10A4, 0x10A4, 0x10A4, 0x10A4, 0x10A4, 0x10A4, 0x10A4, 0x10A4, 0x10A4, 0x10A4, 0x10A4,
  0x10A4, 0x10A4, 0x10A4, 0x10A4, 0x10A4, 0x10A4, 0x10A4, 0x10A4, 0x10A4, 0x10A4, 0x10A4, 0x10A4, 0x10A4, 0x10A4, 0x10A4, 0x10A4,
  0x10A4, 0x10A4, 0x10A4, 0x10A4, 0x10A4, 0x10A4, 0x10A4, 0x10A4, 0x10A4, 0x10A4, 0x10A4, 0x10A4, 0x10A4, 0x10A4, 0x10A4, 0x10A4,
  0x10A4, 0x10A4, 0x10A4, 0x10A4, 0x10A4, 0x10A4, 0x10A4, 0x10A4, 0x10A4, 0x10A4, 0x10A4, 0x10A4, 0x10A4, 0x10A4, 0x10A4, 0x10A4,
  0x10A4, 0x10A4, 0x10A4, 0x10A4, 0x10A4, 0x10A4, 0x10A4, 0x10A4, 0x10A4, 0x0863, 0x52AB, 0xCE9A, 0xFFDF, 0xEF5D, 0x7C11, 0xC639,
  0x73AF, 0x0002, 0x31C8, 0xC618, 0xF7BF, 0xEF5D, 0x9CD4, 0x0863, 0x5B0D, 0xD6BB, 0x2987, 0x0022, 0x0043, 0x18E5, 0xD69A, 0x738F,
  0x3A09, 0xD6DB, 0x3A09, 0x0022, 0x8431, 0xDEDB, 0x2106, 0x5ACC, 0xDEDB, 0xE71C, 0xE71C, 0xB5B7, 0x422A, 0x0863, 0x0883, 0xB5B7,
  0x94B3, 0x2967, 0xDEDB, 0x5AED, 0x0002, 0x0883, 0x0022, 0xB5B7, 0xA535, 0x2126, 0xD6BB, 0x6B4E, 0x0863, 0x0843, 0x52CC, 0xDEDB,
  0x5ACC, 0x0043, 0x10A4, 0x10A4, 0x10A4, 0x10A4, 0x10A4, 0x10A4, 0x10A4, 0x10A4, 0x10A4, 0x10A4, 0x10A4, 0x10A4, 0x10A4, 0x10A4,
  0x10A4, 0x10A4, 0x10A4, 0x10A4, 0x10A4, 0x10A4, 0x10A4, 0x10A4, 0x10A4, 0x10A4, 0x10A4, 0x10A4, 0x10A4, 0x10A4, 0x10A4, 0x10A4,
  0x10A4, 0x10A4, 0x10A4, 0x10A4, 0x10A4, 0x10A4, 0x10A4, 0x10C4, 0x10A4, 0x10C4, 0x10C4, 0x10C4, 0x10C4, 0x10C4, 0x10C4, 0x10C4,
  0x10C4, 0x10C4, 0x10C4, 0x10C4, 0x10C5, 0x10E5, 0x10E5, 0x10E5, 0x10E5, 0x10E5, 0x10E5, 0x10E5, 0x10E5, 0x10E5, 0x10E5, 0x1105,
  0x1105, 0x1105, 0x1105, 0x1105, 0x1105, 0x1105, 0x1105, 0x1105, 0x1125, 0x1126, 0x1126, 0x1126, 0x1126, 0x1126, 0x1126, 0x1146,
  0x1146, 0x1146, 0x1146, 0x1146, 0x1146, 0x1146, 0x1166, 0x1166, 0x1166, 0x1166, 0x1166, 0x1167, 0x1167, 0x1167, 0x1167, 0x1167,
  0x1167, 0x1167, 0x1167, 0x1167, 0x1167, 0x1166, 0x1166, 0x1166, 0x1166, 0x1166, 0x1146, 0x1146, 0x1146, 0x1146, 0x1146, 0x1146,
  0x1146, 0x1126, 0x1126, 0x1126, 0x1126, 0x1126, 0x1126, 0x1125, 0x1125, 0x1105, 0x1105, 0x1105, 0x1105, 0x1105, 0x1105, 0x1105,
  0x1105, 0x10E5, 0x10E5, 0x10E5, 0x10E5, 0x10E5, 0x10E5, 0x10E5, 0x10E5, 0x10E5, 0x10E5, 0x10E5, 0x10C4, 0x10C4, 0x10C4, 0x10C4,
  0x10C4, 0x10C4, 0x10C4, 0x10C4, 0x10C4, 0x10C4, 0x10C4, 0x10C4, 0x10C4, 0x10A4, 0x10A4, 0x10A4, 0x10A4, 0x10A4, 0x10A4, 0x10A4,
  0x10A4, 0x10A4, 0x10A4, 0x10A4, 0x10A4, 0x10A4, 0x10A4, 0x10A4, 0x10A4, 0x10A4, 0x10A4, 0x10A4, 0x10A4, 0x10A4, 0x10A4, 0x10A4,
  0x10A4, 0x10A4, 0x10A4, 0x10A4, 0x10A4, 0x10A4, 0x10A4, 0x10A4, 0x10A4, 0x10A4, 0x10A4, 0x10A4, 0x10A4, 0x10A4, 0x10A4, 0x10A4,
  0x10A4, 0x10A4, 0x10A4, 0x10A4, 0x10A4, 0x10A4, 0x10A4, 0x10A4, 0x10A4, 0x10A4, 0x10A4, 0x10A4, 0x10A4, 0x10A4, 0x10A4, 0x10A4,
  0x10A4, 0x10A4, 0x10A4, 0x10A4, 0x10A4, 0x10A4, 0x10A4, 0x10A4, 0x10A4, 0x10A4, 0x10A4, 0x10A4, 0x10A4, 0x10A4, 0x10A4, 0x10A4,
  0x10A4, 0x10A4, 0x10A4, 0x10A4, 0x10A4, 0x10A4, 0x10A4, 0x10A4, 0x10A4, 0x10A4, 0x10A4, 0x10A4, 0x10A4, 0x10A4, 0x10A4, 0x10A4,
  0x10A4, 0x10A4, 0x10A4, 0x10A4, 0x10A4, 0x10A4, 0x10A4, 0x10A4, 0x10A4, 0x10A4, 0x10A4, 0x10A4, 0x10A4, 0x10A4, 0x10A4, 0x10A4,
  0x10A4, 0x10A4, 0x10A4, 0x10A4, 0x10A4, 0x10A4, 0x10A4, 0x10A4, 0x10A4, 0x10A4, 0x0043, 0x0883, 0x2146, 0x18E5, 0x0043, 0x18C5,
  0x10C4, 0x10A4, 0x0863, 0x0863, 0x2126, 0x1905, 0x0043, 0x0884, 0x18E5, 0x10A4, 0x10A4, 0x10A4, 0x10A4, 0x10A4, 0x10A4, 0x10A4,
  0x10A4, 0x10A4, 0x10A4, 0x10A4, 0x10A4, 0x10A4, 0x10A4, 0x10A4, 0x10A4, 0x10A4, 0x10A4, 0x10A4, 0x10A4, 0x10A4, 0x10A4, 0x10A4,
  0x10A4, 0x10A4, 0x18E5, 0x10A4, 0x10A4, 0x10A4, 0x10A4, 0x10A4, 0x18E5, 0x10C4, 0x18E5, 0x10C4, 0x10A4, 0x10A4, 0x0883, 0x18E5,
  0x10C4, 0x10A4, 0x10A4, 0x10A4, 0x10A4, 0x10A4, 0x10A4, 0x10A4, 0x10A4, 0x10A4, 0x10A4, 0x10A4, 0x10A4, 0x10A4, 0x10A4, 0x10A4,
  0x10A4, 0x10A4, 0x10A4, 0x10A4, 0x10A4, 0x10A4, 0x10A4, 0x10A4, 0x10A4, 0x10A4, 0x10A4, 0x10A4, 0x10A4, 0x10A4, 0x10A4, 0x10A4,
  0x10A4, 0x10A4, 0x10A4, 0x10A4, 0x10A4, 0x10A4, 0x10A4, 0x10C4, 0x10C4, 0x10C4, 0x10C4, 0x10C4, 0x10C4, 0x10C4, 0x10C4, 0x10C4,
  0x10C4, 0x10C4, 0x10C4, 0x10C4, 0x10C5, 0x10E5, 0x10E5, 0x10E5, 0x10E5, 0x10E5, 0x10E5, 0x10E5, 0x10E5, 0x10E5, 0x10E5, 0x1105,
  0x1105, 0x1105, 0x1105, 0x1105, 0x1105, 0x1105, 0x1105, 0x1125, 0x1125, 0x1125, 0x1126, 0x1126, 0x1126, 0x1126, 0x1126, 0x1146,
  0x1146, 0x1146, 0x1146, 0x1146, 0x1146, 0x1146, 0x1166, 0x1166, 0x1166, 0x1166, 0x1166, 0x1166, 0x1167, 0x1167, 0x1167, 0x1167,
  0x1167, 0x1167, 0x1167, 0x1167, 0x1167, 0x1166, 0x1166, 0x1166, 0x1166, 0x1166, 0x1146, 0x1146, 0x1146, 0x1146, 0x1146, 0x1146,
  0x1146, 0x1126, 0x1126, 0x1126, 0x1126, 0x1126, 0x1125, 0x1125, 0x1125, 0x1105, 0x1105, 0x1105, 0x1105, 0x1105, 0x1105, 0x1105,
  0x1105, 0x10E5, 0x10E5, 0x10E5, 0x10E5, 0x10E5, 0x10E5, 0x10E5, 0x10E5, 0x10E5, 0x10C5, 0x10C5, 0x10C4, 0x10C4, 0x10C4, 0x10C4,
  0x10C4, 0x10C4, 0x10C4, 0x10C4, 0x10C4, 0x10C4, 0x10C4, 0x10C4, 0x10A4, 0x10A4, 0x10A4, 0x10A4, 0x10A4, 0x10A4, 0x10A4, 0x10A4,
  0x10A4, 0x10A4, 0x10A4, 0x10A4, 0x10A4, 0x10A4, 0x10A4, 0x10A4, 0x10A4, 0x10A4, 0x10A4, 0x10A4, 0x10A4, 0x10A4, 0x10A4, 0x10A4,
  0x10A4, 0x10A4, 0x10A4, 0x10A4, 0x10A4, 0x10A4, 0x10A4, 0x10A4, 0x10A4, 0x10A4, 0x10A4, 0x10A4, 0x10A4, 0x10A4, 0x10A4, 0x10A4,
  0x10A4, 0x10A4, 0x10A4, 0x10A4, 0x10A4, 0x10A4, 0x10A4, 0x10A4, 0x10A4, 0x10A4, 0x10A4, 0x10A4, 0x10A4, 0x10A4, 0x10A4, 0x10A4,
  0x10A4, 0x10A4, 0x10A4, 0x10A4, 0x10A4, 0x10A4, 0x10A4, 0x10A4, 0x10A4, 0x10A4, 0x10A4, 0x10A4, 0x10A4, 0x10A4, 0x10A4, 0x10A4,
  0x10A4, 0x10A4, 0x10A4, 0x10A4, 0x10A4, 0x10A4, 0x10A4, 0x10A4, 0x10A4, 0x10A4, 0x10A4, 0x10A4, 0x10A4, 0x10A4, 0x10A4, 0x10A4,
  0x10A4, 0x10A4, 0x10A4, 0x10A4, 0x10A4, 0x10A4, 0x10A4, 0x10A4, 0x10A4, 0x10A4, 0x10A4, 0x10A4, 0x10A4, 0x10A4, 0x10A4, 0x10A4,
  0x10A4, 0x10A4, 0x10A4, 0x10A4, 0x10A4, 0x10A4, 0x10A4, 0x10A4, 0x10A4, 0x10A4, 0x10C4, 0x10A4, 0x0883, 0x0884, 0x10A4, 0x10A4,
  0x10A4, 0x10A4, 0x10A4, 0x10A4, 0x0883, 0x0884, 0x10C4, 0x10A4, 0x1084, 0x10A4, 0x10A4, 0x10A4, 0x23ED, 0x4672, 0x56D2, 0x5ED1,
  0x6ED0, 0x76CF, 0x86AE, 0x8EAD, 0x9EAC, 0xA6AB, 0xB6AA, 0xBEA8, 0xCEA7, 0xD6A6, 0xD645, 0x83C4, 0x10A4, 0x10A4, 0x10A4, 0x10A4,
  0x10A4, 0x10A4, 0x1084, 0x10A4, 0x10A4, 0x10A4, 0x10A4, 0x10A4, 0x1084, 0x10A4, 0x1084, 0x10A4, 0x10A4, 0x10A4, 0x10A4, 0x1084,
  0x10A4, 0x10A4, 0x10A4, 0x10A4, 0x10A4, 0x10A4, 0x10A4, 0x10A4, 0x10A4, 0x10A4, 0x10A4, 0x10A4, 0x10A4, 0x10A4, 0x10A4, 0x10A4,
  0x10A4, 0x10A4, 0x10A4, 0x10A4, 0x10A4, 0x10A4, 0x10A4, 0x10A4, 0x10A4, 0x10A4, 0x10A4, 0x10A4, 0x10A4, 0x10A4, 0x10A4, 0x10A4,
  0x10A4, 0x10A4, 0x10A4, 0x10A4, 0x10A4, 0x10A4, 0x10A4, 0x10A4, 0x10C4, 0x10C4, 0x10C4, 0x10C4, 0x10C4, 0x10C4, 0x10C4, 0x10C4,
  0x10C4, 0x10C4, 0x10C4, 0x10C4, 0x10C5, 0x10E5, 0x10E5, 0x10E5, 0x10E5, 0x10E5, 0x10E5, 0x10E5, 0x10E5, 0x10E5, 0x10E5, 0x1105,
  0x10E5, 0x1105, 0x1105, 0x1105, 0x1105, 0x1105, 0x1105, 0x1105, 0x1125, 0x1125, 0x1126, 0x1126, 0x1126, 0x1126, 0x1126, 0x1126,
  0x1146, 0x1146, 0x1146, 0x1146, 0x1146, 0x1146, 0x1146, 0x1166, 0x1166, 0x1166, 0x1166, 0x1166, 0x1166, 0x1166, 0x1167, 0x1167,
  0x1167, 0x1167, 0x1166, 0x1167, 0x1166, 0x1166, 0x1166, 0x1166, 0x1166, 0x1146, 0x1146, 0x1146, 0x1146, 0x1146, 0x1146, 0x1146,
  0x1146, 0x1126, 0x1126, 0x1126, 0x1126, 0x1125, 0x1125, 0x1125, 0x1105, 0x1105, 0x1105, 0x1105, 0x1105, 0x1105, 0x1105, 0x1105,
  0x1105, 0x10E5, 0x10E5, 0x10E5, 0x10E5, 0x10E5, 0x10E5, 0x10E5, 0x10E5, 0x10E5, 0x10E5, 0x10C5, 0x10C4, 0x10C4, 0x10C4, 0x10C4,
  0x10C4, 0x10C4, 0x10C4, 0x10C4, 0x10C4, 0x10C4, 0x10C4, 0x10C4, 0x10C4, 0x10A4, 0x10A4, 0x10A4, 0x10A4, 0x10A4, 0x10A4, 0x10A4,
  0x10A4, 0x10A4, 0x10A4, 0x10A4, 0x10A4, 0x10A4, 0x10A4, 0x10A4, 0x10A4, 0x10A4, 0x10A4, 0x10A4, 0x10A4, 0x10A4, 0x10A4, 0x10A4,
  0x10A4, 0x10A4, 0x10A4, 0x10A4, 0x10A4, 0x10A4, 0x10A4, 0x10A4, 0x10A4, 0x10A4, 0x10A4, 0x10A4, 0x10A4, 0x10A4, 0x10A4, 0x10A4,
  0x10A4, 0x10A4, 0x10A4, 0x10A4, 0x10A4, 0x10A4, 0x10A4, 0x10A4, 0x10A4, 0x10A4, 0x10A4, 0x10A4, 0x10A4, 0x10A4, 0x10A4, 0x10A4,
  0x10A4, 0x10A4, 0x10A4, 0x10A4, 0x10A4, 0x10A4, 0x10A4, 0x10A4, 0x10A4, 0x10A4, 0x10A4, 0x10A4, 0x10A4, 0x10A4, 0x10A4, 0x10A4,
  0x10A4, 0x10A4, 0x10A4, 0x10A4, 0x10A4, 0x10A4, 0x10A4, 0x10A4, 0x10A4, 0x10A4, 0x10A4, 0x10A4, 0x10A4, 0x10A4, 0x10A4, 0x10A4,
  0x10A4, 0x10A4, 0x10A4, 0x10A4, 0x10A4, 0x10A4, 0x10A4, 0x10A4, 0x10A4, 0x10A4, 0x10A4, 0x10A4, 0x10A4, 0x10A4, 0x10A4, 0x10A4,
  0x10A4, 0x10A4, 0x10A4, 0x10A4, 0x10A4, 0x10A4, 0x10A4, 0x10A4, 0x10A4, 0x10A4, 0x10A4, 0x10A4, 0x10A4, 0x10A4, 0x10A4, 0x10A4,
  0x10A4, 0x10A4, 0x10A4, 0x10A4, 0x10A4, 0x10A4, 0x10A4, 0x10A4, 0x10A4, 0x10A4, 0x10A4, 0x23ED, 0x3ED5, 0x46D3, 0x56D2, 0x5ED1,
  0x6ED0, 0x76CF, 0x86AE, 0x8EAD, 0x9EAC, 0xA6AB, 0xB6AA, 0xBEA8, 0xCEA7, 0xD6A6, 0xE6A5, 0xEE84, 0x8BC3, 0x10A4, 0x10A4, 0x10A4,
  0x10A4, 0x10A4, 0x10A4, 0x10A4, 0x10A4, 0x10A4, 0x10A4, 0x10A4, 0x10A4, 0x10A4, 0x10A4, 0x10A4, 0x10A4, 0x10A4, 0x10A4, 0x10A4,
  0x10A4, 0x10A4, 0x10A4, 0x10A4, 0x10A4, 0x10A4, 0x10A4, 0x10A4, 0x10A4, 0x10A4, 0x10A4, 0x10A4, 0x10A4, 0x10A4, 0x10A4, 0x10A4,
  0x10A4, 0x10A4, 0x10A4, 0x10A4, 0x10A4, 0x10A4, 0x10A4, 0x10A4, 0x10A4, 0x10A4, 0x10A4, 0x10A4, 0x10A4, 0x10A4, 0x10A4, 0x10A4,
  0x10A4, 0x10A4, 0x10A4, 0x10A4, 0x10A4, 0x10A4, 0x10A4, 0x10C4, 0x10C4, 0x10C4, 0x10C4, 0x10C4, 0x10C4, 0x10C4, 0x10C4, 0x10C4,
  0x10C4, 0x10C4, 0x10C4, 0x10C4, 0x10C5, 0x10E5, 0x10E5, 0x10E5, 0x10E5, 0x10E5, 0x10E5, 0x10E5, 0x10E5, 0x10E5, 0x10E5, 0x1105,
  0x1105, 0x1105, 0x1105, 0x1105, 0x1105, 0x1105, 0x1105, 0x1105, 0x1125, 0x1125, 0x1125, 0x1125, 0x1126, 0x1126, 0x1126, 0x1126,
  0x1146, 0x1146, 0x1146, 0x1146, 0x1146, 0x1146, 0x1146, 0x1166, 0x1166, 0x1166, 0x1166, 0x1166, 0x1166, 0x1166, 0x1167, 0x1166,
  0x1167, 0x1166, 0x1167, 0x1166, 0x1166, 0x1166, 0x1166, 0x1166, 0x1146, 0x1146, 0x1146, 0x1146, 0x1146, 0x1146, 0x1146, 0x1146,
  0x1146, 0x1126, 0x1126, 0x1126, 0x1126, 0x1126, 0x1125, 0x1125, 0x1105, 0x1105, 0x1105, 0x1105, 0x1105, 0x1105, 0x1105, 0x1105,
  0x1105, 0x10E5, 0x10E5, 0x10E5, 0x10E5, 0x10E5, 0x10E5, 0x10E5, 0x10E5, 0x10E5, 0x10E5, 0x10C4, 0x10C4, 0x10C4, 0x10C4, 0x10C4,
  0x10C4, 0x10C4, 0x10C4, 0x10C4, 0x10C4, 0x10C4, 0x10C4, 0x10A4, 0x10C4, 0x10A4, 0x10A4, 0x10A4, 0x10A4, 0x10A4, 0x10A4, 0x10A4,
  0x10A4, 0x10A4, 0x10A4, 0x10A4, 0x10A4, 0x10A4, 0x10A4, 0x10A4, 0x10A4, 0x10A4, 0x10A4, 0x10A4, 0x10A4, 0x10A4, 0x10A4, 0x10A4,
  0x10A4, 0x10A4, 0x10A4, 0x10A4, 0x10A4, 0x10A4, 0x10A4, 0x10A4, 0x10A4, 0x10A4, 0x10A4, 0x10A4, 0x10A4, 0x10A4, 0x10A4, 0x10A4,
  0x10A4, 0x10A4, 0x10A4, 0x10A4, 0x10A4, 0x10A4, 0x10A4, 0x10A4, 0x10A4, 0x10A4, 0x10A4, 0x10A4, 0x10A4, 0x10A4, 0x10A4, 0x10A4,
  0x10A4, 0x10A4, 0x10A4, 0x10A4, 0x10A4, 0x10A4, 0x10A4, 0x10A4, 0x10A4, 0x10A4, 0x10A4, 0x10A4, 0x10A4, 0x10A4, 0x10A4, 0x10A4,
  0x10A4, 0x10A4, 0x10A4, 0x10A4, 0x10A4, 0x10A4, 0x10A4, 0x10A4, 0x10A4, 0x10A4, 0x10A4, 0x10A4, 0x10A4, 0x10A4, 0x10A4, 0x10A4,
  0x10A4, 0x10A4, 0x10A4, 0x10A4, 0x10A4, 0x10A4, 0x10A4, 0x10A4, 0x10A4, 0x10A4, 0x10A4, 0x10A4, 0x10A4, 0x10A4, 0x10A4, 0x10A4,
  0x10A4, 0x10A4, 0x10A4, 0x10A4, 0x10A4, 0x10A4, 0x10A4, 0x10A4, 0x10A4, 0x10A4, 0x10A4, 0x10A4, 0x10A4, 0x10A4, 0x10A4, 0x10A4,
  0x10A4, 0x10A4, 0x10A4, 0x10A4, 0x10A4, 0x10A4, 0x10A4, 0x10A4, 0x10A4, 0x10A4, 0x10A4, 0x2E75, 0x3612, 0x3DB1, 0x56D2, 0x5ED1,
  0x660F, 0x65AD, 0x86AE, 0x8EAD, 0x7D6A, 0x9E2A, 0xB6AA, 0xADE8, 0xADA7, 0xD6A6, 0xCDE5, 0xCDA4, 0xEE23, 0x10A4, 0x10A4, 0x10A4,
  0x10A4, 0x10A4, 0x10A4, 0x10A4, 0x10A4, 0x10A4, 0x10A4, 0x10A4, 0x10A4, 0x10A4, 0x10A4, 0x10A4, 0x10A4, 0x10A4, 0x10A4, 0x10A4,
  0x10A4, 0x10A4, 0x10A4, 0x10A4, 0x10A4, 0x10A4, 0x10A4, 0x10A4, 0x10A4, 0x10A4, 0x10A4, 0x10A4, 0x10A4, 0x10A4, 0x10A4, 0x10A4,
  0x10A4, 0x10A4, 0x10A4, 0x10A4, 0x10A4, 0x10A4, 0x10A4, 0x10A4, 0x10A4, 0x10A4, 0x10A4, 0x10A4, 0x10A4, 0x10A4, 0x10A4, 0x10A4,
  0x10A4, 0x10A4, 0x10A4, 0x10A4, 0x10A4, 0x10A4, 0x10A4, 0x10C4, 0x10C4, 0x10C4, 0x10C4, 0x10C4, 0x10C4, 0x10C4, 0x10C4, 0x10C4,
  0x10C4, 0x10C4, 0x10C4, 0x10C4, 0x10E5, 0x10E5, 0x10C5, 0x10E5, 0x10E5, 0x10E5, 0x10E5, 0x10E5, 0x10E5, 0x10E5, 0x10E5, 0x10E5,
  0x1105, 0x1105, 0x1105, 0x1105, 0x1105, 0x1105, 0x1105, 0x1105, 0x1125, 0x1125, 0x1125, 0x1126, 0x1126, 0x1126, 0x1126, 0x1146,
  0x1146, 0x1146, 0x1146, 0x1146, 0x1146, 0x1146, 0x1146, 0x1146, 0x1166, 0x1166, 0x1166, 0x1166, 0x1166, 0x1166, 0x1166, 0x1166,
  0x1166, 0x1166, 0x1166, 0x1166, 0x1166, 0x1166, 0x1166, 0x1166, 0x1146, 0x1146, 0x1146, 0x1146, 0x1146, 0x1146, 0x1146, 0x1146,
  0x1126, 0x1126, 0x1126, 0x1126, 0x1126, 0x1126, 0x1125, 0x1125, 0x1105, 0x1105, 0x1105, 0x1105, 0x1105, 0x1105, 0x1105, 0x1105,
  0x10E5, 0x10E5, 0x10E5, 0x10E5, 0x10E5, 0x10E5, 0x10E5, 0x10E5, 0x10E5, 0x10E5, 0x10E5, 0x10C4, 0x10C4, 0x10C4, 0x10C4, 0x10C4,
  0x10C4, 0x10C4, 0x10C4, 0x10C4, 0x10C4, 0x10C4, 0x10C4, 0x10C4, 0x10A4, 0x10A4, 0x10A4, 0x10A4, 0x10A4, 0x10A4, 0x10A4, 0x10A4,
  0x10A4, 0x10A4, 0x10A4, 0x10A4, 0x10A4, 0x10A4, 0x10A4, 0x10A4, 0x10A4, 0x10A4, 0x10A4, 0x10A4, 0x10A4, 0x10A4, 0x10A4, 0x10A4,
  0x10A4, 0x10A4, 0x10A4, 0x10A4, 0x10A4, 0x10A4, 0x10A4, 0x10A4, 0x10A4, 0x10A4, 0x10A4, 0x10A4, 0x10A4, 0x10A4, 0x10A4, 0x10A4,
  0x10A4, 0x10A4, 0x10A4, 0x10A4, 0x10A4, 0x10A4, 0x10A4, 0x10A4, 0x10A4, 0x10A4, 0x10A4, 0x10A4, 0x10A4, 0x10A4, 0x10A4, 0x10A4,
  0x10A4, 0x10A4, 0x10A4, 0x10A4, 0x10A4, 0x10A4, 0x10A4, 0x10A4, 0x10A4, 0x10A4, 0x10A4, 0x10A4, 0x10A4, 0x10A4, 0x10A4, 0x10A4,
  0x10A4, 0x10A4, 0x10A4, 0x10A4, 0x10A4, 0x10A4, 0x10A4, 0x10A4, 0x10A4, 0x10A4, 0x10A4, 0x10A4, 0x10A4, 0x10A4, 0x10A4, 0x10A4,
  0x10A4, 0x10A4, 0x10A4, 0x10A4, 0x10A4, 0x10A4, 0x10A4, 0x10A4, 0x10A4, 0x10A4, 0x10A4, 0x10A4, 0x10A4, 0x10A4, 0x10A4, 0x10A4,
  0x10A4, 0x10A4, 0x10A4, 0x10A4, 0x10A4, 0x10A4, 0x10A4, 0x10A4, 0x10A4, 0x10A4, 0x10A4, 0x10A4, 0x10A4, 0x10A4, 0x10A4, 0x10A4,
  0x10A4, 0x10A4, 0x10A4, 0x10A4, 0x10A4, 0x10A4, 0x10A4, 0x10A4, 0x10A4, 0x10A4, 0x10A4, 0x2ED6, 0x23CC, 0x1104, 0x4E71, 0x5ED1,
  0x2A27, 0x2A46, 0x86AE, 0x862C, 0x18E4, 0x5B67, 0xB6AA, 0xAE08, 0x2964, 0xC5E6, 0x39E4, 0xBD44, 0xFE83, 0x10A4, 0x10A4, 0x10A4,
  0x10A4, 0x10A4, 0x10A4, 0x10A4, 0x10A4, 0x10A4, 0x10A4, 0x10A4, 0x10A4, 0x10A4, 0x10A4, 0x10A4, 0x10A4, 0x10A4, 0x10A4, 0x10A4,
  0x10A4, 0x10A4, 0x10A4, 0x10A4, 0x10A4, 0x10A4, 0x10A4, 0x10A4, 0x10A4, 0x10A4, 0x10A4, 0x10A4, 0x10A4, 0x10A4, 0x10A4, 0x10A4,
  0x10A4, 0x10A4, 0x10A4, 0x10A4, 0x10A4, 0x10A4, 0x10A4, 0x10A4, 0x10A4, 0x10A4, 0x10A4, 0x10A4, 0x10A4, 0x10A4, 0x10A4, 0x10A4,
  0x10A4, 0x10A4, 0x10A4, 0x10A4, 0x10A4, 0x10A4, 0x10C4, 0x10A4, 0x10C4, 0x10C4, 0x10C4, 0x10C4, 0x10C4, 0x10C4, 0x10C4, 0x10C4,
  0x10C4, 0x10C4, 0x10C4, 0x10C4, 0x10C5, 0x10E5, 0x10E5, 0x10E5, 0x10E5, 0x10E5, 0x10E5, 0x10E5, 0x10E5, 0x10E5, 0x10E5, 0x10E5,
  0x1105, 0x1105, 0x1105, 0x1105, 0x1105, 0x1105, 0x1105, 0x1105, 0x1105, 0x1125, 0x1125, 0x1126, 0x1126, 0x1126, 0x1126, 0x1126,
  0x1126, 0x1146, 0x1146, 0x1146, 0x1146, 0x1146, 0x1146, 0x1146, 0x1146, 0x1166, 0x1166, 0x1166, 0x1166, 0x1166, 0x1166, 0x1166,
  0x1166, 0x1166, 0x1166, 0x1166, 0x1166, 0x1166, 0x1166, 0x1166, 0x1166, 0x1146, 0x1146, 0x1146, 0x1146, 0x1146, 0x1146, 0x1146,
  0x1126, 0x1126, 0x1126, 0x1126, 0x1126, 0x1126, 0x1125, 0x1125, 0x1105, 0x1105, 0x1105, 0x1105, 0x1105, 0x1105, 0x1105, 0x1105,
  0x1105, 0x10E5, 0x10E5, 0x10E5, 0x10E5, 0x10E5, 0x10E5, 0x10E5, 0x10E5, 0x10E5, 0x10E5, 0x10C4, 0x10C4, 0x10C4, 0x10C4, 0x10C4,
  0x10C4, 0x10C4, 0x10C4, 0x10C4, 0x10C4, 0x10C4, 0x10C4, 0x10C4, 0x10A4, 0x10A4, 0x10A4, 0x10A4, 0x10A4, 0x10A4, 0x10A4, 0x10A4,
  0x10A4, 0x10A4, 0x10A4, 0x10A4, 0x10A4, 0x10A4, 0x10A4, 0x10A4, 0x10A4, 0x10A4, 0x10A4, 0x10A4, 0x10A4, 0x10A4, 0x10A4, 0x10A4,
  0x10A4, 0x10A4, 0x10A4, 0x10A4, 0x10A4, 0x10A4, 0x10A4, 0x10A4, 0x10A4, 0x10A4, 0x10A4, 0x10A4, 0x10A4, 0x10A4, 0x10A4, 0x10A4,
  0x10A4, 0x10A4, 0x10A4, 0x10A4, 0x10A4, 0x10A4, 0x10A4, 0x10A4, 0x10A4, 0x10A4, 0x10A4, 0x10A4, 0x10A4, 0x10A4, 0x10A4, 0x10A4,
  0x10A4, 0x10A4, 0x10A4, 0x10A4, 0x10A4, 0x10A4, 0x10A4, 0x10A4, 0x10A4, 0x10A4, 0x10A4, 0x10A4, 0x10A4, 0x10A4, 0x10A4, 0x10A4,
  0x10A4, 0x10A4, 0x10A4, 0x10A4, 0x10A4, 0x10A4, 0x10A4, 0x10A4, 0x10A4, 0x10A4, 0x10A4, 0x10A4, 0x10A4, 0x10A4, 0x10A4, 0x10A4,
  0x10A4, 0x10A4, 0x10A4, 0x10A4, 0x10A4, 0x10A4, 0x10A4, 0x10A4, 0x10A4, 0x10A4, 0x10A4, 0x10A4, 0x10A4, 0x10A4, 0x10A4, 0x10A4,
  0x10A4, 0x10A4, 0x10A4, 0x10A4, 0x10A4, 0x10A4, 0x10A4, 0x10A4, 0x10A4, 0x10A4, 0x10A4, 0x10A4, 0x10A4, 0x10A4, 0x10A4, 0x10A4,
  0x10A4, 0x10A4, 0x10A4, 0x10A4, 0x10A4, 0x10A4, 0x10A4, 0x10A4, 0x10A4, 0x10A4, 0x10A4, 0x2ED6, 0x23CC, 0x1965, 0x33CB, 0x4D4E,
  0x1965, 0x2A46, 0x86AE, 0x5409, 0x5367, 0x2984, 0xB689, 0xBEA8, 0x8446, 0x2964, 0x6B24, 0xEE84, 0xFE83, 0x10A4, 0x10A4, 0x10A4,
  0x10A4, 0x10A4, 0x10A4, 0x10A4, 0x10A4, 0x10A4, 0x10A4, 0x10A4, 0x10A4, 0x10A4, 0x10A4, 0x10A4, 0x10A4, 0x10A4, 0x10A4, 0x10A4,
  0x10A4, 0x10A4, 0x10A4, 0x10A4, 0x10A4, 0x10A4, 0x10A4, 0x10A4, 0x10A4, 0x10A4, 0x10A4, 0x10A4, 0x10A4, 0x10A4, 0x10A4, 0x10A4,
  0x10A4, 0x10A4, 0x10A4, 0x10A4, 0x10A4, 0x10A4, 0x10A4, 0x10A4, 0x10A4, 0x10A4, 0x10A4, 0x10A4, 0x10A4, 0x10A4, 0x10A4, 0x10A4,
  0x10A4, 0x10A4, 0x10A4, 0x10A4, 0x10A4, 0x10A4, 0x10A4, 0x10A4, 0x10A4, 0x10C4, 0x10C4, 0x10C4, 0x10C4, 0x10C4, 0x10C4, 0x10C4,
  0x10C4, 0x10C4, 0x10C4, 0x10C4, 0x10C4, 0x10C5, 0x10E5, 0x10E5, 0x10E5, 0x10E5, 0x10E5, 0x10E5, 0x10E5, 0x10E5, 0x10E5, 0x10E5,
  0x10E5, 0x1105, 0x1105, 0x1105, 0x1105, 0x1105, 0x1105, 0x1105, 0x1105, 0x1125, 0x1126, 0x1125, 0x1126, 0x1126, 0x1126, 0x1126,
  0x1146, 0x1146, 0x1146, 0x1146, 0x1146, 0x1146, 0x1146, 0x1146, 0x1166, 0x1166, 0x1166, 0x1166, 0x1166, 0x1166, 0x1166, 0x1166,
  0x1166, 0x1166, 0x1166, 0x1166, 0x1166, 0x1166, 0x1166, 0x1166, 0x1166, 0x1146, 0x1146, 0x1146, 0x1146, 0x1146, 0x1146, 0x1146,
  0x1126, 0x1126, 0x1126, 0x1126, 0x1126, 0x1125, 0x1125, 0x1125, 0x1105, 0x1105, 0x1105, 0x1105, 0x1105, 0x1105, 0x1105, 0x1105,
  0x1105, 0x10E5, 0x10E5, 0x10E5, 0x10E5, 0x10E5, 0x10E5, 0x10E5, 0x10E5, 0x10E5, 0x10E5, 0x10E5, 0x10E5, 0x10E4, 0x10C4, 0x10C4,
  0x10C4, 0x10C4, 0x10C4, 0x10C4, 0x10C4, 0x10C4, 0x10C4, 0x10C4, 0x10C4, 0x10C4, 0x10C4, 0x10C4, 0x10C4, 0x10C4, 0x10A4, 0x10A4,
  0x10A4, 0x10A4, 0x10A4, 0x10A4, 0x10A4, 0x10A4, 0x10A4, 0x10A4, 0x10A4, 0x10A4, 0x10A4, 0x10A4, 0x10A4, 0x10A4, 0x10A4, 0x10A4,
  0x10A4, 0x10A4, 0x10A4, 0x10A4, 0x10A4, 0x10A4, 0x10A4, 0x10A4, 0x10A4, 0x10A4, 0x10A4, 0x10A4, 0x10A4, 0x10A4, 0x10A4, 0x10A4,
  0x10A4, 0x10A4, 0x10A4, 0x10A4, 0x10A4, 0x10A4, 0x10A4, 0x10A4, 0x10A4, 0x10A4, 0x10A4, 0x10A4, 0x10A4, 0x10A4, 0x10A4, 0x10A4,
  0x10A4, 0x10A4, 0x10A4, 0x10A4, 0x10A4, 0x10A4, 0x10A4, 0x10A4, 0x10A4, 0x10A4, 0x10A4, 0x10A4, 0x10A4, 0x10A4, 0x10A4, 0x10A4,
  0x10A4, 0x10A4, 0x10A4, 0x10A4, 0x10A4, 0x10A4, 0x10A4, 0x10A4, 0x10A4, 0x10A4, 0x10A4, 0x10A4, 0x10A4, 0x10A4, 0x10A4, 0x10A4,
  0x10A4, 0x10A4, 0x10A4, 0x10A4, 0x10A4, 0x10A4, 0x10A4, 0x10A4, 0x10A4, 0x10A4, 0x10A4, 0x10A4, 0x10A4, 0x10A4, 0x10A4, 0x10A4,
  0x10A4, 0x10A4, 0x10A4, 0x10A4, 0x10A4, 0x10A4, 0x10A4, 0x10A4, 0x10A4, 0x10A4, 0x10A4, 0x10A4, 0x10A4, 0x10A4, 0x10A4, 0x10A4,
  0x10A4, 0x10A4, 0x10A4, 0x10A4, 0x10A4, 0x10A4, 0x10A4, 0x10A4, 0x10A4, 0x10A4, 0x10A4, 0x2ED6, 0x23CC, 0x2BAB, 0x19A6, 0x2227,
  0x442B, 0x2A46, 0x86AE, 0x29C5, 0x6469, 0x31E5, 0x8508, 0xBEA8, 0xA567, 0x10C4, 0x9464, 0xEE84, 0xFE83, 0x10A4, 0x10A4, 0x10A4,
  0x10A4, 0x10A4, 0x10A4, 0x10A4, 0x10A4, 0x10A4, 0x10A4, 0x10A4, 0x10A4, 0x10A4, 0x10A4, 0x10A4, 0x10A4, 0x10A4, 0x10A4, 0x10A4,
  0x10A4, 0x10A4, 0x10A4, 0x10A4, 0x10A4, 0x10A4, 0x10A4, 0x10A4, 0x10A4, 0x10A4, 0x10A4, 0x10A4, 0x10A4, 0x10A4, 0x10A4, 0x10A4,
  0x10A4, 0x10A4, 0x10A4, 0x10A4, 0x10A4, 0x10A4, 0x10A4, 0x10A4, 0x10A4, 0x10A4, 0x10A4, 0x10A4, 0x10A4, 0x10A4, 0x10A4, 0x10A4,
  0x10A4, 0x10A4, 0x10A4, 0x10A4, 0x10A4, 0x10A4, 0x10A4, 0x10A4, 0x10A4, 0x10A4, 0x10C4, 0x10C4, 0x10C4, 0x10C4, 0x10C4, 0x10C4,
  0x10C4, 0x10C4, 0x10C4, 0x10C4, 0x10C4, 0x10C5, 0x10E5, 0x10E5, 0x10E5, 0x10E5, 0x10E5, 0x10E5, 0x10E5, 0x10E5, 0x10E5, 0x10E5,
  0x1105, 0x1105, 0x1105, 0x1105, 0x1105, 0x1105, 0x1105, 0x1105, 0x1105, 0x1105, 0x1125, 0x1126, 0x1126, 0x1126, 0x1126, 0x1126,
  0x1126, 0x1146, 0x1146, 0x1146, 0x1146, 0x1146, 0x1146, 0x1146, 0x1166, 0x1166, 0x1166, 0x1166, 0x1166, 0x1166, 0x1166, 0x1166,
  0x1166, 0x1166, 0x1166, 0x1166, 0x1166, 0x1166, 0x1166, 0x1166, 0x1146, 0x1146, 0x1146, 0x1146, 0x1146, 0x1146, 0x1146, 0x1146,
  0x1126, 0x1126, 0x1126, 0x1126, 0x1126, 0x1125, 0x1125, 0x1105, 0x1105, 0x1105, 0x1105, 0x1105, 0x1105, 0x1105, 0x1105, 0x1105,
  0x10E5, 0x10E5, 0x10E5, 0x10E5, 0x10E5, 0x10E5, 0x10E5, 0x10E5, 0x10E5, 0x08A4, 0x08A4, 0x08A4, 0x08A4, 0x0884, 0x0884, 0x0884,
  0x0884, 0x0884, 0x0884, 0x0884, 0x0884, 0x0884, 0x0884, 0x0884, 0x0884, 0x0884, 0x0884, 0x0884, 0x0884, 0x0884, 0x0864, 0x0884,
  0x0864, 0x0864, 0x0864, 0x0864, 0x0864, 0x0864, 0x0864, 0x0864, 0x0864, 0x0864, 0x0864, 0x0864, 0x0864, 0x0864, 0x0864, 0x0864,
  0x0864, 0x0864, 0x0864, 0x0864, 0x0864, 0x0864, 0x0864, 0x0864, 0x0864, 0x0864, 0x0864, 0x0864, 0x0864, 0x0864, 0x0864, 0x0864,
  0x0864, 0x0864, 0x0864, 0x0864, 0x0864, 0x0864, 0x0864, 0x0864, 0x0864, 0x0864, 0x0864, 0x0864, 0x0864, 0x0864, 0x0864, 0x0864,
  0x0864, 0x0864, 0x0864, 0x0864, 0x0864, 0x0864, 0x0864, 0x0864, 0x0864, 0x0864, 0x0864, 0x0864, 0x0864, 0x0864, 0x0864, 0x0864,
  0x0864, 0x0864, 0x0864, 0x0864, 0x0864, 0x0864, 0x0864, 0x0864, 0x0864, 0x0864, 0x0864, 0x0864, 0x0864, 0x0864, 0x0864, 0x0864,
  0x0864, 0x0864, 0x0864, 0x0864, 0x0864, 0x0864, 0x0864, 0x0864, 0x0864, 0x0864, 0x0864, 0x0864, 0x0864, 0x0864, 0x0864, 0x0864,
  0x10A4, 0x10A4, 0x10A4, 0x10A4, 0x10A4, 0x10A4, 0x10A4, 0x10A4, 0x10A4, 0x10A4, 0x10A4, 0x10A4, 0x10A4, 0x10A4, 0x10A4, 0x10A4,
  0x10A4, 0x10A4, 0x10A4, 0x10A4, 0x10A4, 0x10A4, 0x10A4, 0x10A4, 0x10A4, 0x10A4, 0x10A4, 0x2ED6, 0x23CC, 0x33EC, 0x340C, 0x2A88,
  0x556E, 0x2A46, 0x6DAC, 0x21A5, 0x53A8, 0x4AE6, 0x4AE6, 0xBE88, 0x39E4, 0x9485, 0x2984, 0xDE24, 0xFE83, 0x10A4, 0x10A4, 0x10A4,
  0x10A4, 0x10A4, 0x10A4, 0x10A4, 0x10A4, 0x10A4, 0x10A4, 0x10A4, 0x10A4, 0x10A4, 0x10A4, 0x10A4, 0x10A4, 0x10A4, 0x10A4, 0x10A4,
  0x10A4, 0x10A4, 0x10A4, 0x10A4, 0x10A4, 0x10A4, 0x10A4, 0x10A4, 0x10A4, 0x10A4, 0x10A4, 0x10A4, 0x10A4, 0x10A4, 0x10A4, 0x10A4,
  0x10A4, 0x10A4, 0x10A4, 0x10A4, 0x10A4, 0x10A4, 0x10A4, 0x10A4, 0x10A4, 0x10A4, 0x10A4, 0x10A4, 0x10A4, 0x10A4, 0x10A4, 0x10A4,
  0x10A4, 0x10A4, 0x10A4, 0x10A4, 0x10A4, 0x10A4, 0x10A4, 0x10C4, 0x10C4, 0x10C4, 0x10C4, 0x10C4, 0x10C4, 0x10C4, 0x10C4, 0x10C4,
  0x10C4, 0x10C4, 0x10C4, 0x10C4, 0x10C4, 0x10C4, 0x10E5, 0x10E5, 0x10E5, 0x10E5, 0x10E5, 0x10E5, 0x10E5, 0x10E5, 0x10E5, 0x10E5,
  0x10E5, 0x1105, 0x1105, 0x1105, 0x1105, 0x1105, 0x1105, 0x1105, 0x1105, 0x1125, 0x1125, 0x1125, 0x1126, 0x1126, 0x1126, 0x1126,
  0x1126, 0x1146, 0x1146, 0x1146, 0x1146, 0x1146, 0x1146, 0x1146, 0x1146, 0x1146, 0x1166, 0x1166, 0x1166, 0x1166, 0x1166, 0x1166,
  0x1166, 0x1166, 0x1166, 0x1166, 0x1166, 0x1166, 0x1166, 0x1146, 0x1146, 0x1146, 0x1146, 0x1146, 0x1146, 0x1146, 0x1146, 0x1146,
  0x1126, 0x1126, 0x1126, 0x1126, 0x1125, 0x1125, 0x1125, 0x1125, 0x1105, 0x1105, 0x1105, 0x1105, 0x1105, 0x1105, 0x1105, 0x1105,
  0x10E5, 0x10E5, 0x10E5, 0x10E5, 0x10E5, 0x10E5, 0x10E5, 0x10E5, 0x08C5, 0x21A5, 0x29A5, 0x29A5, 0x29A5, 0x29A5, 0x29A5, 0x29A5,
  0x29A5, 0x29A5, 0x29A5, 0x29A5, 0x29A5, 0x29A4, 0x29A4, 0x2984, 0x2984, 0x2984, 0x2984, 0x3184, 0x3184, 0x3184, 0x3184, 0x3184,
  0x3184, 0x3184, 0x3184, 0x3184, 0x3184, 0x3184, 0x3184, 0x3184, 0x3184, 0x3184, 0x3184, 0x3184, 0x3183, 0x3183, 0x3183, 0x3183,
  0x3183, 0x3183, 0x3183, 0x3183, 0x3183, 0x3983, 0x3983, 0x3983, 0x3983, 0x3963, 0x3983, 0x3963, 0x3983, 0x3983, 0x3983, 0x3983,
  0x3983, 0x3983, 0x3983, 0x3983, 0x3983, 0x3983, 0x3983, 0x3983, 0x3983, 0x3983, 0x3983, 0x3983, 0x3983, 0x3983, 0x3983, 0x3983,
  0x3983, 0x3983, 0x3983, 0x3983, 0x3983, 0x3983, 0x3983, 0x3983, 0x3983, 0x3983, 0x3983, 0x3983, 0x3983, 0x3983, 0x3963, 0x3983,
  0x3983, 0x3983, 0x3983, 0x3983, 0x3983, 0x3983, 0x3983, 0x3983, 0x3983, 0x3983, 0x3983, 0x3983, 0x3983, 0x3983, 0x3983, 0x3983,
  0x3983, 0x3983, 0x3983, 0x3983, 0x3983, 0x3983, 0x3983, 0x3983, 0x3983, 0x3983, 0x3983, 0x3983, 0x3983, 0x3983, 0x3983, 0x3983,
  0x10A4, 0x10A4, 0x10A4, 0x10A4, 0x10A4, 0x10A4, 0x10A4, 0x10A4, 0x10A4, 0x10A4, 0x10A4, 0x10A4, 0x10A4, 0x10A4, 0x10A4, 0x10A4,
  0x10A4, 0x10A4, 0x10A4, 0x10A4, 0x10A4, 0x10A4, 0x10A4, 0x10A4, 0x10A4, 0x10A4, 0x10A4, 0x2ED6, 0x2CEF, 0x3D0F, 0x56D2, 0x5ED1,
  0x5DEF, 0x4BEA, 0x64EB, 0x6CCA, 0x9EAC, 0xA66A, 0x5346, 0x9D68, 0x73E6, 0xD6A6, 0x9C85, 0xACA4, 0xFE83, 0x10A4, 0x10A4, 0x10A4,
  0x10A4, 0x10A4, 0x10A4, 0x10A4, 0x10A4, 0x10A4, 0x10A4, 0x10A4, 0x10A4, 0x10A4, 0x10A4, 0x10A4, 0x10A4, 0x10A4, 0x10A4, 0x10A4,
  0x10A4, 0x10A4, 0x10A4, 0x10A4, 0x10A4, 0x10A4, 0x10A4, 0x10A4, 0x10A4, 0x10A4, 0x10A4, 0x10A4, 0x10A4, 0x10A4, 0x10A4, 0x10A4,
  0x10A4, 0x10A4, 0x10A4, 0x10A4, 0x10A4, 0x10A4, 0x10A4, 0x10A4, 0x10A4, 0x10A4, 0x10A4, 0x10A4, 0x10A4, 0x10A4, 0x10A4, 0x10A4,
  0x10A4, 0x10A4, 0x10A4, 0x10A4, 0x10A4, 0x10A4, 0x10A4, 0x10C4, 0x10C4, 0x10C4, 0x10C4, 0x10C4, 0x10C4, 0x10C4, 0x10C4, 0x10C4,
  0x10C4, 0x10C4, 0x10C4, 0x10C4, 0x10C4, 0x10C5, 0x10E5, 0x10E5, 0x10E5, 0x10E5, 0x10E5, 0x10E5, 0x10E5, 0x10E5, 0x10E5, 0x10E5,
  0x10E5, 0x1105, 0x1105, 0x1105, 0x1105, 0x1105, 0x1105, 0x1105, 0x1105, 0x1125, 0x1125, 0x1125, 0x1126, 0x1126, 0x1126, 0x1126,
  0x1126, 0x1146, 0x1146, 0x1146, 0x1146, 0x1146, 0x1146, 0x1146, 0x1146, 0x1146, 0x1146, 0x1166, 0x1166, 0x1166, 0x1166, 0x1166,
  0x1166, 0x1166, 0x1166, 0x1166, 0x1166, 0x1146, 0x1146, 0x1146, 0x1146, 0x1146, 0x1146, 0x1146, 0x1146, 0x1146, 0x1146, 0x1126,
  0x1126, 0x1126, 0x1126, 0x1126, 0x1126, 0x1125, 0x1125, 0x1105, 0x1105, 0x1105, 0x1105, 0x1105, 0x1105, 0x1105, 0x1105, 0x1105,
  0x10E5, 0x10E5, 0x10E5, 0x10E5, 0x10E5, 0x10E5, 0x10E5, 0x08A4, 0x6C27, 0xA649, 0x95C8, 0x9DE8, 0x9DE8, 0x9DE8, 0x9DE8, 0x9DC8,
  0xA5C7, 0xA5C7, 0xA5C7, 0xA5C7, 0xADC7, 0xADC7, 0xADC6, 0xADC6, 0xB5C6, 0xB5C6, 0xB5C6, 0xB5C5, 0xB5C5, 0xBDA5, 0xBDA5, 0xBDA5,
  0xBDA5, 0xBDA4, 0xC5A4, 0xC5A4, 0xC5A4, 0xC5A4, 0xC5A3, 0xCDA3, 0xCDA3, 0xCDA3, 0xCDA3, 0xD5A3, 0xD582, 0xD582, 0xD582, 0xD582,
  0xDD82, 0xDD81, 0xDD81, 0xDD81, 0xE581, 0xE581, 0xE581, 0xE581, 0xE581, 0xE581, 0xE581, 0xE580, 0xE580, 0xE580, 0xE581, 0xE580,
  0xE581, 0xE580, 0xE580, 0xE580, 0xE580, 0xE580, 0xE580, 0xE580, 0xE580, 0xE581, 0xE581, 0xE581, 0xE581, 0xE580, 0xE580, 0xE580,
  0xE580, 0xE580, 0xE580, 0xE580, 0xE581, 0xE580, 0xE580, 0xE581, 0xE581, 0xE581, 0xE580, 0xE580, 0xE580, 0xE581, 0xE580, 0xE580,
  0xE580, 0xE580, 0xE580, 0xE580, 0xE580, 0xE581, 0xE580, 0xE581, 0xE580, 0xE580, 0xE580, 0xE580, 0xE581, 0xE581, 0xE581, 0xE580,
  0xE580, 0xE580, 0xE581, 0xE580, 0xE581, 0xE581, 0xE580, 0xE580, 0xE581, 0xE581, 0xE581, 0xE580, 0xE580, 0xE580, 0xE580, 0xE581,
  0x10A4, 0x10A4, 0x10A4, 0x10A4, 0x10A4, 0x10A4, 0x10A4, 0x10A4, 0x10A4, 0x10A4, 0x10A4, 0x10A4, 0x10A4, 0x10A4, 0x10A4, 0x10A4,
  0x10A4, 0x10A4, 0x10A4, 0x10A4, 0x10A4, 0x10A4, 0x10A4, 0x10A4, 0x10A4, 0x10A4, 0x10A4, 0x2E75, 0x3ED5, 0x46D3, 0x56D2, 0x5ED1,
  0x6ED0, 0x76CF, 0x86AE, 0x8EAD, 0x9EAC, 0xA6AB, 0xB6AA, 0xBEA8, 0xCEA7, 0xD6A6, 0xE6A5, 0xEE84, 0xEE23, 0x10A4, 0x10A4, 0x10A4,
  0x10A4, 0x10A4, 0x10A4, 0x10A4, 0x10A4, 0x10A4, 0x10A4, 0x10A4, 0x10A4, 0x10A4, 0x10A4, 0x10A4, 0x10A4, 0x10A4, 0x10A4, 0x10A4,
  0x10A4, 0x10A4, 0x10A4, 0x10A4, 0x10A4, 0x10A4, 0x10A4, 0x10A4, 0x10A4, 0x10A4, 0x10A4, 0x10A4, 0x10A4, 0x10A4, 0x10A4, 0x10A4,
  0x10A4, 0x10A4, 0x10A4, 0x10A4, 0x10A4, 0x10A4, 0x10A4, 0x10A4, 0x10A4, 0x10A4, 0x10A4, 0x10A4, 0x10A4, 0x10A4, 0x10A4, 0x10A4,
  0x10A4, 0x10A4, 0x10A4, 0x10A4, 0x10A4, 0x10A4, 0x10A4, 0x10A4, 0x10C4, 0x10C4, 0x10C4, 0x10C4, 0x10C4, 0x10C4, 0x10C4, 0x10C4,
  0x10C4, 0x10C4, 0x10C4, 0x10C5, 0x10C4, 0x10E5, 0x10E5, 0x10E5, 0x10E5, 0x10E5, 0x10E5, 0x10E5, 0x10E5, 0x10E5, 0x10E5, 0x10E5,
  0x1105, 0x1105, 0x1105, 0x1105, 0x1105, 0x1105, 0x1105, 0x1105, 0x1105, 0x1125, 0x1125, 0x1125, 0x1126, 0x1126, 0x1126, 0x1126,
  0x1126, 0x1146, 0x1146, 0x1146, 0x1146, 0x1146, 0x1146, 0x1146, 0x1146, 0x1146, 0x1146, 0x1146, 0x1166, 0x1166, 0x1166, 0x1166,
  0x1166, 0x1166, 0x1166, 0x1166, 0x1146, 0x1146, 0x1146, 0x1146, 0x1146, 0x1146, 0x1146, 0x1146, 0x1146, 0x1146, 0x1146, 0x1126,
  0x1126, 0x1126, 0x1126, 0x1126, 0x1126, 0x1125, 0x1125, 0x1125, 0x1105, 0x1105, 0x1105, 0x1105, 0x1105, 0x1105, 0x1105, 0x1105,
  0x10E5, 0x10E5, 0x10E5, 0x10E5, 0x10E5, 0x10E5, 0x0884, 0x6C47, 0x95C9, 0x1A07, 0x09C8, 0x11C8, 0x11C8, 0x11C8, 0x09C7, 0x11C8,
  0x09C8, 0x11C7, 0x11A7, 0x11A7, 0x11A7, 0x11A7, 0x11A7, 0x11A7, 0x11A7, 0x11A7, 0x11A7, 0x11A7, 0x11A7, 0x11A7, 0x11A7, 0x11A7,
  0x11A7, 0x11A7, 0x11A7, 0x11A7, 0x11A7, 0x11A7, 0x11A7, 0x11A7, 0x11A7, 0x11A7, 0x11A7, 0x11A7, 0x11A7, 0x11A7, 0x11A7, 0x11A7,
  0x11A7, 0x11A7, 0x11A7, 0x11A7, 0x11A7, 0x11A7, 0x11A7, 0x11A7, 0x11A7, 0x11A7, 0x11A7, 0x11A7, 0x11A7, 0x11A7, 0x11A7, 0x11A7,
  0x11A7, 0x11A7, 0x11A7, 0x11A7, 0x11A7, 0x11A7, 0x11A7, 0x11A7, 0x11A7, 0x11A7, 0x11A7, 0x11A7, 0x11A7, 0x11A7, 0x11A7, 0x11A7,
  0x11A7, 0x11A7, 0x11A7, 0x11A7, 0x11A7, 0x11A7, 0x11A7, 0x11A7, 0x11A7, 0x11A7, 0x11A7, 0x11A7, 0x11A7, 0x11A7, 0x11A7, 0x11A7,
  0x11A7, 0x11A7, 0x11A7, 0x11A7, 0x11A7, 0x11A7, 0x11A7, 0x11A7, 0x11A7, 0x11A7, 0x11A7, 0x11A7, 0x11A7, 0x11A7, 0x11A7, 0x11A7,
  0x11A7, 0x11A7, 0x11A7, 0x11A7, 0x11A7, 0x11A7, 0x11A7, 0x11A7, 0x11A7, 0x11A7, 0x11A7, 0x11A7, 0x11A7, 0x11A7, 0x11A7, 0x11A7,
  0x10A4, 0x10A4, 0x10A4, 0x10A4, 0x10A4, 0x10A4, 0x10A4, 0x10A4, 0x10A4, 0x10A4, 0x10A4, 0x10A4, 0x10A4, 0x10A4, 0x10A4, 0x10A4,
  0x10A4, 0x10A4, 0x10A4, 0x10A4, 0x10A4, 0x10A4, 0x10A4, 0x10A4, 0x10A4, 0x10A4, 0x10A4, 0x23ED, 0x3ED5, 0x46D3, 0x56D2, 0x5ED1,
  0x6ED0, 0x76CF, 0x86AE, 0x8EAD, 0x9EAC, 0xA6AB, 0xB6AA, 0xBEA8, 0xCEA7, 0xD6A6, 0xE6A5, 0xEE84, 0x8BC3, 0x10A4, 0x10A4, 0x10A4,
  0x10A4, 0x10A4, 0x10A4, 0x10A4, 0x10A4, 0x10A4, 0x10A4, 0x10A4, 0x10A4, 0x10A4, 0x10A4, 0x10A4, 0x10A4, 0x10A4, 0x10A4, 0x10A4,
  0x10A4, 0x10A4, 0x10A4, 0x10A4, 0x10A4, 0x10A4, 0x10A4, 0x10A4, 0x10A4, 0x10A4, 0x10A4, 0x10A4, 0x10A4, 0x10A4, 0x10A4, 0x10A4,
  0x10A4, 0x10A4, 0x10A4, 0x10A4, 0x10A4, 0x10A4, 0x10A4, 0x10A4, 0x10A4, 0x10A4, 0x10A4, 0x10A4, 0x10A4, 0x10A4, 0x10A4, 0x10A4,
  0x10A4, 0x10A4, 0x10A4, 0x10A4, 0x10A4, 0x10A4, 0x10A4, 0x10A4, 0x10C4, 0x10C4, 0x10C4, 0x10C4, 0x10C4, 0x10C4, 0x10C4, 0x10C4,
  0x10C5, 0x10C4, 0x10E5, 0x10E5, 0x10E5, 0x10E5, 0x10E5, 0x10E5, 0x10E5, 0x10E5, 0x10E5, 0x10E5, 0x10E5, 0x10E5, 0x1105, 0x10E5,
  0x1105, 0x1105, 0x1105, 0x1105, 0x1105, 0x1105, 0x1105, 0x1105, 0x1105, 0x1125, 0x1125, 0x1125, 0x1126, 0x1126, 0x1126, 0x1126,
  0x1126, 0x1126, 0x1146, 0x1146, 0x1146, 0x1146, 0x1146, 0x1146, 0x1146, 0x1146, 0x1146, 0x1146, 0x1166, 0x1146, 0x1166, 0x1166,
  0x1166, 0x1166, 0x1146, 0x1166, 0x1146, 0x1146, 0x1146, 0x1146, 0x1146, 0x1146, 0x1146, 0x1146, 0x1146, 0x1146, 0x1146, 0x1126,
  0x1126, 0x1126, 0x1126, 0x1126, 0x1125, 0x1125, 0x1105, 0x1105, 0x1105, 0x1105, 0x1105, 0x1105, 0x1105, 0x1105, 0x1105, 0x1105,
  0x10E5, 0x10E5, 0x10E5, 0x10E5, 0x10E5, 0x0084, 0x63E7, 0x95E9, 0x1A07, 0x09A8, 0x11C8, 0x09C8, 0x09A7, 0x09A8, 0x09A7, 0x09A7,
  0x09A7, 0x09A7, 0x09A7, 0x09A7, 0x09A7, 0x09A7, 0x09A7, 0x09A7, 0x09A7, 0x09A7, 0x09A7, 0x09A7, 0x09A7, 0x09A7, 0x09A7, 0x09A7,
  0x09A7, 0x09A7, 0x0987, 0x09A7, 0x0987, 0x0987, 0x0987, 0x09A7, 0x1187, 0x09A7, 0x1187, 0x1187, 0x0987, 0x0987, 0x0987, 0x1187,
  0x1187, 0x0987, 0x0987, 0x0987, 0x0987, 0x0987, 0x0987, 0x0987, 0x0987, 0x09A7, 0x0987, 0x0987, 0x0987, 0x0987, 0x0987, 0x0987,
  0x0987, 0x0987, 0x0987, 0x0987, 0x09A7, 0x0987, 0x0987, 0x0987, 0x0987, 0x0987, 0x0987, 0x0987, 0x0987, 0x0987, 0x0987, 0x0987,
  0x0987, 0x0987, 0x0987, 0x0987, 0x0987, 0x0987, 0x09A7, 0x0987, 0x0987, 0x0987, 0x0987, 0x0987, 0x0987, 0x0987, 0x0987, 0x0987,
  0x0987, 0x0987, 0x0987, 0x0987, 0x0987, 0x0987, 0x0987, 0x0987, 0x0987, 0x0987, 0x0987, 0x0987, 0x0987, 0x0987, 0x0987, 0x0987,
  0x0987, 0x09A7, 0x0987, 0x0987, 0x0987, 0x09A7, 0x0987, 0x0987, 0x0987, 0x0987, 0x0987, 0x0987, 0x0987, 0x0987, 0x09A7, 0x0987,
  0x10A4, 0x10A4, 0x10A4, 0x10A4, 0x10A4, 0x10A4, 0x10A4, 0x10A4, 0x10A4, 0x10A4, 0x10A4, 0x10A4, 0x10A4, 0x10A4, 0x10A4, 0x10A4,
  0x10A4, 0x10A4, 0x10A4, 0x10A4, 0x10A4, 0x10A4, 0x10A4, 0x10A4, 0x10A4, 0x10A4, 0x10A4, 0x10A4, 0x23ED, 0x4672, 0x56D2, 0x5ED1,
  0x6ED0, 0x76CF, 0x86AE, 0x8EAD, 0x9EAC, 0xA6AB, 0xB6AA, 0xBEA8, 0xCEA7, 0xD6A6, 0xD645, 0x83C4, 0x10A4, 0x10A4, 0x10A4, 0x10A4,
  0x10A4, 0x10A4, 0x10A4, 0x10A4, 0x10A4, 0x10A4, 0x10A4, 0x10A4, 0x10A4, 0x10A4, 0x10A4, 0x10A4, 0x10A4, 0x10A4, 0x10A4, 0x10A4,
  0x10A4, 0x10A4, 0x10A4, 0x10A4, 0x10A4, 0x10A4, 0x10A4, 0x10A4, 0x10A4, 0x10A4, 0x10A4, 0x10A4, 0x10A4, 0x10A4, 0x10A4, 0x10A4,
  0x10A4, 0x10A4, 0x10A4, 0x10A4, 0x10A4, 0x10A4, 0x10A4, 0x10A4, 0x10A4, 0x10A4, 0x10A4, 0x10A4, 0x10A4, 0x10A4, 0x10A4, 0x10A4,
  0x10A4, 0x10A4, 0x10A4, 0x10A4, 0x10A4, 0x10A4, 0x10A4, 0x10A4, 0x10C4, 0x10C4, 0x10C4, 0x10C4, 0x10C4, 0x10C4, 0x10C4, 0x10E5,
  0x10E5, 0x10E5, 0x10E5, 0x10E5, 0x10E5, 0x10E5, 0x10E5, 0x10E5, 0x10E5, 0x1105, 0x1105, 0x1105, 0x1105, 0x1105, 0x1105, 0x1105,
  0x1105, 0x1105, 0x1105, 0x1105, 0x1105, 0x1105, 0x1105, 0x1105, 0x1105, 0x1105, 0x1125, 0x1125, 0x1125, 0x1126, 0x1126, 0x1126,
  0x1126, 0x1126, 0x1126, 0x1146, 0x1146, 0x1146, 0x1146, 0x1146, 0x1146, 0x1146, 0x1146, 0x1146, 0x1146, 0x1146, 0x1146, 0x1146,
  0x1146, 0x1146, 0x1146, 0x1146, 0x1146, 0x1146, 0x1146, 0x1146, 0x1146, 0x1146, 0x1146, 0x1146, 0x1146, 0x1146, 0x1126, 0x1126,
  0x1126, 0x1126, 0x1126, 0x1126, 0x1125, 0x1125, 0x1105, 0x1105, 0x1105, 0x1105, 0x1105, 0x1105, 0x1105, 0x1105, 0x1105, 0x1105,
  0x10E5, 0x10E5, 0x10E5, 0x1105, 0x0084, 0x5BC7, 0x9609, 0x1A27, 0x0988, 0x11C8, 0x09C8, 0x11C8, 0x09C8, 0x11C8, 0x09C7, 0x09C7,
  0x11A7, 0x11C7, 0x11A7, 0x11A7, 0x11A7, 0x11A7, 0x11A7, 0x11A7, 0x11A7, 0x11A7, 0x11A7, 0x11A7, 0x11A7, 0x11A7, 0x11A7, 0x11A7,
  0x11A7, 0x11A7, 0x11A7, 0x11A7, 0x11A7, 0x11A7, 0x11A7, 0x11A7, 0x11A7, 0x11A7, 0x11A7, 0x11A7, 0x11A7, 0x11A7, 0x11A7, 0x11A7,
  0x11A7, 0x11A7, 0x11A7, 0x11A7, 0x11A7, 0x11A7, 0x11A7, 0x11A7, 0x11A7, 0x11A7, 0x11A7, 0x11A7, 0x11A7, 0x11A7, 0x11A7, 0x11A7,
  0x11A7, 0x11A7, 0x11A7, 0x11A7, 0x11A7, 0x11A7, 0x11A7, 0x11A7, 0x11A7, 0x11A7, 0x11A7, 0x11A7, 0x11A7, 0x11A7, 0x11A7, 0x11A7,
  0x11A7, 0x11A7, 0x11A7, 0x11A7, 0x11A7, 0x11A7, 0x11A7, 0x11A7, 0x11A7, 0x1187, 0x11A7, 0x11A7, 0x11A7, 0x11A7, 0x11A7, 0x11A7,
  0x11A7, 0x11A7, 0x11A7, 0x11A7, 0x11A7, 0x11A7, 0x11A7, 0x11A7, 0x11A7, 0x11A7, 0x1187, 0x11A7, 0x11A7, 0x11A7, 0x11A7, 0x11A7,
  0x11A7, 0x11A7, 0x11A7, 0x11A7, 0x11A7, 0x11A7, 0x11A7, 0x1187, 0x11A7, 0x11A7, 0x11A7, 0x11A7, 0x11A7, 0x11A7, 0x11A7, 0x11A7,
  0x10A4, 0x10A4, 0x10A4, 0x10A4, 0x10A4, 0x10A4, 0x10A4, 0x10A4, 0x10A4, 0x10A4, 0x10A4, 0x10A4, 0x10A4, 0x10A4, 0x10A4, 0x10A4,
  0x10A4, 0x10A4, 0x10A4, 0x10A4, 0x10A4, 0x10A4, 0x10A4, 0x10A4, 0x10A4, 0x10A4, 0x10A4, 0x10A4, 0x10A4, 0x10A4, 0x10A4, 0x10A4,
  0x10A4, 0x10A4, 0x10A4, 0x10A4, 0x10A4, 0x10A4, 0x10A4, 0x10A4, 0x10A4, 0x10A4, 0x10A4, 0x10A4, 0x10A4, 0x10A4, 0x10A4, 0x10A4,
  0x10A4, 0x10A4, 0x10A4, 0x10A4, 0x10A4, 0x10A4, 0x10A4, 0x10A4, 0x10A4, 0x10A4, 0x10A4, 0x10A4, 0x10A4, 0x10A4, 0x10A4, 0x10A4,
  0x10A4, 0x10A4, 0x10A4, 0x10A4, 0x10A4, 0x10A4, 0x10A4, 0x10A4, 0x10A4, 0x10A4, 0x10A4, 0x10A4, 0x10A4, 0x10A4, 0x10A4, 0x10A4,
  0x10A4, 0x10A4, 0x10A4, 0x10A4, 0x10A4, 0x10A4, 0x10A4, 0x10A4, 0x10A4, 0x10A4, 0x10A4, 0x10A4, 0x10A4, 0x10A4, 0x10A4, 0x10A4,
  0x10A4, 0x10A4, 0x10A4, 0x10A4, 0x10A4, 0x10A4, 0x10A4, 0x10C4, 0x10C4, 0x10C4, 0x10C4, 0x10C4, 0x10C5, 0x10C4, 0x10E5, 0x10E5,
  0x10E5, 0x10E5, 0x10E5, 0x10E5, 0x10E5, 0x10E5, 0x1105, 0x1105, 0x1105, 0x1105, 0x1105, 0x1105, 0x1105, 0x1105, 0x1105, 0x1105,
  0x1105, 0x1105, 0x1105, 0x1105, 0x1105, 0x1105, 0x1105, 0x1105, 0x1105, 0x1105, 0x1125, 0x1125, 0x1125, 0x1126, 0x1126, 0x1126,
  0x1126, 0x1126, 0x1146, 0x1146, 0x1146, 0x1146, 0x1146, 0x1146, 0x1146, 0x1146, 0x1146, 0x1146, 0x1146, 0x1146, 0x1146, 0x1146,
  0x1146, 0x1146, 0x1146, 0x1146, 0x1146, 0x1146, 0x1146, 0x1146, 0x1146, 0x1146, 0x1146, 0x1146, 0x1146, 0x1146, 0x1126, 0x1126,
  0x1126, 0x1126, 0x1126, 0x1126, 0x1125, 0x1125, 0x1125, 0x1105, 0x1105, 0x1105, 0x1105, 0x1105, 0x1105, 0x1105, 0x1105, 0x10E5,
  0x10E5, 0x10E5, 0x1105, 0x0084, 0x4B47, 0x9609, 0x1A48, 0x0988, 0x11C8, 0x09C8, 0x09C8, 0x09C8, 0x09C8, 0x09C7, 0x09C7, 0x09C7,
  0x09A7, 0x11A7, 0x11A7, 0x11A7, 0x11A7, 0x11A7, 0x11A7, 0x11A7, 0x11A7, 0x11A7, 0x11A7, 0x11A7, 0x11A7, 0x11A7, 0x11A7, 0x11A7,
  0x11A7, 0x11A7, 0x11A7, 0x1187, 0x11A7, 0x11A7, 0x11A7, 0x11A7, 0x11A7, 0x11A7, 0x1187, 0x11A7, 0x11A7, 0x11A7, 0x11A7, 0x11A7,
  0x11A7, 0x11A7, 0x1187, 0x1187, 0x1187, 0x11A7, 0x1187, 0x1187, 0x1187, 0x1187, 0x1187, 0x1187, 0x11A7, 0x11A7, 0x1187, 0x11A7,
  0x11A7, 0x11A7, 0x1187, 0x11A7, 0x1187, 0x1187, 0x11A7, 0x1187, 0x1187, 0x1187, 0x11A7, 0x11A7, 0x11A7, 0x11A7, 0x11A7, 0x11A7,
  0x11A7, 0x1187, 0x1187, 0x11A7, 0x11A7, 0x11A7, 0x11A7, 0x11A7, 0x1187, 0x1187, 0x11A7, 0x1187, 0x11A7, 0x1187, 0x11A7, 0x11A7,
  0x1187, 0x1187, 0x11A7, 0x1187, 0x1187, 0x11A7, 0x1187, 0x1187, 0x11A7, 0x1187, 0x1187, 0x1187, 0x1187, 0x1187, 0x11A7, 0x1187,
  0x1187, 0x1187, 0x11A7, 0x1187, 0x11A7, 0x1187, 0x1187, 0x1187, 0x11A7, 0x1187, 0x11A7, 0x11A7, 0x11A7, 0x1187, 0x11A7, 0x11A7,
  0x10A4, 0x10A4, 0x10A4, 0x10A4, 0x10A4, 0x10A4, 0x10A4, 0x10A4, 0x10A4, 0x10A4, 0x10A4, 0x10A4, 0x10A4, 0x10A4, 0x10A4, 0x10A4,
  0x10A4, 0x10A4, 0x10A4, 0x10A4, 0x10A4, 0x10A4, 0x10A4, 0x10A4, 0x10A4, 0x10A4, 0x10A4, 0x10A4, 0x10A4, 0x10A4, 0x10A4, 0x10A4,
  0x10A4, 0x10A4, 0x10A4, 0x10A4, 0x10A4, 0x10A4, 0x10A4, 0x10A4, 0x10A4, 0x10A4, 0x10A4, 0x10A4, 0x10A4, 0x10A4, 0x10A4, 0x10A4,
  0x10A4, 0x10A4, 0x10A4, 0x10A4, 0x10A4, 0x10A4, 0x10A4, 0x10A4, 0x10A4, 0x10A4, 0x10A4, 0x10A4, 0x10A4, 0x10A4, 0x10A4, 0x10A4,
  0x10A4, 0x10A4, 0x10A4, 0x10A4, 0x10A4, 0x10A4, 0x10A4, 0x10A4, 0x10A4, 0x10A4, 0x10A4, 0x10A4, 0x10A4, 0x10A4, 0x10A4, 0x10A4,
  0x10A4, 0x10A4, 0x10A4, 0x10A4, 0x10A4, 0x10A4, 0x10A4, 0x10A4, 0x10A4, 0x10A4, 0x10A4, 0x10A4, 0x10A4, 0x10A4, 0x10A4, 0x10A4,
  0x10A4, 0x10A4, 0x10A4, 0x10A4, 0x10A4, 0x10A4, 0x10C4, 0x10C4, 0x10C4, 0x10C4, 0x10C4, 0x10C4, 0x10E5, 0x10E5, 0x10E5, 0x10E5,
  0x10E5, 0x10E5, 0x1105, 0x1105, 0x1105, 0x1105, 0x1125, 0x1125, 0x1125, 0x1125, 0x1125, 0x1125, 0x1105, 0x1105, 0x1105, 0x1105,
  0x1105, 0x1105, 0x1105, 0x1105, 0x1105, 0x1105, 0x1105, 0x1105, 0x1105, 0x1105, 0x1125, 0x1125, 0x1125, 0x1125, 0x1126, 0x1126,
  0x1126, 0x1126, 0x1126, 0x1146, 0x1146, 0x1146, 0x1146, 0x1146, 0x1146, 0x1146, 0x1146, 0x1146, 0x1146, 0x1146, 0x1146, 0x1146,
  0x1146, 0x1146, 0x1146, 0x1146, 0x1146, 0x1146, 0x1146, 0x1146, 0x1146, 0x1146, 0x1146, 0x1146, 0x1146, 0x1146, 0x1126, 0x1126,
  0x1126, 0x1126, 0x1126, 0x1125, 0x1125, 0x1125, 0x1125, 0x1105, 0x1105, 0x1105, 0x1105, 0x1105, 0x1105, 0x1105, 0x10E5, 0x10E5,
  0x10E5, 0x1105, 0x0084, 0x4B27, 0x962A, 0x2248, 0x0988, 0x11C8, 0x09C8, 0x09C8, 0x09C7, 0x09C7, 0x09C8, 0x09A7, 0x09A7, 0x11C7,
  0x09A7, 0x11A7, 0x11A7, 0x11A7, 0x11A7, 0x11A7, 0x11A7, 0x11A7, 0x11A7, 0x11A7, 0x11A7, 0x11A7, 0x11A7, 0x11A7, 0x11A7, 0x11A7,
  0x11A7, 0x1187, 0x11A7, 0x1187, 0x11A7, 0x1187, 0x11A7, 0x11A7, 0x11A7, 0x11A7, 0x1187, 0x1187, 0x11A7, 0x11A7, 0x11A7, 0x1187,
  0x11A7, 0x11A7, 0x1187, 0x1187, 0x1187, 0x1187, 0x1187, 0x1187, 0x1187, 0x1187, 0x1187, 0x1187, 0x1187, 0x1187, 0x1187, 0x1187,
  0x1187, 0x1187, 0x1187, 0x1187, 0x1187, 0x1187, 0x11A7, 0x1187, 0x1187, 0x1187, 0x1187, 0x1187, 0x1187, 0x1187, 0x1187, 0x1187,
  0x1187, 0x11A7, 0x1187, 0x1187, 0x11A7, 0x1187, 0x1187, 0x1187, 0x11A7, 0x1187, 0x1187, 0x1187, 0x11A7, 0x1187, 0x1187, 0x11A7,
  0x1187, 0x1187, 0x1187, 0x1187, 0x1187, 0x1187, 0x1187, 0x1187, 0x1187, 0x1187, 0x1187, 0x1187, 0x1187, 0x1187, 0x1187, 0x1187,
  0x1187, 0x1187, 0x11A7, 0x1187, 0x1187, 0x11A7, 0x1187, 0x1187, 0x1187, 0x1187, 0x11A7, 0x1187, 0x1187, 0x1187, 0x11A7, 0x1187,
  0x10A4, 0x10A4, 0x10A4, 0x10A4, 0x10A4, 0x10A4, 0x10A4, 0x10A4, 0x10A4, 0x10A4, 0x10A4, 0x10A4, 0x10A4, 0x10A4, 0x10A4, 0x10A4,
  0x10A4, 0x10A4, 0x10A4, 0x10A4, 0x10A4, 0x10A4, 0x10A4, 0x10A4, 0x10A4, 0x10A4, 0x10A4, 0x10A4, 0x10A4, 0x10A4, 0x10A4, 0x10A4,
  0x10A4, 0x10A4, 0x10A4, 0x10A4, 0x10A4, 0x10A4, 0x10A4, 0x10A4, 0x10A4, 0x10A4, 0x10A4, 0x10A4, 0x10A4, 0x10A4, 0x10A4, 0x10A4,
  0x10A4, 0x10A4, 0x10A4, 0x10A4, 0x10A4, 0x10A4, 0x10A4, 0x10A4, 0x10A4, 0x10A4, 0x10A4, 0x10A4, 0x10A4, 0x10A4, 0x10A4, 0x10A4,
  0x10A4, 0x10A4, 0x10A4, 0x10A4, 0x10A4, 0x10A4, 0x10A4, 0x10A4, 0x10A4, 0x10A4, 0x10A4, 0x10A4, 0x10A4, 0x10A4, 0x10A4, 0x10A4,
  0x10A4, 0x10A4, 0x10A4, 0x10A4, 0x10A4, 0x10A4, 0x10A4, 0x10A4, 0x10A4, 0x10A4, 0x10A4, 0x10A4, 0x10A4, 0x10A4, 0x10A4, 0x10A4,
  0x10A4, 0x10A4, 0x10A4, 0x10A4, 0x10A4, 0x10C4, 0x10C4, 0x10C4, 0x10C4, 0x10C4, 0x10E5, 0x10E5, 0x10E5, 0x10E5, 0x10E5, 0x1105,
  0x1105, 0x1105, 0x1125, 0x1126, 0x1126, 0x1126, 0x1126, 0x1126, 0x1126, 0x1126, 0x1126, 0x1126, 0x1126, 0x1126, 0x1126, 0x1125,
  0x1126, 0x1125, 0x1125, 0x1105, 0x1105, 0x1105, 0x1105, 0x1105, 0x1125, 0x1105, 0x1105, 0x1125, 0x1125, 0x1125, 0x1126, 0x1126,
  0x1126, 0x1126, 0x1126, 0x1146, 0x1146, 0x1146, 0x1146, 0x1146, 0x1146, 0x1146, 0x1146, 0x1146, 0x1146, 0x1146, 0x1146, 0x1146,
  0x1146, 0x1146, 0x1146, 0x1146, 0x1146, 0x1146, 0x1146, 0x1146, 0x1146, 0x1146, 0x1146, 0x1146, 0x1146, 0x1126, 0x1126, 0x1126,
  0x1126, 0x1126, 0x1126, 0x1125, 0x1125, 0x1105, 0x1105, 0x1105, 0x1105, 0x1105, 0x1105, 0x1105, 0x1105, 0x1105, 0x1105, 0x10E5,
  0x1105, 0x0084, 0x42C6, 0x8E0A, 0x2288, 0x0188, 0x11E8, 0x09C8, 0x09C8, 0x09C8, 0x09C8, 0x09C7, 0x09C7, 0x11A7, 0x11A7, 0x09A7,
  0x11A7, 0x09A7, 0x11A7, 0x11A7, 0x11A7, 0x11A7, 0x11A7, 0x11A7, 0x11A7, 0x11A7, 0x11A7, 0x11A7, 0x11A7, 0x11A7, 0x11A7, 0x1187,
  0x11A7, 0x11A7, 0x11A7, 0x1187, 0x11A7, 0x11A7, 0x1187, 0x11A7, 0x11A7, 0x1187, 0x1187, 0x1187, 0x11A7, 0x1187, 0x1187, 0x1187,
  0x11A7, 0x11A7, 0x1187, 0x1187, 0x11A7, 0x1187, 0x1187, 0x1187, 0x1187, 0x1187, 0x1187, 0x1187, 0x1187, 0x1187, 0x1187, 0x1187,
  0x1187, 0x1187, 0x11A7, 0x1187, 0x11A7, 0x1187, 0x1187, 0x1187, 0x1187, 0x1187, 0x1187, 0x1187, 0x1187, 0x1187, 0x1187, 0x1187,
  0x11A7, 0x11A7, 0x11A7, 0x1187, 0x1187, 0x1187, 0x1187, 0x1187, 0x11A7, 0x1187, 0x1187, 0x1187, 0x1187, 0x1187, 0x1187, 0x1187,
  0x1187, 0x1187, 0x1187, 0x1187, 0x1187, 0x1187, 0x11A7, 0x1187, 0x1187, 0x1187, 0x1187, 0x1187, 0x1187, 0x1187, 0x1187, 0x1187,
  0x1187, 0x1187, 0x1187, 0x1187, 0x1187, 0x1187, 0x1187, 0x1187, 0x1187, 0x1187, 0x1187, 0x1187, 0x1187, 0x1187, 0x1187, 0x1187,
  0x10A4, 0x10A4, 0x10A4, 0x10A4, 0x10A4, 0x10A4, 0x10A4, 0x10A4, 0x10A4, 0x10A4, 0x10A4, 0x10A4, 0x10A4, 0x10A4, 0x10A4, 0x10A4,
  0x10A4, 0x10A4, 0x10A4, 0x10A4, 0x10A4, 0x10A4, 0x10A4, 0x10A4, 0x10A4, 0x10A4, 0x10A4, 0x10A4, 0x10A4, 0x10A4, 0x10A4, 0x10A4,
  0x10A4, 0x10A4, 0x10A4, 0x10A4, 0x10A4, 0x10A4, 0x10A4, 0x10A4, 0x10A4, 0x10A4, 0x10A4, 0x10A4, 0x10A4, 0x10A4, 0x10A4, 0x10A4,
  0x10A4, 0x10A4, 0x10A4, 0x10A4, 0x10A4, 0x10A4, 0x10A4, 0x10A4, 0x10A4, 0x10A4, 0x10A4, 0x10A4, 0x10A4, 0x10A4, 0x10A4, 0x10A4,
  0x10A4, 0x10A4, 0x10A4, 0x10A4, 0x10A4, 0x10A4, 0x10A4, 0x10A4, 0x10A4, 0x10A4, 0x10A4, 0x10A4, 0x10A4, 0x10A4, 0x10A4, 0x10A4,
  0x10A4, 0x10A4, 0x10A4, 0x10A4, 0x10A4, 0x10A4, 0x10A4, 0x10A4, 0x10A4, 0x10A4, 0x10A4, 0x10A4, 0x10A4, 0x10A4, 0x10A4, 0x10A4,
  0x10A4, 0x10A4, 0x10A4, 0x10A4, 0x10A4, 0x10C4, 0x10C4, 0x10C4, 0x10C4, 0x10C4, 0x10E5, 0x10E5, 0x10E5, 0x1105, 0x1105, 0x1125,
  0x1125, 0x1126, 0x1146, 0x1146, 0x1146, 0x1146, 0x1146, 0x1146, 0x1146, 0x1146, 0x1146, 0x1146, 0x1146, 0x1146, 0x1146, 0x1146,
  0x1126, 0x1126, 0x1126, 0x1125, 0x1105, 0x1125, 0x1125, 0x1125, 0x1125, 0x1125, 0x1105, 0x1125, 0x1126, 0x1126, 0x1126, 0x1126,
  0x1126, 0x1126, 0x1126, 0x1126, 0x1126, 0x1146, 0x1146, 0x1146, 0x1146, 0x1146, 0x1146, 0x1146, 0x1146, 0x1146, 0x1146, 0x1146,
  0x1146, 0x1146, 0x1146, 0x1146, 0x1146, 0x1146, 0x1146, 0x1146, 0x1146, 0x1146, 0x1146, 0x1146, 0x1146, 0x1126, 0x1126, 0x1126,
  0x1126, 0x1126, 0x1126, 0x1125, 0x1125, 0x1105, 0x1105, 0x1105, 0x1105, 0x1105, 0x1105, 0x1105, 0x1105, 0x1105, 0x1105, 0x1105,
  0x0084, 0x3AC7, 0x964A, 0x2AA8, 0x0188, 0x11E8, 0x09C8, 0x09C8, 0x09C8, 0x09C8, 0x09C8, 0x09C7, 0x11A7, 0x09A7, 0x11A7, 0x09A7,
  0x11A7, 0x09A7, 0x11A7, 0x11A7, 0x11A7, 0x09A7, 0x11A7, 0x11A7, 0x11A7, 0x11A7, 0x11A7, 0x11A7, 0x11A7, 0x11A7, 0x11A7, 0x11A7,
  0x11A7, 0x11A7, 0x11A7, 0x11A7, 0x11A7, 0x11A7, 0x11A7, 0x11A7, 0x11A7, 0x11A7, 0x11A7, 0x11A7, 0x11A7, 0x11A7, 0x11A7, 0x11A7,
  0x11A7, 0x11A7, 0x11A7, 0x11A7, 0x11A7, 0x11A7, 0x11A7, 0x11A7, 0x11A7, 0x11A7, 0x11A7, 0x11A7, 0x11A7, 0x11A7, 0x11A7, 0x11A7,
  0x11A7, 0x11A7, 0x11A7, 0x11A7, 0x11A7, 0x11A7, 0x11A7, 0x11A7, 0x11A7, 0x11A7, 0x11A7, 0x11A7, 0x11A7, 0x11A7, 0x11A7, 0x11A7,
  0x11A7, 0x11A7, 0x11A7, 0x11A7, 0x11A7, 0x11A7, 0x11A7, 0x11A7, 0x11A7, 0x11A7, 0x11A7, 0x11A7, 0x11A7, 0x11A7, 0x11A7, 0x11A7,
  0x11A7, 0x11A7, 0x11A7, 0x11A7, 0x11A7, 0x11A7, 0x11A7, 0x11A7, 0x11A7, 0x11A7, 0x11A7, 0x11A7, 0x11A7, 0x11A7, 0x11A7, 0x11A7,
  0x11A7, 0x11A7, 0x11A7, 0x11A7, 0x11A7, 0x1187, 0x1187, 0x1187, 0x1187, 0x1187, 0x1187, 0x1187, 0x1187, 0x1187, 0x1187, 0x1187,
  0x10A4, 0x10A4, 0x10A4, 0x10A4, 0x10A4, 0x10A4, 0x10A4, 0x10A4, 0x10A4, 0x10A4, 0x10A4, 0x10A4, 0x10A4, 0x10A4, 0x10A4, 0x10A4,
  0x10A4, 0x10A4, 0x10A4, 0x10A4, 0x10A4, 0x10A4, 0x10A4, 0x10A4, 0x10A4, 0x10A4, 0x10A4, 0x10A4, 0x10A4, 0x10A4, 0x10A4, 0x10A4,
  0x10A4, 0x10A4, 0x10A4, 0x10A4, 0x10A4, 0x10A4, 0x10A4, 0x10A4, 0x10A4, 0x10A4, 0x10A4, 0x10A4, 0x10A4, 0x10A4, 0x10A4, 0x10A4,
  0x10A4, 0x10A4, 0x10A4, 0x10A4, 0x10A4, 0x10A4, 0x10A4, 0x10A4, 0x10A4, 0x10A4, 0x10A4, 0x10A4, 0x10A4, 0x10A4, 0x10A4, 0x10A4,
  0x10A4, 0x10A4, 0x10A4, 0x10A4, 0x10A4, 0x10A4, 0x10A4, 0x10A4, 0x10A4, 0x10A4, 0x10A4, 0x10A4, 0x10A4, 0x10A4, 0x10A4, 0x10A4,
  0x10A4, 0x10A4, 0x10A4, 0x10A4, 0x10A4, 0x10A4, 0x10A4, 0x10A4, 0x10A4, 0x10A4, 0x10A4, 0x10A4, 0x10A4, 0x10A4, 0x10A4, 0x10A4,
  0x10A4, 0x10A4, 0x10A4, 0x10A4, 0x10C4, 0x10C4, 0x10C4, 0x10C4, 0x10E5, 0x10E5, 0x10E5, 0x1105, 0x1105, 0x1125, 0x1126, 0x1146,
  0x1146, 0x1166, 0x1166, 0x1167, 0x1166, 0x1167, 0x1167, 0x1167, 0x1187, 0x1187, 0x1187, 0x1187, 0x1167, 0x1166, 0x1166, 0x1146,
  0x1146, 0x1146, 0x1146, 0x1126, 0x1126, 0x1126, 0x1125, 0x1125, 0x1125, 0x1125, 0x1125, 0x1125, 0x1125, 0x1126, 0x1126, 0x1126,
  0x1126, 0x1126, 0x1126, 0x1126, 0x1126, 0x1146, 0x1146, 0x1146, 0x1146, 0x1146, 0x1146, 0x1146, 0x1146, 0x1146, 0x1146, 0x1146,
  0x1146, 0x1146, 0x1146, 0x1146, 0x1146, 0x1146, 0x1146, 0x1146, 0x1146, 0x1146, 0x1146, 0x1146, 0x1126, 0x1126, 0x1126, 0x1126,
  0x1126, 0x1125, 0x1125, 0x1125, 0x1125, 0x1105, 0x1105, 0x1105, 0x1105, 0x1105, 0x1105, 0x1105, 0x1105, 0x1105, 0x1105, 0x0885,
  0x3AA7, 0x966A, 0x3328, 0x0188, 0x11E8, 0x09C8, 0x09C8, 0x09C7, 0x09C8, 0x09C8, 0x09C7, 0x09A7, 0x09A7, 0x09A7, 0x11A7, 0x11A7,
  0x11A7, 0x11A7, 0x11A7, 0x11A7, 0x09A7, 0x11A7, 0x11A7, 0x11A7, 0x11A7, 0x11A7, 0x11A7, 0x11A7, 0x11A7, 0x11A7, 0x11A7, 0x1146,
  0x1105, 0x1105, 0x1105, 0x1105, 0x1105, 0x1105, 0x1105, 0x1105, 0x1105, 0x1105, 0x1105, 0x1105, 0x1105, 0x1106, 0x1106, 0x1106,
  0x1106, 0x1106, 0x0906, 0x0906, 0x0906, 0x0905, 0x0905, 0x0906, 0x0906, 0x0906, 0x0906, 0x0906, 0x0906, 0x0906, 0x0906, 0x0906,
  0x0906, 0x0906, 0x0906, 0x0906, 0x0906, 0x0906, 0x0906, 0x0906, 0x0906, 0x0906, 0x0906, 0x0906, 0x0906, 0x0906, 0x0906, 0x0906,
  0x0906, 0x0906, 0x0906, 0x0906, 0x0906, 0x0906, 0x0906, 0x0906, 0x0906, 0x0906, 0x0906, 0x0906, 0x0926, 0x0906, 0x0906, 0x0906,
  0x0906, 0x0926, 0x0906, 0x0906, 0x0926, 0x0926, 0x0926, 0x0906, 0x0926, 0x0926, 0x0926, 0x0926, 0x0926, 0x0926, 0x0926, 0x0926,
  0x0926, 0x0926, 0x0906, 0x0926, 0x0967, 0x11A7, 0x1187, 0x1187, 0x1187, 0x1187, 0x1187, 0x1187, 0x1187, 0x1187, 0x1187, 0x1187,
  0x10A4, 0x10A4, 0x10A4, 0x10A4, 0x10A4, 0x10A4, 0x10A4, 0x10A4, 0x10A4, 0x10A4, 0x10A4, 0x10A4, 0x10A4, 0x10A4, 0x10A4, 0x10A4,
  0x10A4, 0x10A4, 0x10A4, 0x10A4, 0x10A4, 0x10A4, 0x10A4, 0x10A4, 0x10A4, 0x10A4, 0x10A4, 0x10A4, 0x10A4, 0x10A4, 0x10A4, 0x10A4,
  0x10A4, 0x10A4, 0x10A4, 0x10A4, 0x10A4, 0x10A4, 0x10A4, 0x10A4, 0x10A4, 0x10A4, 0x10A4, 0x10A4, 0x10A4, 0x10A4, 0x10A4, 0x10A4,
  0x10A4, 0x10A4, 0x10A4, 0x10A4, 0x10A4, 0x10A4, 0x10A4, 0x10A4, 0x10A4, 0x10A4, 0x10A4, 0x10A4, 0x10A4, 0x10A4, 0x10A4, 0x10A4,
  0x10A4, 0x10A4, 0x10A4, 0x10A4, 0x10A4, 0x10A4, 0x10A4, 0x10A4, 0x10A4, 0x10A4, 0x10A4, 0x10A4, 0x10A4, 0x10A4, 0x10A4, 0x10A4,
  0x10A4, 0x10A4, 0x10A4, 0x10A4, 0x10A4, 0x10A4, 0x10A4, 0x10A4, 0x10A4, 0x10A4, 0x10A4, 0x10A4, 0x10A4, 0x10A4, 0x10A4, 0x10A4,
  0x10A4, 0x10A4, 0x10A4, 0x10A4, 0x10C4, 0x10C4, 0x10C4, 0x10E5, 0x10E5, 0x10E5, 0x1105, 0x1105, 0x1126, 0x1126, 0x1146, 0x1166,
  0x1166, 0x1146, 0x1105, 0x1126, 0x1166, 0x1167, 0x1187, 0x1187, 0x1187, 0x1166, 0x1146, 0x1125, 0x1146, 0x1187, 0x1187, 0x1187,
  0x1166, 0x1166, 0x1146, 0x1146, 0x1146, 0x1126, 0x1126, 0x1125, 0x1125, 0x1125, 0x1125, 0x1125, 0x1126, 0x1125, 0x1126, 0x1126,
  0x1126, 0x1126, 0x1126, 0x1126, 0x1126, 0x1146, 0x1126, 0x1146, 0x1146, 0x1146, 0x1146, 0x1146, 0x1146, 0x1146, 0x1146, 0x1146,
  0x1146, 0x1146, 0x1146, 0x1146, 0x1146, 0x1146, 0x1146, 0x1146, 0x1146, 0x1146, 0x1146, 0x1126, 0x1126, 0x1126, 0x1126, 0x1126,
  0x1126, 0x1126, 0x1125, 0x1125, 0x1105, 0x1105, 0x1105, 0x1105, 0x1105, 0x1105, 0x1105, 0x1105, 0x1105, 0x1105, 0x08A5, 0x3287,
  0x966B, 0x3329, 0x0167, 0x11E8, 0x09C8, 0x09C8, 0x09C8, 0x09C7, 0x09C7, 0x09C7, 0x09A7, 0x09A7, 0x09A7, 0x11A7, 0x09A7, 0x09A7,
  0x11A7, 0x09A7, 0x11A7, 0x11A7, 0x11A7, 0x11A7, 0x11A7, 0x11A7, 0x11A7, 0x11A7, 0x11A7, 0x1187, 0x11A7, 0x1187, 0x1166, 0x0B0C,
  0x0C30, 0x0C30, 0x0C30, 0x0C2F, 0x0C2F, 0x0C2F, 0x0C2F, 0x0C2F, 0x0C2F, 0x0C2F, 0x0C2F, 0x0C2F, 0x142F, 0x142F, 0x142F, 0x142F,
  0x142F, 0x142F, 0x142F, 0x140E, 0x140E, 0x142E, 0x142E, 0x140E, 0x142E, 0x1C0E, 0x1C2E, 0x1C0E, 0x1C0E, 0x1C0E, 0x1C0E, 0x1C0E,
  0x1C0E, 0x1C0E, 0x1C0E, 0x1C0D, 0x1C0D, 0x1C0D, 0x1C0D, 0x240D, 0x240D, 0x240D, 0x240D, 0x240D, 0x240D, 0x240D, 0x240D, 0x240D,
  0x240D, 0x240D, 0x240C, 0x240C, 0x2C0C, 0x2C0C, 0x2C0C, 0x2C0C, 0x2C0C, 0x2C0C, 0x2C0C, 0x2C0C, 0x2C0C, 0x2C0C, 0x2C0C, 0x2C0C,
  0x2C0C, 0x340C, 0x33EB, 0x33EC, 0x33EB, 0x340B, 0x33EB, 0x33EB, 0x33EB, 0x33EB, 0x33EB, 0x33EB, 0x33EB, 0x33EB, 0x3BEB, 0x3BEB,
  0x3BEB, 0x3BEB, 0x3BEB, 0x33AA, 0x1A48, 0x0947, 0x1187, 0x1187, 0x1187, 0x1187, 0x1187, 0x1187, 0x1187, 0x1187, 0x1187, 0x1187,
  0x10A4, 0x10A4, 0x10A4, 0x10A4, 0x10A4, 0x10A4, 0x10A4, 0x10A4, 0x10A4, 0x10A4, 0x10A4, 0x10A4, 0x10A4, 0x10A4, 0x10A4, 0x10A4,
  0x10A4, 0x10A4, 0x10A4, 0x10A4, 0x10A4, 0x10A4, 0x10A4, 0x10A4, 0x10A4, 0x10A4, 0x10A4, 0x10A4, 0x10A4, 0x10A4, 0x10A4, 0x10A4,
  0x10A4, 0x10A4, 0x10A4, 0x10A4, 0x10A4, 0x10A4, 0x10A4, 0x10A4, 0x10A4, 0x10A4, 0x10A4, 0x10A4, 0x10A4, 0x10A4, 0x10A4, 0x10A4,
  0x10A4, 0x10A4, 0x10A4, 0x10A4, 0x10A4, 0x10A4, 0x10A4, 0x10A4, 0x10A4, 0x10A4, 0x10A4, 0x10A4, 0x10A4, 0x10A4, 0x10A4, 0x10A4,
  0x10A4, 0x10A4, 0x10A4, 0x10A4, 0x10A4, 0x10A4, 0x10A4, 0x10A4, 0x10A4, 0x10A4, 0x10A4, 0x10A4, 0x10A4, 0x10A4, 0x10A4, 0x10A4,
  0x10A4, 0x10A4, 0x10A4, 0x10A4, 0x10A4, 0x10A4, 0x10A4, 0x10A4, 0x10A4, 0x10A4, 0x10A4, 0x10A4, 0x10A4, 0x10A4, 0x10A4, 0x10A4,
  0x10A4, 0x10A4, 0x10C4, 0x10C4, 0x10C4, 0x10C4, 0x10E5, 0x10E5, 0x1105, 0x1105, 0x1125, 0x1126, 0x1146, 0x1167, 0x1146, 0x1105,
  0x1166, 0x0AAA, 0x0C0F, 0x0512, 0x05D5, 0x0636, 0x0677, 0x0697, 0x0636, 0x05D5, 0x0512, 0x0C0F, 0x0ACB, 0x1187, 0x1146, 0x1167,
  0x1187, 0x1187, 0x1166, 0x1166, 0x1146, 0x1146, 0x1146, 0x1126, 0x1126, 0x1125, 0x1125, 0x1125, 0x1126, 0x1125, 0x1125, 0x1126,
  0x1126, 0x1126, 0x1126, 0x1126, 0x1126, 0x1146, 0x1146, 0x1146, 0x1146, 0x1146, 0x1146, 0x1146, 0x1146, 0x1146, 0x1146, 0x1146,
  0x1146, 0x1146, 0x1146, 0x1146, 0x1146, 0x1146, 0x1146, 0x1146, 0x1146, 0x1146, 0x1146, 0x1146, 0x1126, 0x1126, 0x1126, 0x1126,
  0x1126, 0x1126, 0x1126, 0x1125, 0x1125, 0x1105, 0x1105, 0x1105, 0x1105, 0x1105, 0x1105, 0x1105, 0x1105, 0x0885, 0x3266, 0x966B,
  0x3B69, 0x0168, 0x11E8, 0x09C8, 0x09C8, 0x09C8, 0x09C8, 0x09C8, 0x09C7, 0x09C8, 0x09C7, 0x09A7, 0x11A7, 0x09A7, 0x09A7, 0x11A7,
  0x11A7, 0x11A7, 0x11A7, 0x11A7, 0x11A7, 0x11A7, 0x11A7, 0x11A7, 0x11A7, 0x11A7, 0x11A7, 0x11A7, 0x1167, 0x09E8, 0x05D5, 0x0656,
  0x0533, 0x0553, 0x0553, 0x0D53, 0x0D53, 0x0D53, 0x0D33, 0x0D53, 0x0D53, 0x0D32, 0x0D32, 0x1532, 0x1532, 0x1532, 0x1532, 0x1532,
  0x1532, 0x1532, 0x1532, 0x1531, 0x1D31, 0x1D31, 0x1D31, 0x1D31, 0x1D31, 0x1D31, 0x1D31, 0x1D31, 0x2531, 0x2530, 0x2530, 0x2530,
  0x2530, 0x2530, 0x2530, 0x2530, 0x2D30, 0x2D10, 0x2D0F, 0x2D0F, 0x2D0F, 0x2D0F, 0x2D0F, 0x2D0F, 0x350F, 0x350F, 0x350F, 0x350F,
  0x350F, 0x350E, 0x350E, 0x350E, 0x350E, 0x3D0E, 0x3D0E, 0x3D0E, 0x3D0E, 0x3D0E, 0x3D0E, 0x3D0D, 0x3D0D, 0x450D, 0x450D, 0x450D,
  0x450D, 0x44ED, 0x450D, 0x44ED, 0x44ED, 0x4CEC, 0x4CEC, 0x4CEC, 0x4CEC, 0x4CEC, 0x4CEC, 0x4CEC, 0x4CEC, 0x4CEC, 0x54EC, 0x54EB,
  0x54EB, 0x54EB, 0x54EB, 0x54EB, 0x6E0D, 0x444B, 0x0947, 0x1187, 0x1187, 0x1187, 0x1187, 0x1187, 0x1187, 0x1187, 0x1187, 0x1187,
  0x10A4, 0x10A4, 0x10A4, 0x10A4, 0x10A4, 0x10A4, 0x10A4, 0x10A4, 0x10A4, 0x10A4, 0x10A4, 0x10A4, 0x10A4, 0x10A4, 0x10A4, 0x10A4,
  0x10A4, 0x10A4, 0x10A4, 0x10A4, 0x10A4, 0x10A4, 0x10A4, 0x10A4, 0x10A4, 0x10A4, 0x10A4, 0x10A4, 0x10A4, 0x10A4, 0x10A4, 0x10A4,
  0x10A4, 0x10A4, 0x10A4, 0x10A4, 0x10A4, 0x10A4, 0x10A4, 0x10A4, 0x10A4, 0x10A4, 0x10A4, 0x10A4, 0x10A4, 0x10A4, 0x10A4, 0x10A4,
  0x10A4, 0x10A4, 0x10A4, 0x10A4, 0x10A4, 0x10A4, 0x10A4, 0x10A4, 0x10A4, 0x10A4, 0x10A4, 0x10A4, 0x10A4, 0x10A4, 0x10A4, 0x10A4,
  0x10A4, 0x10A4, 0x10A4, 0x10A4, 0x10A4, 0x10A4, 0x10A4, 0x10A4, 0x10A4, 0x10A4, 0x10A4, 0x10A4, 0x10A4, 0x10A4, 0x10A4, 0x10A4,
  0x10A4, 0x10A4, 0x10A4, 0x10A4, 0x10A4, 0x10A4, 0x10A4, 0x10A4, 0x10A4, 0x10A4, 0x10A4, 0x10A4, 0x10A4, 0x10A4, 0x10A4, 0x10A4,
  0x10A4, 0x10C4, 0x10C4, 0x10C4, 0x10C4, 0x10E5, 0x10E5, 0x1105, 0x1105, 0x1126, 0x1126, 0x1166, 0x1146, 0x1125, 0x0A29, 0x0C50,
  0x0636, 0x0636, 0x0574, 0x0C0F, 0x0B0C, 0x0A49, 0x09E8, 0x09E8, 0x0A49, 0x0B0C, 0x0C2F, 0x0553, 0x0636, 0x0636, 0x0C50, 0x0A29,
  0x1146, 0x1187, 0x11A7, 0x1187, 0x1166, 0x1146, 0x1146, 0x1146, 0x1126, 0x1126, 0x1125, 0x1126, 0x1126, 0x1126, 0x1126, 0x1126,
  0x1126, 0x1126, 0x1126, 0x1126, 0x1126, 0x1126, 0x1146, 0x1126, 0x1146, 0x1146, 0x1146, 0x1146, 0x1146, 0x1146, 0x1146, 0x1146,
  0x1146, 0x1146, 0x1146, 0x1146, 0x1146, 0x1146, 0x1146, 0x1126, 0x1146, 0x1146, 0x1126, 0x1146, 0x1126, 0x1126, 0x1126, 0x1126,
  0x1125, 0x1126, 0x1125, 0x1125, 0x1125, 0x1105, 0x1105, 0x1105, 0x1105, 0x1105, 0x1105, 0x1125, 0x08A5, 0x2A46, 0x8E4B, 0x3B89,
  0x0168, 0x11E8, 0x09C8, 0x09C8, 0x09C8, 0x09C8, 0x09C8, 0x09C7, 0x09C7, 0x11A7, 0x09A7, 0x09A7, 0x09A7, 0x09A7, 0x11A7, 0x09A7,
  0x09A7, 0x11A7, 0x09A7, 0x11A7, 0x11A7, 0x11A7, 0x11A7, 0x11A7, 0x11A7, 0x11A7, 0x11A7, 0x1187, 0x09C7, 0x0636, 0x0C91, 0x10C4,
  0x1002, 0x1002, 0x1002, 0x1002, 0x1002, 0x1002, 0x1002, 0x1002, 0x1002, 0x1002, 0x1002, 0x1002, 0x1002, 0x1002, 0x1002, 0x1002,
  0x1002, 0x1002, 0x1002, 0x1002, 0x1002, 0x1002, 0x1002, 0x1002, 0x1002, 0x1002, 0x1002, 0x1002, 0x1002, 0x1002, 0x1002, 0x1002,
  0x1002, 0x1002, 0x0802, 0x0802, 0x0802, 0x0802, 0x0802, 0x0802, 0x0802, 0x0802, 0x0802, 0x0803, 0x0803, 0x0803, 0x0803, 0x0803,
  0x0803, 0x0803, 0x0803, 0x0803, 0x0803, 0x0803, 0x0803, 0x0803, 0x0803, 0x0803, 0x0803, 0x0803, 0x0803, 0x0803, 0x0803, 0x0803,
  0x0803, 0x0803, 0x0803, 0x0803, 0x0803, 0x0803, 0x0803, 0x0803, 0x0803, 0x0803, 0x0803, 0x0803, 0x0803, 0x0803, 0x0803, 0x0803,
  0x0803, 0x0823, 0x0803, 0x0843, 0x1965, 0x65AC, 0x442A, 0x0926, 0x11A7, 0x1187, 0x1187, 0x1187, 0x1187, 0x1187, 0x1187, 0x1187,
  0x10A4, 0x10A4, 0x10A4, 0x10A4, 0x10A4, 0x10A4, 0x10A4, 0x10A4, 0x10A4, 0x10A4, 0x10A4, 0x10A4, 0x10A4, 0x10A4, 0x10A4, 0x10A4,
  0x10A4, 0x10A4, 0x10A4, 0x10A4, 0x10A4, 0x10A4, 0x10A4, 0x10A4, 0x10A4, 0x10A4, 0x10A4, 0x10A4, 0x10A4, 0x10A4, 0x10A4, 0x10A4,
  0x10A4, 0x10A4, 0x10A4, 0x10A4, 0x10A4, 0x10A4, 0x10A4, 0x10A4, 0x10A4, 0x10A4, 0x10A4, 0x10A4, 0x10A4, 0x10A4, 0x10A4, 0x10A4,
  0x10A4, 0x10A4, 0x10A4, 0x10A4, 0x10A4, 0x10A4, 0x10A4, 0x10A4, 0x10A4, 0x10A4, 0x10A4, 0x10A4, 0x10A4, 0x10A4, 0x10A4, 0x10A4,
  0x10A4, 0x10A4, 0x10A4, 0x10A4, 0x10A4, 0x10A4, 0x10A4, 0x10A4, 0x10A4, 0x10A4, 0x10A4, 0x10A4, 0x10A4, 0x10A4, 0x10A4, 0x10A4,
  0x10A4, 0x10A4, 0x10A4, 0x10A4, 0x10A4, 0x10A4, 0x10A4, 0x10A4, 0x10A4, 0x10A4, 0x10A4, 0x10A4, 0x10A4, 0x10A4, 0x10A4, 0x10A4,
  0x10A4, 0x10C4, 0x10C4, 0x10C4, 0x10C5, 0x10E5, 0x1105, 0x1125, 0x1126, 0x1146, 0x1166, 0x1125, 0x11C8, 0x0CB1, 0x0698, 0x0573,
  0x0ACB, 0x1105, 0x1022, 0x1022, 0x1043, 0x1043, 0x1063, 0x1063, 0x1043, 0x1043, 0x1022, 0x1022, 0x1125, 0x0ACB, 0x0554, 0x0697,
  0x0CB1, 0x11E8, 0x1146, 0x11A7, 0x1187, 0x1166, 0x1166, 0x1146, 0x1146, 0x1126, 0x1126, 0x1125, 0x1126, 0x1126, 0x1126, 0x1126,
  0x1126, 0x1126, 0x1126, 0x1126, 0x1126, 0x1126, 0x1146, 0x1146, 0x1146, 0x1146, 0x1146, 0x1146, 0x1146, 0x1146, 0x1146, 0x1146,
  0x1146, 0x1146, 0x1146, 0x1146, 0x1146, 0x1146, 0x1146, 0x1146, 0x1146, 0x1146, 0x1146, 0x1126, 0x1126, 0x1126, 0x1126, 0x1126,
  0x1125, 0x1125, 0x1125, 0x1125, 0x1105, 0x1105, 0x1105, 0x1105, 0x1105, 0x1105, 0x1125, 0x08A5, 0x21C6, 0x8E4B, 0x3B89, 0x0167,
  0x11E8, 0x09C8, 0x09C8, 0x09C8, 0x09C8, 0x09C8, 0x09C8, 0x09C7, 0x09C7, 0x09A7, 0x09A7, 0x09A7, 0x11A7, 0x11A7, 0x11A7, 0x09A7,
  0x11A7, 0x11A7, 0x09A7, 0x09A7, 0x11A7, 0x11A7, 0x11A7, 0x11A7, 0x11A7, 0x09A7, 0x11A7, 0x1126, 0x0C30, 0x0594, 0x1022, 0x1084,
  0x10C4, 0x10C4, 0x10C4, 0x10C4, 0x10C4, 0x10C4, 0x10C4, 0x10C4, 0x10C4, 0x10C4, 0x10C4, 0x10C4, 0x10C4, 0x10C4, 0x10C4, 0x10C4,
  0x10C4, 0x10C4, 0x10C4, 0x10C4, 0x10C4, 0x10C4, 0x10C4, 0x10C4, 0x10C4, 0x10C4, 0x10C4, 0x10C4, 0x10C4, 0x10C4, 0x10C4, 0x10C4,
  0x10C4, 0x10C4, 0x10C4, 0x10C4, 0x10C4, 0x10C4, 0x10C4, 0x10C4, 0x10C4, 0x10C4, 0x10C4, 0x10C4, 0x10C4, 0x10C4, 0x10C4, 0x10C4,
  0x10C4, 0x10C4, 0x10C4, 0x10C4, 0x10C4, 0x10C4, 0x10C4, 0x10C4, 0x10C4, 0x10C4, 0x10C4, 0x10C4, 0x10C4, 0x10C4, 0x10C4, 0x10C4,
  0x10C4, 0x10C4, 0x10C4, 0x10C4, 0x10C4, 0x10C4, 0x10C4, 0x10C4, 0x10C4, 0x10C4, 0x10C4, 0x10C4, 0x10C4, 0x10C4, 0x10C4, 0x10C4,
  0x10C4, 0x10C4, 0x10C4, 0x10C4, 0x0823, 0x2185, 0x6E0D, 0x1A28, 0x0967, 0x1187, 0x1187, 0x1187, 0x1187, 0x1187, 0x1187, 0x1187,
  0x10A4, 0x10A4, 0x10A4, 0x10A4, 0x10A4, 0x10A4, 0x10A4, 0x10A4, 0x10A4, 0x10A4, 0x10A4, 0x10A4, 0x10A4, 0x10A4, 0x10A4, 0x10A4,
  0x10A4, 0x10A4, 0x10A4, 0x10A4, 0x10A4, 0x10A4, 0x10A4, 0x10A4, 0x10A4, 0x10A4, 0x10A4, 0x10A4, 0x10A4, 0x10A4, 0x10A4, 0x10A4,
  0x10A4, 0x10A4, 0x10A4, 0x10A4, 0x10A4, 0x10A4, 0x10A4, 0x10A4, 0x10A4, 0x10A4, 0x10A4, 0x10A4, 0x10A4, 0x10A4, 0x10A4, 0x10A4,
  0x10A4, 0x10A4, 0x10A4, 0x10A4, 0x10A4, 0x10A4, 0x10A4, 0x10A4, 0x10A4, 0x10A4, 0x10A4, 0x10A4, 0x10A4, 0x10A4, 0x10A4, 0x10A4,
  0x10A4, 0x10A4, 0x10A4, 0x10A4, 0x10A4, 0x10A4, 0x10A4, 0x10A4, 0x10A4, 0x10A4, 0x10A4, 0x10A4, 0x10A4, 0x10A4, 0x10A4, 0x10A4,
  0x10A4, 0x10A4, 0x10A4, 0x10A4, 0x10A4, 0x10A4, 0x10A4, 0x10A4, 0x10A4, 0x10A4, 0x10A4, 0x10A4, 0x10A4, 0x10A4, 0x10A4, 0x10A4,
  0x10C4, 0x10C4, 0x10C4, 0x10E5, 0x10E5, 0x1105, 0x1105, 0x1126, 0x1146, 0x1166, 0x1125, 0x0B4D, 0x06B8, 0x0553, 0x09E8, 0x1022,
  0x1043, 0x1084, 0x18E5, 0x1905, 0x1905, 0x1905, 0x1906, 0x1906, 0x1905, 0x1905, 0x1905, 0x18E5, 0x10A4, 0x1043, 0x1043, 0x0A09,
  0x0594, 0x0677, 0x0B4D, 0x1146, 0x11A7, 0x1187, 0x1166, 0x1166, 0x1146, 0x1146, 0x1126, 0x1126, 0x1126, 0x1126, 0x1126, 0x1126,
  0x1126, 0x1126, 0x1126, 0x1126, 0x1126, 0x1126, 0x1126, 0x1146, 0x1146, 0x1146, 0x1146, 0x1146, 0x1146, 0x1146, 0x1146, 0x1146,
  0x1146, 0x1146, 0x1146, 0x1146, 0x1146, 0x1146, 0x1146, 0x1146, 0x1146, 0x1126, 0x1126, 0x1126, 0x1126, 0x1126, 0x1126, 0x1126,
  0x1125, 0x1125, 0x1125, 0x1125, 0x1105, 0x1105, 0x1105, 0x1105, 0x1105, 0x1125, 0x08C5, 0x21A6, 0x860B, 0x3BA9, 0x0167, 0x11E8,
  0x09C8, 0x09C8, 0x09C8, 0x09C8, 0x09C7, 0x09C8, 0x09C7, 0x09A7, 0x09A7, 0x09A7, 0x11A7, 0x09A7, 0x11A7, 0x09A7, 0x09A7, 0x11A7,
  0x11A7, 0x09A7, 0x11A7, 0x11A7, 0x11A7, 0x11A7, 0x11A7, 0x11A7, 0x11A7, 0x1187, 0x11A7, 0x1126, 0x05D5, 0x0B0C, 0x1043, 0x10C4,
  0x10A4, 0x10A4, 0x10A4, 0x10A4, 0x10A4, 0x10A4, 0x10A4, 0x10A4, 0x10A4, 0x10A4, 0x10A4, 0x10A4, 0x10A4, 0x10A4, 0x10A4, 0x10A4,
  0x10A4, 0x10A4, 0x10A4, 0x10A4, 0x10A4, 0x10A4, 0x10A4, 0x10A4, 0x10A4, 0x10A4, 0x10A4, 0x10A4, 0x10A4, 0x10A4, 0x10A4, 0x10A4,
  0x10A4, 0x10A4, 0x10A4, 0x10A4, 0x10A4, 0x10A4, 0x10A4, 0x10A4, 0x10A4, 0x10A4, 0x10A4, 0x10A4, 0x10A4, 0x10A4, 0x10A4, 0x10A4,
  0x10A4, 0x10A4, 0x10A4, 0x10A4, 0x10A4, 0x10A4, 0x10A4, 0x10A4, 0x10A4, 0x10A4, 0x10A4, 0x10A4, 0x10A4, 0x10A4, 0x10A4, 0x10A4,
  0x10A4, 0x10A4, 0x10A4, 0x10A4, 0x10A4, 0x10A4, 0x10A4, 0x10A4, 0x10A4, 0x10A4, 0x10A4, 0x10A4, 0x10A4, 0x10A4, 0x10A4, 0x10A4,
  0x10A4, 0x10A4, 0x10A4, 0x10A4, 0x10C4, 0x0843, 0x5CEB, 0x3BAA, 0x0126, 0x11A7, 0x1187, 0x1187, 0x1187, 0x1187, 0x1187, 0x1187,
  0x10A4, 0x10A4, 0x10A4, 0x10A4, 0x10A4, 0x10A4, 0x10A4, 0x10A4, 0x10A4, 0x10A4, 0x10A4, 0x10A4, 0x10A4, 0x10A4, 0x10A4, 0x10A4,
  0x10A4, 0x10A4, 0x10A4, 0x10A4, 0x10A4, 0x10A4, 0x10A4, 0x10A4, 0x10A4, 0x10A4, 0x10A4, 0x10A4, 0x10A4, 0x10A4, 0x10A4, 0x10A4,
  0x10A4, 0x10A4, 0x10A4, 0x10A4, 0x10A4, 0x10A4, 0x10A4, 0x10A4, 0x10A4, 0x10A4, 0x10A4, 0x10A4, 0x10A4, 0x10A4, 0x10A4, 0x10A4,
  0x10A4, 0x10A4, 0x10A4, 0x10A4, 0x10A4, 0x10A4, 0x10A4, 0x10A4, 0x10A4, 0x10A4, 0x10A4, 0x10A4, 0x10A4, 0x10A4, 0x10A4, 0x10A4,
  0x10A4, 0x10A4, 0x10A4, 0x10A4, 0x10A4, 0x10A4, 0x10A4, 0x10A4, 0x10A4, 0x10A4, 0x10A4, 0x10A4, 0x10A4, 0x10A4, 0x10A4, 0x10A4,
  0x10A4, 0x10A4, 0x10A4, 0x10A4, 0x10A4, 0x10A4, 0x10A4, 0x10A4, 0x10A4, 0x10A4, 0x10A4, 0x10A4, 0x10A4, 0x10A4, 0x10A4, 0x10A4,
  0x10C4, 0x10C4, 0x10C4, 0x10E5, 0x10E5, 0x1105, 0x1126, 0x1146, 0x1166, 0x1146, 0x0CB1, 0x06D8, 0x0AEB, 0x1043, 0x1043, 0x10E5,
  0x1905, 0x1905, 0x18E5, 0x10C4, 0x10A4, 0x10A4, 0x10A4, 0x10A4, 0x10A4, 0x10A4, 0x10C4, 0x18E5, 0x1905, 0x1905, 0x10E5, 0x1043,
  0x1043, 0x0AEC, 0x06B8, 0x0CB1, 0x1187, 0x11A7, 0x1187, 0x1166, 0x1166, 0x1146, 0x1146, 0x1146, 0x1126, 0x1126, 0x1126, 0x1126,
  0x1126, 0x1126, 0x1126, 0x1126, 0x1126, 0x1126, 0x1126, 0x1146, 0x1146, 0x1146, 0x1146, 0x1146, 0x1146, 0x1146, 0x1146, 0x1146,
  0x1146, 0x1146, 0x1146, 0x1146, 0x1146, 0x1146, 0x1146, 0x1126, 0x1126, 0x1126, 0x1126, 0x1126, 0x1126, 0x1126, 0x1126, 0x1125,
  0x1125, 0x1125, 0x1105, 0x1105, 0x1105, 0x1105, 0x1105, 0x1105, 0x1125, 0x08C5, 0x1986, 0x7DEB, 0x4C0A, 0x0167, 0x11E8, 0x09C8,
  0x09C8, 0x09C8, 0x09C8, 0x09C7, 0x09C7, 0x09C7, 0x09C7, 0x09C7, 0x09A7, 0x11A7, 0x09A7, 0x11A7, 0x09A7, 0x09A7, 0x09A7, 0x09A7,
  0x11A7, 0x11A7, 0x11A7, 0x11A7, 0x11A7, 0x11A7, 0x11A7, 0x11A7, 0x1187, 0x1187, 0x11A7, 0x1126, 0x0636, 0x0AAA, 0x1022, 0x10C4,
  0x10A4, 0x10A4, 0x10A4, 0x10A4, 0x10C4, 0x10C4, 0x10C4, 0x10C4, 0x10C4, 0x10C4, 0x10C4, 0x10C4, 0x10C4, 0x10C4, 0x10C4, 0x10C4,
  0x10C4, 0x10C4, 0x10C4, 0x10A4, 0x10A4, 0x10A4, 0x10A4, 0x10A4, 0x10A4, 0x10C4, 0x10A4, 0x10A4, 0x10A4, 0x10A4, 0x10A4, 0x10A4,
  0x10A4, 0x10A4, 0x10A4, 0x10A4, 0x10A4, 0x10C4, 0x10A4, 0x10A4, 0x10A4, 0x10A4, 0x10A4, 0x10A4, 0x10A4, 0x10A4, 0x10C4, 0x10C4,
  0x10C4, 0x10A4, 0x10A4, 0x10A4, 0x10A4, 0x10A4, 0x10A4, 0x10C4, 0x10C4, 0x10C4, 0x10C4, 0x10C4, 0x10C4, 0x10A4, 0x10A4, 0x10A4,
  0x10A4, 0x10C4, 0x10C4, 0x10C4, 0x10C4, 0x10C4, 0x10C4, 0x10C4, 0x10C4, 0x10C4, 0x10C4, 0x10C4, 0x10C4, 0x10C4, 0x10C4, 0x10C4,
  0x10A4, 0x10A4, 0x10A4, 0x10A4, 0x10C4, 0x0803, 0x5CAA, 0x43EA, 0x0106, 0x11A7, 0x1187, 0x1187, 0x1187, 0x1187, 0x1187, 0x1187,
  0x10A4, 0x10A4, 0x10A4, 0x10A4, 0x10A4, 0x10A4, 0x10A4, 0x10A4, 0x10A4, 0x10A4, 0x10A4, 0x10A4, 0x10A4, 0x10A4, 0x10A4, 0x10A4,
  0x10A4, 0x10A4, 0x10A4, 0x10A4, 0x10A4, 0x10A4, 0x10A4, 0x10A4, 0x10A4, 0x10A4, 0x10A4, 0x10A4, 0x10A4, 0x10A4, 0x10A4, 0x10A4,
  0x10A4, 0x10A4, 0x10A4, 0x10A4, 0x10A4, 0x10A4, 0x10A4, 0x10A4, 0x10A4, 0x10A4, 0x10A4, 0x10A4, 0x10A4, 0x10A4, 0x10A4, 0x10A4,
  0x10A4, 0x10A4, 0x10A4, 0x10A4, 0x10A4, 0x10A4, 0x10A4, 0x10A4, 0x10A4, 0x10A4, 0x10A4, 0x10A4, 0x10A4, 0x10A4, 0x10A4, 0x10A4,
  0x10A4, 0x10A4, 0x10A4, 0x10A4, 0x10A4, 0x10A4, 0x10A4, 0x10A4, 0x10A4, 0x10A4, 0x10A4, 0x10A4, 0x10A4, 0x10A4, 0x10A4, 0x10A4,
  0x10A4, 0x10A4, 0x10A4, 0x10A4, 0x10A4, 0x10A4, 0x10A4, 0x10A4, 0x10A4, 0x10A4, 0x10A4, 0x10A4, 0x10A4, 0x10A4, 0x10C4, 0x10C4,
  0x10C4, 0x10C4, 0x10E5, 0x10E5, 0x1105, 0x1126, 0x1146, 0x1166, 0x1146, 0x0594, 0x0616, 0x1126, 0x1022, 0x10C4, 0x1905, 0x1905,
  0x10C4, 0x10A4, 0x10A4, 0x10A4, 0x10A4, 0x10A4, 0x10A4, 0x10A4, 0x10A4, 0x10A4, 0x10A4, 0x10A4, 0x10A4, 0x10C4, 0x1905, 0x1905,
  0x10C4, 0x1022, 0x1146, 0x0636, 0x0594, 0x1187, 0x11A7, 0x0987, 0x1167, 0x1166, 0x1146, 0x1146, 0x1146, 0x1126, 0x1126, 0x1126,
  0x1126, 0x1126, 0x1126, 0x1126, 0x1126, 0x1126, 0x1126, 0x1126, 0x1126, 0x1126, 0x1146, 0x1146, 0x1146, 0x1146, 0x1146, 0x1146,
  0x1146, 0x1146, 0x1146, 0x1146, 0x1146, 0x1126, 0x1146, 0x1126, 0x1126, 0x1126, 0x1126, 0x1126, 0x1126, 0x1126, 0x1126, 0x1125,
  0x1125, 0x1125, 0x1125, 0x1105, 0x1105, 0x1105, 0x1105, 0x1125, 0x08C5, 0x1966, 0x7DCB, 0x4C0A, 0x0167, 0x11E8, 0x09C8, 0x09C8,
  0x11C8, 0x09C8, 0x09C8, 0x09C7, 0x11C7, 0x09A7, 0x09A7, 0x09A7, 0x09A7, 0x09A7, 0x09A7, 0x09A7, 0x11A7, 0x11A7, 0x09A7, 0x11A7,
  0x09A7, 0x11A7, 0x11A7, 0x11A7, 0x11A7, 0x11A7, 0x11A7, 0x1187, 0x1187, 0x1187, 0x11A7, 0x1126, 0x0636, 0x0AAB, 0x1022, 0x10C4,
  0x10A4, 0x10A4, 0x10A4, 0x0863, 0x0043, 0x0043, 0x0043, 0x0043, 0x0043, 0x0043, 0x0043, 0x0043, 0x0043, 0x0043, 0x0043, 0x0043,
  0x0043, 0x0043, 0x0043, 0x0863, 0x10A4, 0x10A4, 0x10A4, 0x10A4, 0x0863, 0x0043, 0x0863, 0x10A4, 0x10A4, 0x10A4, 0x10A4, 0x10A4,
  0x10A4, 0x10A4, 0x10A4, 0x1084, 0x0043, 0x0043, 0x0883, 0x10A4, 0x10A4, 0x10A4, 0x10A4, 0x10A4, 0x10A4, 0x0863, 0x0043, 0x0043,
  0x0043, 0x0043, 0x10A4, 0x10A4, 0x10A4, 0x10A4, 0x0883, 0x0043, 0x0043, 0x0043, 0x0043, 0x0043, 0x0043, 0x0863, 0x10A4, 0x1084,
  0x0043, 0x0043, 0x0043, 0x0043, 0x0043, 0x0043, 0x0043, 0x0043, 0x0043, 0x0043, 0x0043, 0x0043, 0x0043, 0x0043, 0x0043, 0x0043,
  0x0884, 0x10A4, 0x10A4, 0x10A4, 0x10C4, 0x0803, 0x5CCA, 0x43EA, 0x0106, 0x11A7, 0x1187, 0x1187, 0x1187, 0x1187, 0x1187, 0x1187,
  0x10A4, 0x10A4, 0x10A4, 0x10A4, 0x10A4, 0x10A4, 0x10A4, 0x10A4, 0x10A4, 0x10A4, 0x10A4, 0x10A4, 0x10A4, 0x10A4, 0x10A4, 0x10A4,
  0x10A4, 0x10A4, 0x10A4, 0x10A4, 0x10A4, 0x10A4, 0x10A4, 0x10A4, 0x10A4, 0x10A4, 0x10A4, 0x10A4, 0x10A4, 0x10A4, 0x10A4, 0x10A4,
  0x10A4, 0x10A4, 0x10A4, 0x10A4, 0x10A4, 0x10A4, 0x10A4, 0x10A4, 0x10A4, 0x10A4, 0x10A4, 0x10A4, 0x10A4, 0x10A4, 0x10A4, 0x10A4,
  0x10A4, 0x10A4, 0x10A4, 0x10A4, 0x10A4, 0x10A4, 0x10A4, 0x10A4, 0x10A4, 0x10A4, 0x10A4, 0x10A4, 0x10A4, 0x10A4, 0x10A4, 0x10A4,
  0x10A4, 0x10A4, 0x10A4, 0x10A4, 0x10A4, 0x10A4, 0x10A4, 0x10A4, 0x10A4, 0x10A4, 0x10A4, 0x10A4, 0x10A4, 0x10A4, 0x10A4, 0x10A4,
  0x10A4, 0x10A4, 0x10A4, 0x10A4, 0x10A4, 0x10A4, 0x10A4, 0x10A4, 0x10A4, 0x10A4, 0x10A4, 0x10A4, 0x10A4, 0x10A4, 0x10A4, 0x10C4,
  0x10C4, 0x10E5, 0x10E5, 0x1105, 0x1125, 0x1146, 0x1166, 0x1146, 0x0594, 0x05D5, 0x10A4, 0x1063, 0x1905, 0x2105, 0x10C4, 0x10A4,
  0x10A4, 0x10A4, 0x10A4, 0x10A4, 0x10A4, 0x10A4, 0x10A4, 0x10A4, 0x10A4, 0x10A4, 0x10A4, 0x10A4, 0x10A4, 0x10A4, 0x10A4, 0x10C4,
  0x2105, 0x18E5, 0x1063, 0x10C4, 0x05F5, 0x0574, 0x1187, 0x11A7, 0x1187, 0x1167, 0x1166, 0x1146, 0x1146, 0x1126, 0x1126, 0x1125,
  0x1125, 0x1126, 0x1126, 0x1126, 0x1126, 0x1126, 0x1126, 0x1126, 0x1126, 0x1126, 0x1146, 0x1146, 0x1126, 0x1146, 0x1146, 0x1146,
  0x1146, 0x1146, 0x1146, 0x1126, 0x1146, 0x1126, 0x1126, 0x1126, 0x1126, 0x1126, 0x1126, 0x1126, 0x1126, 0x1126, 0x1126, 0x1126,
  0x1125, 0x1125, 0x1105, 0x1105, 0x1105, 0x1105, 0x1125, 0x08C5, 0x1966, 0x7DCB, 0x548A, 0x0167, 0x11E8, 0x09C8, 0x09C8, 0x09C8,
  0x09C8, 0x11C8, 0x09C8, 0x11C7, 0x11C8, 0x09A7, 0x09A7, 0x11A7, 0x09A7, 0x09A7, 0x09A7, 0x09A7, 0x09A7, 0x11A7, 0x11A7, 0x11A7,
  0x09A7, 0x11A7, 0x09A7, 0x1187, 0x11A7, 0x0987, 0x1187, 0x1187, 0x1187, 0x1187, 0x11A7, 0x1126, 0x0616, 0x0AAB, 0x1022, 0x10C4,
  0x10A4, 0x10A4, 0x0883, 0x31A8, 0x424A, 0x422A, 0x422A, 0x422A, 0x422A, 0x422A, 0x422A, 0x422A, 0x422A, 0x422A, 0x422A, 0x422A,
  0x422A, 0x422A, 0x424A, 0x31A8, 0x1084, 0x10A4, 0x10A4, 0x1084, 0x31A8, 0x424A, 0x31A8, 0x1084, 0x10A4, 0x10A4, 0x10A4, 0x10A4,
  0x10A4, 0x10A4, 0x1084, 0x18E5, 0x4229, 0x424A, 0x2126, 0x0884, 0x10A4, 0x10A4, 0x10A4, 0x10A4, 0x1084, 0x31C8, 0x424A, 0x422A,
  0x424A, 0x4229, 0x10C4, 0x10A4, 0x10A4, 0x0884, 0x2146, 0x424A, 0x424A, 0x424A, 0x424A, 0x422A, 0x424A, 0x31A8, 0x0883, 0x18E5,
  0x422A, 0x424A, 0x422A, 0x422A, 0x422A, 0x422A, 0x422A, 0x422A, 0x422A, 0x422A, 0x422A, 0x422A, 0x422A, 0x424A, 0x424A, 0x424A,
  0x1905, 0x0884, 0x10A4, 0x10A4, 0x10C4, 0x0803, 0x5CCA, 0x43EA, 0x0106, 0x11A7, 0x1187, 0x1187, 0x1187, 0x1187, 0x1187, 0x1187,
  0x10A4, 0x10A4, 0x10A4, 0x10A4, 0x10A4, 0x10A4, 0x10A4, 0x10A4, 0x10A4, 0x10A4, 0x10A4, 0x10A4, 0x10A4, 0x10A4, 0x10A4, 0x10A4,
  0x10A4, 0x10A4, 0x10A4, 0x10A4, 0x10A4, 0x10A4, 0x10A4, 0x10A4, 0x10A4, 0x10A4, 0x10A4, 0x10A4, 0x10A4, 0x10A4, 0x10A4, 0x10A4,
  0x10A4, 0x10A4, 0x10A4, 0x10A4, 0x10A4, 0x10A4, 0x10A4, 0x10A4, 0x10A4, 0x10A4, 0x10A4, 0x10A4, 0x10A4, 0x10A4, 0x10A4, 0x10A4,
  0x10A4, 0x10A4, 0x10A4, 0x10A4, 0x10A4, 0x10A4, 0x10A4, 0x10A4, 0x10A4, 0x10A4, 0x10A4, 0x10A4, 0x10A4, 0x10A4, 0x10A4, 0x10A4,
  0x10A4, 0x10A4, 0x10A4, 0x10A4, 0x10A4, 0x10A4, 0x10A4, 0x10A4, 0x10A4, 0x10A4, 0x10A4, 0x10A4, 0x10A4, 0x10A4, 0x10A4, 0x10A4,
  0x10A4, 0x10A4, 0x10A4, 0x10A4, 0x10A4, 0x10A4, 0x10A4, 0x10A4, 0x10A4, 0x10A4, 0x10A4, 0x10A4, 0x10A4, 0x10A4, 0x10A4, 0x10C4,
  0x10C4, 0x10E5, 0x1105, 0x1105, 0x1126, 0x1166, 0x1105, 0x0512, 0x0616, 0x10A4, 0x1063, 0x1905, 0x1905, 0x10A4, 0x10A4, 0x10A4,
  0x10A4, 0x10A4, 0x10A4, 0x10A4, 0x10A4, 0x10A4, 0x10A4, 0x10A4, 0x10A4, 0x10A4, 0x10A4, 0x10A4, 0x10A4, 0x10A4, 0x10A4, 0x10A4,
  0x10A4, 0x1905, 0x1905, 0x1063, 0x10C4, 0x0616, 0x0513, 0x1166, 0x09A7, 0x1187, 0x1167, 0x1146, 0x1146, 0x1126, 0x1126, 0x1126,
  0x1126, 0x1126, 0x1125, 0x1126, 0x1126, 0x1126, 0x1126, 0x1126, 0x1126, 0x1126, 0x1146, 0x1126, 0x1126, 0x1146, 0x1146, 0x1146,
  0x1146, 0x1146, 0x1126, 0x1126, 0x1126, 0x1126, 0x1126, 0x1126, 0x1126, 0x1126, 0x1126, 0x1126, 0x1126, 0x1126, 0x1125, 0x1125,
  0x1125, 0x1125, 0x1105, 0x1105, 0x1105, 0x1125, 0x08E5, 0x1166, 0x75CB, 0x54CB, 0x0987, 0x11C8, 0x11C8, 0x09C8, 0x09C8, 0x09C8,
  0x09C8, 0x09C7, 0x11A7, 0x09A7, 0x09A7, 0x09A7, 0x11A7, 0x09A7, 0x09A7, 0x09A7, 0x11A7, 0x11A7, 0x09A7, 0x11A7, 0x09A7, 0x09A7,
  0x11A7, 0x11A7, 0x11A7, 0x11A7, 0x09A7, 0x1187, 0x1187, 0x1187, 0x1187, 0x1187, 0x11A7, 0x1126, 0x0636, 0x0AAA, 0x1023, 0x10C4,
  0x10A4, 0x10C4, 0x0002, 0xB5B7, 0xFFFF, 0xFFFF, 0xFFFF, 0xFFFF, 0xFFFF, 0xFFFF, 0xFFFF, 0xFFFF, 0xFFFF, 0xFFFF, 0xFFFF, 0xFFFF,
  0xFFFF, 0xFFFF, 0xFFFF, 0xB5B7, 0x0863, 0x10A4, 0x10A4, 0x0863, 0xBDD8, 0xFFFF, 0xBDD7, 0x0043, 0x10C4, 0x10A4, 0x10A4, 0x10A4,
  0x10A4, 0x10A4, 0x0863, 0x31A8, 0xFFDF, 0xFFFF, 0x632E, 0x0022, 0x10C4, 0x10A4, 0x10A4, 0x10C4, 0x0043, 0xBDF8, 0xFFFF, 0xFFFF,
  0xFFFF, 0xF7BE, 0x2106, 0x0883, 0x10C4, 0x0002, 0x73D0, 0xFFFF, 0xFFFF, 0xFFFF, 0xFFFF, 0xFFFF, 0xFFFF, 0xAD96, 0x0001, 0x39E9,
  0xFFFF, 0xFFFF, 0xFFFF, 0xFFFF, 0xFFFF, 0xFFFF, 0xFFFF, 0xFFFF, 0xFFFF, 0xFFFF, 0xFFFF, 0xFFFF, 0xFFFF, 0xFFFF, 0xFFFF, 0xFFFF,
  0x52AB, 0x0022, 0x10C4, 0x10A4, 0x10C4, 0x0003, 0x5CCA, 0x43EA, 0x0106, 0x11A7, 0x1187, 0x1187, 0x1187, 0x1187, 0x1187, 0x1187,
  0x10A4, 0x10A4, 0x10A4, 0x10A4, 0x10A4, 0x10A4, 0x10A4, 0x10A4, 0x10A4, 0x10A4, 0x10A4, 0x10A4, 0x10A4, 0x10A4, 0x10A4, 0x10A4,
  0x10A4, 0x10A4, 0x10A4, 0x10A4, 0x10A4, 0x10A4, 0x10A4, 0x10A4, 0x10A4, 0x10A4, 0x10A4, 0x10A4, 0x10A4, 0x10A4, 0x10A4, 0x10A4,
  0x10A4, 0x10A4, 0x10A4, 0x10A4, 0x10A4, 0x10A4, 0x10A4, 0x10A4, 0x10A4, 0x10A4, 0x10A4, 0x10A4, 0x10A4, 0x10A4, 0x10A4, 0x10A4,
  0x10A4, 0x10A4, 0x10A4, 0x10A4, 0x10A4, 0x10A4, 0x10A4, 0x10A4, 0x10A4, 0x10A4, 0x10A4, 0x10A4, 0x10A4, 0x10A4, 0x10A4, 0x10A4,
  0x10A4, 0x10A4, 0x10A4, 0x10A4, 0x10A4, 0x10A4, 0x10A4, 0x10A4, 0x10A4, 0x10A4, 0x10A4, 0x10A4, 0x10A4, 0x10A4, 0x10A4, 0x10A4,
  0x10A4, 0x10A4, 0x10A4, 0x10A4, 0x10A4, 0x10A4, 0x10A4, 0x10A4, 0x10A4, 0x10A4, 0x10A4, 0x10A4, 0x10A4, 0x10A4, 0x10C4, 0x10C4,
  0x10E5, 0x10E5, 0x1105, 0x1126, 0x1166, 0x1105, 0x0BCE, 0x0677, 0x10E5, 0x1063, 0x1905, 0x18E5, 0x10A4, 0x10A4, 0x10A4, 0x10A4,
  0x10A4, 0x10A4, 0x10A4, 0x10A4, 0x10A4, 0x10A4, 0x10A4, 0x10A4, 0x10A4, 0x10A4, 0x10A4, 0x10A4, 0x10A4, 0x10A4, 0x10A4, 0x10A4,
  0x10A4, 0x10A4, 0x1905, 0x1905, 0x1063, 0x1105, 0x0697, 0x0BEE, 0x1146, 0x11A7, 0x1187, 0x1166, 0x1146, 0x1146, 0x1126, 0x1126,
  0x1126, 0x1125, 0x1126, 0x1125, 0x1126, 0x1126, 0x1126, 0x1126, 0x1126, 0x1126, 0x1126, 0x1126, 0x1126, 0x1126, 0x1126, 0x1126,
  0x1146, 0x1126, 0x1126, 0x1126, 0x1126, 0x1126, 0x1126, 0x1126, 0x1126, 0x1126, 0x1126, 0x1126, 0x1126, 0x1126, 0x1126, 0x1125,
  0x1125, 0x1125, 0x1105, 0x1105, 0x1125, 0x08E5, 0x1125, 0x75AB, 0x5D0B, 0x0987, 0x11C8, 0x11C8, 0x09C8, 0x11C8, 0x09C8, 0x09C8,
  0x11C7, 0x09C7, 0x09C7, 0x09A7, 0x09A7, 0x09A7, 0x09A7, 0x09A7, 0x09A7, 0x11A7, 0x11A7, 0x11A7, 0x11A7, 0x09A7, 0x09A7, 0x11A7,
  0x11A7, 0x11A7, 0x11A7, 0x1187, 0x1187, 0x1187, 0x1187, 0x11A7, 0x0987, 0x1187, 0x11A7, 0x1126, 0x0E15, 0x0AAA, 0x1023, 0x10C4,
  0x10A4, 0x10C4, 0x0022, 0xAD76, 0xFFFF, 0xFFDF, 0xF7DF, 0xFFDF, 0xFFDF, 0xFFDF, 0xFFDF, 0xFFDF, 0xFFDF, 0xFFDF, 0xFFDF, 0xFFDF,
  0xF7DF, 0xFFBF, 0xFFFF, 0xAD76, 0x0863, 0x10A4, 0x10A4, 0x0863, 0xB5B7, 0xFFFF, 0xB596, 0x0043, 0x10C4, 0x10C4, 0x10C5, 0x10C4,
  0x18C5, 0x10C5, 0x0863, 0x31A8, 0xEF7E, 0xFFFF, 0x630D, 0x0022, 0x10C4, 0x10A4, 0x10A4, 0x10C4, 0x0043, 0xB597, 0xFFFF, 0xFFDF,
  0xFFFF, 0xEF5D, 0x2126, 0x10A4, 0x18E5, 0x0043, 0x73AF, 0xFFFF, 0xFFDF, 0xFFFF, 0xFFFF, 0xFFDF, 0xFFFF, 0xA555, 0x0002, 0x39C8,
  0xF79E, 0xFFFF, 0xF7BF, 0xF7DF, 0xFFDF, 0xFFDF, 0xFFDF, 0xFFDF, 0xFFDF, 0xFFDF, 0xFFDF, 0xFFDF, 0xF7DF, 0xFFDF, 0xFFDF, 0xFFFF,
  0x4A8B, 0x0042, 0x10C4, 0x10A4, 0x10C4, 0x0003, 0x64CA, 0x43EA, 0x0106, 0x1187, 0x1187, 0x1187, 0x1187, 0x1187, 0x1187, 0x1187,
  0x10A4, 0x10A4, 0x10A4, 0x10A4, 0x10A4, 0x10A4, 0x10A4, 0x10A4, 0x10A4, 0x10A4, 0x10A4, 0x10A4, 0x10A4, 0x10A4, 0x10A4, 0x10A4,
  0x10A4, 0x10A4, 0x10A4, 0x10A4, 0x10A4, 0x10A4, 0x10A4, 0x10A4, 0x10A4, 0x10A4, 0x10A4, 0x10A4, 0x10A4, 0x10A4, 0x10A4, 0x10A4,
  0x10A4, 0x10A4, 0x10A4, 0x10A4, 0x10A4, 0x10A4, 0x10A4, 0x10A4, 0x10A4, 0x10A4, 0x10A4, 0x10A4, 0x10A4, 0x10A4, 0x10A4, 0x10A4,
  0x10A4, 0x10A4, 0x10A4, 0x10A4, 0x10A4, 0x10A4, 0x10A4, 0x10A4, 0x10A4, 0x10A4, 0x10A4, 0x10A4, 0x10A4, 0x10A4, 0x10A4, 0x10A4,
  0x10A4, 0x10A4, 0x10A4, 0x10A4, 0x10A4, 0x10A4, 0x10A4, 0x10A4, 0x10A4, 0x10A4, 0x10A4, 0x10A4, 0x10A4, 0x10A4, 0x10A4, 0x10A4,
  0x10A4, 0x10A4, 0x10A4, 0x10A4, 0x10A4, 0x10A4, 0x10A4, 0x10A4, 0x10A4, 0x10A4, 0x10A4, 0x10A4, 0x10A4, 0x10A4, 0x10C4, 0x10C4,
  0x10E5, 0x1105, 0x1105, 0x1146, 0x1146, 0x0A09, 0x06B8, 0x0A49, 0x1043, 0x1905, 0x18E5, 0x10A4, 0x10A4, 0x10A4, 0x10A4, 0x10A4,
  0x10A4, 0x10A4, 0x10A4, 0x10A4, 0x10A4, 0x10A4, 0x10A4, 0x10A4, 0x10A4, 0x10A4, 0x10A4, 0x10A4, 0x10A4, 0x10A4, 0x10A4, 0x10A4,
  0x10A4, 0x10A4, 0x10A4, 0x1905, 0x1905, 0x1022, 0x0A8A, 0x06D8, 0x0A49, 0x1187, 0x1187, 0x1167, 0x1166, 0x1146, 0x1146, 0x1126,
  0x1126, 0x1126, 0x1126, 0x1126, 0x1126, 0x1126, 0x1126, 0x1126, 0x1126, 0x1126, 0x1126, 0x1126, 0x1126, 0x1126, 0x1126, 0x1126,
  0x1126, 0x1126, 0x1126, 0x1126, 0x1126, 0x1126, 0x1126, 0x1126, 0x1126, 0x1126, 0x1126, 0x1126, 0x1126, 0x1125, 0x1125, 0x1125,
  0x1125, 0x1105, 0x1105, 0x1125, 0x08E5, 0x1125, 0x6D8B, 0x5D0B, 0x09A8, 0x09C8, 0x11C8, 0x09C8, 0x09C8, 0x09C8, 0x09C8, 0x09C8,
  0x09C8, 0x11C7, 0x09C7, 0x09A7, 0x11A7, 0x11A7, 0x11A7, 0x11A7, 0x09A7, 0x11A7, 0x11A7, 0x11A7, 0x09A7, 0x09A7, 0x11A7, 0x11A7,
  0x11A7, 0x11A7, 0x11A7, 0x1187, 0x1187, 0x1187, 0x1187, 0x1187, 0x1187, 0x1187, 0x11A7, 0x1126, 0x0E15, 0x0AAA, 0x1023, 0x10C4,
  0x10A4, 0x10C4, 0x0022, 0xAD76, 0xFFFF, 0xBDF8, 0x39E9, 0x422A, 0x422A, 0x422A, 0x422A, 0x422A, 0x422A, 0x422A, 0x422A, 0x422A,
  0x39E9, 0xBDD7, 0xFFFF, 0xAD76, 0x0863, 0x10A4, 0x10C4, 0x10A4, 0x3A09, 0x52CC, 0x39E9, 0x0863, 0x2146, 0xC618, 0xD69A, 0xCE59,
  0xCE7A, 0x9CD4, 0x0022, 0x1905, 0x4A6B, 0x52AC, 0x2946, 0x10A4, 0x10C4, 0x10C4, 0x10C4, 0x10C4, 0x0043, 0xB597, 0xFFFF, 0xFFDF,
  0xFFFF, 0xFFDF, 0xD69A, 0xCE9A, 0xCE7A, 0xCE59, 0xE71C, 0xFFFF, 0xFFFF, 0xFFFF, 0xFFFF, 0xFFDF, 0xFFFF, 0xAD55, 0x0002, 0x39C8,
  0xF79E, 0xFFFF, 0x73AF, 0x39C8, 0x422A, 0x424A, 0x422A, 0x422A, 0x422A, 0x422A, 0x422A, 0x422A, 0x39E9, 0x5B0D, 0xFFDF, 0xFFFF,
  0x4A8B, 0x0042, 0x10C4, 0x10A4, 0x10C4, 0x0003, 0x64CA, 0x43EA, 0x0106, 0x11A7, 0x1187, 0x1187, 0x1187, 0x1187, 0x1187, 0x1187,
  0x10A4, 0x10A4, 0x10A4, 0x10A4, 0x10A4, 0x10A4, 0x10A4, 0x10A4, 0x10A4, 0x10A4, 0x10A4, 0x10A4, 0x10A4, 0x10A4, 0x10A4, 0x10A4,
  0x10A4, 0x10A4, 0x10A4, 0x10A4, 0x10A4, 0x10A4, 0x10A4, 0x10A4, 0x10A4, 0x10A4, 0x10A4, 0x10A4, 0x10A4, 0x10A4, 0x10A4, 0x10A4,
  0x10A4, 0x10A4, 0x10A4, 0x10A4, 0x10A4, 0x10A4, 0x10A4, 0x10A4, 0x10A4, 0x10A4, 0x10A4, 0x10A4, 0x10A4, 0x10A4, 0x10A4, 0x10A4,
  0x10A4, 0x10A4, 0x10A4, 0x10A4, 0x10A4, 0x10A4, 0x10A4, 0x10A4, 0x10A4, 0x10A4, 0x10A4, 0x10A4, 0x10A4, 0x10A4, 0x10A4, 0x10A4,
  0x10A4, 0x10A4, 0x10A4, 0x10A4, 0x10A4, 0x10A4, 0x10A4, 0x10A4, 0x10A4, 0x10A4, 0x10A4, 0x10A4, 0x10A4, 0x10A4, 0x10A4, 0x10A4,
  0x10A4, 0x10A4, 0x10A4, 0x10A4, 0x10A4, 0x10A4, 0x10A4, 0x10A4, 0x10A4, 0x10A4, 0x10A4, 0x10A4, 0x10A4, 0x10C4, 0x10C4, 0x10E5,
  0x10E5, 0x1105, 0x1126, 0x1166, 0x1105, 0x0574, 0x0C91, 0x1022, 0x10E5, 0x1905, 0x10A4, 0x10A4, 0x10A4, 0x10A4, 0x10A4, 0x10A4,
  0x10A4, 0x10A4, 0x10A4, 0x10A4, 0x10A4, 0x10A4, 0x10A4, 0x0064, 0x0864, 0x0884, 0x10A4, 0x10A4, 0x10A4, 0x10A4, 0x10A4, 0x10A4,
  0x10A4, 0x10A4, 0x10A4, 0x10A4, 0x1905, 0x10E5, 0x1022, 0x0CD2, 0x0574, 0x1166, 0x09A7, 0x1187, 0x1166, 0x1146, 0x1146, 0x1126,
  0x1126, 0x1126, 0x1125, 0x1125, 0x1126, 0x1126, 0x1126, 0x1126, 0x1126, 0x1126, 0x1126, 0x1126, 0x1126, 0x1126, 0x1126, 0x1126,
  0x1126, 0x1126, 0x1126, 0x1126, 0x1126, 0x1126, 0x1126, 0x1126, 0x1126, 0x1126, 0x1126, 0x1126, 0x1126, 0x1125, 0x1125, 0x1125,
  0x1105, 0x1105, 0x1125, 0x1105, 0x08E5, 0x6D4B, 0x5D2B, 0x09A8, 0x09C8, 0x11C8, 0x09C8, 0x09C8, 0x11C8, 0x09C8, 0x11C8, 0x11C7,
  0x09C7, 0x09A7, 0x09A7, 0x09A7, 0x09A7, 0x11A7, 0x11A7, 0x09A7, 0x09A7, 0x09A7, 0x11A7, 0x09A7, 0x09A7, 0x11A7, 0x0987, 0x1187,
  0x09A7, 0x1187, 0x1187, 0x1187, 0x1187, 0x1187, 0x0987, 0x1187, 0x1187, 0x1187, 0x1187, 0x1126, 0x0E15, 0x12AA, 0x1023, 0x10C4,
  0x10A4, 0x10C4, 0x0022, 0xAD76, 0xFFFF, 0xAD56, 0x0002, 0x0863, 0x0001, 0x0001, 0x0001, 0x0001, 0x0001, 0x0001, 0x0001, 0x0863,
  0x0002, 0xA535, 0xFFFF, 0xAD56, 0x0863, 0x10A4, 0x0022, 0x0022, 0x0001, 0x0000, 0x0002, 0x0883, 0x2967, 0xF7BE, 0xFFFF, 0xFFFF,
  0xFFFF, 0xCE7A, 0x0022, 0x10A4, 0x0001, 0x0001, 0x0002, 0x0022, 0x0022, 0x0022, 0x0022, 0x10A4, 0x0043, 0xBDF8, 0xFFFF, 0xFFFF,
  0xFFFF, 0xFFFF, 0xFFFF, 0xFFFF, 0xFFFF, 0xFFFF, 0xFFFF, 0xFFFF, 0xFFFF, 0xFFFF, 0xFFFF, 0xFFFF, 0xFFFF, 0xAD55, 0x0002, 0x39C8,
  0xF79E, 0xFFFF, 0x4A6A, 0x0002, 0x0022, 0x0001, 0x0001, 0x0001, 0x0001, 0x0001, 0x0001, 0x0022, 0x0022, 0x2987, 0xF7BE, 0xFFFF,
  0x4A8B, 0x0042, 0x10C4, 0x10A4, 0x10C4, 0x0003, 0x64A9, 0x43E9, 0x0106, 0x1187, 0x1187, 0x1187, 0x1187, 0x1187, 0x1187, 0x1187,
  0x10A4, 0x10A4, 0x10A4, 0x10A4, 0x10A4, 0x10A4, 0x10A4, 0x10A4, 0x10A4, 0x10A4, 0x10A4, 0x10A4, 0x10A4, 0x10A4, 0x10A4, 0x10A4,
  0x10A4, 0x10A4, 0x10A4, 0x10A4, 0x10A4, 0x10A4, 0x10A4, 0x10A4, 0x10A4, 0x10A4, 0x10A4, 0x10A4, 0x10A4, 0x10A4, 0x10A4, 0x10A4,
  0x10A4, 0x10A4, 0x10A4, 0x10A4, 0x10A4, 0x10A4, 0x10A4, 0x10A4, 0x10A4, 0x10A4, 0x10A4, 0x10A4, 0x10A4, 0x10A4, 0x10A4, 0x10A4,
  0x10A4, 0x10A4, 0x10A4, 0x10A4, 0x10A4, 0x10A4, 0x10A4, 0x10A4, 0x10A4, 0x10A4, 0x10A4, 0x10A4, 0x10A4, 0x10A4, 0x10A4, 0x10A4,
  0x10A4, 0x10A4, 0x10A4, 0x10A4, 0x10A4, 0x10A4, 0x10A4, 0x10A4, 0x10A4, 0x10A4, 0x10A4, 0x10A4, 0x10A4, 0x10A4, 0x10A4, 0x10A4,
  0x10A4, 0x10A4, 0x10A4, 0x10A4, 0x10A4, 0x10A4, 0x10A4, 0x10A4, 0x10A4, 0x10A4, 0x10A4, 0x10A4, 0x10A4, 0x10C4, 0x10C4, 0x10E5,
  0x10E5, 0x1125, 0x1146, 0x1126, 0x0ACB, 0x0697, 0x1126, 0x1083, 0x1905, 0x10C4, 0x10A4, 0x10A4, 0x10A4, 0x10A4, 0x10A4, 0x10A4,
  0x10A4, 0x10A4, 0x10A4, 0x10A4, 0x10A4, 0x10A4, 0x0044, 0x72C2, 0xB481, 0x2943, 0x0884, 0x10A4, 0x10A4, 0x10A4, 0x10A4, 0x10A4,
  0x10A4, 0x10A4, 0x10A4, 0x10A4, 0x10C4, 0x1906, 0x1083, 0x1126, 0x0697, 0x0AEB, 0x1167, 0x11A7, 0x1166, 0x1166, 0x1146, 0x1126,
  0x1126, 0x1126, 0x1126, 0x1125, 0x1126, 0x1126, 0x1126, 0x1126, 0x1126, 0x1126, 0x1126, 0x1126, 0x1126, 0x1126, 0x1126, 0x1126,
  0x1126, 0x1126, 0x1126, 0x1126, 0x1126, 0x1126, 0x1126, 0x1126, 0x1126, 0x1126, 0x1126, 0x1126, 0x1125, 0x1125, 0x1125, 0x1125,
  0x1105, 0x1125, 0x1105, 0x08E5, 0x5CEA, 0x5D2B, 0x09A8, 0x09C8, 0x11C8, 0x09C8, 0x09C8, 0x11C8, 0x11C8, 0x09C8, 0x09C8, 0x09C7,
  0x09A7, 0x09C7, 0x11A7, 0x09A7, 0x09A7, 0x09A7, 0x09A7, 0x09A7, 0x11A7, 0x11A7, 0x11A7, 0x11A7, 0x11A7, 0x11A7, 0x11A7, 0x1187,
  0x1187, 0x1187, 0x1187, 0x1187, 0x1187, 0x1187, 0x1187, 0x1187, 0x1187, 0x1187, 0x1187, 0x1126, 0x0E15, 0x12AA, 0x1023, 0x10C4,
  0x10A4, 0x10C4, 0x0022, 0xAD76, 0xFFFF, 0xAD96, 0x0863, 0x1905, 0x7BF0, 0x8C72, 0x8C52, 0x8C52, 0x8C52, 0x8C52, 0x8411, 0x18E5,
  0x0863, 0xAD56, 0xFFFF, 0xAD76, 0x0043, 0x18E5, 0x7BF0, 0x8C52, 0x8431, 0x8C72, 0x634E, 0x0863, 0x2987, 0xEF5D, 0xFFFF, 0xBDF8,
  0x94B3, 0x73AF, 0x0043, 0x2126, 0x7C11, 0x8C52, 0x8451, 0x8451, 0x8431, 0x8451, 0x7BF0, 0x2126, 0x0863, 0x73AF, 0x9D14, 0x9CF4,
  0x9CD4, 0xA535, 0xFFDF, 0xFFDF, 0xBDF8, 0x8C72, 0xC639, 0xFFFF, 0xFFDF, 0xA514, 0x94B3, 0xDEDB, 0xFFFF, 0xA535, 0x0002, 0x39C8,
  0xF79E, 0xFFFF, 0x52AC, 0x0022, 0x422A, 0x8C92, 0x8451, 0x8C52, 0x8C52, 0x8451, 0x8C72, 0x5ACC, 0x0042, 0x39E9, 0xF7BE, 0xFFFF,
  0x4A8B, 0x0042, 0x10C4, 0x10A4, 0x10C4, 0x0003, 0x64A9, 0x43E9, 0x0106, 0x1187, 0x1187, 0x1187, 0x1187, 0x1187, 0x1187, 0x1187,
  0x10A4, 0x10A4, 0x10A4, 0x10A4, 0x10A4, 0x10A4, 0x10A4, 0x10A4, 0x10A4, 0x10A4, 0x10A4, 0x10A4, 0x10A4, 0x10A4, 0x10A4, 0x10A4,
  0x10A4, 0x10A4, 0x10A4, 0x10A4, 0x10A4, 0x10A4, 0x10A4, 0x10A4, 0x10A4, 0x10A4, 0x10A4, 0x10A4, 0x10A4, 0x10A4, 0x10A4, 0x10A4,
  0x10A4, 0x10A4, 0x10A4, 0x10A4, 0x10A4, 0x10A4, 0x10A4, 0x10A4, 0x10A4, 0x10A4, 0x10A4, 0x10A4, 0x10A4, 0x10A4, 0x10A4, 0x10A4,
  0x10A4, 0x10A4, 0x10A4, 0x10A4, 0x10A4, 0x10A4, 0x10A4, 0x10A4, 0x10A4, 0x10A4, 0x10A4, 0x10A4, 0x10A4, 0x10A4, 0x10A4, 0x10A4,
  0x10A4, 0x10A4, 0x10A4, 0x10A4, 0x10A4, 0x10A4, 0x10A4, 0x10A4, 0x10A4, 0x10A4, 0x10A4, 0x10A4, 0x10A4, 0x10A4, 0x10A4, 0x10A4,
  0x10A4, 0x10A4, 0x10A4, 0x10A4, 0x10A4, 0x10A4, 0x10A4, 0x10A4, 0x10A4, 0x10A4, 0x10A4, 0x10A4, 0x10A4, 0x10C4, 0x10C4, 0x10E5,
  0x1105, 0x1126, 0x1166, 0x1105, 0x0553, 0x0C30, 0x1022, 0x1905, 0x18E5, 0x10A4, 0x10A4, 0x10A4, 0x10A4, 0x10A4, 0x10A4, 0x10A4,
  0x10A4, 0x10A4, 0x10A4, 0x10A4, 0x10C4, 0x0044, 0x72C2, 0xFE20, 0xFE80, 0x6AA2, 0x0044, 0x10C4, 0x10A4, 0x10A4, 0x10A4, 0x10A4,
  0x10A4, 0x10A4, 0x10A4, 0x10A4, 0x10A4, 0x18E5, 0x1905, 0x1022, 0x0C50, 0x0594, 0x1146, 0x09A7, 0x1187, 0x1166, 0x1146, 0x1146,
  0x1126, 0x1126, 0x1126, 0x1125, 0x1125, 0x1126, 0x1126, 0x1126, 0x1126, 0x1126, 0x1126, 0x1126, 0x1126, 0x1126, 0x1126, 0x1126,
  0x1126, 0x1126, 0x1126, 0x1126, 0x1126, 0x1126, 0x1126, 0x1126, 0x1126, 0x1125, 0x1126, 0x1126, 0x1125, 0x1125, 0x1125, 0x1105,
  0x1125, 0x1105, 0x08C5, 0x5CCB, 0x656C, 0x09A8, 0x09C8, 0x11C8, 0x09C8, 0x09C8, 0x09C8, 0x11C8, 0x09C8, 0x11C8, 0x09C7, 0x09A7,
  0x09A7, 0x09A7, 0x09A7, 0x11A7, 0x11A7, 0x09A7, 0x11A7, 0x09A7, 0x09A7, 0x11A7, 0x11A7, 0x11A7, 0x11A7, 0x1187, 0x1187, 0x1187,
  0x1187, 0x1187, 0x1187, 0x1187, 0x1187, 0x1187, 0x1187, 0x1187, 0x1187, 0x1187, 0x11A7, 0x1126, 0x0E15, 0x12AA, 0x1023, 0x10C4,
  0x10A4, 0x10C4, 0x0022, 0xAD76, 0xFFFF, 0xAD96, 0x0042, 0x2146, 0xF7BE, 0xFFFF, 0xFFFF, 0xFFFF, 0xFFFF, 0xFFFF, 0xFFFF, 0x1905,
  0x0043, 0xAD56, 0xFFFF, 0xAD76, 0x0042, 0x2126, 0xFFDF, 0xFFFF, 0xFFFF, 0xFFFF, 0xC618, 0x0001, 0x2146, 0xEF7D, 0xFFFF, 0x634E,
  0x0001, 0x0884, 0x0863, 0x31A8, 0xFFFF, 0xFFFF, 0xFFFF, 0xFFFF, 0xFFFF, 0xFFFF, 0xFFFF, 0x2987, 0x0883, 0x0043, 0x0002, 0x0002,
  0x0001, 0x18E5, 0xFFFF, 0xFFFF, 0x5AEC, 0x0000, 0x6B6E, 0xFFFF, 0xF7BE, 0x10C5, 0x0001, 0xB597, 0xFFFF, 0xAD55, 0x0002, 0x39C8,
  0xF79E, 0xFFFF, 0x52AC, 0x0001, 0x7BD0, 0xFFFF, 0xFFFF, 0xFFFF, 0xFFFF, 0xFFFF, 0xFFFF, 0xA514, 0x0001, 0x39E9, 0xF7BE, 0xFFFF,
  0x4A8B, 0x0042, 0x10C4, 0x10A4, 0x10C4, 0x0003, 0x64A9, 0x43E9, 0x0106, 0x1187, 0x1187, 0x1187, 0x1187, 0x1187, 0x1187, 0x1187,
  0x10A4, 0x10A4, 0x10A4, 0x10A4, 0x10A4, 0x10A4, 0x10A4, 0x10A4, 0x10A4, 0x10A4, 0x10A4, 0x10A4, 0x10A4, 0x10A4, 0x10A4, 0x10A4,
  0x10A4, 0x10A4, 0x10A4, 0x10A4, 0x10A4, 0x10A4, 0x10A4, 0x10A4, 0x10A4, 0x10A4, 0x10A4, 0x10A4, 0x10A4, 0x10A4, 0x10A4, 0x10A4,
  0x10A4, 0x10A4, 0x10A4, 0x10A4, 0x10A4, 0x10A4, 0x10A4, 0x10A4, 0x10A4, 0x10A4, 0x10A4, 0x10A4, 0x10A4, 0x10A4, 0x10A4, 0x10A4,
  0x10A4, 0x10A4, 0x10A4, 0x10A4, 0x10A4, 0x10A4, 0x10A4, 0x10A4, 0x10A4, 0x10A4, 0x10A4, 0x10A4, 0x10A4, 0x10A4, 0x10A4, 0x10A4,
  0x10A4, 0x10A4, 0x10A4, 0x10A4, 0x10A4, 0x10A4, 0x10A4, 0x10A4, 0x10A4, 0x10A4, 0x10A4, 0x10A4, 0x10A4, 0x10A4, 0x10A4, 0x10A4,
  0x10A4, 0x10A4, 0x10A4, 0x10A4, 0x10A4, 0x10A4, 0x10A4, 0x10A4, 0x10A4, 0x10A4, 0x10A4, 0x10A4, 0x10A4, 0x10C4, 0x10E5, 0x10E5,
  0x1105, 0x1126, 0x1126, 0x0A29, 0x0677, 0x1187, 0x1063, 0x1906, 0x10A4, 0x10A4, 0x10A4, 0x10A4, 0x10A4, 0x10A4, 0x10A4, 0x10A4,
  0x10A4, 0x10A4, 0x10A4, 0x10C4, 0x0044, 0x6A82, 0xFE00, 0xFE00, 0xF5C0, 0x3163, 0x0884, 0x10A4, 0x10A4, 0x10A4, 0x10A4, 0x10A4,
  0x10A4, 0x10A4, 0x10A4, 0x10A4, 0x10A4, 0x10A4, 0x1906, 0x1063, 0x09C8, 0x0677, 0x0A49, 0x1187, 0x1187, 0x1166, 0x1146, 0x1146,
  0x1126, 0x1125, 0x1125, 0x1125, 0x1125, 0x1126, 0x1125, 0x1126, 0x1126, 0x1126, 0x1126, 0x1126, 0x1126, 0x1126, 0x1126, 0x1126,
  0x1126, 0x1126, 0x1126, 0x1126, 0x1126, 0x1126, 0x1126, 0x1126, 0x1126, 0x1126, 0x1126, 0x1125, 0x1125, 0x1125, 0x1125, 0x1125,
  0x1105, 0x08C5, 0x548A, 0x658C, 0x09C8, 0x09C8, 0x11C8, 0x09C8, 0x09C8, 0x09C8, 0x09C8, 0x11C8, 0x09C8, 0x09C7, 0x09C7, 0x11A7,
  0x09A7, 0x09A7, 0x09A7, 0x11A7, 0x11A7, 0x11A7, 0x11A7, 0x11A7, 0x09A7, 0x09A7, 0x09A7, 0x11A7, 0x09A7, 0x1187, 0x1187, 0x1187,
  0x1187, 0x1187, 0x0987, 0x1187, 0x1187, 0x1187, 0x1187, 0x1187, 0x1187, 0x1187, 0x11A7, 0x1125, 0x0E15, 0x12AA, 0x1023, 0x10C4,
  0x10A4, 0x10C4, 0x0022, 0xAD76, 0xFFFF, 0xAD96, 0x0042, 0x2146, 0xE73C, 0xFFFF, 0xFFDF, 0xFFFF, 0xFFDF, 0xFFFF, 0xEF7E, 0x1905,
  0x0043, 0xAD56, 0xFFFF, 0xAD76, 0x0042, 0x2126, 0xEF5D, 0xFFFF, 0xEF7D, 0xE73C, 0xB5B7, 0x31A8, 0x5ACC, 0xDEFC, 0xEF5D, 0x634E,
  0x0863, 0x18E5, 0x0863, 0x2987, 0xDEFB, 0xE75D, 0xF7BE, 0xFFFF, 0xF7BE, 0xEF5D, 0xDEDB, 0x2967, 0x0863, 0x31A8, 0x424A, 0x422A,
  0x3A09, 0x52CC, 0xEF5D, 0xEF5D, 0x8411, 0x31A7, 0x8C72, 0xEF5D, 0xE71C, 0x2126, 0x0863, 0xA535, 0xEF7D, 0x9CD4, 0x0002, 0x39C8,
  0xF79E, 0xFFFF, 0x52AC, 0x0001, 0x73AF, 0xFFFF, 0xFFDF, 0xFFFF, 0xFFFF, 0xFFDF, 0xFFFF, 0x94B3, 0x0001, 0x39E9, 0xF7BE, 0xFFFF,
  0x4A8B, 0x0042, 0x10C4, 0x10A4, 0x10C4, 0x0003, 0x64A9, 0x43E9, 0x0106, 0x1187, 0x1187, 0x1187, 0x1167, 0x1187, 0x1167, 0x1187,
  0x10A4, 0x10A4, 0x10A4, 0x10A4, 0x10A4, 0x10A4, 0x10A4, 0x10A4, 0x10A4, 0x10A4, 0x10A4, 0x10A4, 0x10A4, 0x10A4, 0x10A4, 0x10A4,
  0x10A4, 0x10A4, 0x10A4, 0x10A4, 0x10A4, 0x10A4, 0x10A4, 0x10A4, 0x10A4, 0x10A4, 0x10A4, 0x10A4, 0x10A4, 0x10A4, 0x10A4, 0x10A4,
  0x10A4, 0x10A4, 0x10A4, 0x10A4, 0x10A4, 0x10A4, 0x10A4, 0x10A4, 0x10A4, 0x10A4, 0x10A4, 0x10A4, 0x10A4, 0x10A4, 0x10A4, 0x10A4,
  0x10A4, 0x10A4, 0x10A4, 0x10A4, 0x10A4, 0x10A4, 0x10A4, 0x10A4, 0x10A4, 0x10A4, 0x10A4, 0x10A4, 0x10A4, 0x10A4, 0x10A4, 0x10A4,
  0x10A4, 0x10A4, 0x10A4, 0x10A4, 0x10A4, 0x10A4, 0x10A4, 0x10A4, 0x10A4, 0x10A4, 0x10A4, 0x10A4, 0x10A4, 0x10A4, 0x10A4, 0x10A4,
  0x10A4, 0x10A4, 0x10A4, 0x10A4, 0x10A4, 0x10A4, 0x10A4, 0x10A4, 0x10A4, 0x10A4, 0x10A4, 0x10A4, 0x10C4, 0x10C4, 0x10E5, 0x10E5,
  0x1105, 0x1146, 0x1105, 0x0BEF, 0x0594, 0x1043, 0x18E5, 0x18E5, 0x10A4, 0x10A4, 0x10A4, 0x10A4, 0x10A4, 0x10A4, 0x10A4, 0x10A4,
  0x10A4, 0x10A4, 0x10C4, 0x0044, 0x6282, 0xFE00, 0xFDE0, 0xFE20, 0xC4A1, 0x0884, 0x10A4, 0x10A4, 0x10A4, 0x10A4, 0x10A4, 0x10A4,
  0x10A4, 0x10A4, 0x10A4, 0x10A4, 0x10A4, 0x10A4, 0x18E5, 0x18E5, 0x1043, 0x0594, 0x0BEE, 0x1166, 0x11A7, 0x1167, 0x1146, 0x1146,
  0x1126, 0x1126, 0x1126, 0x1125, 0x1105, 0x1125, 0x1125, 0x1126, 0x1126, 0x1126, 0x1126, 0x1126, 0x1126, 0x1126, 0x1126, 0x1126,
  0x1126, 0x1126, 0x1126, 0x1126, 0x1126, 0x1126, 0x1126, 0x1126, 0x1126, 0x1126, 0x1125, 0x1125, 0x1125, 0x1125, 0x1125, 0x1105,
  0x08C5, 0x4C8B, 0x6DED, 0x11E8, 0x09A8, 0x11E8, 0x09C8, 0x09C8, 0x11C8, 0x09C8, 0x09C8, 0x09C8, 0x09C8, 0x09C7, 0x09A7, 0x11A7,
  0x09A7, 0x11A7, 0x11A7, 0x09A7, 0x11A7, 0x11A7, 0x11A7, 0x11A7, 0x11A7, 0x09A7, 0x09A7, 0x11A7, 0x09A7, 0x11A7, 0x1187, 0x1187,
  0x0987, 0x0987, 0x0987, 0x1187, 0x1187, 0x1187, 0x1187, 0x1187, 0x1187, 0x1187, 0x11A7, 0x1125, 0x0E15, 0x12AA, 0x1023, 0x10C4,
  0x10A4, 0x10C4, 0x0022, 0xAD76, 0xFFFF, 0xAD96, 0x0042, 0x2146, 0xEF5D, 0xFFFF, 0xFFFF, 0xFFFF, 0xFFFF, 0xFFFF, 0xF79E, 0x1905,
  0x0043, 0xAD56, 0xFFFF, 0xAD76, 0x0042, 0x2126, 0xEF5D, 0xFFFF, 0x6B8F, 0x0021, 0x6B6F, 0xFFFF, 0xEF7D, 0x31A8, 0x10A4, 0x10C4,
  0x10A4, 0x10A4, 0x10A4, 0x10A4, 0x18E5, 0x0843, 0xBDF8, 0xFFFF, 0xB596, 0x0883, 0x18E5, 0x10C4, 0x0043, 0xB5B7, 0xFFFF, 0xFFDF,
  0xFFFF, 0xEF7D, 0x2146, 0x0884, 0xBDD7, 0xFFFF, 0xAD76, 0x0884, 0x18E5, 0x10A4, 0x10A4, 0x10C4, 0x10C4, 0x10C5, 0x0863, 0x31C8,
  0xF79E, 0xFFFF, 0x52AC, 0x0001, 0x73AF, 0xFFFF, 0xFFDF, 0xFFFF, 0xFFFF, 0xFFFF, 0xFFFF, 0x9CD4, 0x0001, 0x39E9, 0xF7BE, 0xFFFF,
  0x4A8B, 0x0042, 0x10C4, 0x10A4, 0x10C4, 0x0003, 0x64A9, 0x43E9, 0x0106, 0x1187, 0x1187, 0x1187, 0x1187, 0x1187, 0x1187, 0x1187,
  0x10A4, 0x10A4, 0x10A4, 0x10A4, 0x10A4, 0x10A4, 0x10A4, 0x10A4, 0x10A4, 0x10A4, 0x10A4, 0x10A4, 0x10A4, 0x10A4, 0x10A4, 0x10A4,
  0x10A4, 0x10A4, 0x10A4, 0x10A4, 0x10A4, 0x10A4, 0x10A4, 0x10A4, 0x10A4, 0x10A4, 0x10A4, 0x10A4, 0x10A4, 0x10A4, 0x10A4, 0x10A4,
  0x10A4, 0x10A4, 0x10A4, 0x10A4, 0x10A4, 0x10A4, 0x10A4, 0x10A4, 0x10A4, 0x10A4, 0x10A4, 0x10A4, 0x10A4, 0x10A4, 0x10A4, 0x10A4,
  0x10A4, 0x10A4, 0x10A4, 0x10A4, 0x10A4, 0x10A4, 0x10A4, 0x10A4, 0x10A4, 0x10A4, 0x10A4, 0x10A4, 0x10A4, 0x10A4, 0x10A4, 0x10A4,
  0x10A4, 0x10A4, 0x10A4, 0x10A4, 0x10A4, 0x10A4, 0x10A4, 0x10A4, 0x10A4, 0x10A4, 0x10A4, 0x10A4, 0x10A4, 0x10A4, 0x10A4, 0x10A4,
  0x10A4, 0x10A4, 0x10A4, 0x10A4, 0x10A4, 0x10A4, 0x10A4, 0x10A4, 0x10A4, 0x10A4, 0x10A4, 0x10A4, 0x10C4, 0x10C4, 0x10E5, 0x1105,
  0x1125, 0x1146, 0x1105, 0x0594, 0x0B8E, 0x1022, 0x1905, 0x10C5, 0x10A4, 0x10A4, 0x10A4, 0x10A4, 0x10A4, 0x10A4, 0x10A4, 0x10A4,
  0x10A4, 0x10C4, 0x0044, 0x6262, 0xFE00, 0xFE00, 0xFDC0, 0xFE40, 0x8322, 0x0044, 0x10C4, 0x10A4, 0x10A4, 0x10A4, 0x10A4, 0x10A4,
  0x10A4, 0x10A4, 0x10A4, 0x10A4, 0x10A4, 0x10A4, 0x10C5, 0x1905, 0x1022, 0x0BCE, 0x0574, 0x1146, 0x11A7, 0x1167, 0x1146, 0x1146,
  0x1126, 0x1126, 0x1126, 0x1125, 0x1125, 0x1125, 0x1125, 0x1125, 0x1126, 0x1126, 0x1126, 0x1126, 0x1126, 0x1126, 0x1126, 0x1126,
  0x1126, 0x1126, 0x1126, 0x1126, 0x1126, 0x1126, 0x1126, 0x1126, 0x1126, 0x1126, 0x1125, 0x1125, 0x1105, 0x1125, 0x1105, 0x08C5,
  0x4C8B, 0x6E0D, 0x1208, 0x09A8, 0x11E8, 0x09C8, 0x09C8, 0x09C8, 0x09C8, 0x09C8, 0x09C8, 0x09C7, 0x09C7, 0x09A7, 0x09A7, 0x11A7,
  0x11A7, 0x09A7, 0x11A7, 0x11A7, 0x11A7, 0x11A7, 0x11A7, 0x11A7, 0x11A7, 0x09A7, 0x11A7, 0x11A7, 0x11A7, 0x1187, 0x1187, 0x1187,
  0x1187, 0x0987, 0x1187, 0x1187, 0x1187, 0x1187, 0x1187, 0x1187, 0x1187, 0x1187, 0x1187, 0x1125, 0x1615, 0x12AA, 0x1023, 0x10C4,
  0x10A4, 0x10C4, 0x0022, 0xAD76, 0xFFFF, 0xAD96, 0x0042, 0x2146, 0xEF5D, 0xFFFF, 0xFFFF, 0xFFFF, 0xFFFF, 0xFFFF, 0xF79E, 0x1905,
  0x0043, 0xAD56, 0xFFFF, 0xAD76, 0x0042, 0x2126, 0xEF5D, 0xFFFF, 0x6B6E, 0x0000, 0x6B6E, 0xFFFF, 0xF79E, 0x2967, 0x0863, 0x10A4,
  0x10A4, 0x10A4, 0x10A4, 0x10A4, 0x10A4, 0x0022, 0xBDF8, 0xFFFF, 0xAD96, 0x0043, 0x10A4, 0x10C4, 0x0863, 0xBDD7, 0xFFFF, 0xFFFF,
  0xFFFF, 0xEF9E, 0x2106, 0x0843, 0xB5D7, 0xFFFF, 0xAD56, 0x0863, 0x10A4, 0x10A4, 0x10A4, 0x10A4, 0x10A4, 0x10A4, 0x0863, 0x31C8,
  0xF79E, 0xFFFF, 0x52AC, 0x0001, 0x73AF, 0xFFFF, 0xFFDF, 0xFFFF, 0xFFFF, 0xFFFF, 0xFFFF, 0x9CD4, 0x0001, 0x39E9, 0xF7BE, 0xFFFF,
  0x4A8B, 0x0042, 0x10C4, 0x10A4, 0x10C4, 0x0003, 0x64A9, 0x4BE9, 0x0106, 0x1187, 0x1167, 0x1167, 0x1167, 0x1187, 0x1187, 0x1187,
  0x10A4, 0x10A4, 0x10A4, 0x10A4, 0x10A4, 0x10A4, 0x10A4, 0x10A4, 0x10A4, 0x10A4, 0x10A4, 0x10A4, 0x10A4, 0x10A4, 0x10A4, 0x10A4,
  0x10A4, 0x10A4, 0x10A4, 0x10A4, 0x10A4, 0x10A4, 0x10A4, 0x10A4, 0x10A4, 0x10A4, 0x10A4, 0x10A4, 0x10A4, 0x10A4, 0x10A4, 0x10A4,
  0x10A4, 0x10A4, 0x10A4, 0x10A4, 0x10A4, 0x10A4, 0x10A4, 0x10A4, 0x10A4, 0x10A4, 0x10A4, 0x10A4, 0x10A4, 0x10A4, 0x10A4, 0x10A4,
  0x10A4, 0x10A4, 0x10A4, 0x10A4, 0x10A4, 0x10A4, 0x10A4, 0x10A4, 0x10A4, 0x10A4, 0x10A4, 0x10A4, 0x10A4, 0x10A4, 0x10A4, 0x10A4,
  0x10A4, 0x10A4, 0x10A4, 0x10A4, 0x10A4, 0x10A4, 0x10A4, 0x10A4, 0x10A4, 0x10A4, 0x10A4, 0x10A4, 0x10A4, 0x10A4, 0x10A4, 0x10A4,
  0x10A4, 0x10A4, 0x10A4, 0x10A4, 0x10A4, 0x10A4, 0x10A4, 0x10A4, 0x10A4, 0x10A4, 0x10A4, 0x10C4, 0x10C4, 0x10C5, 0x10E5, 0x1105,
  0x1126, 0x1146, 0x1166, 0x0636, 0x0A29, 0x1043, 0x1906, 0x10A4, 0x10A4, 0x10A4, 0x10A4, 0x10A4, 0x10A4, 0x10A4, 0x10A4, 0x10A4,
  0x10C4, 0x0044, 0x6262, 0xFE00, 0xFE00, 0xFDE0, 0xFE00, 0xFDE0, 0x3963, 0x0864, 0x10A4, 0x10A4, 0x10A4, 0x10A4, 0x10A4, 0x10A4,
  0x10A4, 0x10A4, 0x10A4, 0x10A4, 0x10A4, 0x10A4, 0x10A4, 0x1906, 0x1043, 0x0A6A, 0x0636, 0x11A7, 0x11A7, 0x1187, 0x1166, 0x1146,
  0x1146, 0x1126, 0x1125, 0x1125, 0x1125, 0x1125, 0x1125, 0x1125, 0x1125, 0x1126, 0x1126, 0x1126, 0x1126, 0x1126, 0x1126, 0x1126,
  0x1126, 0x1126, 0x1126, 0x1126, 0x1126, 0x1126, 0x1126, 0x1126, 0x1126, 0x1125, 0x1125, 0x1125, 0x1125, 0x1105, 0x08C5, 0x4C6B,
  0x6E4D, 0x1228, 0x09A8, 0x11E8, 0x09C8, 0x09C8, 0x09C8, 0x09C8, 0x09C8, 0x09C8, 0x09C7, 0x09C7, 0x09C7, 0x11A7, 0x11A7, 0x11A7,
  0x11A7, 0x11A7, 0x09A7, 0x11A7, 0x11A7, 0x11A7, 0x11A7, 0x11A7, 0x11A7, 0x11A7, 0x11A7, 0x11A7, 0x0987, 0x1187, 0x1187, 0x1187,
  0x1187, 0x1187, 0x1187, 0x1187, 0x1187, 0x1187, 0x1187, 0x1187, 0x1187, 0x1187, 0x1187, 0x1106, 0x1615, 0x12AA, 0x1023, 0x10C4,
  0x10A4, 0x10C4, 0x0022, 0xAD76, 0xFFFF, 0xAD96, 0x0042, 0x2146, 0xE73C, 0xFFDF, 0xFFDF, 0xFFDF, 0xFFDF, 0xFFDF, 0xEF7D, 0x1905,
  0x0043, 0xAD56, 0xFFFF, 0xAD76, 0x0042, 0x2126, 0xEF5D, 0xFFFF, 0x6B4E, 0x0022, 0x2987, 0x5AEC, 0x634E, 0xC639, 0xCE59, 0xC639,
  0xCE59, 0x94B3, 0x0022, 0x2967, 0xBDF8, 0xC639, 0xEF5D, 0xFFDF, 0xEF5D, 0xC639, 0xC659, 0xC639, 0xCE59, 0x8431, 0x4A8B, 0x5AEC,
  0x52CC, 0x634E, 0xCE59, 0xC639, 0xEF5D, 0xFFDF, 0xEF5D, 0xCE59, 0xC618, 0x1905, 0x0863, 0x8C72, 0xCE7A, 0x8411, 0x0002, 0x31C8,
  0xF79E, 0xFFFF, 0x52AC, 0x0001, 0x738F, 0xFFDF, 0xF7BE, 0xFFDF, 0xFFDF, 0xFFDF, 0xFFDF, 0x94B3, 0x0001, 0x39E9, 0xF7BE, 0xFFFF,
  0x4A8B, 0x0042, 0x10C4, 0x10A4, 0x10C4, 0x0003, 0x6CA9, 0x4BE9, 0x0106, 0x1187, 0x1167, 0x1167, 0x1167, 0x1167, 0x1167, 0x1167,
  0x10A4, 0x10A4, 0x10A4, 0x10A4, 0x10A4, 0x10A4, 0x10A4, 0x10A4, 0x10A4, 0x10A4, 0x10A4, 0x10A4, 0x10A4, 0x10A4, 0x10A4, 0x10A4,
  0x10A4, 0x10A4, 0x10A4, 0x10A4, 0x10A4, 0x10A4, 0x10A4, 0x10A4, 0x10A4, 0x10A4, 0x10A4, 0x10A4, 0x10A4, 0x10A4, 0x10A4, 0x10A4,
  0x10A4, 0x10A4, 0x10A4, 0x10A4, 0x10A4, 0x10A4, 0x10A4, 0x10A4, 0x10A4, 0x10A4, 0x10A4, 0x10A4, 0x10A4, 0x10A4, 0x10A4, 0x10A4,
  0x10A4, 0x10A4, 0x10A4, 0x10A4, 0x10A4, 0x10A4, 0x10A4, 0x10A4, 0x10A4, 0x10A4, 0x10A4, 0x10A4, 0x10A4, 0x10A4, 0x10A4, 0x10A4,
  0x10A4, 0x10A4, 0x10A4, 0x10A4, 0x10A4, 0x10A4, 0x10A4, 0x10A4, 0x10A4, 0x10A4, 0x10A4, 0x10A4, 0x10A4, 0x10A4, 0x10A4, 0x10A4,
  0x10A4, 0x10A4, 0x10A4, 0x10A4, 0x10A4, 0x10A4, 0x10A4, 0x10A4, 0x10A4, 0x10A4, 0x10A4, 0x10C4, 0x10C4, 0x10C5, 0x10E5, 0x1105,
  0x1126, 0x1126, 0x0A49, 0x0616, 0x0966, 0x1084, 0x1905, 0x10A4, 0x10A4, 0x10A4, 0x10A4, 0x10A4, 0x10A4, 0x10A4, 0x10A4, 0x10C4,
  0x0044, 0x6262, 0xFE00, 0xFE00, 0xFDE0, 0xFDE0, 0xFE20, 0xCCC0, 0x0883, 0x1083, 0x10A4, 0x10A4, 0x10A4, 0x10A4, 0x0864, 0x0884,
  0x10A4, 0x10A4, 0x10A4, 0x10A4, 0x10A4, 0x10A4, 0x10A4, 0x1905, 0x1084, 0x0967, 0x0616, 0x0A6A, 0x1187, 0x1187, 0x1166, 0x1146,
  0x1126, 0x1126, 0x1125, 0x1125, 0x1105, 0x1125, 0x1125, 0x1125, 0x1125, 0x1125, 0x1125, 0x1126, 0x1126, 0x1126, 0x1126, 0x1126,
  0x1126, 0x1126, 0x1126, 0x1126, 0x1126, 0x1126, 0x1126, 0x1125, 0x1125, 0x1125, 0x1125, 0x1125, 0x1125, 0x08C5, 0x442B, 0x6E4E,
  0x1A48, 0x09A8, 0x11E8, 0x09C8, 0x09C8, 0x09C8, 0x11C8, 0x09C8, 0x11C8, 0x11C8, 0x11A7, 0x11A7, 0x09A7, 0x09A7, 0x11A7, 0x09A7,
  0x09A7, 0x11A7, 0x11A7, 0x09A7, 0x09A7, 0x11A7, 0x11A7, 0x09A7, 0x11A7, 0x11A7, 0x1187, 0x1187, 0x0987, 0x0987, 0x1187, 0x1187,
  0x1187, 0x1187, 0x1187, 0x1187, 0x1187, 0x1187, 0x1187, 0x1187, 0x1187, 0x1187, 0x1187, 0x1105, 0x1614, 0x12AA, 0x1023, 0x10C4,
  0x10A4, 0x10C4, 0x0022, 0xAD76, 0xFFFF, 0xAD96, 0x0042, 0x2146, 0xFFDF, 0xFFFF, 0xFFFF, 0xFFFF, 0xFFFF, 0xFFFF, 0xFFFF, 0x1905,
  0x0043, 0xAD56, 0xFFFF, 0xAD76, 0x0042, 0x2126, 0xEF5D, 0xFFFF, 0x6B4E, 0x0043, 0x0863, 0x0000, 0x10A4, 0xF79E, 0xFFFF, 0xFFFF,
  0xFFFF, 0xD69A, 0x0001, 0x39E9, 0xFFFF, 0xFFFF, 0xFFFF, 0xFFFF, 0xFFFF, 0xFFFF, 0xFFFF, 0xFFFF, 0xFFFF, 0x5AED, 0x0000, 0x0001,
  0x0000, 0x10A4, 0xFFFF, 0xFFFF, 0xFFFF, 0xFFFF, 0xFFFF, 0xFFFF, 0xFFFF, 0x2126, 0x0043, 0xC639, 0xFFFF, 0xB5B7, 0x0001, 0x39C8,
  0xF79E, 0xFFFF, 0x52AC, 0x0001, 0x7BF0, 0xFFFF, 0xFFFF, 0xFFFF, 0xFFFF, 0xFFFF, 0xFFFF, 0xA515, 0x0001, 0x39E9, 0xF7BE, 0xFFFF,
  0x4A8B, 0x0042, 0x10C4, 0x10A4, 0x10C4, 0x0003, 0x6CA9, 0x4BC9, 0x00E6, 0x1187, 0x1167, 0x1167, 0x1167, 0x1167, 0x1167, 0x1167,
  0x10C4, 0x10C4, 0x10C4, 0x10C4, 0x10C4, 0x10C4, 0x10C4, 0x10C4, 0x10C4, 0x10C4, 0x10C4, 0x10C4, 0x10C4, 0x10C4, 0x10C4, 0x10C4,
  0x10C4, 0x10C4, 0x10C4, 0x10C4, 0x10C4, 0x10C4, 0x10C4, 0x10C4, 0x10C4, 0x10C4, 0x10C4, 0x10C4, 0x10C4, 0x10C4, 0x10C4, 0x10C4,
  0x10C4, 0x10C4, 0x10C4, 0x10C4, 0x10C4, 0x10C4, 0x10C4, 0x10C4, 0x10C4, 0x10C4, 0x10C4, 0x10C4, 0x10C4, 0x10C4, 0x10C4, 0x10C4,
  0x10C4, 0x10C4, 0x10C4, 0x10C4, 0x10C4, 0x10C4, 0x10C4, 0x10C4, 0x10C4, 0x10C4, 0x10C4, 0x10C4, 0x10C4, 0x10C4, 0x10C4, 0x10C4,
  0x10C4, 0x10C4, 0x10C4, 0x10C4, 0x10C4, 0x10C4, 0x10C4, 0x10C4, 0x10C4, 0x10C4, 0x10C4, 0x10C4, 0x10C4, 0x10C4, 0x10C4, 0x10C4,
  0x10C4, 0x10C4, 0x10C4, 0x10C4, 0x10C4, 0x10C4, 0x10C4, 0x10C4, 0x10C4, 0x10C4, 0x10C4, 0x10C5, 0x10E5, 0x10E5, 0x1105, 0x1125,
  0x1146, 0x1126, 0x0AEB, 0x05F5, 0x10C4, 0x18C4, 0x18E5, 0x10A4, 0x10A4, 0x10A4, 0x10A4, 0x10A4, 0x10A4, 0x10A4, 0x10C4, 0x0044,
  0x5A42, 0xFE00, 0xFE00, 0xFDE0, 0xFDE0, 0xFDE0, 0xFE00, 0xED80, 0xCCC0, 0xCCE0, 0xCCE0, 0xCCE0, 0xCCE0, 0xD4E0, 0xAC21, 0x2124,
  0x10A4, 0x10A4, 0x10A4, 0x10A4, 0x10A4, 0x10A4, 0x10A4, 0x18E5, 0x10C4, 0x10C4, 0x0616, 0x0B0C, 0x1167, 0x11A7, 0x1167, 0x1166,
  0x1146, 0x1146, 0x1126, 0x1126, 0x1126, 0x1126, 0x1126, 0x1126, 0x1126, 0x1126, 0x1146, 0x1126, 0x1146, 0x1146, 0x1126, 0x1126,
  0x1146, 0x1146, 0x1146, 0x1146, 0x1146, 0x1126, 0x1126, 0x1126, 0x1126, 0x1126, 0x1126, 0x1125, 0x08C5, 0x442B, 0x6E4E, 0x1A48,
  0x09A8, 0x11E8, 0x09C8, 0x09C8, 0x11C8, 0x09C8, 0x11C8, 0x11C8, 0x11C8, 0x11C8, 0x11A7, 0x09A7, 0x09A7, 0x09A7, 0x11A7, 0x09A7,
  0x09A7, 0x11A7, 0x11A7, 0x11A7, 0x11A7, 0x11A7, 0x11A7, 0x11A7, 0x11A7, 0x1187, 0x1187, 0x1187, 0x1187, 0x1187, 0x1187, 0x1187,
  0x1187, 0x1187, 0x1187, 0x1187, 0x1187, 0x1187, 0x1187, 0x1187, 0x1187, 0x1187, 0x1187, 0x1106, 0x1614, 0x12AA, 0x1023, 0x10C4,
  0x10A4, 0x10C4, 0x0022, 0xAD76, 0xFFFF, 0xAD96, 0x0863, 0x1905, 0x8C72, 0x9CD4, 0x9CD4, 0x9CD4, 0x9CD4, 0x9CD4, 0x9493, 0x18E5,
  0x0863, 0xAD56, 0xFFFF, 0xAD76, 0x0042, 0x2126, 0xEF5D, 0xFFFF, 0x6B4E, 0x0022, 0x39E9, 0x7BD0, 0x8C52, 0xF79E, 0xFFFF, 0xC618,
  0xA514, 0x7BF0, 0x0042, 0x2146, 0x9CD4, 0xA535, 0xA535, 0xA535, 0xA535, 0xA535, 0xA535, 0xA515, 0x9CF4, 0x8C92, 0x73AF, 0x7BF0,
  0x7BD0, 0x8411, 0xAD55, 0xA515, 0xA535, 0x9CF4, 0xCE59, 0xFFFF, 0xF79E, 0x2106, 0x0863, 0x73AF, 0xA535, 0x6B6E, 0x0022, 0x31C8,
  0xF79E, 0xFFFF, 0x52AC, 0x0022, 0x4A6B, 0x9CD4, 0x94D3, 0x9CD4, 0x9CD4, 0x94D3, 0x9CD4, 0x630D, 0x0022, 0x39E9, 0xF7BE, 0xFFFF,
  0x4A8B, 0x0042, 0x10C4, 0x10A4, 0x10C4, 0x0003, 0x6CA9, 0x4BC9, 0x0106, 0x1187, 0x1167, 0x1167, 0x1167, 0x1167, 0x1167, 0x1167,
  0x10C4, 0x10C4, 0x10C5, 0x10C5, 0x10C4, 0x10C4, 0x10C5, 0x10C5, 0x10C4, 0x10C5, 0x10C5, 0x10C4, 0x10C4, 0x10C4, 0x10C5, 0x10C5,
  0x10C4, 0x10C4, 0x10C4, 0x10C4, 0x10C4, 0x10C5, 0x10C4, 0x10C5, 0x10C4, 0x10C4, 0x10C4, 0x10C4, 0x10C4, 0x10C4, 0x10C4, 0x10C4,
  0x10C5, 0x10C4, 0x10C4, 0x10C5, 0x10C5, 0x10C5, 0x10C4, 0x10C4, 0x10C4, 0x10C4, 0x10C4, 0x10C5, 0x10C4, 0x10C4, 0x10C4, 0x10C4,
  0x10C4, 0x10C4, 0x10C4, 0x10C4, 0x10C4, 0x10C4, 0x10C4, 0x10C4, 0x10C4, 0x10C4, 0x10C5, 0x10C4, 0x10C4, 0x10C4, 0x10C5, 0x10C4,
  0x10C4, 0x10C4, 0x10C4, 0x10C4, 0x10C5, 0x10C4, 0x10C4, 0x10C4, 0x10C4, 0x10C4, 0x10C5, 0x10C5, 0x10C5, 0x10C5, 0x10C4, 0x10C4,
  0x10C4, 0x10C4, 0x10C5, 0x10C5, 0x10C4, 0x10C4, 0x10C4, 0x10C5, 0x10C4, 0x10C5, 0x10C5, 0x10E5, 0x10E5, 0x1105, 0x1125, 0x1126,
  0x1166, 0x1105, 0x0B6D, 0x05F5, 0x1043, 0x18E5, 0x18E5, 0x10A4, 0x10A4, 0x10A4, 0x10A4, 0x10A4, 0x10A4, 0x10C4, 0x0064, 0x5A43,
  0xFE00, 0xFE00, 0xFDE0, 0xFDE0, 0xFDE0, 0xFDE0, 0xFDE0, 0xFE00, 0xFE20, 0xFE20, 0xFE20, 0xFE20, 0xFE20, 0xFE00, 0xFE80, 0x8342,
  0x0044, 0x10C4, 0x10A4, 0x10A4, 0x10A4, 0x10A4, 0x10A4, 0x18E5, 0x18E5, 0x1063, 0x05F6, 0x0B6D, 0x0987, 0x09C8, 0x0987, 0x0967,
  0x0967, 0x0947, 0x0946, 0x0947, 0x0946, 0x0946, 0x0946, 0x0947, 0x0947, 0x0947, 0x0947, 0x0947, 0x0947, 0x0947, 0x0947, 0x0947,
  0x0947, 0x0947, 0x0947, 0x0947, 0x0947, 0x0947, 0x0947, 0x0947, 0x0147, 0x0947, 0x0947, 0x0127, 0x33AA, 0x664E, 0x1A68, 0x0987,
  0x11E8, 0x09C8, 0x09C8, 0x09C8, 0x09C8, 0x09C8, 0x09C8, 0x11C8, 0x11C8, 0x09A7, 0x11A7, 0x11A7, 0x09A7, 0x11A7, 0x11A7, 0x09A7,
  0x11A7, 0x11A7, 0x11A7, 0x11A7, 0x11A7, 0x11A7, 0x11A7, 0x11A7, 0x1187, 0x0987, 0x1187, 0x1187, 0x1187, 0x1187, 0x1187, 0x0987,
  0x1187, 0x1187, 0x1187, 0x1187, 0x1187, 0x1187, 0x1187, 0x1187, 0x1187, 0x1187, 0x1187, 0x1105, 0x1614, 0x12AA, 0x1023, 0x10C4,
  0x10A4, 0x10C4, 0x0022, 0xAD76, 0xFFFF, 0xAD76, 0x0022, 0x0863, 0x0001, 0x0001, 0x0001, 0x0001, 0x0001, 0x0001, 0x0001, 0x0883,
  0x0022, 0xA555, 0xFFFF, 0xAD76, 0x0042, 0x2126, 0xEF5D, 0xFFFF, 0x6B6E, 0x0000, 0x73AF, 0xFFFF, 0xFFFF, 0xFFFF, 0xFFFF, 0x632D,
  0x0000, 0x0043, 0x10A4, 0x0884, 0x0002, 0x0002, 0x0022, 0x0042, 0x0022, 0x0001, 0x0002, 0x0043, 0x0001, 0xBDF8, 0xFFFF, 0xFFFF,
  0xFFFF, 0xFFFF, 0x0884, 0x0001, 0x0043, 0x0000, 0x6B4E, 0xFFFF, 0xF79E, 0x2106, 0x0884, 0x0042, 0x0002, 0x0043, 0x0863, 0x31C8,
  0xF79E, 0xFFFF, 0x4A6B, 0x0022, 0x0043, 0x0001, 0x0001, 0x0001, 0x0001, 0x0001, 0x0001, 0x0022, 0x0022, 0x3188, 0xF7BE, 0xFFFF,
  0x4A8B, 0x0042, 0x10C4, 0x10A4, 0x10C4, 0x0003, 0x6CA9, 0x4BC9, 0x0106, 0x1187, 0x1167, 0x1167, 0x1167, 0x1167, 0x1167, 0x1167,
  0x0C0F, 0x0C0F, 0x0C2F, 0x0C2F, 0x0C2F, 0x0C2F, 0x0C2F, 0x0C0F, 0x0C0F, 0x0C2F, 0x0C2F, 0x0C0F, 0x0C0F, 0x0C2F, 0x0C0F, 0x0C2F,
  0x0C0F, 0x0C0F, 0x0C2F, 0x0C2F, 0x0C0F, 0x0C0F, 0x0C2F, 0x0C2F, 0x0C0F, 0x0C0F, 0x0C0F, 0x0C2F, 0x0C2F, 0x0C0F, 0x0C2F, 0x0C0F,
  0x0C0F, 0x0C0F, 0x0C0F, 0x0C0F, 0x0C2F, 0x0C2F, 0x0C2F, 0x0C2F, 0x0C0F, 0x0C2F, 0x0C2F, 0x0C2F, 0x0C2F, 0x0C0F, 0x0C0F, 0x0C2F,
  0x0C2F, 0x0C0F, 0x0C2F, 0x0C0F, 0x0C2F, 0x0C2F, 0x0C2F, 0x0C0F, 0x0C0F, 0x0C2F, 0x0C2F, 0x0C0F, 0x0C0F, 0x0C2F, 0x0C0F, 0x0C2F,
  0x0C0F, 0x0C2F, 0x0C2F, 0x0C2F, 0x0C0F, 0x0C2F, 0x0C2F, 0x0C2F, 0x0C0F, 0x0C0F, 0x0C0F, 0x0C2F, 0x0C2F, 0x0C0F, 0x0C2F, 0x0C0F,
  0x0C0F, 0x0C2F, 0x0C2F, 0x0C2F, 0x0C2F, 0x0C0F, 0x0C0F, 0x0C2F, 0x0C2F, 0x0C0F, 0x0C2F, 0x0C30, 0x0C30, 0x0C30, 0x0C50, 0x0C50,
  0x0C70, 0x0C30, 0x05B4, 0x05B5, 0x1022, 0x18E5, 0x18E5, 0x10A4, 0x10A4, 0x10A4, 0x10A4, 0x10A4, 0x10A4, 0x0884, 0x49E3, 0xF5E0,
  0xFE00, 0xFDE0, 0xFDE0, 0xFDE0, 0xFDE0, 0xFDE0, 0xFDE0, 0xFDE0, 0xFDE0, 0xFDE0, 0xFDE0, 0xFDE0, 0xFDE0, 0xFDE0, 0xFE20, 0x5A63,
  0x0064, 0x10C4, 0x10A4, 0x10A4, 0x10A4, 0x10A4, 0x10A4, 0x18E5, 0x18E5, 0x1023, 0x05D5, 0x1593, 0x1C4E, 0x1C6F, 0x1C6E, 0x1C4E,
  0x244E, 0x244E, 0x242D, 0x242D, 0x242D, 0x242D, 0x242D, 0x242D, 0x2C2D, 0x2C2D, 0x2C2D, 0x2C2C, 0x2C2C, 0x2C2C, 0x2C2C, 0x2C2C,
  0x2C2C, 0x342C, 0x342C, 0x342C, 0x342C, 0x342C, 0x342C, 0x340B, 0x340B, 0x3C2B, 0x33EB, 0x44AC, 0x662E, 0x1A89, 0x0987, 0x11E8,
  0x09C8, 0x09C8, 0x11C8, 0x09C8, 0x09C8, 0x11C8, 0x11C8, 0x11A7, 0x09C7, 0x09C7, 0x11A7, 0x09A7, 0x11A7, 0x11A7, 0x11A7, 0x11A7,
  0x11A7, 0x09A7, 0x11A7, 0x11A7, 0x1187, 0x1187, 0x1187, 0x1187, 0x1187, 0x1187, 0x1187, 0x1187, 0x1187, 0x1187, 0x1187, 0x1187,
  0x1187, 0x1187, 0x1187, 0x1187, 0x1187, 0x1187, 0x1187, 0x1187, 0x1187, 0x1187, 0x1187, 0x1105, 0x1614, 0x12AA, 0x1023, 0x10C4,
  0x10A4, 0x10C4, 0x0022, 0xAD76, 0xFFFF, 0xBDD7, 0x2967, 0x31A8, 0x31C8, 0x31C8, 0x31C8, 0x31C8, 0x31C8, 0x31C8, 0x31C8, 0x31A8,
  0x2967, 0xB5B7, 0xFFFF, 0xAD76, 0x0042, 0x2126, 0xEF5D, 0xFFFF, 0x6B6E, 0x0000, 0x6B4E, 0xFFDF, 0xF7BE, 0xEF5D, 0xEF7D, 0x7BF0,
  0x2987, 0x2987, 0x0884, 0x18C5, 0x31A8, 0x39C8, 0x2126, 0x10A4, 0x2126, 0x39C8, 0x31A8, 0x18E5, 0x0863, 0xB597, 0xFFDF, 0xF79E,
  0xE73C, 0xDEDB, 0x4229, 0x31A8, 0x2126, 0x0022, 0x73AF, 0xFFFF, 0xF79E, 0x2106, 0x0883, 0x2967, 0x39E9, 0x2967, 0x0863, 0x31C8,
  0xF79E, 0xFFFF, 0x6B6E, 0x2967, 0x31C8, 0x31C8, 0x31C8, 0x31C8, 0x31C8, 0x31C8, 0x31C8, 0x31C8, 0x2967, 0x528B, 0xF7BE, 0xFFFF,
  0x4A8B, 0x0042, 0x10C4, 0x10A4, 0x10C4, 0x0003, 0x6CA8, 0x4BC9, 0x0106, 0x1187, 0x1167, 0x1167, 0x1167, 0x1167, 0x1167, 0x1167,
  0x0594, 0x0594, 0x0594, 0x0594, 0x0594, 0x0594, 0x0594, 0x0594, 0x0594, 0x0594, 0x0594, 0x0594, 0x0594, 0x0594, 0x0594, 0x0594,
  0x0594, 0x0594, 0x0594, 0x0594, 0x0594, 0x0594, 0x0594, 0x0594, 0x0594, 0x0594, 0x0594, 0x0594, 0x0594, 0x0594, 0x0594, 0x0594,
  0x0594, 0x0594, 0x0594, 0x0594, 0x0594, 0x0594, 0x0594, 0x0594, 0x0594, 0x0594, 0x0594, 0x0594, 0x0594, 0x0594, 0x0594, 0x0594,
  0x0594, 0x0594, 0x0594, 0x0594, 0x0594, 0x0594, 0x0594, 0x0594, 0x0594, 0x0594, 0x0594, 0x0594, 0x0594, 0x0594, 0x0594, 0x0594,
  0x0594, 0x0594, 0x0594, 0x0594, 0x0594, 0x0594, 0x0594, 0x0594, 0x0594, 0x0594, 0x0594, 0x0594, 0x0594, 0x0594, 0x0594, 0x0594,
  0x0594, 0x0594, 0x0594, 0x0594, 0x0594, 0x0594, 0x0594, 0x0594, 0x0594, 0x0594, 0x0594, 0x0594, 0x0594, 0x0594, 0x0594, 0x05B4,
  0x05B5, 0x0594, 0x0677, 0x05B4, 0x1043, 0x18E5, 0x18E5, 0x10A4, 0x10A4, 0x10A4, 0x10A4, 0x10A4, 0x18C4, 0x0044, 0x9382, 0xFE80,
  0xFDE0, 0xFE00, 0xFE00, 0xFE00, 0xFE00, 0xFE00, 0xFE00, 0xFDE0, 0xFDE0, 0xFDE0, 0xFDE0, 0xFDE0, 0xFDE0, 0xFE40, 0x8302, 0x0864,
  0x10C4, 0x10A4, 0x10A4, 0x10A4, 0x10A4, 0x10A4, 0x10A4, 0x18E5, 0x18E5, 0x1043, 0x05D5, 0x1E55, 0x2591, 0x25B2, 0x2591, 0x2D91,
  0x2D91, 0x2D70, 0x2D70, 0x3570, 0x3570, 0x3570, 0x3570, 0x3570, 0x356F, 0x356F, 0x3D6F, 0x3D6F, 0x3D6F, 0x3D6F, 0x3D6F, 0x454E,
  0x454E, 0x454E, 0x454E, 0x454E, 0x454E, 0x4D4E, 0x4D4D, 0x4D4D, 0x4D4D, 0x4D4D, 0x4D4D, 0x554D, 0x22C9, 0x0987, 0x11E8, 0x09C8,
  0x11C8, 0x09C8, 0x11C8, 0x09C8, 0x09C8, 0x09C7, 0x11C7, 0x11A7, 0x11A7, 0x09A7, 0x11A7, 0x11A7, 0x11A7, 0x11A7, 0x11A7, 0x11A7,
  0x11A7, 0x11A7, 0x11A7, 0x11A7, 0x09A7, 0x1187, 0x1187, 0x11A7, 0x1187, 0x1187, 0x1187, 0x1187, 0x1187, 0x1187, 0x1187, 0x1187,
  0x1187, 0x1187, 0x1187, 0x1187, 0x1187, 0x1187, 0x1187, 0x1187, 0x1187, 0x1187, 0x1187, 0x1105, 0x1614, 0x12AA, 0x1023, 0x10C4,
  0x10A4, 0x10C4, 0x0022, 0xAD76, 0xFFFF, 0xF7BE, 0xEF9E, 0xF79E, 0xF79E, 0xF79E, 0xF79E, 0xF79E, 0xF79E, 0xF79E, 0xF79E, 0xF79E,
  0xEF9E, 0xF7BE, 0xFFFF, 0xAD76, 0x0042, 0x2126, 0xEF5D, 0xFFFF, 0x6B6E, 0x0000, 0x6B4E, 0xFFFF, 0xEF5D, 0x4209, 0x18C5, 0xAD96,
  0xF79E, 0xB5B7, 0x0002, 0x31C8, 0xE71C, 0xF79E, 0x5B0D, 0x0001, 0x6B6E, 0xF79E, 0xDEFC, 0x2967, 0x0022, 0xB5B7, 0xFFFF, 0xBDF8,
  0x18E5, 0x3A09, 0xEF7D, 0xF79E, 0x632D, 0x0001, 0x73D0, 0xFFFF, 0xF79E, 0x2126, 0x0863, 0xAD55, 0xF79E, 0x9CF4, 0x0002, 0x31C8,
  0xF79E, 0xFFFF, 0xF79E, 0xEF7E, 0xF79E, 0xF79E, 0xF79E, 0xF79E, 0xF79E, 0xF79E, 0xF79E, 0xF79E, 0xEF9E, 0xF79E, 0xFFDF, 0xFFFF,
  0x4A8B, 0x0042, 0x10C4, 0x10A4, 0x10C4, 0x0003, 0x6CA8, 0x4BC9, 0x00E6, 0x1187, 0x1167, 0x1167, 0x1167, 0x1167, 0x1167, 0x1167,
  0x10E5, 0x10E5, 0x10E5, 0x10E5, 0x10E5, 0x10E5, 0x10E5, 0x10E5, 0x10E5, 0x10E5, 0x10E5, 0x10E5, 0x10E5, 0x10E5, 0x10E5, 0x10E5,
  0x10E5, 0x10E5, 0x10E5, 0x10E5, 0x10E5, 0x10E5, 0x10E5, 0x10E5, 0x10E5, 0x10E5, 0x10E5, 0x10E5, 0x10E5, 0x10E5, 0x10E5, 0x10E5,
  0x10E5, 0x10E5, 0x10E5, 0x10E5, 0x10E5, 0x10E5, 0x10E5, 0x10E5, 0x10E5, 0x10E5, 0x10E5, 0x10E5, 0x10E5, 0x10E5, 0x10E5, 0x10E5,
  0x10E5, 0x10E5, 0x10E5, 0x10E5, 0x10E5, 0x10E5, 0x10E5, 0x10E5, 0x10E5, 0x10E5, 0x10E5, 0x10E5, 0x10E5, 0x10E5, 0x10E5, 0x10E5,
  0x10E5, 0x10E5, 0x10E5, 0x10E5, 0x10E5, 0x10E5, 0x10E5, 0x10E5, 0x10E5, 0x10E5, 0x10E5, 0x10E5, 0x10E5, 0x10E5, 0x10E5, 0x10E5,
  0x10E5, 0x10E5, 0x10E5, 0x10E5, 0x10E5, 0x10E5, 0x10E5, 0x10E5, 0x10E5, 0x10E5, 0x10E5, 0x10E5, 0x1105, 0x1105, 0x1126, 0x1146,
  0x1167, 0x1126, 0x0B2C, 0x05F6, 0x1084, 0x18C5, 0x18E5, 0x10A4, 0x10A4, 0x10A4, 0x10A4, 0x10A4, 0x10C4, 0x0884, 0x39A3, 0xD520,
  0xF5A0, 0xEDA0, 0xF5A0, 0xF5A0, 0xF5A0, 0xF5A0, 0xFDC0, 0xFE00, 0xFDE0, 0xFDE0, 0xFDE0, 0xFDE0, 0xFE40, 0x8322, 0x0064, 0x10A4,
  0x10A4, 0x10A4, 0x10A4, 0x10A4, 0x10A4, 0x10A4, 0x10A4, 0x18E5, 0x18C4, 0x10A4, 0x0616, 0x0B2D, 0x0987, 0x09C8, 0x09A7, 0x0987,
  0x0967, 0x0967, 0x0967, 0x0967, 0x0947, 0x0947, 0x0947, 0x0947, 0x0947, 0x0967, 0x0967, 0x0967, 0x0967, 0x0967, 0x0967, 0x0967,
  0x0967, 0x0967, 0x0967, 0x0967, 0x0967, 0x0167, 0x0967, 0x0167, 0x0167, 0x0167, 0x0147, 0x0147, 0x09A8, 0x11C8, 0x09C8, 0x09C8,
  0x09C8, 0x11C8, 0x09C8, 0x09C8, 0x09C7, 0x09C7, 0x11A7, 0x09A7, 0x11A7, 0x11A7, 0x09A7, 0x11A7, 0x11A7, 0x11A7, 0x09A7, 0x11A7,
  0x11A7, 0x11A7, 0x11A7, 0x11A7, 0x09A7, 0x1187, 0x1187, 0x1187, 0x1187, 0x1187, 0x1187, 0x1187, 0x1187, 0x1187, 0x0987, 0x1187,
  0x1187, 0x1187, 0x1187, 0x1187, 0x1187, 0x1187, 0x1187, 0x1187, 0x1167, 0x1167, 0x1187, 0x0905, 0x1E14, 0x12AA, 0x1023, 0x10C4,
  0x10A4, 0x10C4, 0x0002, 0xB5B7, 0xFFFF, 0xFFFF, 0xFFFF, 0xFFFF, 0xFFFF, 0xFFFF, 0xFFFF, 0xFFFF, 0xFFFF, 0xFFFF, 0xFFFF, 0xFFFF,
  0xFFFF, 0xFFFF, 0xFFFF, 0xB5B7, 0x0042, 0x2126, 0xEF5D, 0xFFFF, 0x6B6E, 0x0000, 0x6B8F, 0xFFFF, 0xF7BE, 0x2967, 0x0001, 0xBDD7,
  0xFFFF, 0xC639, 0x0000, 0x2987, 0xFFDF, 0xFFFF, 0x6B4E, 0x0001, 0x738F, 0xFFFF, 0xEF7D, 0x2987, 0x0022, 0xB5B7, 0xFFFF, 0xAD96,
  0x0001, 0x2105, 0xFFFF, 0xFFFF, 0x632D, 0x0000, 0x738F, 0xFFFF, 0xF79E, 0x18C5, 0x0002, 0xBDD7, 0xFFFF, 0xAD76, 0x0001, 0x39E9,
  0xFFFF, 0xFFFF, 0xFFFF, 0xFFFF, 0xFFFF, 0xFFFF, 0xFFFF, 0xFFFF, 0xFFFF, 0xFFFF, 0xFFFF, 0xFFFF, 0xFFFF, 0xFFFF, 0xFFFF, 0xFFFF,
  0x528B, 0x0022, 0x10C4, 0x10A4, 0x10C4, 0x0003, 0x6CA8, 0x4BC9, 0x00E6, 0x1187, 0x1167, 0x1167, 0x1167, 0x1167, 0x1167, 0x1166,
  0x1187, 0x1187, 0x1187, 0x1187, 0x1187, 0x1187, 0x1187, 0x1187, 0x1187, 0x1187, 0x1187, 0x1187, 0x1187, 0x1187, 0x1187, 0x1187,
  0x1187, 0x1187, 0x1187, 0x1187, 0x1187, 0x1187, 0x1187, 0x1187, 0x1187, 0x1187, 0x1187, 0x1187, 0x1187, 0x1187, 0x1187, 0x1187,
  0x1187, 0x1187, 0x1187, 0x1187, 0x1187, 0x1187, 0x1187, 0x1187, 0x1187, 0x1187, 0x1187, 0x1187, 0x1187, 0x1187, 0x1187, 0x1187,
  0x1187, 0x1187, 0x1187, 0x1187, 0x1187, 0x1187, 0x1187, 0x1187, 0x1187, 0x1187, 0x1187, 0x1187, 0x1187, 0x1187, 0x1187, 0x1187,
  0x1187, 0x1187, 0x1187, 0x1187, 0x1187, 0x1187, 0x1187, 0x1187, 0x1187, 0x1187, 0x1187, 0x1187, 0x1187, 0x1187, 0x1187, 0x1187,
  0x1187, 0x1187, 0x1187, 0x1187, 0x1187, 0x1187, 0x1187, 0x1187, 0x1187, 0x1187, 0x1187, 0x1187, 0x11A7, 0x11A7, 0x11C8, 0x09C8,
  0x0A08, 0x09E8, 0x0B0C, 0x0616, 0x1126, 0x10A4, 0x1905, 0x10A4, 0x10A4, 0x10A4, 0x10A4, 0x10A4, 0x10A4, 0x10C4, 0x0864, 0x18C4,
  0x2943, 0x2923, 0x2923, 0x2923, 0x2923, 0x2923, 0xCCC0, 0xFE20, 0xFDE0, 0xFDE0, 0xFDE0, 0xFE40, 0x8322, 0x0044, 0x10A4, 0x10A4,
  0x10A4, 0x10A4, 0x10A4, 0x10A4, 0x10A4, 0x10A4, 0x10A4, 0x1905, 0x10A4, 0x1146, 0x0636, 0x0B4C, 0x0A29, 0x1249, 0x1229, 0x1209,
  0x1208, 0x11E8, 0x11E8, 0x11E8, 0x11E8, 0x11E8, 0x11E8, 0x11E8, 0x11E8, 0x11E8, 0x11E8, 0x11E8, 0x11E8, 0x11E8, 0x11E8, 0x11E8,
  0x11E8, 0x11E8, 0x11E8, 0x11E8, 0x11E8, 0x11E8, 0x11E8, 0x11E8, 0x11E8, 0x11E8, 0x11E8, 0x11E8, 0x11C8, 0x09C8, 0x09C8, 0x09C8,
  0x09C8, 0x09C8, 0x09C8, 0x11C7, 0x09C7, 0x09C7, 0x11A7, 0x09A7, 0x11A7, 0x11A7, 0x11A7, 0x09A7, 0x09A7, 0x09A7, 0x09A7, 0x11A7,
  0x11A7, 0x11A7, 0x11A7, 0x11A7, 0x11A7, 0x11A7, 0x1187, 0x1187, 0x1187, 0x1187, 0x1187, 0x1187, 0x1187, 0x1187, 0x1187, 0x1187,
  0x1187, 0x1187, 0x1187, 0x1187, 0x1187, 0x1187, 0x1187, 0x1167, 0x1167, 0x1167, 0x1187, 0x1105, 0x1E14, 0x12AA, 0x1023, 0x10C4,
  0x10A4, 0x10A4, 0x0883, 0x422A, 0x5B0D, 0x5AEC, 0x5ACC, 0x5AEC, 0x5AEC, 0x5AED, 0x5AED, 0x5AED, 0x5AED, 0x5AED, 0x5AED, 0x5AED,
  0x5AED, 0x5AEC, 0x5B0D, 0x422A, 0x0863, 0x2126, 0xE73D, 0xFFFF, 0x6B4E, 0x0022, 0x31A8, 0x6B6E, 0x632D, 0x2126, 0x1084, 0x528B,
  0x634E, 0x8452, 0xB5B7, 0xB5D7, 0x7BD0, 0x634E, 0x31A8, 0x0022, 0x6B6E, 0xFFFF, 0xEF5D, 0x2987, 0x0022, 0xB5B7, 0xFFFF, 0xE73C,
  0xB5B7, 0xC618, 0xFFFF, 0xFFFF, 0xD69A, 0xB596, 0xD6BA, 0xFFFF, 0xFFDF, 0xBDD7, 0xB5B7, 0x8451, 0x632D, 0x4A6A, 0x0863, 0x2106,
  0x5AEC, 0x5AED, 0x5AED, 0x5AED, 0x5AED, 0x5AED, 0x5AED, 0x5AED, 0x5AED, 0x5AED, 0x5AED, 0x5AEC, 0x5ACC, 0x5ACC, 0x5AEC, 0x5AEC,
  0x2126, 0x0883, 0x10A4, 0x10A4, 0x10C4, 0x0003, 0x6CA8, 0x4BC8, 0x00E6, 0x1187, 0x1167, 0x1167, 0x1167, 0x1167, 0x1166, 0x1167,
  0x1167, 0x1167, 0x1167, 0x1167, 0x1167, 0x1167, 0x1167, 0x1166, 0x1166, 0x1167, 0x1167, 0x1167, 0x1167, 0x1167, 0x1167, 0x1167,
  0x1167, 0x1166, 0x1167, 0x1166, 0x1167, 0x1166, 0x1166, 0x1167, 0x1167, 0x1167, 0x1167, 0x1166, 0x1166, 0x1167, 0x1167, 0x1166,
  0x1167, 0x1166, 0x1167, 0x1167, 0x1166, 0x1167, 0x1167, 0x1167, 0x1166, 0x1167, 0x1167, 0x1167, 0x1166, 0x1167, 0x1166, 0x1167,
  0x1167, 0x1166, 0x1167, 0x1167, 0x1167, 0x1167, 0x1167, 0x1167, 0x1167, 0x1166, 0x1167, 0x1166, 0x1167, 0x1167, 0x1166, 0x1167,
  0x1167, 0x1166, 0x1167, 0x1167, 0x1167, 0x1167, 0x1167, 0x1167, 0x1167, 0x1167, 0x1166, 0x1167, 0x1167, 0x1167, 0x1167, 0x1167,
  0x1166, 0x1166, 0x1167, 0x1167, 0x1167, 0x1167, 0x1167, 0x1167, 0x1167, 0x1167, 0x1167, 0x1167, 0x1187, 0x1187, 0x11A7, 0x11C8,
  0x11E8, 0x09E8, 0x0A49, 0x0657, 0x09E8, 0x1063, 0x1906, 0x10A4, 0x10A4, 0x10A4, 0x10A4, 0x10A4, 0x10A4, 0x10A4, 0x10C4, 0x1084,
  0x0864, 0x0864, 0x0863, 0x0883, 0x0043, 0x2923, 0xF5C0, 0xFE00, 0xFDE0, 0xFDE0, 0xFE40, 0x8B42, 0x0044, 0x10A4, 0x10A4, 0x10A4,
  0x10A4, 0x10A4, 0x10A4, 0x10A4, 0x10A4, 0x10A4, 0x10A4, 0x1906, 0x1063, 0x0A29, 0x0657, 0x0A6A, 0x0A29, 0x0A29, 0x0A09, 0x09E8,
  0x11E8, 0x11E8, 0x11C8, 0x11C8, 0x09C8, 0x11C8, 0x09C8, 0x09C8, 0x09C8, 0x11C8, 0x09C8, 0x09C8, 0x09C8, 0x11C8, 0x09C8, 0x09C8,
  0x09C8, 0x09C8, 0x09C8, 0x11C8, 0x09C8, 0x09C8, 0x09C8, 0x11C8, 0x09C8, 0x09C8, 0x09C8, 0x09C8, 0x11C8, 0x09C8, 0x09C8, 0x11C8,
  0x11C8, 0x09C8, 0x09A7, 0x09C7, 0x11A7, 0x11A7, 0x11A7, 0x09A7, 0x11A7, 0x11A7, 0x11A7, 0x11A7, 0x11A7, 0x11A7, 0x11A7, 0x09A7,
  0x11A7, 0x11A7, 0x1187, 0x1187, 0x1187, 0x0987, 0x1187, 0x1187, 0x1187, 0x1187, 0x1187, 0x1187, 0x1187, 0x1187, 0x1187, 0x1187,
  0x1187, 0x1187, 0x1187, 0x1167, 0x1167, 0x1187, 0x1167, 0x1167, 0x1167, 0x1167, 0x1187, 0x1105, 0x1DF4, 0x12AA, 0x1023, 0x10C4,
  0x10A4, 0x10A4, 0x10A4, 0x0022, 0x0001, 0x0001, 0x0043, 0x0042, 0x0001, 0x0001, 0x0001, 0x0001, 0x0001, 0x0001, 0x0001, 0x0001,
  0x0001, 0x0001, 0x0001, 0x0022, 0x1084, 0x2126, 0xF7BF, 0xFFFF, 0x6B6F, 0x0042, 0x10A4, 0x0042, 0x0042, 0x0022, 0x0042, 0x0002,
  0x0000, 0x52AC, 0xFFFF, 0xF7BE, 0x2947, 0x0002, 0x10A4, 0x0043, 0x6B6E, 0xFFFF, 0xEF5D, 0x2987, 0x0022, 0xB5B7, 0xFFFF, 0xFFFF,
  0xFFFF, 0xFFFF, 0xFFFF, 0xFFFF, 0xFFFF, 0xFFFF, 0xFFFF, 0xFFFF, 0xFFFF, 0xFFFF, 0xFFFF, 0x6B6E, 0x0001, 0x0883, 0x10A4, 0x0883,
  0x0001, 0x0001, 0x0001, 0x0001, 0x0001, 0x0001, 0x0001, 0x0001, 0x0001, 0x0001, 0x0001, 0x0002, 0x0043, 0x0043, 0x0043, 0x0043,
  0x0884, 0x10A4, 0x10A4, 0x10A4, 0x10C4, 0x0023, 0x74A8, 0x4BC8, 0x00E6, 0x1187, 0x1167, 0x1167, 0x1166, 0x1166, 0x1167, 0x1166,
  0x1166, 0x1166, 0x1166, 0x1167, 0x1167, 0x1166, 0x1167, 0x1166, 0x1166, 0x1166, 0x1166, 0x1166, 0x1166, 0x1166, 0x1167, 0x1166,
  0x1166, 0x1167, 0x1167, 0x1167, 0x1166, 0x1166, 0x1167, 0x1166, 0x1166, 0x1166, 0x1167, 0x1167, 0x1167, 0x1166, 0x1166, 0x1166,
  0x1166, 0x1167, 0x1167, 0x1167, 0x1166, 0x1166, 0x1166, 0x1166, 0x1166, 0x1166, 0x1166, 0x1166, 0x1166, 0x1166, 0x1166, 0x1166,
  0x1166, 0x1166, 0x1166, 0x1167, 0x1167, 0x1167, 0x1167, 0x1166, 0x1167, 0x1166, 0x1166, 0x1167, 0x1167, 0x1166, 0x1167, 0x1166,
  0x1166, 0x1166, 0x1166, 0x1166, 0x1167, 0x1166, 0x1166, 0x1166, 0x1166, 0x1167, 0x1167, 0x1166, 0x1166, 0x1167, 0x1167, 0x1166,
  0x1167, 0x1167, 0x1167, 0x1167, 0x1167, 0x1166, 0x1167, 0x1166, 0x1167, 0x1166, 0x1167, 0x1187, 0x1187, 0x1187, 0x11A7, 0x11A7,
  0x11C8, 0x1209, 0x11C8, 0x05F5, 0x0B4D, 0x1043, 0x1905, 0x10C4, 0x10A4, 0x10A4, 0x10A4, 0x10A4, 0x10A4, 0x10A4, 0x10A4, 0x10A4,
  0x10A4, 0x10A4, 0x10A3, 0x18C3, 0x0044, 0x7AE2, 0xFE40, 0xFDE0, 0xFDE0, 0xFE40, 0x8B41, 0x0044, 0x10A3, 0x10A4, 0x10A4, 0x10A4,
  0x10A4, 0x10A4, 0x10A4, 0x10A4, 0x10A4, 0x10A4, 0x10C4, 0x1906, 0x1022, 0x0B6D, 0x05F5, 0x11E8, 0x0A49, 0x0A09, 0x0A08, 0x09E8,
  0x09E8, 0x11C8, 0x11C8, 0x11C8, 0x11C8, 0x09C8, 0x09C8, 0x09C8, 0x09C8, 0x11C8, 0x09C8, 0x09C8, 0x09C8, 0x09C8, 0x11C8, 0x09C8,
  0x11C8, 0x11C8, 0x09C8, 0x11C8, 0x09C8, 0x09C8, 0x09C8, 0x09C8, 0x09C8, 0x09C8, 0x09C8, 0x09C8, 0x09C8, 0x11C8, 0x11C8, 0x09C8,
  0x09A8, 0x09C7, 0x09A7, 0x09A7, 0x11A7, 0x09A7, 0x11A7, 0x11A7, 0x11A7, 0x11A7, 0x11A7, 0x11A7, 0x11A7, 0x11A7, 0x11A7, 0x11A7,
  0x1187, 0x11A7, 0x0987, 0x1187, 0x1187, 0x0987, 0x1187, 0x1187, 0x1187, 0x1187, 0x1187, 0x1187, 0x1187, 0x1187, 0x1187, 0x1187,
  0x1187, 0x1187, 0x1187, 0x1187, 0x1187, 0x1187, 0x1167, 0x1167, 0x1167, 0x1167, 0x1187, 0x0905, 0x1DF3, 0x12AA, 0x1023, 0x10C4,
  0x10A4, 0x10A4, 0x0863, 0x424A, 0x632E, 0x4A6B, 0x10A4, 0x1905, 0x5AED, 0x632D, 0x632D, 0x632D, 0x632D, 0x632D, 0x632D, 0x632D,
  0x632D, 0x630D, 0x632D, 0x4A6B, 0x1084, 0x1905, 0xB596, 0xBE18, 0x52AB, 0x0863, 0x10C4, 0x10A4, 0x1905, 0x5AEC, 0x630D, 0x632E,
  0x5AEC, 0x94D3, 0xFFFF, 0xEF7D, 0x31C8, 0x1084, 0x18C5, 0x0042, 0x6B6E, 0xFFFF, 0xEF5D, 0x2987, 0x0022, 0xB5B7, 0xFFFF, 0xFFDF,
  0xFFDF, 0xFFDF, 0xFFFF, 0xFFFF, 0xFFDF, 0xFFDF, 0xE73D, 0xBE18, 0xC618, 0xBDF8, 0xBDF8, 0x52AC, 0x0863, 0x18C5, 0x10A4, 0x2106,
  0x630D, 0x632D, 0x632D, 0x632D, 0x632D, 0x632D, 0x632D, 0x632D, 0x632D, 0x632D, 0x632E, 0x422A, 0x10A4, 0x10C5, 0x10C4, 0x10C4,
  0x10A4, 0x10A4, 0x10A4, 0x10A4, 0x10C4, 0x0023, 0x74A8, 0x53C8, 0x00E6, 0x1187, 0x1166, 0x1166, 0x1167, 0x1166, 0x1167, 0x1167,
  0x1166, 0x1166, 0x1166, 0x1166, 0x1167, 0x1167, 0x1166, 0x1166, 0x1166, 0x1166, 0x1166, 0x1166, 0x1166, 0x1166, 0x1167, 0x1166,
  0x1166, 0x1167, 0x1166, 0x1166, 0x1166, 0x1167, 0x1166, 0x1166, 0x1166, 0x1166, 0x1167, 0x1166, 0x1166, 0x1166, 0x1166, 0x1166,
  0x1167, 0x1167, 0x1166, 0x1167, 0x1166, 0x1166, 0x1166, 0x1166, 0x1166, 0x1166, 0x1166, 0x1166, 0x1167, 0x1166, 0x1166, 0x1166,
  0x1166, 0x1166, 0x1166, 0x1166, 0x1166, 0x1166, 0x1166, 0x1166, 0x1166, 0x1166, 0x1167, 0x1166, 0x1167, 0x1167, 0x1166, 0x1166,
  0x1166, 0x1166, 0x1167, 0x1166, 0x1166, 0x1166, 0x1166, 0x1166, 0x1166, 0x1166, 0x1166, 0x1166, 0x1166, 0x1166, 0x1167, 0x1166,
  0x1166, 0x1167, 0x1166, 0x1166, 0x1167, 0x1167, 0x1166, 0x1166, 0x1166, 0x1166, 0x1167, 0x1167, 0x1187, 0x1187, 0x11A7, 0x11A7,
  0x11C8, 0x1208, 0x11C7, 0x0C91, 0x0512, 0x1022, 0x1905, 0x18E5, 0x10A4, 0x10A4, 0x10A4, 0x10A4, 0x10A4, 0x10A4, 0x10A4, 0x10A4,
  0x10A4, 0x10A4, 0x10A4, 0x10A4, 0x0883, 0xBC61, 0xFE40, 0xFDE0, 0xFE40, 0x8B41, 0x0044, 0x10A3, 0x10A4, 0x10A4, 0x10A4, 0x10A4,
  0x10A4, 0x10A4, 0x10A4, 0x10A4, 0x10A4, 0x10A4, 0x18E5, 0x18E5, 0x1043, 0x0553, 0x0CB1, 0x1208, 0x1249, 0x0A09, 0x0A08, 0x09E8,
  0x11C8, 0x11C8, 0x11C8, 0x11C8, 0x11C8, 0x09C8, 0x11C8, 0x09C8, 0x09C8, 0x11C8, 0x09C8, 0x11C8, 0x11C8, 0x11C8, 0x09C8, 0x09C8,
  0x09C8, 0x11C8, 0x11C8, 0x09C8, 0x09C8, 0x09C8, 0x11C8, 0x11C8, 0x09C8, 0x09C8, 0x11C8, 0x09C8, 0x09C7, 0x11C8, 0x11C8, 0x09C7,
  0x11C7, 0x09A7, 0x09A7, 0x11A7, 0x09A7, 0x09A7, 0x09A7, 0x11A7, 0x11A7, 0x11A7, 0x11A7, 0x11A7, 0x09A7, 0x11A7, 0x09A7, 0x11A7,
  0x1187, 0x1187, 0x1187, 0x1187, 0x1187, 0x1187, 0x1187, 0x1187, 0x0987, 0x0987, 0x1187, 0x1187, 0x1187, 0x1187, 0x1187, 0x1187,
  0x1187, 0x1167, 0x1187, 0x1167, 0x1167, 0x1167, 0x1167, 0x1167, 0x1166, 0x1167, 0x1187, 0x0905, 0x1E13, 0x12AA, 0x1023, 0x10C4,
  0x10A4, 0x10C4, 0x0002, 0xB5B7, 0xFFFF, 0xC639, 0x0002, 0x1906, 0xF7BE, 0xFFFF, 0xFFFF, 0xFFFF, 0xFFFF, 0xFFFF, 0xFFFF, 0xFFFF,
  0xFFFF, 0xFFFF, 0xFFFF, 0xC639, 0x0043, 0x0863, 0x0022, 0x0022, 0x0863, 0x0863, 0x0884, 0x0883, 0x2967, 0xFFDF, 0xFFFF, 0xFFFF,
  0xFFFF, 0xFFFF, 0xFFFF, 0xF79E, 0x2987, 0x0022, 0x10C4, 0x0042, 0x6B8E, 0xFFFF, 0xEF7D, 0x2967, 0x0001, 0xB5D7, 0xFFFF, 0xFFFF,
  0xFFFF, 0xFFFF, 0xFFFF, 0xFFFF, 0xFFFF, 0xFFFF, 0xAD55, 0x0001, 0x0002, 0x0002, 0x0002, 0x0043, 0x0883, 0x0883, 0x0022, 0x31A8,
  0xFFFF, 0xFFFF, 0xFFFF, 0xFFFF, 0xFFFF, 0xFFFF, 0xFFFF, 0xFFFF, 0xFFFF, 0xFFFF, 0xFFFF, 0xAD76, 0x0002, 0x0884, 0x0863, 0x0863,
  0x1084, 0x10A4, 0x10A4, 0x10A4, 0x10C4, 0x0023, 0x74A8, 0x53C8, 0x00E6, 0x1186, 0x1166, 0x1166, 0x1166, 0x1166, 0x1167, 0x1167,
  0x1166, 0x1166, 0x1166, 0x1166, 0x1166, 0x1167, 0x1166, 0x1166, 0x1166, 0x1166, 0x1166, 0x1166, 0x1166, 0x1166, 0x1166, 0x1166,
  0x1166, 0x1166, 0x1166, 0x1166, 0x1166, 0x1166, 0x1166, 0x1166, 0x1167, 0x1166, 0x1167, 0x1166, 0x1166, 0x1166, 0x1166, 0x1166,
  0x1166, 0x1166, 0x1166, 0x1166, 0x1166, 0x1166, 0x1166, 0x1166, 0x1166, 0x1166, 0x1166, 0x1166, 0x1166, 0x1166, 0x1166, 0x1166,
  0x1166, 0x1166, 0x1166, 0x1166, 0x1166, 0x1166, 0x1166, 0x1166, 0x1166, 0x1166, 0x1166, 0x1166, 0x1166, 0x1166, 0x1166, 0x1166,
  0x1166, 0x1166, 0x1166, 0x1166, 0x1166, 0x1166, 0x1166, 0x1166, 0x1166, 0x1166, 0x1166, 0x1166, 0x1166, 0x1166, 0x1166, 0x1166,
  0x1166, 0x1166, 0x1166, 0x1166, 0x1166, 0x1166, 0x1167, 0x1166, 0x1166, 0x1166, 0x1167, 0x1167, 0x1187, 0x1187, 0x1187, 0x11A7,
  0x11C8, 0x11E8, 0x11C8, 0x0B0C, 0x0677, 0x1126, 0x1084, 0x1906, 0x10A4, 0x10A4, 0x10A4, 0x10A4, 0x10A4, 0x10A4, 0x10A4, 0x10A4,
  0x10A4, 0x10A4, 0x10A4, 0x0884, 0x2943, 0xF5A0, 0xFDE0, 0xFE40, 0x8B61, 0x0043, 0x10A3, 0x10A4, 0x10A4, 0x10A4, 0x10A4, 0x10A4,
  0x10A4, 0x10A4, 0x10A4, 0x10A4, 0x10A4, 0x10A4, 0x1905, 0x1084, 0x1146, 0x0677, 0x0B2C, 0x0A09, 0x1229, 0x1208, 0x09E8, 0x11E8,
  0x11C8, 0x11C8, 0x11C8, 0x09C8, 0x09C7, 0x11C8, 0x09C8, 0x09C8, 0x09C8, 0x09C8, 0x09C8, 0x09C8, 0x09C8, 0x11C8, 0x09C8, 0x09C8,
  0x11C8, 0x09C8, 0x09C8, 0x09C8, 0x11C8, 0x11C8, 0x11C8, 0x09C8, 0x11C8, 0x09C8, 0x09C8, 0x09C8, 0x09C8, 0x09C7, 0x09C7, 0x11C7,
  0x11A7, 0x11A7, 0x09A7, 0x09A7, 0x11A7, 0x11A7, 0x09A7, 0x11A7, 0x11A7, 0x11A7, 0x11A7, 0x11A7, 0x11A7, 0x11A7, 0x11A7, 0x11A7,
  0x11A7, 0x1187, 0x1187, 0x1187, 0x0987, 0x0987, 0x1187, 0x0987, 0x1187, 0x1187, 0x1187, 0x1187, 0x1187, 0x1187, 0x1187, 0x1187,
  0x1167, 0x1187, 0x1167, 0x1167, 0x1167, 0x1167, 0x1167, 0x1167, 0x1166, 0x1166, 0x1187, 0x1105, 0x1E13, 0x12AA, 0x1023, 0x10C4,
  0x10A4, 0x10C4, 0x0022, 0xAD76, 0xFFFF, 0xC638, 0x2126, 0x39E9, 0xE73D, 0xFFFF, 0xFFDF, 0xFFFF, 0xFFFF, 0xFFFF, 0xFFDF, 0xEF5D,
  0xEF5D, 0xE73D, 0xEF5D, 0xB5B7, 0x2967, 0x2987, 0x18C5, 0x10A4, 0x2146, 0x31A8, 0x2146, 0x0863, 0x2967, 0xEF5D, 0xFFFF, 0xFFDF,
  0xFFFF, 0xFFFF, 0xFFFF, 0xF79E, 0x4A6A, 0x2967, 0x1905, 0x0022, 0x632E, 0xEF7D, 0xDEFB, 0x422A, 0x2126, 0xB5B7, 0xEF7D, 0xEF5D,
  0xEF7D, 0xEF7D, 0xEF7D, 0xEF7D, 0xEF5D, 0xEF7D, 0xAD76, 0x2967, 0x31A8, 0x3188, 0x3188, 0x2987, 0x2987, 0x2987, 0x2146, 0x4A6B,
  0xF79E, 0xFFFF, 0xFFDF, 0xFFFF, 0xFFFF, 0xFFFF, 0xFFFF, 0xFFFF, 0xFFFF, 0xFFDF, 0xFFFF, 0xAD96, 0x2126, 0x3187, 0x2987, 0x3187,
  0x18E5, 0x1084, 0x10A4, 0x10A4, 0x10C4, 0x0023, 0x74A8, 0x53C8, 0x00E6, 0x1186, 0x1166, 0x1166, 0x1166, 0x1166, 0x1166, 0x1166,
  0x1166, 0x1166, 0x1166, 0x1166, 0x1166, 0x1166, 0x1166, 0x1166, 0x1166, 0x1166, 0x1166, 0x1166, 0x1166, 0x1166, 0x1166, 0x1166,
  0x1166, 0x1166, 0x1166, 0x1166, 0x1166, 0x1166, 0x1166, 0x1166, 0x1166, 0x1166, 0x1166, 0x1166, 0x1166, 0x1166, 0x1166, 0x1166,
  0x1166, 0x1166, 0x1166, 0x1166, 0x1166, 0x1166, 0x1166, 0x1166, 0x1166, 0x1166, 0x1166, 0x1166, 0x1166, 0x1166, 0x1166, 0x1166,
  0x1166, 0x1166, 0x1166, 0x1166, 0x1166, 0x1166, 0x1166, 0x1166, 0x1166, 0x1166, 0x1166, 0x1166, 0x1166, 0x1166, 0x1166, 0x1166,
  0x1166, 0x1166, 0x1166, 0x1166, 0x1166, 0x1166, 0x1166, 0x1166, 0x1166, 0x1166, 0x1166, 0x1166, 0x1166, 0x1166, 0x1166, 0x1166,
  0x1166, 0x1166, 0x1166, 0x1167, 0x1166, 0x1166, 0x1166, 0x1166, 0x1166, 0x1166, 0x1166, 0x1167, 0x1167, 0x1187, 0x1187, 0x11A7,
  0x11C7, 0x11E8, 0x1208, 0x11C8, 0x0636, 0x0B8D, 0x1022, 0x1905, 0x18E5, 0x10A4, 0x10A4, 0x10A4, 0x10A4, 0x10A4, 0x10A4, 0x10A4,
  0x10A4, 0x10A4, 0x18C4, 0x0064, 0x72C2, 0xFE40, 0xFE40, 0x9381, 0x0043, 0x10A3, 0x10A3, 0x10A4, 0x10A4, 0x10A4, 0x10A4, 0x10A4,
  0x10A4, 0x10A4, 0x10A4, 0x10A4, 0x10A4, 0x18E5, 0x1905, 0x1022, 0x0BAE, 0x05F5, 0x0A08, 0x1249, 0x1229, 0x1208, 0x09E8, 0x11C8,
  0x11C8, 0x11C8, 0x11C8, 0x11C7, 0x11C7, 0x11C7, 0x09C7, 0x11C7, 0x11C8, 0x09C8, 0x09C8, 0x11C8, 0x09C8, 0x09C8, 0x09C8, 0x11C8,
  0x11C8, 0x09C8, 0x09C8, 0x11C8, 0x11C8, 0x09C8, 0x09C8, 0x09C7, 0x11C8, 0x11C7, 0x11C7, 0x11C8, 0x09C7, 0x11A7, 0x09C7, 0x11A7,
  0x11A7, 0x11A7, 0x09A7, 0x09A7, 0x09A7, 0x11A7, 0x09A7, 0x11A7, 0x11A7, 0x11A7, 0x11A7, 0x11A7, 0x11A7, 0x1187, 0x1187, 0x11A7,
  0x1187, 0x1187, 0x1187, 0x1187, 0x1187, 0x1187, 0x1187, 0x1187, 0x1187, 0x0987, 0x1187, 0x1187, 0x1187, 0x1187, 0x1187, 0x1187,
  0x1187, 0x1167, 0x1187, 0x1167, 0x1167, 0x1167, 0x1167, 0x1166, 0x1166, 0x1166, 0x1187, 0x0905, 0x25F3, 0x1AA9, 0x1023, 0x10C4,
  0x10A4, 0x10C4, 0x0022, 0xAD96, 0xFFFF, 0xF7BE, 0xEF5D, 0xEF5D, 0xFFDF, 0xFFDF, 0xFFFF, 0xFFFF, 0xFFFF, 0xFFFF, 0xF7BE, 0x424A,
  0x2987, 0x31C8, 0x2146, 0x73AF, 0xEF7D, 0xEF5D, 0x2987, 0x0863, 0xAD55, 0xF79E, 0xAD55, 0x0043, 0x31A8, 0xEF7D, 0xFFFF, 0xFFFF,
  0xFFDF, 0xFFFF, 0xFFFF, 0xFFFF, 0xEF7D, 0xEF7E, 0x5B0D, 0x0843, 0x2126, 0x2967, 0x422A, 0xDEFC, 0xF79E, 0x73AF, 0x2126, 0x31A8,
  0x31A8, 0x31A8, 0x2987, 0x2987, 0x31A8, 0x2146, 0x7C11, 0xEF7D, 0xEF5D, 0xEF7D, 0xEF7D, 0xEF7D, 0xEF7D, 0xEF7D, 0xEF7D, 0xEF7E,
  0xFFDF, 0xFFDF, 0xFFDF, 0xFFDF, 0xFFFF, 0xFFFF, 0xFFFF, 0xFFFF, 0xFFFF, 0xFFFF, 0xFFFF, 0xFFDF, 0xEF5D, 0xEF5D, 0xEF5D, 0xF79E,
  0x52AC, 0x0022, 0x10C4, 0x10A4, 0x10C4, 0x0023, 0x74A8, 0x53C8, 0x00E6, 0x1186, 0x1166, 0x1166, 0x1166, 0x1166, 0x1166, 0x1166,
  0x1166, 0x1166, 0x1166, 0x1166, 0x1166, 0x1166, 0x1166, 0x1166, 0x1166, 0x1166, 0x1166, 0x1166, 0x1166, 0x1166, 0x1166, 0x1166,
  0x1166, 0x1166, 0x1166, 0x1166, 0x1166, 0x1166, 0x1166, 0x1166, 0x1166, 0x1166, 0x1166, 0x1166, 0x1166, 0x1166, 0x1166, 0x1166,
  0x1166, 0x1166, 0x1166, 0x1166, 0x1166, 0x1166, 0x1166, 0x1166, 0x1166, 0x1166, 0x1166, 0x1166, 0x1166, 0x1166, 0x1166, 0x1166,
  0x1166, 0x1166, 0x1166, 0x1166, 0x1166, 0x1166, 0x1166, 0x1166, 0x1166, 0x1166, 0x1166, 0x1166, 0x1166, 0x1166, 0x1166, 0x1166,
  0x1166, 0x1166, 0x1166, 0x1166, 0x1166, 0x1166, 0x1166, 0x1166, 0x1166, 0x1166, 0x1166, 0x1166, 0x1166, 0x1166, 0x1166, 0x1166,
  0x1166, 0x1166, 0x1166, 0x1166, 0x1166, 0x1166, 0x1166, 0x1166, 0x1166, 0x1166, 0x1166, 0x1167, 0x1166, 0x1187, 0x1187, 0x11A7,
  0x11A7, 0x11C8, 0x1208, 0x11C7, 0x0BEF, 0x0636, 0x10A4, 0x10A4, 0x2106, 0x10A4, 0x10A4, 0x10A4, 0x10C4, 0x10A4, 0x10A4, 0x10A4,
  0x10A4, 0x10A4, 0x10C4, 0x0884, 0x49C3, 0xE580, 0x9BA1, 0x0863, 0x10A3, 0x10A3, 0x10A4, 0x10A4, 0x10A4, 0x10A4, 0x10A4, 0x10A4,
  0x10A4, 0x10C4, 0x10A4, 0x10A4, 0x10A4, 0x2105, 0x10A4, 0x10E5, 0x0656, 0x0BCE, 0x1208, 0x1229, 0x1208, 0x11E8, 0x11E8, 0x11C8,
  0x11C8, 0x11C7, 0x11C7, 0x11A7, 0x11C7, 0x09C8, 0x11C7, 0x11C7, 0x11C7, 0x09C8, 0x09C8, 0x11C7, 0x11C7, 0x09C7, 0x09C8, 0x09C8,
  0x11C8, 0x11C8, 0x11C8, 0x09C8, 0x09C8, 0x09C8, 0x09C8, 0x09C8, 0x09C7, 0x09C8, 0x09C8, 0x09C7, 0x11A7, 0x11A7, 0x11A7, 0x09A7,
  0x11A7, 0x11A7, 0x11A7, 0x09A7, 0x09A7, 0x11A7, 0x11A7, 0x09A7, 0x11A7, 0x11A7, 0x11A7, 0x11A7, 0x11A7, 0x11A7, 0x1187, 0x1187,
  0x1187, 0x1187, 0x1187, 0x1187, 0x1187, 0x1187, 0x1187, 0x1187, 0x1187, 0x1187, 0x1187, 0x1187, 0x1187, 0x1187, 0x1187, 0x1187,
  0x1167, 0x1187, 0x1167, 0x1166, 0x1167, 0x1166, 0x1166, 0x1167, 0x1166, 0x1166, 0x1187, 0x0905, 0x25F3, 0x1AA9, 0x1023, 0x10C4,
  0x10A4, 0x10C4, 0x0022, 0xAD96, 0xFFFF, 0xFFFF, 0xFFFF, 0xFFFF, 0xFFFF, 0xFFFF, 0xFFFF, 0xFFFF, 0xFFFF, 0xFFFF, 0xF7BE, 0x10C4,
  0x0001, 0x0002, 0x0000, 0x52CC, 0xFFFF, 0xFFFF, 0x18E5, 0x0000, 0xB597, 0xFFFF, 0xB596, 0x0000, 0x1905, 0xEF5D, 0xFFFF, 0xFFFF,
  0xFFFF, 0xFFFF, 0xFFFF, 0xFFFF, 0xFFFF, 0xFFFF, 0x5ACC, 0x0000, 0x0863, 0x0042, 0x2946, 0xEF7E, 0xFFFF, 0x632D, 0x0001, 0x0863,
  0x0001, 0x0001, 0x0863, 0x0883, 0x0022, 0x0000, 0x634E, 0xFFFF, 0xFFFF, 0xFFFF, 0xFFFF, 0xFFFF, 0xFFFF, 0xFFFF, 0xFFFF, 0xFFFF,
  0xFFFF, 0xFFFF, 0xFFFF, 0xFFFF, 0xFFFF, 0xFFFF, 0xFFFF, 0xFFFF, 0xFFFF, 0xFFFF, 0xFFFF, 0xFFFF, 0xFFFF, 0xFFFF, 0xFFFF, 0xFFFF,
  0x5AEC, 0x0022, 0x10C4, 0x10A4, 0x10C4, 0x0023, 0x74A8, 0x53C8, 0x00E6, 0x1186, 0x1166, 0x1166, 0x1166, 0x1166, 0x1166, 0x1166,
  0x1166, 0x1166, 0x1166, 0x1166, 0x1166, 0x1166, 0x1166, 0x1166, 0x1166, 0x1166, 0x1166, 0x1166, 0x1166, 0x1166, 0x1166, 0x1166,
  0x1166, 0x1166, 0x1166, 0x1166, 0x1166, 0x1166, 0x1166, 0x1166, 0x1166, 0x1166, 0x1166, 0x1166, 0x1166, 0x1166, 0x1166, 0x1166,
  0x1166, 0x1166, 0x1166, 0x1166, 0x1166, 0x1166, 0x1166, 0x1166, 0x1166, 0x1166, 0x1166, 0x1166, 0x1166, 0x1166, 0x1166, 0x1166,
  0x1166, 0x1166, 0x1166, 0x1166, 0x1166, 0x1166, 0x1166, 0x1166, 0x1166, 0x1166, 0x1166, 0x1166, 0x1166, 0x1166, 0x1166, 0x1166,
  0x1166, 0x1166, 0x1166, 0x1166, 0x1166, 0x1166, 0x1166, 0x1166, 0x1166, 0x1166, 0x1166, 0x1166, 0x1166, 0x1166, 0x1166, 0x1166,
  0x1166, 0x1166, 0x1166, 0x1166, 0x1166, 0x1166, 0x1166, 0x1166, 0x1166, 0x1166, 0x1166, 0x1167, 0x1166, 0x1167, 0x1187, 0x1187,
  0x11A7, 0x11C8, 0x11E8, 0x1208, 0x11E8, 0x0636, 0x0BAE, 0x1022, 0x1905, 0x1905, 0x10A4, 0x10C4, 0x10A4, 0x10C4, 0x10C4, 0x10A4,
  0x10A4, 0x10C4, 0x10A4, 0x10C4, 0x0884, 0x18E3, 0x0883, 0x10A3, 0x10A3, 0x10A4, 0x10A4, 0x10A4, 0x10A4, 0x10A4, 0x10A4, 0x10A4,
  0x10A4, 0x10A4, 0x10A4, 0x10A4, 0x1905, 0x18E5, 0x1022, 0x0BEF, 0x0636, 0x1209, 0x1249, 0x1209, 0x1208, 0x11E8, 0x11C8, 0x11C8,
  0x11C8, 0x11C8, 0x09A8, 0x11A7, 0x11A7, 0x09A7, 0x09C7, 0x11C7, 0x09C7, 0x09C7, 0x09C7, 0x11C7, 0x09C7, 0x09C8, 0x11C8, 0x11C8,
  0x11C8, 0x11C7, 0x09C7, 0x09C7, 0x11C7, 0x09C8, 0x11C7, 0x11C8, 0x09C7, 0x09C7, 0x11A7, 0x09A7, 0x09C7, 0x11A7, 0x11A7, 0x11A7,
  0x09A7, 0x09A7, 0x11A7, 0x09A7, 0x09A7, 0x11A7, 0x11A7, 0x11A7, 0x11A7, 0x11A7, 0x11A7, 0x11A7, 0x1187, 0x1187, 0x11A7, 0x1187,
  0x1187, 0x1187, 0x1187, 0x1187, 0x1187, 0x1187, 0x1187, 0x1187, 0x1187, 0x1187, 0x1187, 0x1187, 0x1187, 0x1167, 0x1167, 0x1187,
  0x1166, 0x1167, 0x1166, 0x1167, 0x1167, 0x1166, 0x1166, 0x1167, 0x1166, 0x1166, 0x1187, 0x0905, 0x25F3, 0x1AA9, 0x1023, 0x10C4,
  0x10A4, 0x10C4, 0x0022, 0xAD76, 0xFFFF, 0xD69A, 0x6B6E, 0x6B8F, 0x738F, 0x6B6E, 0xD69A, 0xFFFF, 0xFFDF, 0xFFFF, 0xFFFF, 0xBDD7,
  0xAD76, 0xB596, 0xAD76, 0xCE59, 0xFFFF, 0xFFDF, 0xB5B7, 0xAD56, 0xE71C, 0xFFFF, 0xE71C, 0xAD55, 0xB5D7, 0xF7BF, 0xFFFF, 0xAD56,
  0x632D, 0xA535, 0xFFFF, 0xFFFF, 0xFFDF, 0xFFFF, 0xC639, 0xAD55, 0x7C11, 0x0043, 0x3187, 0xEF5D, 0xFFFF, 0x6B6E, 0x0021, 0x5AEC,
  0xAD96, 0xA515, 0x1905, 0x0884, 0x8431, 0xAD56, 0xCE7A, 0xFFFF, 0xFFFF, 0xFFFF, 0xFFDF, 0xFFFF, 0xFFDF, 0xFFFF, 0xFFFF, 0xEF7D,
  0x7BD0, 0x6B6F, 0x73AF, 0x6B4E, 0xAD76, 0xFFFF, 0xFFDF, 0xFFFF, 0xFFFF, 0xFFFF, 0xFFFF, 0xCE59, 0x632E, 0x8C72, 0xF7BF, 0xFFFF,
  0x5ACC, 0x0022, 0x10C4, 0x10A4, 0x10C4, 0x0023, 0x74A8, 0x53C8, 0x00E6, 0x1167, 0x1166, 0x1166, 0x1166, 0x1166, 0x1166, 0x1166,
  0x1166, 0x1166, 0x1166, 0x1166, 0x1166, 0x1166, 0x1166, 0x1166, 0x1166, 0x1166, 0x1166, 0x1166, 0x1166, 0x1166, 0x1166, 0x1166,
  0x1166, 0x1166, 0x1166, 0x1166, 0x1166, 0x1166, 0x1166, 0x1166, 0x1166, 0x1166, 0x1166, 0x1166, 0x1166, 0x1166, 0x1166, 0x1166,
  0x1166, 0x1166, 0x1166, 0x1166, 0x1166, 0x1166, 0x1166, 0x1166, 0x1166, 0x1166, 0x1166, 0x1166, 0x1166, 0x1166, 0x1166, 0x1166,
  0x1166, 0x1166, 0x1166, 0x1166, 0x1166, 0x1166, 0x1166, 0x1166, 0x1166, 0x1166, 0x1166, 0x1166, 0x1166, 0x1166, 0x1166, 0x1166,
  0x1166, 0x1166, 0x1166, 0x1166, 0x1166, 0x1166, 0x1166, 0x1166, 0x1166, 0x1166, 0x1166, 0x1166, 0x1166, 0x1166, 0x1166, 0x1166,
  0x1166, 0x1166, 0x1166, 0x1166, 0x1166, 0x1166, 0x1166, 0x1166, 0x1166, 0x1166, 0x1166, 0x1166, 0x1167, 0x1167, 0x1187, 0x1187,
  0x11A7, 0x11A7, 0x11C8, 0x11E8, 0x11C8, 0x0B4D, 0x06D8, 0x1187, 0x1063, 0x1925, 0x18E5, 0x10A4, 0x10C4, 0x10A4, 0x10A4, 0x10C4,
  0x10C4, 0x10C4, 0x10C4, 0x10A4, 0x10C4, 0x10A4, 0x10A3, 0x10A4, 0x10A4, 0x10A4, 0x10C4, 0x10A4, 0x10A4, 0x10A4, 0x10A4, 0x10C4,
  0x10A4, 0x10A4, 0x10A4, 0x18E5, 0x1925, 0x1063, 0x11A7, 0x0698, 0x0B4D, 0x1208, 0x1229, 0x1208, 0x11E8, 0x11E8, 0x11C8, 0x11C8,
  0x11C7, 0x11C7, 0x11A7, 0x11A7, 0x11A7, 0x11A7, 0x11A7, 0x09A7, 0x11A7, 0x09A7, 0x09C7, 0x11A7, 0x09C7, 0x09C8, 0x11C7, 0x11C8,
  0x09A7, 0x09A7, 0x09A7, 0x11A7, 0x09A7, 0x09C7, 0x11C7, 0x09A7, 0x09C7, 0x11C7, 0x11A7, 0x09A7, 0x09A7, 0x09A7, 0x09A7, 0x11A7,
  0x09A7, 0x11A7, 0x11A7, 0x11A7, 0x09A7, 0x11A7, 0x11A7, 0x11A7, 0x11A7, 0x11A7, 0x11A7, 0x1187, 0x1187, 0x0987, 0x1187, 0x1187,
  0x1187, 0x1187, 0x1187, 0x1187, 0x1187, 0x1187, 0x1187, 0x1187, 0x1187, 0x1187, 0x1187, 0x1187, 0x1187, 0x1167, 0x1187, 0x1167,
  0x1166, 0x1166, 0x1166, 0x1166, 0x1166, 0x1166, 0x1166, 0x1166, 0x1166, 0x1166, 0x1187, 0x0905, 0x25F3, 0x1AA9, 0x1023, 0x10C4,
  0x10A4, 0x10C4, 0x0022, 0xAD76, 0xFFFF, 0xBDD7, 0x0001, 0x0022, 0x0042, 0x0001, 0xB5B7, 0xFFFF, 0xFFFF, 0xFFFF, 0xFFFF, 0xFFFF,
  0xFFFF, 0xFFFF, 0xFFFF, 0xFFFF, 0xFFFF, 0xFFFF, 0xFFFF, 0xFFFF, 0xFFFF, 0xFFFF, 0xFFFF, 0xFFFF, 0xFFFF, 0xFFFF, 0xFFFF, 0x630D,
  0x0000, 0x52AC, 0xFFFF, 0xFFFF, 0xFFFF, 0xFFFF, 0xFFFF, 0xFFFF, 0xC659, 0x0002, 0x2987, 0xEF7D, 0xFFFF, 0x632D, 0x0000, 0x7BF0,
  0xFFFF, 0xFFFF, 0x2126, 0x0863, 0xCE7A, 0xFFFF, 0xFFFF, 0xFFFF, 0xFFFF, 0xFFFF, 0xFFFF, 0xFFFF, 0xFFFF, 0xFFFF, 0xFFFF, 0xE73D,
  0x10C4, 0x0002, 0x0002, 0x0000, 0x632E, 0xFFFF, 0xFFFF, 0xFFFF, 0xFFFF, 0xFFFF, 0xFFFF, 0x9CF4, 0x0000, 0x2126, 0xF79E, 0xFFFF,
  0x5ACC, 0x0022, 0x10C4, 0x10A4, 0x10C4, 0x0023, 0x74A7, 0x53C8, 0x00E6, 0x1166, 0x1166, 0x1166, 0x1166, 0x1166, 0x1166, 0x1166,
  0x1166, 0x1166, 0x1166, 0x1166, 0x1166, 0x1166, 0x1166, 0x1166, 0x1166, 0x1166, 0x1166, 0x1166, 0x1166, 0x1166, 0x1166, 0x1166,
  0x1166, 0x1166, 0x1166, 0x1166, 0x1166, 0x1166, 0x1166, 0x1166, 0x1166, 0x1166, 0x1166, 0x1166, 0x1166, 0x1166, 0x1166, 0x1166,
  0x1166, 0x1166, 0x1166, 0x1166, 0x1166, 0x1166, 0x1166, 0x1166, 0x1166, 0x1166, 0x1166, 0x1166, 0x1166, 0x1166, 0x1166, 0x1166,
  0x1166, 0x1166, 0x1166, 0x1166, 0x1166, 0x1166, 0x1166, 0x1166, 0x1166, 0x1166, 0x1166, 0x1166, 0x1166, 0x1166, 0x1166, 0x1166,
  0x1166, 0x1166, 0x1166, 0x1166, 0x1166, 0x1166, 0x1166, 0x1166, 0x1166, 0x1166, 0x1166, 0x1166, 0x1166, 0x1166, 0x1166, 0x1166,
  0x1166, 0x1166, 0x1166, 0x1166, 0x1166, 0x1166, 0x1166, 0x1166, 0x1166, 0x1166, 0x1166, 0x1166, 0x1167, 0x1166, 0x1167, 0x1187,
  0x1187, 0x11A7, 0x11C8, 0x11C8, 0x1208, 0x11A7, 0x0D12, 0x05D5, 0x1063, 0x10A4, 0x2125, 0x18E5, 0x10A4, 0x10C4, 0x10C4, 0x10C4,
  0x10C4, 0x10C4, 0x10C4, 0x10A4, 0x10A4, 0x10C4, 0x10A4, 0x10A4, 0x10C4, 0x10A4, 0x10A4, 0x10A4, 0x10C4, 0x10C4, 0x10C4, 0x10C4,
  0x10A4, 0x10A4, 0x18E5, 0x2125, 0x10A4, 0x1083, 0x05F5, 0x0CF2, 0x11E8, 0x1229, 0x1208, 0x11E8, 0x11E8, 0x11C8, 0x11C8, 0x11C7,
  0x11A7, 0x09A7, 0x11A7, 0x11A7, 0x09A7, 0x09A7, 0x09A7, 0x09A7, 0x11A7, 0x09A7, 0x09C7, 0x09A7, 0x11A7, 0x11A7, 0x11C7, 0x11A7,
  0x09C7, 0x11C7, 0x11C7, 0x09C7, 0x09C7, 0x11A7, 0x11A7, 0x09A7, 0x09C7, 0x09A7, 0x09A7, 0x11A7, 0x09A7, 0x11A7, 0x11A7, 0x11A7,
  0x11A7, 0x11A7, 0x11A7, 0x11A7, 0x11A7, 0x11A7, 0x11A7, 0x11A7, 0x11A7, 0x11A7, 0x11A7, 0x1187, 0x1187, 0x1187, 0x1187, 0x1187,
  0x1187, 0x1187, 0x1187, 0x1187, 0x1187, 0x1187, 0x1187, 0x1187, 0x1187, 0x1187, 0x1187, 0x1187, 0x1187, 0x1167, 0x1166, 0x1167,
  0x1167, 0x1166, 0x1166, 0x1166, 0x1166, 0x1167, 0x1167, 0x1166, 0x1166, 0x1166, 0x1187, 0x0905, 0x25F3, 0x1AA9, 0x1023, 0x10C4,
  0x10A4, 0x10C4, 0x0022, 0xAD76, 0xFFFF, 0xBDF8, 0x0884, 0x10C5, 0x10C4, 0x0884, 0x8C72, 0xC659, 0xD6BB, 0xFFFF, 0xFFFF, 0xCE59,
  0xC618, 0xC618, 0xC618, 0xC638, 0xC639, 0xC639, 0xC618, 0xC618, 0xC639, 0xC639, 0xC639, 0xBE18, 0xC639, 0xF7BF, 0xFFFF, 0x9CF4,
  0x4A8B, 0x94B3, 0xFFFF, 0xFFDF, 0xCE7A, 0xC639, 0xC618, 0xC639, 0x8C72, 0x0042, 0x2987, 0xEF7D, 0xFFFF, 0x94D3, 0x4A6A, 0x9493,
  0xC639, 0xB596, 0x18E5, 0x0883, 0x9493, 0xC618, 0xDEDB, 0xFFFF, 0xFFDF, 0xCE59, 0xC639, 0xC639, 0xBE18, 0xDEFB, 0xFFFF, 0xE73D,
  0x2146, 0x1084, 0x4A8B, 0x52CC, 0x8C52, 0xC639, 0xCE79, 0xFFDF, 0xFFFF, 0xFFFF, 0xFFFF, 0xC639, 0x528B, 0x7BD0, 0xF7BE, 0xFFFF,
  0x5ACC, 0x0022, 0x10C4, 0x10A4, 0x10C4, 0x0023, 0x7CA7, 0x53C8, 0x00E6, 0x1166, 0x1166, 0x1166, 0x1166, 0x1166, 0x1166, 0x1166,
  0x1166, 0x1166, 0x1166, 0x1166, 0x1166, 0x1166, 0x1166, 0x1166, 0x1166, 0x1166, 0x1166, 0x1166, 0x1166, 0x1166, 0x1166, 0x1166,
  0x1166, 0x1166, 0x1166, 0x1166, 0x1166, 0x1166, 0x1166, 0x1166, 0x1166, 0x1166, 0x1166, 0x1166, 0x1166, 0x1166, 0x1166, 0x1166,
  0x1166, 0x1166, 0x1166, 0x1166, 0x1166, 0x1166, 0x1166, 0x1166, 0x1166, 0x1166, 0x1166, 0x1166, 0x1166, 0x1166, 0x1166, 0x1166,
  0x1166, 0x1166, 0x1166, 0x1166, 0x1166, 0x1166, 0x1166, 0x1166, 0x1166, 0x1166, 0x1166, 0x1166, 0x1166, 0x1166, 0x1166, 0x1166,
  0x1166, 0x1166, 0x1166, 0x1166, 0x1166, 0x1166, 0x1166, 0x1166, 0x1166, 0x1166, 0x1166, 0x1166, 0x1166, 0x1166, 0x1166, 0x1166,
  0x1166, 0x1166, 0x1166, 0x1166, 0x1166, 0x1166, 0x1166, 0x1166, 0x1166, 0x1166, 0x1166, 0x1166, 0x1166, 0x1167, 0x1167, 0x1187,
  0x1187, 0x11A7, 0x11A7, 0x11C8, 0x11E8, 0x1208, 0x11E8, 0x0636, 0x0CF2, 0x1043, 0x10A4, 0x2126, 0x18E5, 0x10C4, 0x10C4, 0x10C4,
  0x10C4, 0x10C4, 0x10C4, 0x10C4, 0x10C4, 0x10C4, 0x10C4, 0x10E4, 0x10C4, 0x10C4, 0x10C4, 0x10C4, 0x10C4, 0x10C4, 0x10C4, 0x10C4,
  0x10C4, 0x1905, 0x2125, 0x10A4, 0x1043, 0x0D12, 0x0616, 0x1229, 0x1229, 0x1209, 0x11E8, 0x11E8, 0x11C8, 0x11C8, 0x11C7, 0x11C7,
  0x11A7, 0x11A7, 0x11A7, 0x11A7, 0x11A7, 0x11A7, 0x11A7, 0x11A7, 0x11A7, 0x11A7, 0x09A7, 0x11A7, 0x11A7, 0x09A7, 0x09A7, 0x11A7,
  0x11A7, 0x11A7, 0x09C7, 0x09A7, 0x11A7, 0x09A7, 0x09A7, 0x11A7, 0x11A7, 0x09A7, 0x11A7, 0x09A7, 0x11A7, 0x11A7, 0x11A7, 0x11A7,
  0x09A7, 0x11A7, 0x11A7, 0x09A7, 0x11A7, 0x09A7, 0x11A7, 0x11A7, 0x09A7, 0x11A7, 0x11A7, 0x1187, 0x1187, 0x1187, 0x1187, 0x1187,
  0x1187, 0x1187, 0x1187, 0x1187, 0x1187, 0x1187, 0x1187, 0x1187, 0x1187, 0x1167, 0x1187, 0x1167, 0x1167, 0x1166, 0x1167, 0x1167,
  0x1166, 0x1167, 0x1166, 0x1166, 0x1166, 0x1166, 0x1166, 0x1166, 0x1166, 0x1166, 0x1166, 0x0905, 0x25F2, 0x1AA9, 0x1023, 0x10C4,
  0x10A4, 0x10C4, 0x0022, 0xAD76, 0xFFFF, 0xBDF8, 0x0843, 0x1084, 0x10A4, 0x10A4, 0x1084, 0x0001, 0x632D, 0xFFFF, 0xF79E, 0x2126,
  0x0042, 0x0863, 0x0863, 0x0863, 0x0863, 0x0863, 0x0883, 0x0883, 0x0863, 0x0863, 0x0863, 0x0843, 0x2946, 0xEF7D, 0xFFFF, 0xFFFF,
  0xFFFF, 0xFFFF, 0xFFFF, 0xF79E, 0x2967, 0x0022, 0x0863, 0x0863, 0x0883, 0x0863, 0x2967, 0xF79E, 0xFFFF, 0xFFFF, 0xFFFF, 0xBDD7,
  0x0043, 0x0883, 0x0884, 0x0884, 0x1084, 0x0001, 0x6B6E, 0xFFFF, 0xF79E, 0x18E5, 0x0863, 0x10A4, 0x0001, 0x73AF, 0xFFFF, 0xE73C,
  0x2126, 0x0022, 0xC638, 0xFFFF, 0xB596, 0x0000, 0x3187, 0xF79E, 0xFFFF, 0xFFFF, 0xFFFF, 0xFFFF, 0xFFFF, 0xFFFF, 0xFFFF, 0xFFFF,
  0x5AEC, 0x0022, 0x10C4, 0x10A4, 0x10C4, 0x0024, 0x7CA7, 0x53C8, 0x00E6, 0x1166, 0x1166, 0x1166, 0x1166, 0x1166, 0x1166, 0x1166,
  0x1166, 0x1166, 0x1166, 0x1166, 0x1166, 0x1166, 0x1166, 0x1166, 0x1166, 0x1166, 0x1166, 0x1166, 0x1166, 0x1166, 0x1166, 0x1166,
  0x1166, 0x1146, 0x1166, 0x1166, 0x1166, 0x1166, 0x1166, 0x1166, 0x1166, 0x1166, 0x1166, 0x1166, 0x1166, 0x1166, 0x1166, 0x1166,
  0x1166, 0x1166, 0x1166, 0x1166, 0x1166, 0x1166, 0x1166, 0x1166, 0x1146, 0x1166, 0x1166, 0x1166, 0x1166, 0x1166, 0x1166, 0x1166,
  0x1166, 0x1166, 0x1166, 0x1166, 0x1166, 0x1166, 0x1166, 0x1166, 0x1166, 0x1166, 0x1166, 0x1166, 0x1166, 0x1166, 0x1166, 0x1166,
  0x1166, 0x1146, 0x1166, 0x1166, 0x1166, 0x1166, 0x1166, 0x1166, 0x1166, 0x1166, 0x1166, 0x1166, 0x1166, 0x1166, 0x1166, 0x1166,
  0x1166, 0x1166, 0x1166, 0x1166, 0x1166, 0x1166, 0x1166, 0x1166, 0x1166, 0x1166, 0x1166, 0x1166, 0x1166, 0x1166, 0x1166, 0x1187,
  0x1187, 0x1187, 0x11A7, 0x11A7, 0x11C8, 0x11E8, 0x11E8, 0x126A, 0x0697, 0x0CB1, 0x1043, 0x10A4, 0x1905, 0x20C4, 0x1863, 0x1043,
  0x1843, 0x1843, 0x1863, 0x1863, 0x1842, 0x1842, 0x1842, 0x1862, 0x1842, 0x1862, 0x1862, 0x1843, 0x1843, 0x1843, 0x1043, 0x1863,
  0x20C4, 0x1905, 0x10A4, 0x1043, 0x0CD1, 0x0697, 0x126A, 0x1229, 0x1229, 0x1208, 0x11E8, 0x11E8, 0x11C8, 0x11C7, 0x11A7, 0x11A7,
  0x11A7, 0x11A7, 0x09A7, 0x11A7, 0x11A7, 0x11A7, 0x11A7, 0x09A7, 0x11A7, 0x11A7, 0x09A7, 0x11A7, 0x11A7, 0x11A7, 0x09A7, 0x11A7,
  0x09A7, 0x11A7, 0x11A7, 0x09A7, 0x09A7, 0x11A7, 0x09A7, 0x09A7, 0x11A7, 0x09A7, 0x11A7, 0x09A7, 0x09A7, 0x11A7, 0x09A7, 0x09A7,
  0x11A7, 0x11A7, 0x09A7, 0x11A7, 0x11A7, 0x11A7, 0x11A7, 0x11A7, 0x0987, 0x1187, 0x1187, 0x1187, 0x1187, 0x1187, 0x1187, 0x1187,
  0x1187, 0x1187, 0x1187, 0x1187, 0x1187, 0x1187, 0x1187, 0x1167, 0x1187, 0x1167, 0x1167, 0x1167, 0x1167, 0x1167, 0x1167, 0x1167,
  0x1166, 0x1166, 0x1166, 0x1166, 0x1166, 0x1166, 0x1166, 0x1166, 0x1166, 0x1166, 0x1167, 0x0905, 0x25F2, 0x1AA9, 0x1023, 0x10C4,
  0x10A4, 0x10C4, 0x0022, 0xAD76, 0xFFFF, 0xBE18, 0x10C5, 0x1905, 0x10A4, 0x10A4, 0x1905, 0x10A4, 0x738F, 0xFFFF, 0xF79E, 0x31A8,
  0x18E5, 0x1905, 0x1905, 0x1905, 0x1905, 0x1905, 0x10A4, 0x10A4, 0x18E5, 0x2126, 0x18E5, 0x0883, 0x2967, 0xE73D, 0xFFDF, 0xF7DF,
  0xFFDF, 0xFFDF, 0xFFDF, 0xEF7D, 0x39E9, 0x10C5, 0x1906, 0x1905, 0x1905, 0x18C5, 0x31C8, 0xEF7D, 0xFFDF, 0xF7BE, 0xFFDF, 0xB597,
  0x0863, 0x10C4, 0x1905, 0x1905, 0x2126, 0x1084, 0x73D0, 0xFFDF, 0xEF7D, 0x2126, 0x0884, 0x18C5, 0x0022, 0x73AF, 0xFFDF, 0xE71C,
  0x2987, 0x10A4, 0xBDF8, 0xFFDF, 0xAD76, 0x0863, 0x3A09, 0xEF5D, 0xFFDF, 0xFFDF, 0xFFDF, 0xFFFF, 0xFFFF, 0xFFFF, 0xF7BE, 0xFFDF,
  0x52CC, 0x0022, 0x10C4, 0x10A4, 0x10C4, 0x0024, 0x7CA7, 0x53C8, 0x00E6, 0x1166, 0x1166, 0x1166, 0x1166, 0x1166, 0x1166, 0x1166,
  0x1166, 0x1146, 0x1166, 0x1166, 0x1166, 0x1166, 0x1166, 0x1166, 0x1166, 0x1166, 0x1146, 0x1166, 0x1166, 0x1166, 0x1146, 0x1146,
  0x1146, 0x1166, 0x1166, 0x1166, 0x1146, 0x1166, 0x1166, 0x1166, 0x1166, 0x1166, 0x1166, 0x1166, 0x1166, 0x1166, 0x1166, 0x1166,
  0x1166, 0x1166, 0x1166, 0x1166, 0x1166, 0x1166, 0x1166, 0x1166, 0x1166, 0x1166, 0x1166, 0x1166, 0x1166, 0x1166, 0x1166, 0x1166,
  0x1166, 0x1166, 0x1166, 0x1166, 0x1166, 0x1166, 0x1146, 0x1166, 0x1166, 0x1146, 0x1166, 0x1166, 0x1166, 0x1166, 0x1166, 0x1166,
  0x1166, 0x1146, 0x1166, 0x1166, 0x1166, 0x1146, 0x1166, 0x1166, 0x1166, 0x1166, 0x1166, 0x1166, 0x1166, 0x1166, 0x1166, 0x1166,
  0x1166, 0x1166, 0x1166, 0x1166, 0x1166, 0x1166, 0x1166, 0x1166, 0x1166, 0x1166, 0x1166, 0x1166, 0x1166, 0x1166, 0x1166, 0x1166,
  0x1187, 0x1187, 0x1187, 0x11A7, 0x11C7, 0x11C8, 0x1208, 0x11E8, 0x126A, 0x0697, 0x0CF2, 0x1083, 0x10A4, 0x12AA, 0x13CE, 0x0BCE,
  0x0BCE, 0x0BCE, 0x0BCE, 0x0BCE, 0x0BCE, 0x0BCE, 0x0BCE, 0x0BCE, 0x0BCE, 0x0BCE, 0x0BCE, 0x0BCE, 0x0BCE, 0x0BCE, 0x0BCE, 0x13CE,
  0x128A, 0x10A4, 0x1083, 0x0D12, 0x0697, 0x128A, 0x1208, 0x1229, 0x1208, 0x11E8, 0x11E8, 0x11C8, 0x11C7, 0x11C7, 0x11A7, 0x11A7,
  0x11A7, 0x11A7, 0x11A7, 0x11A7, 0x09A7, 0x11A7, 0x09A7, 0x11A7, 0x11A7, 0x11A7, 0x11A7, 0x09A7, 0x09A7, 0x11A7, 0x11A7, 0x11A7,
  0x09A7, 0x09A7, 0x11A7, 0x09A7, 0x09A7, 0x09A7, 0x11A7, 0x11A7, 0x11A7, 0x11A7, 0x11A7, 0x11A7, 0x11A7, 0x11A7, 0x11A7, 0x11A7,
  0x11A7, 0x11A7, 0x09A7, 0x11A7, 0x11A7, 0x1187, 0x11A7, 0x1187, 0x1187, 0x1187, 0x1187, 0x1187, 0x1187, 0x1187, 0x1187, 0x1187,
  0x1187, 0x1187, 0x1187, 0x1187, 0x1187, 0x1187, 0x1187, 0x1167, 0x1187, 0x1167, 0x1167, 0x1167, 0x1166, 0x1167, 0x1167, 0x1166,
  0x1167, 0x1166, 0x1166, 0x1166, 0x1166, 0x1166, 0x1166, 0x1166, 0x1166, 0x1166, 0x1166, 0x08E5, 0x2DF2, 0x1AA9, 0x1023, 0x10C4,
  0x10A4, 0x10C4, 0x0022, 0xAD96, 0xFFFF, 0xF79E, 0xDEFB, 0xD6BA, 0x31A8, 0x0042, 0xA514, 0xE73C, 0xEF5D, 0xFFFF, 0xFFFF, 0xDEFC,
  0xDEFB, 0xDEFB, 0xDEFB, 0xDEFC, 0xE71C, 0xDEFC, 0x2967, 0x0863, 0x9CF4, 0xE73C, 0x9CF4, 0x0843, 0x18E5, 0x39E9, 0x4229, 0x3A09,
  0x3A09, 0x3A09, 0x39C8, 0x52AC, 0xD6BA, 0xDEFB, 0xDEFC, 0xE71C, 0xDEFC, 0xDEFB, 0xD69A, 0x52AC, 0x3A09, 0x4229, 0x422A, 0x31A8,
  0x0863, 0x2946, 0xDEDB, 0xDEFB, 0xDEDB, 0xDEFC, 0xAD55, 0x39C9, 0x3A09, 0x18C5, 0x10C4, 0x10C4, 0x10A4, 0x2967, 0x3A09, 0x5AEC,
  0xDEDB, 0xE71C, 0x7BD0, 0x31A7, 0x8431, 0xE73C, 0xCE9A, 0x4A8B, 0x39E9, 0x422A, 0x31C8, 0x94B3, 0xFFDF, 0xE71C, 0x4A8B, 0x4209,
  0x2126, 0x0884, 0x10A4, 0x10A4, 0x10C4, 0x0024, 0x7CA7, 0x53C7, 0x00E6, 0x1166, 0x1166, 0x1166, 0x1146, 0x1166, 0x1166, 0x1166,
  0x1166, 0x1146, 0x1166, 0x1166, 0x1166, 0x1166, 0x1166, 0x1146, 0x1166, 0x1146, 0x1146, 0x1166, 0x1166, 0x1166, 0x1166, 0x1146,
  0x1166, 0x1166, 0x1166, 0x1146, 0x1166, 0x1166, 0x1166, 0x1166, 0x1166, 0x1146, 0x1146, 0x1146, 0x1146, 0x1146, 0x1166, 0x1166,
  0x1166, 0x1166, 0x1166, 0x1166, 0x1166, 0x1166, 0x1146, 0x1146, 0x1146, 0x1146, 0x1166, 0x1166, 0x1166, 0x1166, 0x1146, 0x1166,
  0x1166, 0x1146, 0x1146, 0x1166, 0x1166, 0x1166, 0x1166, 0x1146, 0x1146, 0x1146, 0x1166, 0x1166, 0x1146, 0x1166, 0x1166, 0x1166,
  0x1166, 0x1166, 0x1146, 0x1166, 0x1166, 0x1166, 0x1166, 0x1166, 0x1166, 0x1166, 0x1166, 0x1166, 0x1146, 0x1166, 0x1166, 0x1146,
  0x1146, 0x1166, 0x1166, 0x1166, 0x1166, 0x1166, 0x1166, 0x1166, 0x1166, 0x1146, 0x1166, 0x1146, 0x1146, 0x1166, 0x1166, 0x1166,
  0x1166, 0x1187, 0x1187, 0x1187, 0x11A7, 0x11C7, 0x11E8, 0x1208, 0x11E8, 0x1269, 0x05F5, 0x0DB4, 0x0BEF, 0x0B0C, 0x09C8, 0x1166,
  0x0966, 0x0967, 0x1166, 0x0966, 0x0967, 0x1167, 0x1166, 0x0967, 0x0967, 0x0967, 0x1166, 0x1166, 0x0967, 0x0967, 0x1167, 0x0987,
  0x0B0C, 0x0C0F, 0x0DD5, 0x0615, 0x128A, 0x1208, 0x1229, 0x1208, 0x11E8, 0x11C8, 0x11C8, 0x11A7, 0x11A7, 0x11A7, 0x11A7, 0x11A7,
  0x11A7, 0x11A7, 0x09A7, 0x11A7, 0x09A7, 0x09A7, 0x11A7, 0x11A7, 0x11A7, 0x11A7, 0x11A7, 0x09A7, 0x09A7, 0x09A7, 0x11A7, 0x11A7,
  0x11A7, 0x11A7, 0x09A7, 0x11A7, 0x11A7, 0x11A7, 0x09A7, 0x09A7, 0x11A7, 0x09A7, 0x11A7, 0x11A7, 0x11A7, 0x11A7, 0x11A7, 0x11A7,
  0x11A7, 0x11A7, 0x11A7, 0x1187, 0x11A7, 0x11A7, 0x1187, 0x1187, 0x1187, 0x1187, 0x1187, 0x1187, 0x1187, 0x1187, 0x1187, 0x1187,
  0x1187, 0x1187, 0x1187, 0x1187, 0x1187, 0x1187, 0x1187, 0x1187, 0x1167, 0x1167, 0x1167, 0x1167, 0x1166, 0x1167, 0x1166, 0x1166,
  0x1166, 0x1166, 0x1166, 0x1166, 0x1166, 0x1166, 0x1166, 0x1166, 0x1166, 0x1166, 0x1166, 0x08E5, 0x2DF2, 0x1AA9, 0x1023, 0x10C4,
  0x10A4, 0x10C4, 0x0022, 0xAD96, 0xFFFF, 0xFFFF, 0xFFFF, 0xFFFF, 0x39E9, 0x0022, 0xBDD7, 0xFFFF, 0xFFFF, 0xFFFF, 0xFFFF, 0xFFFF,
  0xFFFF, 0xFFFF, 0xFFFF, 0xFFFF, 0xFFFF, 0xFFFF, 0x1905, 0x0001, 0xC618, 0xFFFF, 0xC638, 0x0043, 0x10A4, 0x0001, 0x0001, 0x0022,
  0x0863, 0x0863, 0x0022, 0x2987, 0xFFFF, 0xFFFF, 0xFFFF, 0xFFFF, 0xFFFF, 0xFFFF, 0xFFFF, 0x18C5, 0x0001, 0x0001, 0x0001, 0x0022,
  0x0863, 0x2987, 0xFFFF, 0xFFFF, 0xFFFF, 0xFFFF, 0xBDD7, 0x0022, 0x0863, 0x0022, 0x0022, 0x0022, 0x0022, 0x0022, 0x0000, 0x2126,
  0xF7BE, 0xFFFF, 0x52AC, 0x0000, 0x634E, 0xFFFF, 0xEF5D, 0x2126, 0x0042, 0x0022, 0x0000, 0x73AF, 0xFFFF, 0xEF7D, 0x0883, 0x0001,
  0x0863, 0x10A4, 0x10A4, 0x10A4, 0x10C4, 0x0024, 0x7CA7, 0x53A7, 0x00E6, 0x1166, 0x1166, 0x1146, 0x1146, 0x1166, 0x1166, 0x1146,
  0x1146, 0x1146, 0x1146, 0x1146, 0x1146, 0x1166, 0x1166, 0x1146, 0x1146, 0x1146, 0x1146, 0x1166, 0x1146, 0x1146, 0x1166, 0x1146,
  0x1146, 0x1166, 0x1166, 0x1146, 0x1166, 0x1166, 0x1146, 0x1166, 0x1166, 0x1146, 0x1146, 0x1166, 0x1146, 0x1146, 0x1146, 0x1166,
  0x1166, 0x1166, 0x1146, 0x1166, 0x1146, 0x1166, 0x1146, 0x1146, 0x1146, 0x1146, 0x1166, 0x1166, 0x1166, 0x1166, 0x1146, 0x1146,
  0x1166, 0x1166, 0x1146, 0x1166, 0x1166, 0x1166, 0x1166, 0x1146, 0x1166, 0x1146, 0x1146, 0x1146, 0x1166, 0x1166, 0x1166, 0x1166,
  0x1146, 0x1166, 0x1146, 0x1146, 0x1146, 0x1166, 0x1166, 0x1166, 0x1146, 0x1166, 0x1146, 0x1146, 0x1146, 0x1166, 0x1166, 0x1166,
  0x1166, 0x1166, 0x1166, 0x1166, 0x1166, 0x1166, 0x1166, 0x1166, 0x1166, 0x1166, 0x1166, 0x1166, 0x1166, 0x1166, 0x1166, 0x1166,
  0x1166, 0x1166, 0x1187, 0x1187, 0x11A7, 0x11A7, 0x11C7, 0x11C8, 0x1208, 0x11C8, 0x1249, 0x05B5, 0x09A7, 0x1022, 0x1043, 0x1043,
  0x1063, 0x1022, 0x1083, 0x1043, 0x1002, 0x1043, 0x1083, 0x1043, 0x1022, 0x1022, 0x1063, 0x1083, 0x1022, 0x1023, 0x1023, 0x1063,
  0x1022, 0x09C8, 0x05B5, 0x1269, 0x1208, 0x1229, 0x1208, 0x11E8, 0x11C8, 0x11C8, 0x11C7, 0x11A7, 0x11A7, 0x11A7, 0x11A7, 0x11A7,
  0x11A7, 0x11A7, 0x11A7, 0x11A7, 0x09A7, 0x11A7, 0x11A7, 0x09A7, 0x09A7, 0x11A7, 0x11A7, 0x11A7, 0x11A7, 0x11A7, 0x11A7, 0x11A7,
  0x09A7, 0x11A7, 0x09A7, 0x11A7, 0x11A7, 0x11A7, 0x09A7, 0x11A7, 0x11A7, 0x09A7, 0x09A7, 0x11A7, 0x11A7, 0x11A7, 0x11A7, 0x11A7,
  0x11A7, 0x1187, 0x11A7, 0x11A7, 0x1187, 0x1187, 0x1187, 0x0987, 0x0987, 0x1187, 0x1187, 0x1187, 0x1187, 0x1187, 0x1187, 0x1187,
  0x1187, 0x1187, 0x1187, 0x1187, 0x1187, 0x1187, 0x1187, 0x1187, 0x1167, 0x1166, 0x1167, 0x1167, 0x1166, 0x1166, 0x1166, 0x1167,
  0x1166, 0x1166, 0x1166, 0x1166, 0x1166, 0x1166, 0x1166, 0x1166, 0x1166, 0x1166, 0x1166, 0x0905, 0x2DF2, 0x1AA9, 0x1023, 0x10C4,
  0x10A4, 0x10C4, 0x0022, 0xAD76, 0xFFFF, 0xDEFB, 0x8431, 0x8431, 0x2947, 0x0863, 0xB5B7, 0xFFFF, 0xFFDF, 0xFFFF, 0xFFDF, 0x94D3,
  0x8C52, 0x8C72, 0x8431, 0xB5B7, 0xFFFF, 0xFFFF, 0x9CF4, 0x8C72, 0x94B3, 0x8431, 0x632E, 0x0883, 0x2126, 0x8C72, 0x94D3, 0x424A,
  0x0883, 0x10C4, 0x1084, 0x2126, 0x8431, 0x8411, 0xDEFB, 0xFFFF, 0xD6DB, 0x8431, 0x9493, 0x9CD4, 0x94B3, 0x94B3, 0x94B3, 0x6B6E,
  0x0863, 0x1905, 0x8C72, 0x8C72, 0x8C52, 0x8C72, 0x632D, 0x1084, 0x2126, 0x8C93, 0x94B3, 0x94B3, 0x94B3, 0x94B3, 0x9493, 0xA535,
  0xFFDF, 0xFFFF, 0xB5D7, 0x8C52, 0xBE18, 0xFFFF, 0xE73C, 0x2987, 0x0863, 0x7BF0, 0x8C93, 0x94B3, 0x8411, 0x8C92, 0x94B3, 0x94B3,
  0x39E8, 0x0863, 0x10A4, 0x10A4, 0x10C4, 0x0024, 0x7CA7, 0x53A7, 0x00E6, 0x1166, 0x1146, 0x1146, 0x1166, 0x1166, 0x1146, 0x1166,
  0x1146, 0x1146, 0x1146, 0x1146, 0x1146, 0x1146, 0x1146, 0x1146, 0x1146, 0x1146, 0x1146, 0x1146, 0x1166, 0x1146, 0x1146, 0x1146,
  0x1146, 0x1166, 0x1146, 0x1146, 0x1146, 0x1146, 0x1146, 0x1146, 0x1146, 0x1146, 0x1146, 0x1146, 0x1146, 0x1146, 0x1146, 0x1146,
  0x1146, 0x1146, 0x1146, 0x1146, 0x1146, 0x1166, 0x1166, 0x1146, 0x1146, 0x1146, 0x1146, 0x1146, 0x1146, 0x1146, 0x1146, 0x1146,
  0x1146, 0x1146, 0x1146, 0x1146, 0x1146, 0x1166, 0x1146, 0x1146, 0x1146, 0x1146, 0x1146, 0x1146, 0x1146, 0x1146, 0x1146, 0x1146,
  0x1146, 0x1146, 0x1166, 0x1146, 0x1146, 0x1146, 0x1146, 0x1146, 0x1146, 0x1146, 0x1166, 0x1146, 0x1146, 0x1146, 0x1146, 0x1166,
  0x1146, 0x1146, 0x1146, 0x1166, 0x1166, 0x1146, 0x1146, 0x1166, 0x1146, 0x1146, 0x1146, 0x1146, 0x1166, 0x1166, 0x1166, 0x1166,
  0x1166, 0x1166, 0x1166, 0x1187, 0x1187, 0x1187, 0x11A7, 0x11C7, 0x11E8, 0x11A7, 0x0BAE, 0x0A8A, 0x1022, 0x1083, 0x0A8A, 0x0A8A,
  0x10A4, 0x0BAE, 0x10C4, 0x1105, 0x0C0F, 0x0A29, 0x1043, 0x0987, 0x0BEF, 0x0BAE, 0x1105, 0x1063, 0x0A6A, 0x0C91, 0x0ACB, 0x1084,
  0x10C5, 0x1002, 0x0AAB, 0x0BAD, 0x11E8, 0x1208, 0x11E8, 0x11E8, 0x11C7, 0x11C7, 0x11A7, 0x11A7, 0x11A7, 0x11A7, 0x11A7, 0x11A7,
  0x11A7, 0x11A7, 0x11A7, 0x11A7, 0x11A7, 0x11A7, 0x11A7, 0x11A7, 0x09A7, 0x11A7, 0x11A7, 0x09A7, 0x11A7, 0x11A7, 0x11A7, 0x11A7,
  0x11A7, 0x11A7, 0x11A7, 0x11A7, 0x11A7, 0x11A7, 0x11A7, 0x11A7, 0x11A7, 0x11A7, 0x11A7, 0x11A7, 0x11A7, 0x11A7, 0x11A7, 0x11A7,
  0x1187, 0x1187, 0x1187, 0x11A7, 0x1187, 0x1187, 0x1187, 0x1187, 0x0987, 0x1187, 0x1187, 0x1187, 0x1187, 0x1187, 0x1187, 0x1187,
  0x1187, 0x1187, 0x1187, 0x1187, 0x1167, 0x1187, 0x1166, 0x1167, 0x1167, 0x1166, 0x1167, 0x1166, 0x1166, 0x1166, 0x1166, 0x1166,
  0x1166, 0x1166, 0x1166, 0x1166, 0x1166, 0x1166, 0x1166, 0x1166, 0x1166, 0x1166, 0x1166, 0x08E5, 0x2DF2, 0x1AA9, 0x1023, 0x10C4,
  0x10A4, 0x10C4, 0x0022, 0xAD76, 0xFFFF, 0xB5D7, 0x0001, 0x0002, 0x0043, 0x0001, 0xAD96, 0xFFFF, 0xFFDF, 0xFFFF, 0xF7BE, 0x0883,
  0x0000, 0x0001, 0x0000, 0x4A8B, 0xFFFF, 0xFFFF, 0xFFFF, 0xFFFF, 0x632E, 0x0000, 0x0042, 0x0002, 0x2126, 0xFFDF, 0xFFFF, 0x73AF,
  0x0022, 0x10C4, 0x10A4, 0x0884, 0x0022, 0x0000, 0xB5B7, 0xFFFF, 0xA555, 0x0000, 0x10C4, 0xFFFF, 0xFFFF, 0xFFFF, 0xFFFF, 0xCE59,
  0x0863, 0x1084, 0x0000, 0x0000, 0x0000, 0x0000, 0x0001, 0x0022, 0x2126, 0xFFFF, 0xFFFF, 0xFFFF, 0xFFFF, 0xFFFF, 0xFFFF, 0xFFFF,
  0xFFFF, 0xFFFF, 0xFFFF, 0xFFFF, 0xFFFF, 0xFFFF, 0xEF7E, 0x2126, 0x0000, 0xDEDB, 0xFFFF, 0xAD76, 0x0000, 0x2987, 0xFFFF, 0xFFFF,
  0x5B0D, 0x0022, 0x10C4, 0x10A4, 0x10C4, 0x0024, 0x7CA7, 0x5BA7, 0x00E6, 0x1166, 0x1146, 0x1146, 0x1146, 0x1146, 0x1146, 0x1146,
  0x1146, 0x1146, 0x1146, 0x1146, 0x1146, 0x1146, 0x1146, 0x1146, 0x1146, 0x1146, 0x1146, 0x1146, 0x1146, 0x1146, 0x1146, 0x1146,
  0x1146, 0x1146, 0x1146, 0x1146, 0x1146, 0x1146, 0x1146, 0x1146, 0x1146, 0x1146, 0x1146, 0x1146, 0x1146, 0x1146, 0x1146, 0x1146,
  0x1146, 0x1146, 0x1146, 0x1146, 0x1146, 0x1146, 0x1146, 0x1146, 0x1146, 0x1146, 0x1146, 0x1146, 0x1146, 0x1146, 0x1146, 0x1146,
  0x1146, 0x1146, 0x1146, 0x1146, 0x1146, 0x1146, 0x1146, 0x1146, 0x1146, 0x1146, 0x1146, 0x1146, 0x1146, 0x1146, 0x1146, 0x1146,
  0x1146, 0x1146, 0x1146, 0x1146, 0x1146, 0x1146, 0x1146, 0x1146, 0x1146, 0x1146, 0x1146, 0x1146, 0x1146, 0x1146, 0x1146, 0x1146,
  0x1146, 0x1146, 0x1146, 0x1146, 0x1146, 0x1146, 0x1146, 0x1146, 0x1146, 0x1146, 0x1146, 0x1146, 0x1146, 0x1166, 0x1146, 0x1166,
  0x1166, 0x1166, 0x1166, 0x1187, 0x1187, 0x1187, 0x1187, 0x11A7, 0x11C7, 0x11A7, 0x0C2F, 0x1126, 0x10A4, 0x1043, 0x0A49, 0x04F2,
  0x0A09, 0x0553, 0x1043, 0x1167, 0x0574, 0x0B6D, 0x1001, 0x0B0C, 0x04F2, 0x0533, 0x09C8, 0x1043, 0x0A8A, 0x0BAE, 0x0553, 0x10C4,
  0x10A4, 0x1083, 0x0966, 0x0C50, 0x11C7, 0x11E8, 0x11E8, 0x11C7, 0x11C7, 0x11A7, 0x11A7, 0x11A7, 0x1187, 0x11A7, 0x11A7, 0x1187,
  0x11A7, 0x11A7, 0x09A7, 0x1187, 0x09A7, 0x09A7, 0x11A7, 0x11A7, 0x11A7, 0x11A7, 0x11A7, 0x11A7, 0x11A7, 0x11A7, 0x11A7, 0x11A7,
  0x11A7, 0x11A7, 0x11A7, 0x11A7, 0x11A7, 0x11A7, 0x11A7, 0x11A7, 0x09A7, 0x11A7, 0x11A7, 0x11A7, 0x11A7, 0x11A7, 0x11A7, 0x0987,
  0x11A7, 0x1187, 0x1187, 0x1187, 0x1187, 0x1187, 0x1187, 0x1187, 0x1187, 0x1187, 0x1187, 0x1187, 0x1187, 0x1187, 0x1187, 0x1187,
  0x1187, 0x1187, 0x1187, 0x1187, 0x1167, 0x1167, 0x1167, 0x1167, 0x1167, 0x1166, 0x1166, 0x1167, 0x1167, 0x1166, 0x1166, 0x1166,
  0x1166, 0x1166, 0x1166, 0x1166, 0x1166, 0x1166, 0x1166, 0x1166, 0x1166, 0x1146, 0x1166, 0x08E5, 0x2DF2, 0x1AA9, 0x1023, 0x10C4,
  0x10A4, 0x10C4, 0x0022, 0xAD76, 0xFFFF, 0xBDF8, 0x0884, 0x1905, 0x52AB, 0x4A8B, 0xC639, 0xFFFF, 0xFFFF, 0xFFFF, 0xFFDF, 0x6B6E,
  0x52CC, 0x5AED, 0x4A8B, 0x9493, 0xFFFF, 0xFFFF, 0xD6BB, 0xD69A, 0x5AED, 0x0843, 0x3188, 0x52CC, 0x632E, 0xEF5D, 0xFFDF, 0x6B6E,
  0x0042, 0x10C4, 0x10A4, 0x10A4, 0x18E5, 0x0843, 0xBDF8, 0xFFFF, 0xCE59, 0x4A8B, 0x6B4E, 0xCE59, 0xD69A, 0xCE7A, 0xD6BB, 0x94D3,
  0x0863, 0x18E5, 0x5ACC, 0x5AEC, 0x5ACC, 0x5ACC, 0x5ACC, 0x528B, 0x634E, 0xF7BE, 0xFFDF, 0xFFDF, 0xFFDF, 0xEF7D, 0xCE7A, 0xDEDB,
  0xFFFF, 0xFFFF, 0xDF1C, 0xCE9A, 0xD6BA, 0xD6BB, 0xCE7A, 0x632D, 0x4A6B, 0xBDD7, 0xD6BB, 0x8C72, 0x0042, 0x31C8, 0xCE59, 0xD6BB,
  0x4A6B, 0x0043, 0x10A4, 0x10A4, 0x10C4, 0x0024, 0x7C87, 0x5BA7, 0x00E6, 0x1166, 0x1146, 0x1146, 0x1146, 0x1146, 0x1146, 0x1146,
  0x1146, 0x1146, 0x1146, 0x1146, 0x1146, 0x1146, 0x1146, 0x1146, 0x1146, 0x1146, 0x1146, 0x1146, 0x1146, 0x1146, 0x1146, 0x1146,
  0x1146, 0x1146, 0x1146, 0x1146, 0x1146, 0x1146, 0x1146, 0x1146, 0x1146, 0x1146, 0x1146, 0x1146, 0x1146, 0x1146, 0x1146, 0x1146,
  0x1146, 0x1146, 0x1146, 0x1146, 0x1146, 0x1146, 0x1146, 0x1146, 0x1146, 0x1146, 0x1146, 0x1146, 0x1146, 0x1146, 0x1146, 0x1146,
  0x1146, 0x1146, 0x1146, 0x1146, 0x1146, 0x1146, 0x1146, 0x1146, 0x1146, 0x1146, 0x1146, 0x1146, 0x1146, 0x1146, 0x1146, 0x1146,
  0x1146, 0x1146, 0x1146, 0x1146, 0x1146, 0x1146, 0x1146, 0x1146, 0x1146, 0x1146, 0x1146, 0x1146, 0x1146, 0x1146, 0x1146, 0x1146,
  0x1146, 0x1146, 0x1146, 0x1146, 0x1146, 0x1166, 0x1166, 0x1146, 0x1146, 0x1146, 0x1146, 0x1166, 0x1146, 0x1166, 0x1146, 0x1166,
  0x1166, 0x1166, 0x1166, 0x1166, 0x1166, 0x1187, 0x1187, 0x11A7, 0x11A7, 0x11A7, 0x0C50, 0x10E5, 0x10A4, 0x10A4, 0x10A4, 0x0491,
  0x0533, 0x0AEB, 0x1043, 0x1022, 0x0B6D, 0x0B6D, 0x1001, 0x0ACB, 0x0471, 0x04D1, 0x09E8, 0x1043, 0x1063, 0x0ACB, 0x04F2, 0x10C5,
  0x1084, 0x10A4, 0x10E5, 0x0C50, 0x11C7, 0x11E8, 0x11C7, 0x11C7, 0x11A7, 0x11A7, 0x11A7, 0x11A7, 0x11A7, 0x1187, 0x11A7, 0x1187,
  0x11A7, 0x1187, 0x0987, 0x1187, 0x09A7, 0x11A7, 0x1187, 0x11A7, 0x11A7, 0x11A7, 0x11A7, 0x1187, 0x11A7, 0x09A7, 0x11A7, 0x11A7,
  0x11A7, 0x11A7, 0x11A7, 0x11A7, 0x11A7, 0x11A7, 0x11A7, 0x11A7, 0x11A7, 0x11A7, 0x11A7, 0x09A7, 0x1187, 0x09A7, 0x1187, 0x0987,
  0x1187, 0x1187, 0x1187, 0x1187, 0x1187, 0x1187, 0x1187, 0x1187, 0x1187, 0x1187, 0x1187, 0x1187, 0x1187, 0x1187, 0x1187, 0x1187,
  0x1167, 0x1187, 0x1187, 0x1167, 0x1167, 0x1166, 0x1167, 0x1166, 0x1166, 0x1166, 0x1166, 0x1166, 0x1166, 0x1166, 0x1166, 0x1166,
  0x1166, 0x1166, 0x1166, 0x1166, 0x1166, 0x1166, 0x1166, 0x1146, 0x1166, 0x1146, 0x1166, 0x08E5, 0x2DF2, 0x1AA9, 0x1023, 0x10C4,
  0x10A4, 0x10C4, 0x0022, 0xAD76, 0xFFFF, 0xBDF8, 0x0043, 0x2126, 0xEF5D, 0xFFFF, 0xFFFF, 0xFFFF, 0xFFFF, 0xFFFF, 0xFFFF, 0xFFFF,
  0xFFFF, 0xFFFF, 0xFFFF, 0xFFFF, 0xFFFF, 0xFFFF, 0x3188, 0x10A4, 0x18E5, 0x0002, 0x6B4E, 0xFFFF, 0xFFFF, 0xFFFF, 0xFFFF, 0x6B6F,
  0x0042, 0x10C4, 0x10A4, 0x10A4, 0x10C4, 0x0022, 0xBDF8, 0xFFFF, 0xFFFF, 0xFFFF, 0xEF7E, 0x31A8, 0x10A4, 0x18E5, 0x18E5, 0x18C5,
  0x0863, 0x2967, 0xFFFF, 0xFFFF, 0xFFFF, 0xFFFF, 0xFFFF, 0xFFFF, 0xFFFF, 0xFFFF, 0xFFFF, 0xFFDF, 0xFFFF, 0xAD76, 0x0042, 0x3A09,
  0xF79E, 0xFFFF, 0x632D, 0x0883, 0x1905, 0x10A4, 0x39C8, 0xF79E, 0xFFFF, 0x634E, 0x0884, 0x18E5, 0x10A4, 0x10A4, 0x18C5, 0x18E5,
  0x10A4, 0x10A4, 0x10A4, 0x10A4, 0x10C4, 0x0024, 0x8486, 0x5BA7, 0x00E6, 0x1166, 0x1146, 0x1146, 0x1146, 0x1146, 0x1146, 0x1146,
  0x1146, 0x1146, 0x1146, 0x1146, 0x1146, 0x1146, 0x1146, 0x1146, 0x1146, 0x1146, 0x1146, 0x1146, 0x1146, 0x1146, 0x1146, 0x1146,
  0x1146, 0x1146, 0x1146, 0x1146, 0x1146, 0x1146, 0x1146, 0x1146, 0x1146, 0x1146, 0x1146, 0x1146, 0x1146, 0x1146, 0x1146, 0x1146,
  0x1146, 0x1146, 0x1146, 0x1146, 0x1146, 0x1146, 0x1146, 0x1146, 0x1146, 0x1146, 0x1146, 0x1146, 0x1146, 0x1146, 0x1146, 0x1146,
  0x1146, 0x1146, 0x1146, 0x1146, 0x1146, 0x1146, 0x1146, 0x1146, 0x1146, 0x1146, 0x1146, 0x1146, 0x1146, 0x1146, 0x1146, 0x1146,
  0x1146, 0x1146, 0x1146, 0x1146, 0x1146, 0x1146, 0x1146, 0x1146, 0x1146, 0x1146, 0x1146, 0x1146, 0x1146, 0x1146, 0x1146, 0x1146,
  0x1146, 0x1146, 0x1146, 0x1146, 0x1146, 0x1146, 0x1146, 0x1146, 0x1146, 0x1146, 0x1146, 0x1146, 0x1146, 0x1146, 0x1166, 0x1146,
  0x1146, 0x1166, 0x1166, 0x1166, 0x1166, 0x1166, 0x1187, 0x1187, 0x11A7, 0x1166, 0x0C0F, 0x1146, 0x1083, 0x10C4, 0x1022, 0x0B8E,
  0x06D8, 0x1105, 0x10A4, 0x1023, 0x0BAE, 0x0B8E, 0x0AAA, 0x0BAE, 0x04B1, 0x04B1, 0x0B6D, 0x0ACB, 0x0B8E, 0x0C91, 0x0533, 0x1105,
  0x1084, 0x1084, 0x1146, 0x0C0F, 0x1187, 0x11C7, 0x11C7, 0x11A7, 0x11A7, 0x11A7, 0x11A7, 0x11A7, 0x11A7, 0x1187, 0x1187, 0x1187,
  0x1187, 0x11A7, 0x1187, 0x1187, 0x1187, 0x11A7, 0x11A7, 0x11A7, 0x0987, 0x11A7, 0x11A7, 0x09A7, 0x11A7, 0x11A7, 0x11A7, 0x11A7,
  0x11A7, 0x11A7, 0x09A7, 0x11A7, 0x11A7, 0x11A7, 0x11A7, 0x11A7, 0x11A7, 0x11A7, 0x11A7, 0x1187, 0x1187, 0x0987, 0x1187, 0x1187,
  0x1187, 0x1187, 0x1187, 0x1187, 0x1187, 0x1187, 0x1187, 0x1187, 0x1187, 0x1187, 0x1187, 0x1187, 0x1187, 0x0987, 0x1187, 0x1187,
  0x0967, 0x1187, 0x1187, 0x1167, 0x1167, 0x1166, 0x1166, 0x1166, 0x1166, 0x1166, 0x1166, 0x1166, 0x1166, 0x1166, 0x1166, 0x1166,
  0x1166, 0x1166, 0x1166, 0x1166, 0x1166, 0x1166, 0x1166, 0x1166, 0x1166, 0x1146, 0x1166, 0x08E5, 0x35F1, 0x1AA9, 0x0823, 0x10C4,
  0x10A4, 0x10C4, 0x0022, 0xAD76, 0xFFFF, 0xBDF8, 0x0042, 0x2126, 0xEF5D, 0xFFFF, 0xFFFF, 0xFFFF, 0xFFFF, 0xFFFF, 0xFFFF, 0xFFFF,
  0xFFFF, 0xFFFF, 0xFFFF, 0xFFFF, 0xFFFF, 0xFFFF, 0x2146, 0x0843, 0x10A4, 0x0002, 0x6B4E, 0xFFFF, 0xFFFF, 0xFFFF, 0xFFFF, 0x6B8F,
  0x0042, 0x10C4, 0x10A4, 0x10A4, 0x10C4, 0x0022, 0xBDF8, 0xFFFF, 0xFFFF, 0xFFFF, 0xEF7E, 0x2967, 0x0863, 0x10A4, 0x1084, 0x10A4,
  0x0863, 0x2967, 0xFFFF, 0xFFFF, 0xFFFF, 0xFFFF, 0xFFFF, 0xFFFF, 0xFFFF, 0xFFFF, 0xFFFF, 0xFFFF, 0xFFFF, 0xAD55, 0x0001, 0x31C8,
  0xF79E, 0xFFFF, 0x5AED, 0x0022, 0x10A4, 0x0863, 0x31A8, 0xF79E, 0xFFFF, 0x630D, 0x0022, 0x10A4, 0x1084, 0x1084, 0x0883, 0x0883,
  0x10A4, 0x10A4, 0x10A4, 0x10A4, 0x10C4, 0x0024, 0x8486, 0x5BA7, 0x00E6, 0x1166, 0x1146, 0x1146, 0x1146, 0x1146, 0x1146, 0x1146,
  0x1146, 0x1146, 0x1146, 0x1146, 0x1146, 0x1146, 0x1146, 0x1146, 0x1146, 0x1146, 0x1146, 0x1146, 0x1146, 0x1146, 0x1146, 0x1146,
  0x1146, 0x1146, 0x1146, 0x1146, 0x1146, 0x1146, 0x1146, 0x1146, 0x1146, 0x1146, 0x1146, 0x1146, 0x1146, 0x1146, 0x1146, 0x1146,
  0x1146, 0x1146, 0x1146, 0x1146, 0x1146, 0x1146, 0x1146, 0x1146, 0x1146, 0x1146, 0x1146, 0x1146, 0x1146, 0x1146, 0x1146, 0x1146,
  0x1146, 0x1146, 0x1146, 0x1146, 0x1146, 0x1146, 0x1146, 0x1146, 0x1146, 0x1146, 0x1146, 0x1146, 0x1146, 0x1146, 0x1146, 0x1146,
  0x1146, 0x1146, 0x1146, 0x1146, 0x1146, 0x1146, 0x1146, 0x1146, 0x1146, 0x1146, 0x1146, 0x1146, 0x1146, 0x1146, 0x1146, 0x1146,
  0x1146, 0x1146, 0x1146, 0x1146, 0x1146, 0x1146, 0x1146, 0x1146, 0x1146, 0x1146, 0x1146, 0x1166, 0x1146, 0x1166, 0x1146, 0x1146,
  0x1166, 0x1166, 0x1166, 0x1166, 0x1166, 0x1166, 0x1166, 0x1186, 0x1187, 0x1146, 0x0B2C, 0x0B0C, 0x1002, 0x10C4, 0x10A4, 0x10E5,
  0x1166, 0x10A4, 0x10A4, 0x10A4, 0x1105, 0x1105, 0x1187, 0x10A4, 0x0A09, 0x09C8, 0x10C5, 0x1187, 0x10E5, 0x0A49, 0x1125, 0x1084,
  0x10C4, 0x1002, 0x0B2C, 0x0B4C, 0x1166, 0x11C7, 0x11A7, 0x11A7, 0x11A7, 0x11A7, 0x11A7, 0x11A7, 0x1187, 0x1187, 0x1187, 0x1187,
  0x1187, 0x1187, 0x1187, 0x1187, 0x1187, 0x1187, 0x1187, 0x11A7, 0x11A7, 0x11A7, 0x1187, 0x11A7, 0x11A7, 0x09A7, 0x11A7, 0x1187,
  0x1187, 0x11A7, 0x1187, 0x11A7, 0x11A7, 0x09A7, 0x1187, 0x11A7, 0x11A7, 0x1187, 0x1187, 0x1187, 0x1187, 0x1187, 0x1187, 0x1187,
  0x1187, 0x1187, 0x1187, 0x1187, 0x1187, 0x1187, 0x1187, 0x1187, 0x0987, 0x1187, 0x1187, 0x1187, 0x1187, 0x1187, 0x1187, 0x1167,
  0x1167, 0x1167, 0x1167, 0x1167, 0x1166, 0x1166, 0x1166, 0x1166, 0x1167, 0x1166, 0x1166, 0x1166, 0x1166, 0x1166, 0x1166, 0x1166,
  0x1166, 0x1166, 0x1146, 0x1166, 0x1166, 0x1146, 0x1166, 0x1166, 0x1146, 0x1146, 0x1166, 0x08E5, 0x35F1, 0x1AA9, 0x0823, 0x10C4,
  0x10A4, 0x10C4, 0x0022, 0xAD76, 0xFFFF, 0xEF9E, 0xDEFB, 0xD6BB, 0x5ACC, 0x39E9, 0x424A, 0x31C8, 0x8C52, 0xFFFF, 0xFFFF, 0xFFFF,
  0xFFFF, 0x8C92, 0x2987, 0x8452, 0xFFFF, 0xFFDF, 0xE71C, 0xDEFB, 0xDEFB, 0xDEFC, 0xB596, 0x39E9, 0x422A, 0x422A, 0x422A, 0x2146,
  0x0884, 0x10A4, 0x10A4, 0x10A4, 0x10C4, 0x0022, 0xBDF8, 0xFFFF, 0xBDF8, 0x39E9, 0x4209, 0x18E5, 0x10A4, 0x10C4, 0x10C4, 0x10A4,
  0x10A4, 0x10C5, 0x3A09, 0x3A09, 0x422A, 0x31A8, 0x8C72, 0xFFFF, 0xF79E, 0x4A6B, 0x39E9, 0x4209, 0x4229, 0x3187, 0x0863, 0x31C8,
  0xF7BE, 0xFFFF, 0xE73C, 0xDEFB, 0x9CD4, 0x0022, 0x18E5, 0x3A09, 0x31C8, 0xBDF8, 0xDEFB, 0xDEFB, 0xDEFB, 0xDEFC, 0xDEFC, 0xE71C,
  0x528B, 0x0042, 0x10C4, 0x10A4, 0x10C4, 0x0024, 0x8486, 0x5BA7, 0x00C6, 0x1166, 0x1146, 0x1146, 0x1146, 0x1146, 0x1146, 0x1146,
  0x1146, 0x1146, 0x1146, 0x1146, 0x1146, 0x1146, 0x1146, 0x1146, 0x1146, 0x1146, 0x1146, 0x1146, 0x1146, 0x1146, 0x1146, 0x1146,
  0x1146, 0x1146, 0x1146, 0x1146, 0x1146, 0x1146, 0x1146, 0x1146, 0x1146, 0x1146, 0x1146, 0x1146, 0x1146, 0x1146, 0x1146, 0x1146,
  0x1146, 0x1146, 0x1146, 0x1146, 0x1146, 0x1146, 0x1146, 0x1146, 0x1146, 0x1146, 0x1146, 0x1146, 0x1146, 0x1146, 0x1146, 0x1146,
  0x1146, 0x1146, 0x1146, 0x1146, 0x1146, 0x1146, 0x1146, 0x1146, 0x1146, 0x1146, 0x1146, 0x1146, 0x1146, 0x1146, 0x1146, 0x1146,
  0x1146, 0x1146, 0x1146, 0x1146, 0x1146, 0x1146, 0x1146, 0x1146, 0x1146, 0x1146, 0x1146, 0x1146, 0x1146, 0x1146, 0x1146, 0x1146,
  0x1146, 0x1146, 0x1146, 0x1146, 0x1146, 0x1146, 0x1146, 0x1146, 0x1146, 0x1146, 0x1146, 0x1146, 0x1146, 0x1166, 0x1146, 0x1146,
  0x1146, 0x1166, 0x1166, 0x1166, 0x1166, 0x1166, 0x1166, 0x1166, 0x1186, 0x1187, 0x1186, 0x0C50, 0x0A29, 0x1022, 0x1063, 0x1043,
  0x1022, 0x1063, 0x1063, 0x1063, 0x1043, 0x1043, 0x1022, 0x1063, 0x1022, 0x1022, 0x1043, 0x1022, 0x1043, 0x1002, 0x1043, 0x1063,
  0x1022, 0x0A49, 0x0C50, 0x11A7, 0x11A7, 0x11A7, 0x11A7, 0x11A7, 0x11A7, 0x1187, 0x1187, 0x1187, 0x1187, 0x1187, 0x1187, 0x1187,
  0x1187, 0x1187, 0x1187, 0x1187, 0x1187, 0x1187, 0x1187, 0x1187, 0x1187, 0x1187, 0x1187, 0x1187, 0x1187, 0x1187, 0x11A7, 0x1187,
  0x1187, 0x11A7, 0x11A7, 0x11A7, 0x11A7, 0x11A7, 0x1187, 0x1187, 0x1187, 0x1187, 0x1187, 0x1187, 0x1187, 0x1187, 0x1187, 0x1187,
  0x1187, 0x1187, 0x0987, 0x1187, 0x1187, 0x1187, 0x1187, 0x1187, 0x1187, 0x1187, 0x1187, 0x1187, 0x1187, 0x1187, 0x1187, 0x1166,
  0x1167, 0x1167, 0x1166, 0x1166, 0x1167, 0x1166, 0x1166, 0x1166, 0x1166, 0x1166, 0x1166, 0x1166, 0x1166, 0x1166, 0x1166, 0x1166,
  0x1166, 0x1166, 0x1166, 0x1146, 0x1166, 0x1146, 0x1166, 0x1146, 0x1146, 0x1146, 0x1166, 0x08E5, 0x35F1, 0x1AA9, 0x0823, 0x10C4,
  0x10A4, 0x10C4, 0x0002, 0xBDD7, 0xFFFF, 0xFFFF, 0xFFFF, 0xFFFF, 0x3187, 0x0022, 0x0043, 0x0000, 0x5AED, 0xFFFF, 0xFFFF, 0xFFFF,
  0xFFFF, 0x6B4E, 0x0000, 0x5B0D, 0xFFFF, 0xFFFF, 0xFFFF, 0xFFFF, 0xFFFF, 0xFFFF, 0xB597, 0x0000, 0x0002, 0x0001, 0x0001, 0x0863,
  0x10A4, 0x10A4, 0x10A4, 0x10A4, 0x10C4, 0x0022, 0xBDF8, 0xFFFF, 0xAD55, 0x0000, 0x0002, 0x0042, 0x0043, 0x0042, 0x0043, 0x0863,
  0x10A4, 0x10A4, 0x0863, 0x0863, 0x0883, 0x0001, 0x738F, 0xFFFF, 0xFFFF, 0x18C5, 0x0042, 0x0863, 0x0863, 0x0884, 0x0863, 0x31C8,
  0xF7BE, 0xFFFF, 0xFFFF, 0xFFFF, 0xBDF8, 0x0002, 0x10C4, 0x0863, 0x0001, 0xDEDB, 0xFFFF, 0xFFFF, 0xFFFF, 0xFFFF, 0xFFFF, 0xFFFF,
  0x5AEC, 0x0022, 0x10C4, 0x10A4, 0x10C4, 0x0024, 0x8486, 0x5BA7, 0x00C6, 0x1166, 0x1146, 0x1146, 0x1146, 0x1146, 0x1146, 0x1146,
  0x1146, 0x1146, 0x1146, 0x1146, 0x1146, 0x1146, 0x1146, 0x1146, 0x1146, 0x1146, 0x1146, 0x1146, 0x1146, 0x1146, 0x1146, 0x1146,
  0x1146, 0x1146, 0x1146, 0x1146, 0x1146, 0x1146, 0x1146, 0x1146, 0x1146, 0x1146, 0x1146, 0x1146, 0x1146, 0x1146, 0x1146, 0x1146,
  0x1146, 0x1146, 0x1146, 0x1146, 0x1146, 0x1146, 0x1146, 0x1146, 0x1146, 0x1146, 0x1146, 0x1146, 0x1146, 0x1146, 0x1146, 0x1146,
  0x1146, 0x1146, 0x1146, 0x1146, 0x1146, 0x1146, 0x1146, 0x1146, 0x1146, 0x1146, 0x1146, 0x1146, 0x1146, 0x1146, 0x1146, 0x1146,
  0x1146, 0x1146, 0x1146, 0x1146, 0x1146, 0x1146, 0x1146, 0x1146, 0x1146, 0x1146, 0x1146, 0x1146, 0x1146, 0x1146, 0x1146, 0x1146,
  0x1146, 0x1146, 0x1146, 0x1146, 0x1146, 0x1146, 0x1146, 0x1146, 0x1146, 0x1146, 0x1146, 0x1146, 0x1146, 0x1146, 0x1146, 0x1146,
  0x1146, 0x1146, 0x1166, 0x1166, 0x1166, 0x1166, 0x1166, 0x1166, 0x1166, 0x1186, 0x1166, 0x11C7, 0x0C30, 0x0B6D, 0x0A08, 0x09E8,
  0x09E8, 0x09C8, 0x09C8, 0x09C8, 0x09E8, 0x09E8, 0x09E8, 0x09C8, 0x09E8, 0x09E8, 0x09E8, 0x09E8, 0x09E8, 0x09E8, 0x09E8, 0x0A29,
  0x0B6D, 0x0C2F, 0x11E8, 0x1186, 0x11A7, 0x1187, 0x1187, 0x1187, 0x1187, 0x1187, 0x1187, 0x1187, 0x1187, 0x1187, 0x1187, 0x1187,
  0x1187, 0x1187, 0x1187, 0x1187, 0x1187, 0x1187, 0x1187, 0x1187, 0x0987, 0x1187, 0x1187, 0x1187, 0x1187, 0x11A7, 0x1187, 0x1187,
  0x1187, 0x0987, 0x11A7, 0x1187, 0x1187, 0x1187, 0x1187, 0x1187, 0x1187, 0x1187, 0x1187, 0x1187, 0x1187, 0x1187, 0x1187, 0x1187,
  0x1187, 0x1187, 0x1187, 0x1187, 0x1187, 0x1187, 0x1187, 0x1187, 0x1187, 0x1187, 0x1167, 0x1187, 0x1167, 0x1167, 0x1167, 0x1167,
  0x1166, 0x1167, 0x1167, 0x1166, 0x1166, 0x1166, 0x1166, 0x1166, 0x1166, 0x1166, 0x1166, 0x1166, 0x1166, 0x1166, 0x1166, 0x1166,
  0x1166, 0x1166, 0x1146, 0x1146, 0x1146, 0x1146, 0x1146, 0x1146, 0x1146, 0x1146, 0x1166, 0x08E5, 0x35D1, 0x1A89, 0x0823, 0x10C4,
  0x10A4, 0x10A4, 0x0843, 0x6B6E, 0x9CF4, 0x94B3, 0x94B3, 0x8C72, 0x2947, 0x1084, 0x6B6E, 0x8C52, 0xB5B7, 0xFFFF, 0xFFFF, 0xFFFF,
  0xFFFF, 0xBDF8, 0x8410, 0x94D3, 0x9CD4, 0x94D3, 0x94B3, 0x8C93, 0xDEDB, 0xFFFF, 0xDEDB, 0x8452, 0x8C92, 0x8C72, 0x8C72, 0x4209,
  0x0863, 0x10A4, 0x10A4, 0x10A4, 0x10C5, 0x0042, 0xBDF8, 0xFFFF, 0xD6DB, 0x8451, 0x8C72, 0x8C52, 0x8C52, 0x8C52, 0x8C72, 0x6B4E,
  0x10A4, 0x10C4, 0x10A4, 0x10A4, 0x18C5, 0x0883, 0x4A6A, 0x9CF4, 0x8C92, 0x1905, 0x10A4, 0x10C5, 0x10C4, 0x18C5, 0x0883, 0x31C8,
  0xF7BE, 0xFFFF, 0xB5D7, 0x94D3, 0x6B6E, 0x0843, 0x10A4, 0x10C4, 0x0883, 0x73D0, 0x94D3, 0x94B3, 0x8C92, 0xA535, 0xF7BE, 0xFFFF,
  0x5ACC, 0x0022, 0x10C4, 0x10A4, 0x10C4, 0x0024, 0x8486, 0x5BA7, 0x00C6, 0x1166, 0x1146, 0x1146, 0x1146, 0x1146, 0x1146, 0x1146,
  0x1146, 0x1146, 0x1146, 0x1146, 0x1146, 0x1146, 0x1146, 0x1146, 0x1146, 0x1146, 0x1146, 0x1146, 0x1146, 0x1146, 0x1146, 0x1146,
  0x1146, 0x1146, 0x1146, 0x1146, 0x1146, 0x1146, 0x1146, 0x1146, 0x1146, 0x1146, 0x1146, 0x1146, 0x1146, 0x1146, 0x1146, 0x1146,
  0x1146, 0x1146, 0x1146, 0x1146, 0x1146, 0x1146, 0x1146, 0x1146, 0x1146, 0x1146, 0x1146, 0x1146, 0x1146, 0x1146, 0x1146, 0x1146,
  0x1146, 0x1146, 0x1146, 0x1146, 0x1146, 0x1146, 0x1146, 0x1146, 0x1146, 0x1146, 0x1146, 0x1146, 0x1146, 0x1146, 0x1146, 0x1146,
  0x1146, 0x1146, 0x1146, 0x1146, 0x1146, 0x1146, 0x1146, 0x1146, 0x1146, 0x1146, 0x1146, 0x1146, 0x1146, 0x1146, 0x1146, 0x1146,
  0x1146, 0x1146, 0x1146, 0x1146, 0x1146, 0x1146, 0x1146, 0x1146, 0x1146, 0x1146, 0x1146, 0x1146, 0x1146, 0x1146, 0x1146, 0x1146,
  0x1146, 0x1166, 0x1166, 0x1146, 0x1166, 0x1166, 0x1166, 0x1166, 0x1166, 0x1166, 0x1186, 0x1166, 0x1166, 0x12CA, 0x0B8D, 0x0BAE,
  0x0BAE, 0x0BAE, 0x0BCE, 0x0BCE, 0x0BCE, 0x0BCE, 0x0BCE, 0x0BCE, 0x0BCE, 0x0BCE, 0x0BCE, 0x0BCE, 0x0BCE, 0x0BCE, 0x0BCE, 0x0BCE,
  0x12EB, 0x1166, 0x1186, 0x11A7, 0x1187, 0x1187, 0x1187, 0x1187, 0x1187, 0x1187, 0x1187, 0x1187, 0x1187, 0x1187, 0x1187, 0x1187,
  0x1187, 0x1187, 0x1187, 0x1187, 0x1187, 0x1187, 0x1187, 0x1187, 0x1187, 0x1187, 0x1187, 0x1187, 0x1187, 0x1187, 0x1187, 0x1187,
  0x1187, 0x1187, 0x1187, 0x1187, 0x1187, 0x1187, 0x1187, 0x1187, 0x1187, 0x1187, 0x1187, 0x1187, 0x1187, 0x1187, 0x1187, 0x1187,
  0x1187, 0x1187, 0x1187, 0x1187, 0x1187, 0x1187, 0x1187, 0x1187, 0x1187, 0x1187, 0x1187, 0x1167, 0x1167, 0x1167, 0x1167, 0x1167,
  0x1166, 0x1166, 0x1167, 0x1166, 0x1166, 0x1166, 0x1166, 0x1166, 0x1166, 0x1166, 0x1166, 0x1166, 0x1166, 0x1166, 0x1166, 0x1166,
  0x1166, 0x1146, 0x1146, 0x1146, 0x1146, 0x1146, 0x1146, 0x1146, 0x1146, 0x1146, 0x1166, 0x08E5, 0x35D1, 0x2289, 0x0823, 0x10C4,
  0x10A4, 0x10A4, 0x10A4, 0x0022, 0x0001, 0x0001, 0x0022, 0x0022, 0x0863, 0x0002, 0xBDD7, 0xFFFF, 0xFFFF, 0xFFFF, 0xFFFF, 0xFFFF,
  0xFFFF, 0xFFFF, 0xFFFF, 0xC618, 0x0000, 0x0001, 0x0022, 0x0001, 0xB597, 0xFFFF, 0xFFFF, 0xFFFF, 0xFFFF, 0xFFFF, 0xFFFF, 0x73D0,
  0x0022, 0x10C4, 0x10A4, 0x10A4, 0x0863, 0x0001, 0xC618, 0xFFFF, 0xFFFF, 0xFFFF, 0xFFFF, 0xFFFF, 0xFFFF, 0xFFFF, 0xFFFF, 0xBDF8,
  0x0002, 0x0863, 0x10A4, 0x10A4, 0x0863, 0x0843, 0x0042, 0x0022, 0x0022, 0x0843, 0x0843, 0x0843, 0x0843, 0x0863, 0x0022, 0x2967,
  0xF79E, 0xFFFF, 0x4A8B, 0x0000, 0x0042, 0x10A4, 0x10A4, 0x10A4, 0x10A4, 0x0043, 0x0022, 0x0042, 0x0001, 0x2967, 0xF7BE, 0xFFFF,
  0x5ACC, 0x0022, 0x10C4, 0x10A4, 0x10C4, 0x0024, 0x8486, 0x5BA7, 0x00C6, 0x1166, 0x1146, 0x1146, 0x1146, 0x1146, 0x1146, 0x1146,
  0x1146, 0x1146, 0x1146, 0x1146, 0x1146, 0x1146, 0x1146, 0x1146, 0x1146, 0x1146, 0x1146, 0x1146, 0x1146, 0x1146, 0x1146, 0x1146,
  0x1146, 0x1146, 0x1146, 0x1146, 0x1146, 0x1146, 0x1146, 0x1146, 0x1146, 0x1146, 0x1146, 0x1146, 0x1146, 0x1146, 0x1146, 0x1146,
  0x1146, 0x1146, 0x1146, 0x1146, 0x1146, 0x1146, 0x1146, 0x1146, 0x1146, 0x1146, 0x1146, 0x1146, 0x1146, 0x1146, 0x1146, 0x1146,
  0x1146, 0x1146, 0x1146, 0x1146, 0x1146, 0x1146, 0x1146, 0x1146, 0x1146, 0x1146, 0x1146, 0x1146, 0x1146, 0x1146, 0x1146, 0x1146,
  0x1146, 0x1146, 0x1146, 0x1146, 0x1146, 0x1146, 0x1146, 0x1146, 0x1146, 0x1146, 0x1146, 0x1146, 0x1146, 0x1146, 0x1146, 0x1146,
  0x1146, 0x1146, 0x1146, 0x1146, 0x1146, 0x1146, 0x1146, 0x1146, 0x1146, 0x1146, 0x1146, 0x1146, 0x1146, 0x1146, 0x1146, 0x1146,
  0x1146, 0x1166, 0x1146, 0x1146, 0x1166, 0x1166, 0x1166, 0x1166, 0x1166, 0x1186, 0x1166, 0x1186, 0x1186, 0x1945, 0x1945, 0x1946,
  0x1966, 0x1966, 0x1966, 0x1966, 0x1966, 0x1966, 0x1986, 0x1986, 0x1986, 0x1986, 0x1966, 0x1966, 0x1966, 0x1966, 0x1966, 0x1966,
  0x1966, 0x11A7, 0x1187, 0x11A7, 0x11A7, 0x1187, 0x1187, 0x1187, 0x1187, 0x1187, 0x1187, 0x1187, 0x1187, 0x1187, 0x1187, 0x1187,
  0x1187, 0x1187, 0x1187, 0x1187, 0x1187, 0x1187, 0x1187, 0x1187, 0x1187, 0x1187, 0x1187, 0x1187, 0x1187, 0x1187, 0x1187, 0x1187,
  0x1187, 0x0987, 0x1187, 0x1187, 0x1187, 0x1187, 0x1187, 0x1187, 0x1187, 0x1187, 0x1187, 0x1187, 0x1187, 0x1187, 0x1187, 0x1187,
  0x1187, 0x1187, 0x1187, 0x1187, 0x1187, 0x1187, 0x1187, 0x1167, 0x1187, 0x1187, 0x1187, 0x1167, 0x1167, 0x1167, 0x1167, 0x1167,
  0x1167, 0x1166, 0x1166, 0x1166, 0x1166, 0x1166, 0x1166, 0x1166, 0x1166, 0x1166, 0x1166, 0x1166, 0x1166, 0x1166, 0x1166, 0x1146,
  0x1146, 0x1146, 0x1146, 0x1146, 0x1146, 0x1146, 0x1146, 0x1146, 0x1146, 0x1146, 0x1166, 0x08E5, 0x35D1, 0x2289, 0x0823, 0x10C4,
  0x10A4, 0x10A4, 0x0884, 0x31A8, 0x4A6A, 0x31C8, 0x10A4, 0x18E5, 0x3A09, 0x39E9, 0xBE18, 0xFFFF, 0xFFDF, 0xFFFF, 0xFFFF, 0xDEFC,
  0xDEDB, 0xDEDB, 0xD6BB, 0xAD96, 0x4229, 0x422A, 0x18E5, 0x0883, 0xB5D7, 0xFFFF, 0xFFDF, 0xFFFF, 0xFFDF, 0xDEDB, 0xDEDB, 0x5B0D,
  0x0043, 0x10C4, 0x10A4, 0x18C5, 0x3A09, 0x31C8, 0xB596, 0xDEDB, 0xDEDB, 0xDEDB, 0xDEDB, 0xDEDB, 0xD6BB, 0xEF7D, 0xFFFF, 0xC618,
  0x39E9, 0x3A09, 0x10C4, 0x1084, 0x31A8, 0x424A, 0x31A8, 0x10A4, 0x18E5, 0x3A09, 0x4209, 0x3A09, 0x4209, 0x4229, 0x39E9, 0x5B0D,
  0xF7BE, 0xFFFF, 0x7C11, 0x3A09, 0x31C8, 0x0884, 0x10A4, 0x10A4, 0x10A4, 0x10C4, 0x10C4, 0x10C5, 0x0883, 0x39E9, 0xF7BE, 0xFFFF,
  0x5ACC, 0x0022, 0x10C4, 0x10A4, 0x10C4, 0x0024, 0x8486, 0x5BA7, 0x00C6, 0x1166, 0x1146, 0x1146, 0x1146, 0x1146, 0x1146, 0x1146,
  0x1146, 0x1146, 0x1146, 0x1146, 0x1146, 0x1146, 0x1146, 0x1146, 0x1146, 0x1146, 0x1146, 0x1146, 0x1146, 0x1146, 0x1146, 0x1146,
  0x1146, 0x1146, 0x1146, 0x1146, 0x1146, 0x1146, 0x1146, 0x1146, 0x1146, 0x1146, 0x1146, 0x1146, 0x1146, 0x1146, 0x1146, 0x1146,
  0x1146, 0x1146, 0x1146, 0x1146, 0x1146, 0x1146, 0x1146, 0x1146, 0x1146, 0x1146, 0x1146, 0x1146, 0x1146, 0x1146, 0x1146, 0x1146,
  0x1146, 0x1146, 0x1146, 0x1146, 0x1146, 0x1146, 0x1146, 0x1146, 0x1146, 0x1146, 0x1146, 0x1146, 0x1146, 0x1146, 0x1146, 0x1146,
  0x1146, 0x1146, 0x1146, 0x1146, 0x1146, 0x1146, 0x1146, 0x1146, 0x1146, 0x1146, 0x1146, 0x1146, 0x1146, 0x1146, 0x1146, 0x1146,
  0x1146, 0x1146, 0x1146, 0x1146, 0x1146, 0x1146, 0x1146, 0x1146, 0x1146, 0x1146, 0x1146, 0x1146, 0x1146, 0x1146, 0x1146, 0x1146,
  0x1146, 0x1146, 0x1166, 0x1166, 0x1166, 0x1166, 0x1166, 0x1166, 0x1166, 0x1166, 0x1166, 0x1166, 0x1186, 0x1186, 0x1986, 0x1986,
  0x1186, 0x1986, 0x19A6, 0x19A6, 0x19A7, 0x19A7, 0x19A7, 0x19A6, 0x19A7, 0x19A6, 0x19A7, 0x19A6, 0x19A7, 0x11A7, 0x11A7, 0x19A7,
  0x11A7, 0x1186, 0x1187, 0x1186, 0x1187, 0x1186, 0x1186, 0x1187, 0x1187, 0x1187, 0x1187, 0x1187, 0x1187, 0x1187, 0x1187, 0x1187,
  0x1187, 0x1187, 0x1187, 0x1187, 0x1187, 0x1187, 0x1187, 0x1187, 0x1187, 0x1187, 0x1187, 0x1187, 0x1187, 0x1187, 0x1187, 0x1187,
  0x1187, 0x1187, 0x1187, 0x1187, 0x1187, 0x1187, 0x1187, 0x1187, 0x1187, 0x1187, 0x1187, 0x1187, 0x1187, 0x1187, 0x1187, 0x1187,
  0x1187, 0x1187, 0x1187, 0x1187, 0x1187, 0x1187, 0x1187, 0x1167, 0x1187, 0x1187, 0x1167, 0x1167, 0x1167, 0x1167, 0x1167, 0x1166,
  0x1166, 0x1166, 0x1166, 0x1166, 0x1166, 0x1166, 0x1166, 0x1166, 0x1166, 0x1166, 0x1166, 0x1166, 0x1146, 0x1166, 0x1146, 0x1146,
  0x1146, 0x1146, 0x1146, 0x1146, 0x1146, 0x1146, 0x1146, 0x1146, 0x1146, 0x1146, 0x1166, 0x08E5, 0x35D1, 0x2289, 0x0823, 0x10C4,
  0x10A4, 0x10C4, 0x0022, 0xAD76, 0xFFFF, 0xBDF8, 0x0863, 0x2146, 0xE73C, 0xFFFF, 0xFFFF, 0xFFFF, 0xFFFF, 0xFFDF, 0xF79E, 0x31C8,
  0x18E5, 0x2126, 0x10A4, 0x6B6E, 0xFFDF, 0xF7BE, 0x2967, 0x0043, 0xB5B7, 0xFFDF, 0xFFDF, 0xFFFF, 0xF79E, 0x31C8, 0x18E5, 0x18C5,
  0x10A4, 0x10A4, 0x0863, 0x31A8, 0xEF5D, 0xFFFF, 0x6B4E, 0x10A4, 0x2126, 0x1905, 0x1905, 0x2126, 0x10A4, 0xBDD7, 0xFFFF, 0xF7DF,
  0xFFDF, 0xE73D, 0x2126, 0x0863, 0xB5B7, 0xFFFF, 0xAD56, 0x0043, 0x2967, 0xEF7E, 0xFFDF, 0xFFDF, 0xFFFF, 0xFFDF, 0xFFDF, 0xFFDF,
  0xFFFF, 0xFFDF, 0xF7BF, 0xFFFF, 0xAD76, 0x0022, 0x10C5, 0x10A4, 0x10A4, 0x10A4, 0x10A4, 0x10A4, 0x0863, 0x31C8, 0xF7BE, 0xFFFF,
  0x5ACC, 0x0022, 0x10C4, 0x10A4, 0x10C4, 0x0024, 0x8486, 0x5BA7, 0x00C6, 0x1166, 0x1146, 0x1146, 0x1146, 0x1146, 0x1146, 0x1146,
  0x1146, 0x1146, 0x1146, 0x1146, 0x1146, 0x1146, 0x1146, 0x1146, 0x1146, 0x1146, 0x1146, 0x1146, 0x1146, 0x1146, 0x1146, 0x1146,
  0x1146, 0x1146, 0x1146, 0x1146, 0x1146, 0x1146, 0x1146, 0x1146, 0x1146, 0x1146, 0x1146, 0x1146, 0x1146, 0x1146, 0x1146, 0x1146,
  0x1146, 0x1146, 0x1146, 0x1146, 0x1146, 0x1146, 0x1146, 0x1146, 0x1146, 0x1146, 0x1146, 0x1146, 0x1146, 0x1146, 0x1146, 0x1146,
  0x1146, 0x1146, 0x1146, 0x1146, 0x1146, 0x1146, 0x1146, 0x1146, 0x1146, 0x1146, 0x1146, 0x1146, 0x1146, 0x1146, 0x1146, 0x1146,
  0x1146, 0x1146, 0x1146, 0x1146, 0x1146, 0x1146, 0x1146, 0x1146, 0x1146, 0x1146, 0x1146, 0x1146, 0x1146, 0x1146, 0x1146, 0x1146,
  0x1146, 0x1146, 0x1146, 0x1146, 0x1146, 0x1146, 0x1146, 0x1146, 0x1146, 0x1146, 0x1146, 0x1146, 0x1146, 0x1146, 0x1146, 0x1146,
  0x1146, 0x1146, 0x1146, 0x1146, 0x1166, 0x1166, 0x1166, 0x1166, 0x1166, 0x1166, 0x1166, 0x1166, 0x1166, 0x1166, 0x1166, 0x1966,
  0x1986, 0x1986, 0x1986, 0x1986, 0x1986, 0x1986, 0x1986, 0x1986, 0x1986, 0x19A6, 0x1986, 0x1986, 0x1986, 0x1986, 0x1186, 0x1986,
  0x1186, 0x1186, 0x1186, 0x1186, 0x1186, 0x1186, 0x1186, 0x1187, 0x1187, 0x1187, 0x1187, 0x1187, 0x1187, 0x1187, 0x1187, 0x1187,
  0x1187, 0x1187, 0x1187, 0x1187, 0x1187, 0x1187, 0x1187, 0x1187, 0x1187, 0x1187, 0x1187, 0x1187, 0x1187, 0x1187, 0x1187, 0x1187,
  0x1187, 0x1187, 0x1187, 0x1187, 0x1187, 0x1187, 0x1187, 0x1187, 0x1187, 0x1187, 0x1187, 0x1187, 0x1187, 0x1187, 0x1187, 0x1187,
  0x1187, 0x1187, 0x1187, 0x1187, 0x1187, 0x1187, 0x1167, 0x1187, 0x1167, 0x1167, 0x1166, 0x1167, 0x1167, 0x1166, 0x1166, 0x1166,
  0x1166, 0x1166, 0x1166, 0x1166, 0x1166, 0x1166, 0x1166, 0x1166, 0x1166, 0x1166, 0x1166, 0x1166, 0x1146, 0x1146, 0x1146, 0x1146,
  0x1146, 0x1146, 0x1146, 0x1146, 0x1146, 0x1146, 0x1146, 0x1146, 0x1146, 0x1146, 0x1166, 0x08E5, 0x3DD0, 0x2289, 0x0823, 0x10C4,
  0x10A4, 0x10C4, 0x0022, 0xAD76, 0xFFFF, 0xBDF8, 0x0002, 0x1905, 0xE73D, 0xFFFF, 0xFFFF, 0xFFFF, 0xFFFF, 0xFFFF, 0xFFFF, 0x2126,
  0x0022, 0x0883, 0x0001, 0x632D, 0xFFFF, 0xFFFF, 0x2146, 0x0002, 0xC618, 0xFFFF, 0xFFFF, 0xFFFF, 0xF79E, 0x2967, 0x0863, 0x10A4,
  0x10A4, 0x10A4, 0x0863, 0x31A8, 0xEF7D, 0xFFFF, 0x5AED, 0x0001, 0x0863, 0x0863, 0x0863, 0x10A4, 0x0022, 0xB5B7, 0xFFFF, 0xFFFF,
  0xFFFF, 0xFFDF, 0x2126, 0x0863, 0xBDD7, 0xFFFF, 0xAD76, 0x0042, 0x2987, 0xFFFF, 0xFFFF, 0xFFFF, 0xFFFF, 0xFFFF, 0xFFFF, 0xFFFF,
  0xFFFF, 0xFFFF, 0xFFFF, 0xFFFF, 0xAD76, 0x0001, 0x1084, 0x0863, 0x0863, 0x0884, 0x10A4, 0x10A4, 0x0863, 0x31C8, 0xF7BE, 0xFFFF,
  0x5ACC, 0x0022, 0x10C4, 0x10A4, 0x10C4, 0x0024, 0x8C86, 0x5BA6, 0x00C6, 0x1166, 0x1146, 0x1146, 0x1146, 0x1146, 0x1146, 0x1146,
  0x1146, 0x1146, 0x1146, 0x1146, 0x1146, 0x1146, 0x1146, 0x1146, 0x1146, 0x1146, 0x1146, 0x1146, 0x1146, 0x1146, 0x1146, 0x1146,
  0x1146, 0x1146, 0x1146, 0x1146, 0x1146, 0x1146, 0x1146, 0x1146, 0x1146, 0x1146, 0x1146, 0x1146, 0x1146, 0x1146, 0x1146, 0x1146,
  0x1146, 0x1146, 0x1146, 0x1146, 0x1146, 0x1146, 0x1146, 0x1146, 0x1146, 0x1146, 0x1146, 0x1146, 0x1146, 0x1146, 0x1146, 0x1146,
  0x1146, 0x1146, 0x1146, 0x1146, 0x1146, 0x1146, 0x1146, 0x1146, 0x1146, 0x1146, 0x1146, 0x1146, 0x1146, 0x1146, 0x1146, 0x1146,
  0x1146, 0x1146, 0x1146, 0x1146, 0x1146, 0x1146, 0x1146, 0x1146, 0x1146, 0x1146, 0x1146, 0x1146, 0x1146, 0x1146, 0x1146, 0x1146,
  0x1146, 0x1146, 0x1146, 0x1146, 0x1146, 0x1146, 0x1146, 0x1146, 0x1146, 0x1146, 0x1146, 0x1146, 0x1146, 0x1146, 0x1146, 0x1146,
  0x1146, 0x1146, 0x1146, 0x1146, 0x1146, 0x1166, 0x1166, 0x1146, 0x1166, 0x1166, 0x1166, 0x1166, 0x1166, 0x1166, 0x1166, 0x1966,
  0x1966, 0x1966, 0x1986, 0x1986, 0x1986, 0x1986, 0x1986, 0x1986, 0x1986, 0x1986, 0x1986, 0x1986, 0x1186, 0x1186, 0x1186, 0x1186,
  0x1186, 0x1186, 0x1186, 0x1186, 0x1186, 0x1186, 0x1186, 0x1187, 0x1187, 0x1187, 0x1187, 0x1187, 0x1187, 0x1187, 0x1187, 0x1187,
  0x1187, 0x1187, 0x1187, 0x1187, 0x1187, 0x1187, 0x1187, 0x1187, 0x1187, 0x1187, 0x1187, 0x1187, 0x1187, 0x1187, 0x1187, 0x1187,
  0x1187, 0x1187, 0x1187, 0x1187, 0x1187, 0x1187, 0x1187, 0x1187, 0x1187, 0x1187, 0x1187, 0x1187, 0x1187, 0x1187, 0x1187, 0x1187,
  0x1187, 0x1187, 0x1187, 0x1187, 0x1187, 0x1167, 0x1167, 0x1167, 0x1167, 0x1167, 0x1167, 0x1166, 0x1166, 0x1166, 0x1166, 0x1166,
  0x1166, 0x1166, 0x1166, 0x1166, 0x1166, 0x1166, 0x1166, 0x1166, 0x1166, 0x1146, 0x1146, 0x1146, 0x1146, 0x1146, 0x1146, 0x1146,
  0x1146, 0x1146, 0x1146, 0x1146, 0x1146, 0x1146, 0x1146, 0x1146, 0x1146, 0x1146, 0x1166, 0x08E5, 0x3DD0, 0x2289, 0x0823, 0x10C4,
  0x10A4, 0x10C4, 0x0022, 0xAD76, 0xFFFF, 0xEF5D, 0xC639, 0xCE59, 0xF7BE, 0xFFDF, 0xFFDF, 0xFFFF, 0xCE59, 0x528B, 0x630D, 0xC639,
  0xC639, 0xC639, 0xC618, 0xA555, 0x4A8B, 0x5B0D, 0xBDF8, 0xC639, 0x8431, 0x4229, 0x9493, 0xFFFF, 0xEF5D, 0x3187, 0x1084, 0x18C5,
  0x10C4, 0x10C4, 0x0863, 0x31A8, 0xF79E, 0xFFFF, 0xDEDB, 0xC639, 0xC639, 0xC639, 0xB5D7, 0x2967, 0x0022, 0xB597, 0xFFFF, 0xC639,
  0x4A8B, 0x528B, 0x10C5, 0x0883, 0xB5B7, 0xFFFF, 0xAD56, 0x0863, 0x18E5, 0x52AC, 0x52AC, 0xC659, 0xFFFF, 0xBDF8, 0x4A6B, 0x5ACC,
  0x52AC, 0x4A8B, 0xD69A, 0xFFFF, 0xEF5D, 0xBE18, 0xC639, 0xC639, 0xC639, 0x4A8B, 0x0863, 0x18C5, 0x0883, 0x39E8, 0xF79E, 0xFFFF,
  0x52CC, 0x0022, 0x10C4, 0x10A4, 0x10C4, 0x0024, 0x8C86, 0x63A6, 0x00C6, 0x1166, 0x1146, 0x1146, 0x1146, 0x1146, 0x1146, 0x1146,
  0x1146, 0x1146, 0x1146, 0x1146, 0x1146, 0x1146, 0x1146, 0x1146, 0x1146, 0x1146, 0x1146, 0x1146, 0x1146, 0x1146, 0x1146, 0x1146,
  0x1146, 0x1146, 0x1146, 0x1146, 0x1146, 0x1146, 0x1146, 0x1146, 0x1146, 0x1146, 0x1146, 0x1146, 0x1146, 0x1146, 0x1146, 0x1146,
  0x1146, 0x1146, 0x1146, 0x1146, 0x1146, 0x1146, 0x1146, 0x1146, 0x1146, 0x1146, 0x1146, 0x1146, 0x1146, 0x1146, 0x1146, 0x1146,
  0x1146, 0x1146, 0x1146, 0x1146, 0x1146, 0x1146, 0x1146, 0x1146, 0x1146, 0x1146, 0x1146, 0x1146, 0x1146, 0x1146, 0x1146, 0x1146,
  0x1146, 0x1146, 0x1146, 0x1146, 0x1146, 0x1146, 0x1146, 0x1146, 0x1146, 0x1146, 0x1146, 0x1146, 0x1146, 0x1146, 0x1146, 0x1146,
  0x1146, 0x1146, 0x1146, 0x1146, 0x1146, 0x1146, 0x1146, 0x1146, 0x1146, 0x1146, 0x1146, 0x1146, 0x1146, 0x1146, 0x1146, 0x1146,
  0x1146, 0x1146, 0x1146, 0x1146, 0x1146, 0x1146, 0x1146, 0x1146, 0x1166, 0x1166, 0x1166, 0x1166, 0x1166, 0x1166, 0x1166, 0x1966,
  0x1166, 0x1966, 0x1986, 0x1986, 0x1986, 0x1986, 0x1986, 0x1986, 0x1986, 0x1986, 0x1986, 0x1986, 0x1986, 0x1186, 0x1186, 0x1186,
  0x1186, 0x1186, 0x1186, 0x1186, 0x1186, 0x1186, 0x1186, 0x1186, 0x1186, 0x1166, 0x1187, 0x1187, 0x1187, 0x1187, 0x1187, 0x1187,
  0x1187, 0x1187, 0x1187, 0x1187, 0x1187, 0x1187, 0x1187, 0x1187, 0x1187, 0x1187, 0x1187, 0x1187, 0x1187, 0x1187, 0x1187, 0x1187,
  0x1187, 0x1187, 0x1187, 0x1187, 0x1187, 0x1187, 0x1187, 0x1187, 0x1187, 0x1187, 0x1187, 0x1187, 0x1187, 0x1187, 0x1187, 0x1187,
  0x1187, 0x1187, 0x1167, 0x1167, 0x1187, 0x1167, 0x1167, 0x1167, 0x1166, 0x1166, 0x1166, 0x1166, 0x1166, 0x1166, 0x1166, 0x1166,
  0x1166, 0x1166, 0x1166, 0x1166, 0x1166, 0x1166, 0x1166, 0x1146, 0x1146, 0x1146, 0x1146, 0x1146, 0x1146, 0x1146, 0x1146, 0x1146,
  0x1146, 0x1146, 0x1146, 0x1146, 0x1146, 0x1146, 0x1146, 0x1146, 0x1146, 0x1146, 0x1146, 0x08E5, 0x3DD0, 0x2288, 0x0823, 0x10C4,
  0x10A4, 0x10C4, 0x0002, 0xB5D7, 0xFFFF, 0xFFFF, 0xFFFF, 0xFFFF, 0xFFFF, 0xFFFF, 0xFFFF, 0xFFFF, 0xB5B7, 0x0000, 0x0043, 0xFFFF,
  0xFFFF, 0xFFFF, 0xFFFF, 0xCE59, 0x0001, 0x10A4, 0xF7BE, 0xFFFF, 0x634E, 0x0000, 0x634E, 0xFFFF, 0xF7BE, 0x2106, 0x0001, 0x0043,
  0x0022, 0x0863, 0x0863, 0x31A8, 0xF79E, 0xFFFF, 0xFFFF, 0xFFFF, 0xFFFF, 0xFFFF, 0xFFFF, 0x31A7, 0x0002, 0xBDF8, 0xFFFF, 0xB5D7,
  0x0001, 0x0043, 0x10A4, 0x0883, 0xB5D7, 0xFFFF, 0xAD56, 0x0863, 0x10A4, 0x0001, 0x0000, 0xAD55, 0xFFFF, 0x9CD4, 0x0000, 0x0001,
  0x0022, 0x0002, 0xBDF8, 0xFFFF, 0xFFFF, 0xFFFF, 0xFFFF, 0xFFFF, 0xFFFF, 0x634E, 0x0042, 0x10A4, 0x0001, 0x2987, 0xFFFF, 0xFFFF,
  0x5AEC, 0x0022, 0x10C4, 0x10A4, 0x10C4, 0x0024, 0x8C85, 0x63A6, 0x00C6, 0x1146, 0x1146, 0x1146, 0x1146, 0x1146, 0x1146, 0x1146,
  0x1146, 0x1146, 0x1146, 0x1146, 0x1146, 0x1146, 0x1146, 0x1146, 0x1146, 0x1146, 0x1146, 0x1146, 0x1146, 0x1146, 0x1146, 0x1146,
  0x1146, 0x1146, 0x1146, 0x1146, 0x1146, 0x1146, 0x1146, 0x1146, 0x1146, 0x1146, 0x1146, 0x1146, 0x1146, 0x1146, 0x1146, 0x1146,
  0x1146, 0x1146, 0x1146, 0x1146, 0x1146, 0x1146, 0x1146, 0x1146, 0x1146, 0x1146, 0x1146, 0x1146, 0x1146, 0x1146, 0x1146, 0x1146,
  0x1146, 0x1146, 0x1146, 0x1146, 0x1146, 0x1146, 0x1146, 0x1146, 0x1146, 0x1146, 0x1146, 0x1146, 0x1146, 0x1146, 0x1146, 0x1146,
  0x1146, 0x1146, 0x1146, 0x1146, 0x1146, 0x1146, 0x1146, 0x1146, 0x1146, 0x1146, 0x1146, 0x1146, 0x1146, 0x1146, 0x1146, 0x1146,
  0x1146, 0x1146, 0x1146, 0x1146, 0x1146, 0x1146, 0x1146, 0x1146, 0x1146, 0x1146, 0x1146, 0x1146, 0x1146, 0x1146, 0x1146, 0x1146,
  0x1146, 0x1146, 0x1146, 0x1146, 0x1166, 0x1166, 0x1146, 0x1146, 0x1146, 0x1166, 0x1166, 0x1166, 0x1166, 0x1166, 0x1166, 0x1166,
  0x1166, 0x1966, 0x1986, 0x1986, 0x1166, 0x1986, 0x1986, 0x1986, 0x1986, 0x1986, 0x1986, 0x1986, 0x1186, 0x1186, 0x1186, 0x1186,
  0x1186, 0x1186, 0x1186, 0x1186, 0x1186, 0x1186, 0x1186, 0x1186, 0x1186, 0x1186, 0x1186, 0x1186, 0x1186, 0x1187, 0x1167, 0x1187,
  0x1187, 0x1187, 0x1187, 0x1187, 0x1187, 0x1187, 0x1187, 0x1187, 0x1187, 0x1187, 0x1187, 0x1187, 0x1187, 0x1187, 0x1187, 0x1187,
  0x1187, 0x1187, 0x1187, 0x1187, 0x1187, 0x1187, 0x1187, 0x1187, 0x1187, 0x1187, 0x1187, 0x1187, 0x1187, 0x1187, 0x1187, 0x1167,
  0x1167, 0x1167, 0x1187, 0x1166, 0x1167, 0x1167, 0x1167, 0x1167, 0x1167, 0x1166, 0x1166, 0x1166, 0x1166, 0x1166, 0x1166, 0x1166,
  0x1166, 0x1166, 0x1166, 0x1166, 0x1166, 0x1166, 0x1146, 0x1166, 0x1146, 0x1146, 0x1166, 0x1146, 0x1166, 0x1146, 0x1146, 0x1146,
  0x1146, 0x1146, 0x1146, 0x1146, 0x1146, 0x1146, 0x1146, 0x1146, 0x1146, 0x1146, 0x1166, 0x08E5, 0x3DD0, 0x2288, 0x0823, 0x10C4,
  0x10A4, 0x10C4, 0x0043, 0x7BD0, 0xAD76, 0xC618, 0xFFDF, 0xF7BE, 0xB5B7, 0xAD55, 0xAD76, 0xAD56, 0xA535, 0x8431, 0x8C52, 0xAD76,
  0xA555, 0xA555, 0xAD76, 0x8411, 0x0884, 0x2126, 0xEF5D, 0xFFFF, 0x6B6E, 0x0022, 0x528B, 0xB596, 0xAD76, 0x8C72, 0x8411, 0x8431,
  0x8C52, 0x634E, 0x0022, 0x31A8, 0xF79E, 0xFFFF, 0xFFDF, 0xFFDF, 0xDEFC, 0xA535, 0x9CF4, 0x2146, 0x0043, 0x7BF0, 0xB5B7, 0x7BF0,
  0x10A4, 0x18C5, 0x10A4, 0x0883, 0xB5D7, 0xFFFF, 0xAD76, 0x0843, 0x1905, 0x8411, 0x8431, 0xD6BB, 0xFFFF, 0xCE9A, 0x8411, 0x7BF0,
  0x1906, 0x0884, 0xBE18, 0xFFFF, 0xDF1C, 0xA515, 0xB5B7, 0xF7BE, 0xFFFF, 0x632D, 0x0022, 0x4A4A, 0x8431, 0x8C52, 0xAD56, 0xB596,
  0x4209, 0x0843, 0x10A4, 0x10A4, 0x10C4, 0x0024, 0x8C85, 0x63A6, 0x00C6, 0x1166, 0x1146, 0x1146, 0x1146, 0x1146, 0x1146, 0x1146,
  0x1146, 0x1146, 0x1146, 0x1146, 0x1146, 0x1146, 0x1146, 0x1146, 0x1146, 0x1146, 0x1146, 0x1146, 0x1146, 0x1146, 0x1146, 0x1146,
  0x1146, 0x1146, 0x1146, 0x1146, 0x1146, 0x1146, 0x1146, 0x1146, 0x1146, 0x1146, 0x1146, 0x1146, 0x1146, 0x1146, 0x1146, 0x1146,
  0x1146, 0x1146, 0x1146, 0x1146, 0x1146, 0x1146, 0x1146, 0x1146, 0x1146, 0x1146, 0x1146, 0x1146, 0x1146, 0x1146, 0x1146, 0x1146,
  0x1146, 0x1146, 0x1146, 0x1146, 0x1146, 0x1146, 0x1146, 0x1146, 0x1146, 0x1146, 0x1146, 0x1146, 0x1146, 0x1146, 0x1146, 0x1146,
  0x1146, 0x1146, 0x1146, 0x1146, 0x1146, 0x1146, 0x1146, 0x1146, 0x1146, 0x1146, 0x1146, 0x1146, 0x1146, 0x1146, 0x1146, 0x1146,
  0x1146, 0x1146, 0x1146, 0x1146, 0x1146, 0x1146, 0x1146, 0x1146, 0x1146, 0x1146, 0x1146, 0x1146, 0x1146, 0x1146, 0x1146, 0x1146,
  0x1146, 0x1146, 0x1146, 0x1146, 0x1146, 0x1146, 0x1146, 0x1166, 0x1166, 0x1166, 0x1166, 0x1166, 0x1166, 0x1166, 0x1166, 0x1166,
  0x1166, 0x1166, 0x1966, 0x1966, 0x1986, 0x1966, 0x1986, 0x1986, 0x1986, 0x1986, 0x1986, 0x1186, 0x1186, 0x1186, 0x1186, 0x1186,
  0x1186, 0x1186, 0x1186, 0x1186, 0x1186, 0x1186, 0x1186, 0x1186, 0x1186, 0x1186, 0x1166, 0x1186, 0x1187, 0x1167, 0x1167, 0x1187,
  0x1187, 0x1187, 0x1187, 0x1167, 0x1187, 0x1187, 0x1187, 0x1187, 0x1187, 0x1187, 0x1187, 0x1187, 0x1187, 0x1187, 0x1187, 0x1187,
  0x1187, 0x1187, 0x1187, 0x1187, 0x1187, 0x1187, 0x1187, 0x1187, 0x1187, 0x1187, 0x1187, 0x1167, 0x1187, 0x1187, 0x1167, 0x1187,
  0x1167, 0x1167, 0x1167, 0x1167, 0x1166, 0x1166, 0x1166, 0x1166, 0x1166, 0x1166, 0x1166, 0x1166, 0x1166, 0x1166, 0x1166, 0x1166,
  0x1166, 0x1166, 0x1166, 0x1166, 0x1166, 0x1166, 0x1146, 0x1166, 0x1146, 0x1146, 0x1146, 0x1146, 0x1146, 0x1146, 0x1146, 0x1146,
  0x1146, 0x1146, 0x1146, 0x1146, 0x1146, 0x1146, 0x1146, 0x1146, 0x1146, 0x1146, 0x1146, 0x08E5, 0x3DD0, 0x2288, 0x0823, 0x10C4,
  0x10A4, 0x10A4, 0x10A4, 0x0863, 0x0000, 0x52AC, 0xFFFF, 0xF7DF, 0x2987, 0x0022, 0x0863, 0x0000, 0x632D, 0xFFFF, 0xFFFF, 0x18E5,
  0x0001, 0x0022, 0x0022, 0x0043, 0x0884, 0x2106, 0xEF5D, 0xFFFF, 0x632D, 0x0002, 0x0863, 0x0001, 0x1905, 0xFFDF, 0xFFFF, 0xFFFF,
  0xFFFF, 0xCE59, 0x0001, 0x31C8, 0xF7BE, 0xFFFF, 0xFFFF, 0xFFFF, 0xB5B7, 0x0001, 0x0863, 0x10A4, 0x10A4, 0x0043, 0x0022, 0x0022,
  0x0863, 0x0863, 0x10A4, 0x0883, 0xB5D7, 0xFFFF, 0xAD76, 0x0042, 0x2987, 0xFFFF, 0xFFFF, 0xFFFF, 0xFFFF, 0xFFFF, 0xFFFF, 0xF7BE,
  0x1905, 0x0002, 0xC618, 0xFFFF, 0xAD76, 0x0000, 0x2146, 0xEF7D, 0xFFFF, 0x632E, 0x0001, 0x8431, 0xFFFF, 0xEF7D, 0x10A4, 0x0001,
  0x0883, 0x10A4, 0x10A4, 0x10A4, 0x10C4, 0x0024, 0x8C85, 0x63A6, 0x00C6, 0x1146, 0x1146, 0x1146, 0x1146, 0x1146, 0x1146, 0x1146,
  0x1146, 0x1146, 0x1146, 0x1146, 0x1146, 0x1146, 0x1146, 0x1146, 0x1146, 0x1146, 0x1146, 0x1146, 0x1146, 0x1146, 0x1146, 0x1146,
  0x1146, 0x1146, 0x1146, 0x1146, 0x1146, 0x1146, 0x1146, 0x1146, 0x1146, 0x1146, 0x1146, 0x1146, 0x1146, 0x1146, 0x1146, 0x1146,
  0x1146, 0x1146, 0x1146, 0x1146, 0x1146, 0x1146, 0x1146, 0x1146, 0x1146, 0x1146, 0x1146, 0x1146, 0x1146, 0x1146, 0x1146, 0x1146,
  0x1146, 0x1146, 0x1146, 0x1146, 0x1146, 0x1146, 0x1146, 0x1146, 0x1146, 0x1146, 0x1146, 0x1146, 0x1146, 0x1146, 0x1146, 0x1146,
  0x1146, 0x1146, 0x1146, 0x1146, 0x1146, 0x1146, 0x1146, 0x1146, 0x1146, 0x1146, 0x1146, 0x1146, 0x1146, 0x1146, 0x1146, 0x1146,
  0x1146, 0x1146, 0x1146, 0x1146, 0x1146, 0x1146, 0x1146, 0x1146, 0x1146, 0x1146, 0x1146, 0x1146, 0x1146, 0x1146, 0x1146, 0x1146,
  0x1146, 0x1146, 0x1146, 0x1146, 0x1146, 0x1146, 0x1146, 0x1146, 0x1166, 0x1146, 0x1146, 0x1166, 0x1166, 0x1166, 0x1166, 0x1166,
  0x1166, 0x1166, 0x1166, 0x1966, 0x1166, 0x1966, 0x1986, 0x1966, 0x1966, 0x1986, 0x1186, 0x1166, 0x1166, 0x1166, 0x1186, 0x1166,
  0x1186, 0x1186, 0x1186, 0x1166, 0x1166, 0x1166, 0x1186, 0x1186, 0x1166, 0x1186, 0x1186, 0x1186, 0x1166, 0x1166, 0x1166, 0x1187,
  0x1187, 0x1167, 0x1167, 0x1167, 0x1167, 0x1167, 0x1187, 0x1187, 0x1187, 0x1187, 0x1187, 0x1187, 0x1187, 0x1187, 0x1187, 0x1187,
  0x1187, 0x1187, 0x1187, 0x1187, 0x1187, 0x1187, 0x1187, 0x1187, 0x1187, 0x1187, 0x1187, 0x1167, 0x1167, 0x1167, 0x1167, 0x1167,
  0x1166, 0x1167, 0x1167, 0x1166, 0x1166, 0x1166, 0x1166, 0x1166, 0x1166, 0x1166, 0x1166, 0x1166, 0x1166, 0x1166, 0x1166, 0x1166,
  0x1166, 0x1166, 0x1146, 0x1166, 0x1146, 0x1146, 0x1166, 0x1146, 0x1146, 0x1146, 0x1146, 0x1146, 0x1146, 0x1146, 0x1146, 0x1146,
  0x1146, 0x1146, 0x1146, 0x1146, 0x1146, 0x1146, 0x1146, 0x1146, 0x1146, 0x1146, 0x1146, 0x08E5, 0x3DD0, 0x2288, 0x0823, 0x10C4,
  0x10A4, 0x10A4, 0x1084, 0x2967, 0x2946, 0x6B6E, 0xE73D, 0xDEFB, 0x31A8, 0x0883, 0x2967, 0x2146, 0x73AF, 0xE71C, 0xDEFB, 0x424A,
  0x2987, 0x31A8, 0x31A8, 0x2967, 0x0883, 0x2106, 0xEF5D, 0xFFFF, 0x7BF0, 0x2146, 0x31A8, 0x2987, 0x424A, 0xD6BB, 0xE71C, 0xF79E,
  0xFFFF, 0xBDF8, 0x0002, 0x31A8, 0xDEDB, 0xE75D, 0xE73C, 0xE75D, 0xA535, 0x0863, 0x10C4, 0x10A4, 0x1084, 0x2946, 0x31A8, 0x3188,
  0x3187, 0x2987, 0x10C4, 0x0883, 0xB5D7, 0xFFFF, 0xAD76, 0x0042, 0x2947, 0xDEFB, 0xE73C, 0xE73C, 0xE73D, 0xE73C, 0xE73C, 0xD6BA,
  0x3A09, 0x2146, 0xB5B7, 0xE73C, 0xAD76, 0x2105, 0x52AB, 0xEF9E, 0xFFFF, 0x632E, 0x0001, 0x738F, 0xE73C, 0xCE7A, 0x4209, 0x2987,
  0x18E5, 0x1084, 0x10A4, 0x10A4, 0x10C4, 0x0024, 0x8C85, 0x6386, 0x00C6, 0x1146, 0x1146, 0x1146, 0x1146, 0x1146, 0x1146, 0x1146,
  0x1146, 0x1146, 0x1146, 0x1146, 0x1146, 0x1146, 0x1146, 0x1146, 0x1146, 0x1146, 0x1146, 0x1146, 0x1146, 0x1146, 0x1146, 0x1146,
  0x1146, 0x1146, 0x1146, 0x1146, 0x1146, 0x1146, 0x1146, 0x1146, 0x1146, 0x1146, 0x1146, 0x1146, 0x1146, 0x1146, 0x1146, 0x1146,
  0x1146, 0x1146, 0x1146, 0x1146, 0x1146, 0x1146, 0x1146, 0x1146, 0x1146, 0x1146, 0x1146, 0x1146, 0x1146, 0x1146, 0x1146, 0x1146,
  0x1146, 0x1146, 0x1146, 0x1146, 0x1146, 0x1146, 0x1146, 0x1146, 0x1146, 0x1146, 0x1146, 0x1146, 0x1146, 0x1146, 0x1146, 0x1146,
  0x1146, 0x1146, 0x1146, 0x1146, 0x1146, 0x1146, 0x1146, 0x1146, 0x1146, 0x1146, 0x1146, 0x1146, 0x1146, 0x1146, 0x1146, 0x1146,
  0x1146, 0x1146, 0x1146, 0x1146, 0x1146, 0x1146, 0x1146, 0x1146, 0x1146, 0x1146, 0x1146, 0x1146, 0x1146, 0x1146, 0x1146, 0x1146,
  0x1146, 0x1146, 0x1146, 0x1146, 0x1146, 0x1146, 0x1146, 0x1146, 0x1146, 0x1146, 0x1146, 0x1166, 0x1166, 0x1166, 0x1166, 0x1166,
  0x1166, 0x1166, 0x1166, 0x1166, 0x1166, 0x1966, 0x1166, 0x1166, 0x1166, 0x1166, 0x1166, 0x1166, 0x1166, 0x1166, 0x1166, 0x1166,
  0x1166, 0x1166, 0x1186, 0x1166, 0x1166, 0x1166, 0x1166, 0x1166, 0x1166, 0x1166, 0x1166, 0x1186, 0x1186, 0x1166, 0x1166, 0x1167,
  0x1167, 0x1167, 0x1167, 0x1167, 0x1167, 0x1167, 0x1187, 0x1187, 0x1167, 0x1187, 0x1187, 0x1187, 0x1187, 0x1187, 0x1167, 0x1187,
  0x1187, 0x1187, 0x1187, 0x1187, 0x1187, 0x1167, 0x1187, 0x1187, 0x1187, 0x1167, 0x1167, 0x1167, 0x1187, 0x1167, 0x1167, 0x1167,
  0x1167, 0x1166, 0x1167, 0x1166, 0x1166, 0x1166, 0x1166, 0x1166, 0x1166, 0x1166, 0x1166, 0x1166, 0x1166, 0x1166, 0x1166, 0x1166,
  0x1166, 0x1146, 0x1166, 0x1166, 0x1166, 0x1146, 0x1166, 0x1146, 0x1146, 0x1146, 0x1146, 0x1146, 0x1146, 0x1146, 0x1146, 0x1146,
  0x1146, 0x1146, 0x1146, 0x1146, 0x1146, 0x1146, 0x1146, 0x1146, 0x1146, 0x1146, 0x1146, 0x08E5, 0x3DD0, 0x2288, 0x0823, 0x10C4,
  0x10A4, 0x10C4, 0x0022, 0xAD76, 0xFFFF, 0xBDF8, 0x10C5, 0x1905, 0x10C5, 0x0863, 0xB596, 0xFFFF, 0xB5D7, 0x10A4, 0x2967, 0xF7BE,
  0xFFFF, 0xFFDF, 0xFFFF, 0xBDF8, 0x0863, 0x2126, 0xEF7D, 0xFFFF, 0xFFFF, 0xFFFF, 0xFFFF, 0xFFFF, 0xF79E, 0x31C8, 0x0883, 0xB5B7,
  0xFFFF, 0xBDD7, 0x0022, 0x10C5, 0x18E5, 0x1905, 0x1905, 0x1905, 0x18E5, 0x10A4, 0x10A4, 0x10C4, 0x0043, 0xB5B7, 0xFFFF, 0xFFDF,
  0xFFFF, 0xEF7D, 0x2126, 0x0863, 0xB5B7, 0xFFFF, 0xAD55, 0x0863, 0x10A4, 0x1905, 0x1905, 0x1905, 0x1905, 0x1905, 0x10C4, 0x3A09,
  0xF7BE, 0xFFFF, 0x6B4E, 0x0842, 0x7BF0, 0xFFFF, 0xFFFF, 0xFFDF, 0xFFFF, 0x632D, 0x0042, 0x1905, 0x10C4, 0x4229, 0xF7BE, 0xFFFF,
  0x5ACC, 0x0022, 0x10C4, 0x10A4, 0x10C4, 0x0024, 0x8C85, 0x6386, 0x00C6, 0x1146, 0x1146, 0x1146, 0x1146, 0x1146, 0x1146, 0x1146,
  0x1146, 0x1146, 0x1146, 0x1146, 0x1146, 0x1146, 0x1146, 0x1146, 0x1146, 0x1146, 0x1146, 0x1146, 0x1146, 0x1146, 0x1146, 0x1146,
  0x1146, 0x1146, 0x1146, 0x1146, 0x1146, 0x1146, 0x1146, 0x1146, 0x1146, 0x1146, 0x1146, 0x1146, 0x1146, 0x1146, 0x1146, 0x1146,
  0x1146, 0x1146, 0x1146, 0x1146, 0x1146, 0x1146, 0x1146, 0x1146, 0x1146, 0x1146, 0x1146, 0x1146, 0x1146, 0x1146, 0x1146, 0x1146,
  0x1146, 0x1146, 0x1146, 0x1146, 0x1146, 0x1146, 0x1146, 0x1146, 0x1146, 0x1146, 0x1146, 0x1146, 0x1146, 0x1146, 0x1146, 0x1146,
  0x1146, 0x1146, 0x1146, 0x1146, 0x1146, 0x1146, 0x1146, 0x1146, 0x1146, 0x1146, 0x1146, 0x1146, 0x1146, 0x1146, 0x1146, 0x1146,
  0x1146, 0x1146, 0x1146, 0x1146, 0x1146, 0x1146, 0x1146, 0x1146, 0x1146, 0x1146, 0x1146, 0x1146, 0x1146, 0x1146, 0x1146, 0x1146,
  0x1146, 0x1146, 0x1146, 0x1146, 0x1146, 0x1146, 0x1146, 0x1146, 0x1146, 0x1146, 0x1146, 0x1166, 0x1166, 0x1166, 0x1166, 0x1166,
  0x1166, 0x1166, 0x1166, 0x1166, 0x1166, 0x1166, 0x1166, 0x1166, 0x1166, 0x1166, 0x1166, 0x1166, 0x1166, 0x1166, 0x1166, 0x1166,
  0x1166, 0x1166, 0x1166, 0x1166, 0x1166, 0x1166, 0x1166, 0x1166, 0x1166, 0x1166, 0x1166, 0x1167, 0x1166, 0x1166, 0x1167, 0x1167,
  0x1167, 0x1167, 0x1167, 0x1167, 0x1167, 0x1166, 0x1167, 0x1167, 0x1167, 0x1187, 0x1187, 0x1187, 0x1187, 0x1187, 0x1167, 0x1187,
  0x1187, 0x1167, 0x1187, 0x1187, 0x1187, 0x1187, 0x1167, 0x1167, 0x1167, 0x1167, 0x1167, 0x1167, 0x1167, 0x1167, 0x1167, 0x1167,
  0x1166, 0x1166, 0x1167, 0x1166, 0x1166, 0x1166, 0x1166, 0x1166, 0x1166, 0x1166, 0x1166, 0x1166, 0x1166, 0x1166, 0x1166, 0x1166,
  0x1166, 0x1146, 0x1166, 0x1146, 0x1146, 0x1146, 0x1146, 0x1146, 0x1146, 0x1146, 0x1146, 0x1146, 0x1146, 0x1146, 0x1146, 0x1146,
  0x1146, 0x1146, 0x1146, 0x1146, 0x1146, 0x1146, 0x1146, 0x1146, 0x1146, 0x1146, 0x1146, 0x08E5, 0x45D0, 0x2288, 0x0823, 0x10C4,
  0x10A4, 0x10C4, 0x0022, 0xAD76, 0xFFFF, 0xBDF8, 0x0042, 0x0883, 0x1084, 0x0042, 0xAD76, 0xFFFF, 0xB596, 0x0043, 0x1905, 0xF7BE,
  0xFFFF, 0xFFFF, 0xFFFF, 0xC618, 0x0863, 0x2126, 0xEF7D, 0xFFFF, 0xFFFF, 0xFFFF, 0xFFFF, 0xFFFF, 0xF79E, 0x2967, 0x0002, 0xB5D7,
  0xFFFF, 0xBE18, 0x0002, 0x10A4, 0x0863, 0x0863, 0x0863, 0x0863, 0x0863, 0x0884, 0x0883, 0x10A4, 0x0043, 0xBDF8, 0xFFFF, 0xFFFF,
  0xFFFF, 0xF7BE, 0x1905, 0x0043, 0xBDF8, 0xFFFF, 0xAD96, 0x0863, 0x10A4, 0x0863, 0x0863, 0x0863, 0x0863, 0x0883, 0x0022, 0x3187,
  0xF79E, 0xFFFF, 0x5B0D, 0x0000, 0x738F, 0xFFFF, 0xFFFF, 0xFFFF, 0xFFFF, 0x632D, 0x0022, 0x10A4, 0x0022, 0x31A8, 0xFFFF, 0xFFFF,
  0x5AEC, 0x0022, 0x10C4, 0x10A4, 0x10C4, 0x0024, 0x9485, 0x6386, 0x00C6, 0x1146, 0x1146, 0x1146, 0x1146, 0x1146, 0x1146, 0x1146,
  0x1146, 0x1146, 0x1146, 0x1146, 0x1146, 0x1146, 0x1146, 0x1146, 0x1146, 0x1146, 0x1146, 0x1146, 0x1146, 0x1146, 0x1146, 0x1146,
  0x1146, 0x1146, 0x1146, 0x1146, 0x1146, 0x1146, 0x1146, 0x1146, 0x1146, 0x1146, 0x1146, 0x1146, 0x1146, 0x1146, 0x1146, 0x1146,
  0x1146, 0x1146, 0x1146, 0x1146, 0x1146, 0x1146, 0x1146, 0x1146, 0x1146, 0x1146, 0x1146, 0x1146, 0x1146, 0x1146, 0x1146, 0x1146,
  0x1146, 0x1146, 0x1146, 0x1146, 0x1146, 0x1146, 0x1146, 0x1146, 0x1146, 0x1146, 0x1146, 0x1146, 0x1146, 0x1146, 0x1146, 0x1146,
  0x1146, 0x1146, 0x1146, 0x1146, 0x1146, 0x1126, 0x1146, 0x1146, 0x1146, 0x1146, 0x1146, 0x1126, 0x1146, 0x1146, 0x1146, 0x1146,
  0x1146, 0x1146, 0x1146, 0x1146, 0x1146, 0x1146, 0x1146, 0x1146, 0x1146, 0x1146, 0x1146, 0x1146, 0x1146, 0x1146, 0x1146, 0x1146,
  0x1146, 0x1146, 0x1146, 0x1146, 0x1146, 0x1146, 0x1146, 0x1146, 0x1146, 0x1146, 0x1146, 0x1166, 0x1146, 0x1166, 0x1166, 0x1166,
  0x1166, 0x1166, 0x1166, 0x1166, 0x1166, 0x1166, 0x1166, 0x1166, 0x1966, 0x1166, 0x1166, 0x1166, 0x1166, 0x1166, 0x1166, 0x1166,
  0x1166, 0x1166, 0x1166, 0x1166, 0x1166, 0x1166, 0x1186, 0x1166, 0x1166, 0x1166, 0x1166, 0x1166, 0x1166, 0x1166, 0x1166, 0x1167,
  0x1166, 0x1167, 0x1167, 0x1167, 0x1166, 0x1167, 0x1167, 0x1167, 0x1167, 0x1167, 0x1167, 0x1166, 0x1166, 0x1167, 0x1167, 0x1167,
  0x1166, 0x1167, 0x1167, 0x1166, 0x1167, 0x1167, 0x1167, 0x1167, 0x1167, 0x1167, 0x1167, 0x1167, 0x1166, 0x1167, 0x1167, 0x1167,
  0x1166, 0x1167, 0x1166, 0x1166, 0x1166, 0x1166, 0x1166, 0x1166, 0x1166, 0x1166, 0x1166, 0x1166, 0x1166, 0x1166, 0x1166, 0x1166,
  0x1146, 0x1146, 0x1146, 0x1146, 0x1146, 0x1146, 0x1146, 0x1146, 0x1146, 0x1146, 0x1146, 0x1146, 0x1146, 0x1146, 0x1146, 0x1146,
  0x1146, 0x1146, 0x1146, 0x1146, 0x1146, 0x1146, 0x1146, 0x1146, 0x1146, 0x1146, 0x1146, 0x08C5, 0x45D0, 0x2288, 0x0823, 0x10A4,
  0x10A4, 0x10C4, 0x0022, 0xAD76, 0xFFFF, 0xEF5D, 0xB5D7, 0xBDD7, 0xBDD7, 0xB5B7, 0xE71C, 0xFFFF, 0xB5B7, 0x0863, 0x2146, 0xF79E,
  0xFFFF, 0xA515, 0x630D, 0x528B, 0x1084, 0x2126, 0xEF7D, 0xFFFF, 0xFFFF, 0xFFFF, 0xFFFF, 0xFFFF, 0xEF7D, 0x2987, 0x0863, 0x4A8B,
  0x632E, 0x8431, 0xBDD7, 0xBDD7, 0xBDF8, 0xBDF8, 0xBDD7, 0xBDD7, 0xB5D7, 0xBDD7, 0xAD56, 0x2946, 0x0884, 0x4A8B, 0x6B6E, 0x634E,
  0x632D, 0x738F, 0xBDD7, 0xB5D7, 0x8431, 0x632D, 0x4A4A, 0x0863, 0x2126, 0xB5B7, 0xBDF8, 0xBDF8, 0xBDF8, 0xBDF8, 0xB5B7, 0xC638,
  0xFFDF, 0xFFFF, 0xD69A, 0xB596, 0xD6BA, 0xFFFF, 0xF79E, 0x73D0, 0x5B0D, 0xB5B7, 0xBDD7, 0xBDD7, 0xBDD7, 0xB5B7, 0x6B6E, 0x634E,
  0x2967, 0x0883, 0x10A4, 0x10A4, 0x10C4, 0x0024, 0x9485, 0x6386, 0x00C6, 0x1146, 0x1146, 0x1146, 0x1146, 0x1146, 0x1146, 0x1146,
  0x1126, 0x1146, 0x1146, 0x1146, 0x1146, 0x1146, 0x1146, 0x1146, 0x1126, 0x1146, 0x1146, 0x1126, 0x1146, 0x1146, 0x1146, 0x1146,
  0x1146, 0x1126, 0x1146, 0x1146, 0x1146, 0x1146, 0x1146, 0x1146, 0x1146, 0x1126, 0x1126, 0x1126, 0x1146, 0x1126, 0x1146, 0x1146,
  0x1146, 0x1146, 0x1146, 0x1146, 0x1146, 0x1146, 0x1126, 0x1146, 0x1146, 0x1146, 0x1146, 0x1126, 0x1146, 0x1146, 0x1146, 0x1146,
  0x1126, 0x1126, 0x1146, 0x1146, 0x1146, 0x1126, 0x1146, 0x1146, 0x1126, 0x1146, 0x1146, 0x1146, 0x1146, 0x1126, 0x1146, 0x1146,
  0x1146, 0x1146, 0x1146, 0x1146, 0x1146, 0x1126, 0x1146, 0x1146, 0x1126, 0x1126, 0x1146, 0x1146, 0x1146, 0x1146, 0x1146, 0x1146,
  0x1146, 0x1126, 0x1146, 0x1146, 0x1146, 0x1126, 0x1126, 0x1146, 0x1146, 0x1146, 0x1146, 0x1146, 0x1146, 0x1146, 0x1146, 0x1146,
  0x1146, 0x1146, 0x1146, 0x1146, 0x1146, 0x1146, 0x1146, 0x1146, 0x1166, 0x1146, 0x1146, 0x1146, 0x1146, 0x1146, 0x1166, 0x1166,
  0x1166, 0x1166, 0x1166, 0x1166, 0x1166, 0x1166, 0x1166, 0x1166, 0x1166, 0x1166, 0x1166, 0x1166, 0x1166, 0x1166, 0x1166, 0x1166,
  0x1166, 0x1166, 0x1166, 0x1166, 0x1166, 0x1166, 0x1166, 0x1166, 0x1166, 0x1166, 0x1166, 0x1166, 0x1166, 0x1166, 0x1166, 0x1166,
  0x1166, 0x1166, 0x1166, 0x1166, 0x1166, 0x1166, 0x1167, 0x1167, 0x1166, 0x1167, 0x1167, 0x1166, 0x1166, 0x1166, 0x1167, 0x1167,
  0x1167, 0x1166, 0x1167, 0x1167, 0x1167, 0x1167, 0x1167, 0x1166, 0x1166, 0x1167, 0x1167, 0x1166, 0x1166, 0x1166, 0x1167, 0x1166,
  0x1166, 0x1166, 0x1166, 0x1166, 0x1166, 0x1166, 0x1166, 0x1166, 0x1166, 0x1166, 0x1166, 0x1166, 0x1166, 0x1166, 0x1166, 0x1166,
  0x1166, 0x1166, 0x1146, 0x1146, 0x1146, 0x1146, 0x1146, 0x1146, 0x1146, 0x1146, 0x1146, 0x1146, 0x1146, 0x1146, 0x1146, 0x1146,
  0x1146, 0x1146, 0x1146, 0x1146, 0x1146, 0x1146, 0x1146, 0x1146, 0x1146, 0x1146, 0x1146, 0x08C5, 0x45CF, 0x2288, 0x0823, 0x10A4,
  0x10A4, 0x10C4, 0x0022, 0xAD96, 0xFFFF, 0xFFFF, 0xFFFF, 0xFFFF, 0xFFFF, 0xFFFF, 0xFFFF, 0xFFFF, 0xBDD7, 0x0001, 0x10A4, 0xF79E,
  0xFFFF, 0x5B0D, 0x0000, 0x0002, 0x0002, 0x10A4, 0xEF5D, 0xFFFF, 0xFFFF, 0xFFFF, 0xFFFF, 0xFFFF, 0xFFFF, 0x2987, 0x0883, 0x0022,
  0x0000, 0x52AB, 0xFFFF, 0xFFFF, 0xFFFF, 0xFFFF, 0xFFFF, 0xFFFF, 0xFFFF, 0xFFFF, 0xFFFF, 0x2106, 0x0001, 0x0001, 0x0000, 0x0001,
  0x0000, 0x10A4, 0xFFFF, 0xFFFF, 0x632D, 0x0000, 0x0883, 0x0883, 0x2967, 0xFFFF, 0xFFFF, 0xFFFF, 0xFFFF, 0xFFFF, 0xFFFF, 0xFFFF,
  0xFFFF, 0xFFFF, 0xFFFF, 0xFFFF, 0xFFFF, 0xFFFF, 0xE73D, 0x10A4, 0x0000, 0xCE9A, 0xFFFF, 0xFFFF, 0xFFFF, 0xEF7D, 0x10C4, 0x0002,
  0x0884, 0x10A4, 0x10A4, 0x10A4, 0x10C4, 0x0024, 0x9485, 0x6386, 0x00C6, 0x1146, 0x1146, 0x1146, 0x1146, 0x1146, 0x1146, 0x1146,
  0x1126, 0x1146, 0x1146, 0x1126, 0x1126, 0x1146, 0x1146, 0x1126, 0x1146, 0x1126, 0x1126, 0x1146, 0x1146, 0x1146, 0x1126, 0x1146,
  0x1126, 0x1146, 0x1126, 0x1146, 0x1126, 0x1126, 0x1146, 0x1146, 0x1146, 0x1146, 0x1126, 0x1126, 0x1146, 0x1126, 0x1146, 0x1146,
  0x1146, 0x1126, 0x1146, 0x1126, 0x1126, 0x1146, 0x1126, 0x1146, 0x1146, 0x1146, 0x1126, 0x1126, 0x1126, 0x1146, 0x1126, 0x1146,
  0x1146, 0x1126, 0x1126, 0x1146, 0x1126, 0x1146, 0x1146, 0x1146, 0x1126, 0x1146, 0x1146, 0x1146, 0x1126, 0x1126, 0x1126, 0x1146,
  0x1146, 0x1146, 0x1146, 0x1126, 0x1146, 0x1126, 0x1146, 0x1126, 0x1126, 0x1126, 0x1146, 0x1146, 0x1126, 0x1146, 0x1126, 0x1126,
  0x1146, 0x1126, 0x1146, 0x1126, 0x1126, 0x1126, 0x1126, 0x1146, 0x1146, 0x1146, 0x1146, 0x1146, 0x1146, 0x1146, 0x1146, 0x1146,
  0x1146, 0x1146, 0x1146, 0x1146, 0x1146, 0x1146, 0x1146, 0x1146, 0x1146, 0x1146, 0x1146, 0x1146, 0x1146, 0x1146, 0x1146, 0x1166,
  0x1146, 0x1166, 0x1166, 0x1166, 0x1166, 0x1166, 0x1166, 0x1166, 0x1166, 0x1166, 0x1166, 0x1166, 0x1166, 0x1166, 0x1166, 0x1166,
  0x1166, 0x1166, 0x1166, 0x1166, 0x1166, 0x1166, 0x1166, 0x1166, 0x1166, 0x1166, 0x1166, 0x1166, 0x1166, 0x1166, 0x1166, 0x1166,
  0x1166, 0x1166, 0x1166, 0x1166, 0x1166, 0x1166, 0x1166, 0x1166, 0x1166, 0x1167, 0x1167, 0x1166, 0x1166, 0x1167, 0x1166, 0x1167,
  0x1167, 0x1167, 0x1167, 0x1166, 0x1166, 0x1166, 0x1166, 0x1166, 0x1166, 0x1166, 0x1166, 0x1166, 0x1166, 0x1166, 0x1166, 0x1166,
  0x1166, 0x1166, 0x1166, 0x1166, 0x1166, 0x1166, 0x1166, 0x1166, 0x1166, 0x1166, 0x1166, 0x1166, 0x1166, 0x1146, 0x1166, 0x1146,
  0x1146, 0x1166, 0x1146, 0x1146, 0x1146, 0x1146, 0x1146, 0x1146, 0x1146, 0x1146, 0x1146, 0x1146, 0x1146, 0x1146, 0x1146, 0x1146,
  0x1146, 0x1146, 0x1146, 0x1126, 0x1146, 0x1146, 0x1146, 0x1146, 0x1126, 0x1146, 0x1146, 0x08E5, 0x45CF, 0x2288, 0x0823, 0x10A4,
  0x10A4, 0x10C4, 0x0022, 0xAD76, 0xFFFF, 0xE73C, 0xAD76, 0xAD96, 0xAD96, 0xAD96, 0xAD96, 0xAD76, 0xA514, 0x6B6E, 0x73D0, 0xF7BF,
  0xFFFF, 0xAD56, 0x634E, 0x73AF, 0x6B6E, 0x7BD0, 0xF7BE, 0xFFFF, 0xFFFF, 0xFFFF, 0xE73C, 0xAD76, 0xAD55, 0x2146, 0x0863, 0x52CC,
  0x6B6E, 0xA515, 0xFFFF, 0xFFDF, 0xFFDF, 0xFFFF, 0xCE59, 0xAD55, 0xB596, 0xAD76, 0xAD76, 0x7BD0, 0x6B6E, 0x738F, 0x738F, 0x738F,
  0x6B8F, 0x7BD0, 0xB596, 0xB596, 0x4A6B, 0x0883, 0x18E5, 0x0883, 0x2967, 0xF79E, 0xFFFF, 0xFFDF, 0xFFFF, 0xDEFC, 0xAD55, 0xB596,
  0xB596, 0xB596, 0xB596, 0xAD55, 0xCE7A, 0xFFFF, 0xEF7E, 0x7C11, 0x634E, 0xDF1C, 0xFFFF, 0xFFDF, 0xFFFF, 0xE71C, 0x2146, 0x10A4,
  0x10A4, 0x10A4, 0x10A4, 0x10A4, 0x10C4, 0x0024, 0x9485, 0x6386, 0x00C6, 0x1146, 0x1146, 0x1146, 0x1126, 0x1126, 0x1126, 0x1126,
  0x1126, 0x1126, 0x1126, 0x1126, 0x1126, 0x1126, 0x1146, 0x1126, 0x1126, 0x1126, 0x1126, 0x1146, 0x1146, 0x1126, 0x1126, 0x1126,
  0x1126, 0x1126, 0x1126, 0x1146, 0x1126, 0x1126, 0x1126, 0x1146, 0x1126, 0x1146, 0x1126, 0x1126, 0x1126, 0x1126, 0x1146, 0x1126,
  0x1126, 0x1126, 0x1126, 0x1126, 0x1146, 0x1126, 0x1126, 0x1146, 0x1146, 0x1146, 0x1126, 0x1126, 0x1126, 0x1126, 0x1126, 0x1126,
  0x1126, 0x1126, 0x1126, 0x1126, 0x1146, 0x1126, 0x1146, 0x1126, 0x1146, 0x1126, 0x1126, 0x1126, 0x1126, 0x1146, 0x1126, 0x1126,
  0x1126, 0x1146, 0x1126, 0x1126, 0x1146, 0x1126, 0x1126, 0x1126, 0x1126, 0x1146, 0x1146, 0x1126, 0x1126, 0x1146, 0x1126, 0x1126,
  0x1126, 0x1146, 0x1126, 0x1126, 0x1126, 0x1126, 0x1126, 0x1146, 0x1146, 0x1126, 0x1146, 0x1126, 0x1146, 0x1146, 0x1146, 0x1146,
  0x1146, 0x1146, 0x1146, 0x1146, 0x1146, 0x1146, 0x1146, 0x1146, 0x1146, 0x1146, 0x1146, 0x1146, 0x1146, 0x1146, 0x1146, 0x1146,
  0x1146, 0x1166, 0x1166, 0x1166, 0x1146, 0x1166, 0x1166, 0x1166, 0x1166, 0x1166, 0x1166, 0x1166, 0x1166, 0x1166, 0x1166, 0x1166,
  0x1166, 0x1166, 0x1166, 0x1166, 0x1166, 0x1166, 0x1166, 0x1166, 0x1166, 0x1166, 0x1166, 0x1166, 0x1166, 0x1166, 0x1166, 0x1166,
  0x1166, 0x1166, 0x1166, 0x1166, 0x1166, 0x1166, 0x1166, 0x1167, 0x1166, 0x1166, 0x1166, 0x1166, 0x1166, 0x1166, 0x1166, 0x1166,
  0x1166, 0x1166, 0x1166, 0x1166, 0x1166, 0x1166, 0x1166, 0x1166, 0x1166, 0x1166, 0x1166, 0x1166, 0x1166, 0x1166, 0x1166, 0x1166,
  0x1166, 0x1166, 0x1166, 0x1166, 0x1166, 0x1166, 0x1166, 0x1166, 0x1166, 0x1146, 0x1166, 0x1146, 0x1146, 0x1166, 0x1146, 0x1146,
  0x1146, 0x1146, 0x1146, 0x1146, 0x1146, 0x1146, 0x1146, 0x1146, 0x1146, 0x1146, 0x1146, 0x1146, 0x1146, 0x1146, 0x1146, 0x1146,
  0x1146, 0x1146, 0x1146, 0x1146, 0x1146, 0x1146, 0x1146, 0x1146, 0x1126, 0x1126, 0x1146, 0x08C5, 0x45CF, 0x2288, 0x0843, 0x10A4,
  0x10A4, 0x10C4, 0x0022, 0xAD76, 0xFFFF, 0xBDD7, 0x0022, 0x0863, 0x0843, 0x0043, 0x0883, 0x0002, 0x6B4E, 0xFFFF, 0xFFFF, 0xFFFF,
  0xFFFF, 0xFFFF, 0xFFFF, 0xFFFF, 0xFFFF, 0xFFFF, 0xFFFF, 0xFFFF, 0xFFFF, 0xFFFF, 0xB597, 0x0002, 0x0883, 0x1084, 0x0022, 0xBDD7,
  0xFFFF, 0xFFFF, 0xFFFF, 0xFFFF, 0xFFFF, 0xFFFF, 0x5AED, 0x0001, 0x0883, 0x0022, 0x2126, 0xFFDF, 0xFFFF, 0xFFFF, 0xFFFF, 0xFFFF,
  0xFFFF, 0xF7BE, 0x10C5, 0x0042, 0x0883, 0x0884, 0x1084, 0x0883, 0x2967, 0xF7BE, 0xFFFF, 0xFFDF, 0xFFFF, 0xA535, 0x0001, 0x0884,
  0x0863, 0x0863, 0x0884, 0x0001, 0x6B6F, 0xFFFF, 0xFFFF, 0xFFFF, 0xFFFF, 0xFFFF, 0xFFFF, 0xFFFF, 0xFFFF, 0xE73C, 0x2126, 0x0883,
  0x10A4, 0x10A4, 0x10A4, 0x10A4, 0x10C4, 0x0024, 0x9484, 0x6386, 0x00C6, 0x1146, 0x1126, 0x1146, 0x1126, 0x1126, 0x1126, 0x1126,
  0x1126, 0x1126, 0x1126, 0x1126, 0x1126, 0x1126, 0x1126, 0x1126, 0x1126, 0x1126, 0x1146, 0x1126, 0x1126, 0x1146, 0x1146, 0x1126,
  0x1126, 0x1146, 0x1146, 0x1126, 0x1146, 0x1146, 0x1126, 0x1146, 0x1146, 0x1146, 0x1146, 0x1146, 0x1126, 0x1126, 0x1146, 0x1126,
  0x1126, 0x1126, 0x1126, 0x1126, 0x1146, 0x1146, 0x1126, 0x1146, 0x1146, 0x1126, 0x1146, 0x1146, 0x1126, 0x1146, 0x1146, 0x1126,
  0x1126, 0x1146, 0x1146, 0x1126, 0x1146, 0x1146, 0x1146, 0x1146, 0x1146, 0x1126, 0x1126, 0x1126, 0x1126, 0x1126, 0x1126, 0x1126,
  0x1126, 0x1126, 0x1126, 0x1146, 0x1126, 0x1146, 0x1146, 0x1126, 0x1126, 0x1126, 0x1126, 0x1126, 0x1126, 0x1146, 0x1126, 0x1126,
  0x1126, 0x1126, 0x1126, 0x1126, 0x1126, 0x1126, 0x1126, 0x1126, 0x1126, 0x1126, 0x1126, 0x1126, 0x1126, 0x1146, 0x1146, 0x1146,
  0x1146, 0x0905, 0x1126, 0x1146, 0x1146, 0x1146, 0x1146, 0x1146, 0x1146, 0x1146, 0x1146, 0x1146, 0x1146, 0x1146, 0x1146, 0x1146,
  0x1146, 0x1146, 0x1166, 0x1166, 0x1146, 0x1166, 0x1166, 0x1166, 0x1166, 0x1166, 0x1166, 0x1166, 0x1166, 0x1166, 0x1166, 0x1166,
  0x1166, 0x1166, 0x1166, 0x1166, 0x1166, 0x1166, 0x1166, 0x1166, 0x1166, 0x1166, 0x1166, 0x1166, 0x1166, 0x1166, 0x1166, 0x1166,
  0x1166, 0x1166, 0x1166, 0x1166, 0x1166, 0x1166, 0x1166, 0x1166, 0x1166, 0x1166, 0x1166, 0x1166, 0x1166, 0x1166, 0x1166, 0x1166,
  0x1166, 0x1166, 0x1166, 0x1166, 0x1166, 0x1167, 0x1166, 0x1166, 0x1166, 0x1166, 0x1166, 0x1166, 0x1166, 0x1166, 0x1166, 0x1166,
  0x1166, 0x1166, 0x1166, 0x1166, 0x1166, 0x1166, 0x1166, 0x1166, 0x1166, 0x1166, 0x1146, 0x1146, 0x1166, 0x1146, 0x1146, 0x1146,
  0x1146, 0x1146, 0x1146, 0x1146, 0x1146, 0x1146, 0x1146, 0x1146, 0x1146, 0x1146, 0x1146, 0x1146, 0x1146, 0x1146, 0x1146, 0x1146,
  0x1146, 0x1146, 0x1146, 0x1146, 0x1146, 0x1146, 0x1146, 0x1146, 0x1146, 0x1126, 0x1146, 0x08C5, 0x45CF, 0x2288, 0x0823, 0x10A4,
  0x10A4, 0x10C4, 0x0022, 0xAD76, 0xFFFF, 0xBDF8, 0x0863, 0x10C4, 0x2126, 0x2146, 0x1905, 0x0022, 0x6B6E, 0xFFFF, 0xFFDF, 0xFFFF,
  0xFFFF, 0xFFDF, 0xFFDF, 0xFFDF, 0xFFFF, 0xFFFF, 0xFFFF, 0xFFFF, 0xFFFF, 0xFFFF, 0xB5B7, 0x0843, 0x18C5, 0x2126, 0x18E5, 0xB5B7,
  0xFFFF, 0xFFDF, 0xFFFF, 0xFFFF, 0xFFFF, 0xFFFF, 0x632D, 0x0042, 0x1905, 0x1906, 0x39E9, 0xEF7D, 0xFFFF, 0xFFDF, 0xFFDF, 0xFFDF,
  0xFFFF, 0xEF7D, 0x31A8, 0x2126, 0x2126, 0x2126, 0x1905, 0x0883, 0x2967, 0xF79E, 0xFFDF, 0xFFDF, 0xFFFF, 0xA555, 0x0042, 0x10C4,
  0x10A4, 0x10A4, 0x10C4, 0x0042, 0x738F, 0xFFDF, 0xF7BE, 0xFFDF, 0xFFDF, 0xFFFF, 0xFFFF, 0xFFDF, 0xFFDF, 0xDEFC, 0x2126, 0x0883,
  0x10A4, 0x10A4, 0x10A4, 0x10A4, 0x10C4, 0x0024, 0x9484, 0x6B85, 0x00C6, 0x1146, 0x1126, 0x1126, 0x1126, 0x1146, 0x1126, 0x1126,
  0x1126, 0x1126, 0x1126, 0x1126, 0x1126, 0x1126, 0x1126, 0x1126, 0x1146, 0x0905, 0x0905, 0x1126, 0x1126, 0x0925, 0x0905, 0x0926,
  0x1146, 0x0905, 0x0905, 0x1126, 0x0905, 0x08E5, 0x1126, 0x0925, 0x08E5, 0x00E5, 0x00E4, 0x00E5, 0x0905, 0x0926, 0x0905, 0x0926,
  0x1126, 0x1126, 0x1126, 0x1126, 0x00C4, 0x08E5, 0x0905, 0x00C4, 0x0926, 0x1146, 0x0926, 0x00C4, 0x0905, 0x0905, 0x00E5, 0x1126,
  0x1126, 0x08E5, 0x0905, 0x1146, 0x0905, 0x08E5, 0x00E5, 0x00E4, 0x00C4, 0x1146, 0x1126, 0x1126, 0x1146, 0x1126, 0x1126, 0x1126,
  0x1126, 0x1146, 0x0925, 0x00C4, 0x0905, 0x08E5, 0x00C4, 0x1126, 0x1126, 0x1126, 0x1126, 0x1126, 0x1126, 0x1126, 0x1126, 0x1126,
  0x1126, 0x1126, 0x1126, 0x1126, 0x1126, 0x1126, 0x1126, 0x1126, 0x1126, 0x1126, 0x1126, 0x1146, 0x1146, 0x1126, 0x0905, 0x0925,
  0x1146, 0x2A09, 0x1146, 0x1126, 0x1146, 0x1146, 0x1146, 0x1146, 0x1146, 0x1146, 0x1146, 0x1146, 0x1146, 0x1146, 0x1146, 0x1146,
  0x1146, 0x1146, 0x1146, 0x1146, 0x1166, 0x1166, 0x1166, 0x1166, 0x1166, 0x1166, 0x1166, 0x1166, 0x1166, 0x1146, 0x1166, 0x1166,
  0x1166, 0x1166, 0x1166, 0x1166, 0x1166, 0x1166, 0x1166, 0x1166, 0x1166, 0x1166, 0x1166, 0x1166, 0x1166, 0x1166, 0x1166, 0x1166,
  0x1166, 0x1166, 0x1166, 0x1166, 0x1166, 0x1166, 0x1166, 0x1166, 0x1166, 0x1166, 0x1166, 0x1166, 0x1166, 0x1166, 0x1166, 0x1166,
  0x1166, 0x1166, 0x1166, 0x1166, 0x1166, 0x1166, 0x1166, 0x1166, 0x1166, 0x1166, 0x1166, 0x1166, 0x1166, 0x1166, 0x1166, 0x1166,
  0x1166, 0x1166, 0x1166, 0x1166, 0x1166, 0x1166, 0x1166, 0x1146, 0x1166, 0x1146, 0x1146, 0x1146, 0x1146, 0x1146, 0x1146, 0x1146,
  0x1146, 0x1146, 0x1146, 0x1146, 0x1146, 0x1146, 0x1146, 0x1146, 0x1146, 0x1146, 0x1146, 0x1146, 0x1146, 0x1146, 0x1146, 0x1146,
  0x1146, 0x1146, 0x1126, 0x1146, 0x1126, 0x1146, 0x1126, 0x1126, 0x1126, 0x1126, 0x1146, 0x08C5, 0x45CF, 0x2288, 0x0843, 0x10A4,
  0x10A4, 0x10C4, 0x0022, 0xAD76, 0xFFFF, 0xBDF8, 0x0843, 0x2126, 0xD6BB, 0xEF7E, 0x73AF, 0x0001, 0x6B8F, 0xFFFF, 0xFFFF, 0xFFDF,
  0xFFFF, 0x8431, 0x18C4, 0x73CF, 0xFFFF, 0xFFDF, 0xFFFF, 0xFFFF, 0xFFDF, 0xFFFF, 0xB5B7, 0x0022, 0x2987, 0xDEFB, 0xEF7D, 0xFFDF,
  0xFFFF, 0xFFFF, 0xFFFF, 0xFFFF, 0xFFDF, 0xFFFF, 0x632E, 0x0001, 0x6B6E, 0xEF7E, 0xEF7D, 0xFFDF, 0xFFFF, 0x7BD0, 0x18C3, 0x8C52,
  0xFFFF, 0xFFFF, 0xEF7D, 0xEF7D, 0xEF5D, 0xEF7E, 0xA535, 0x0863, 0x10C4, 0x2946, 0x2126, 0xBDD7, 0xFFFF, 0xA535, 0x0043, 0x10C5,
  0x10A4, 0x10A4, 0x10A4, 0x10A4, 0x1905, 0x2967, 0x2967, 0x2967, 0x2106, 0xCE7A, 0xFFFF, 0xAD76, 0x1905, 0x2967, 0x10A4, 0x10A4,
  0x10A4, 0x10A4, 0x10A4, 0x10A4, 0x10C4, 0x0024, 0x9484, 0x6B85, 0x00C6, 0x1146, 0x1126, 0x1126, 0x1126, 0x1126, 0x1126, 0x1126,
  0x1126, 0x1126, 0x1126, 0x1126, 0x1126, 0x1126, 0x1126, 0x1146, 0x0905, 0x6BCF, 0xADB6, 0x21C8, 0x00C4, 0x532D, 0xADB7, 0x2A09,
  0x00C4, 0x4ACC, 0xB5D7, 0x324A, 0x636E, 0xAD96, 0x1966, 0x530D, 0xADB7, 0xB5F8, 0xBE18, 0xC639, 0x52ED, 0x324A, 0xADB7, 0x3A6A,
  0x08E5, 0x1146, 0x1126, 0x1126, 0x7411, 0xCE7A, 0xD6DB, 0x7C51, 0x1146, 0x0905, 0x1146, 0x8492, 0xD6BB, 0xCE9A, 0x6BF0, 0x08E5,
  0x1146, 0xA576, 0x7431, 0x00C4, 0x94F4, 0xB5D7, 0xBE18, 0xAD96, 0x5B6E, 0x0905, 0x1126, 0x0926, 0x00C4, 0x0905, 0x1126, 0x1126,
  0x1146, 0x0905, 0x1967, 0x8492, 0xD6DB, 0xC679, 0x6BAF, 0x08E5, 0x1126, 0x1146, 0x1146, 0x1126, 0x1126, 0x1126, 0x1126, 0x1126,
  0x1146, 0x1146, 0x1126, 0x1146, 0x1146, 0x1126, 0x1146, 0x1146, 0x1146, 0x1126, 0x1146, 0x1146, 0x0905, 0x3209, 0xADB7, 0x42AB,
  0x2A09, 0xFFFF, 0x63AF, 0x00C4, 0x1966, 0x1146, 0x1146, 0x1146, 0x1146, 0x1146, 0x1146, 0x1146, 0x1146, 0x1146, 0x1166, 0x1146,
  0x1146, 0x1146, 0x1146, 0x1146, 0x1146, 0x1166, 0x1146, 0x1146, 0x1166, 0x1146, 0x1146, 0x1166, 0x1146, 0x1146, 0x1166, 0x1166,
  0x1166, 0x1166, 0x1166, 0x1166, 0x1166, 0x1166, 0x1166, 0x1166, 0x1166, 0x1166, 0x1166, 0x1166, 0x1166, 0x1166, 0x1166, 0x1166,
  0x1166, 0x1166, 0x1166, 0x1166, 0x1166, 0x1166, 0x1166, 0x1166, 0x1166, 0x1166, 0x1166, 0x1166, 0x1167, 0x1166, 0x1166, 0x1166,
  0x1166, 0x1166, 0x1166, 0x1166, 0x1166, 0x1166, 0x1166, 0x1166, 0x1166, 0x1166, 0x1166, 0x1166, 0x1166, 0x1166, 0x1166, 0x1166,
  0x1166, 0x1166, 0x1166, 0x1166, 0x1166, 0x1166, 0x1166, 0x1146, 0x1146, 0x1146, 0x1166, 0x1146, 0x1146, 0x1146, 0x1146, 0x1146,
  0x1146, 0x1146, 0x1146, 0x1146, 0x1146, 0x1146, 0x1146, 0x1146, 0x1146, 0x1146, 0x1146, 0x1146, 0x1146, 0x1146, 0x1146, 0x1126,
  0x1146, 0x1146, 0x1126, 0x1146, 0x1126, 0x1126, 0x1126, 0x1126, 0x1146, 0x1126, 0x1146, 0x08C5, 0x4DAF, 0x2A88, 0x0843, 0x10A4,
  0x10A4, 0x10C4, 0x0022, 0xAD76, 0xFFFF, 0xBDF8, 0x0043, 0x2126, 0xE75D, 0xFFFF, 0x73D0, 0x0000, 0x6B4E, 0xFFFF, 0xFFFF, 0xFFFF,
  0xFFFF, 0x738F, 0x0000, 0x632D, 0xFFFF, 0xFFFF, 0xFFFF, 0xFFFF, 0xFFFF, 0xFFFF, 0xBDD7, 0x0001, 0x2146, 0xEF7E, 0xFFFF, 0xFFFF,
  0xFFFF, 0xFFFF, 0xFFFF, 0xFFFF, 0xFFFF, 0xFFFF, 0x6B4E, 0x0001, 0x73AF, 0xFFFF, 0xFFFF, 0xFFDF, 0xFFFF, 0x632D, 0x0000, 0x73AF,
  0xFFFF, 0xFFFF, 0xFFFF, 0xFFFF, 0xFFFF, 0xFFFF, 0xB596, 0x0863, 0x10A4, 0x0883, 0x0043, 0xAD96, 0xFFFF, 0x9D14, 0x0001, 0x0863,
  0x0863, 0x0863, 0x0863, 0x0863, 0x0043, 0x0022, 0x0022, 0x0042, 0x0001, 0xCE79, 0xFFFF, 0xA535, 0x0001, 0x0843, 0x10A4, 0x10A4,
  0x10A4, 0x10A4, 0x10A4, 0x10A4, 0x10C4, 0x0024, 0x9484, 0x6B85, 0x00C6, 0x1146, 0x1126, 0x1126, 0x1126, 0x1126, 0x1126, 0x1126,
  0x1126, 0x1126, 0x1126, 0x1126, 0x1126, 0x1126, 0x1126, 0x1146, 0x00C4, 0x73F0, 0xFFFF, 0x532D, 0x0083, 0xB5D7, 0xFFFF, 0x73F0,
  0x0063, 0xA555, 0xFFFF, 0x21C8, 0x9D15, 0xFFFF, 0x1987, 0x7C52, 0xFFFF, 0xC659, 0xADB7, 0xB5F8, 0x42AC, 0x532D, 0xFFFF, 0x5B2D,
  0x00C4, 0x1167, 0x00C4, 0x7C31, 0xFFFF, 0xADB7, 0xADB7, 0xFFFF, 0x9D55, 0x0083, 0x9D35, 0xFFFF, 0xA576, 0xBE18, 0xFFFF, 0x7C31,
  0x0905, 0xFFFF, 0xBDF8, 0x0063, 0xEF7D, 0xF7DF, 0xB5D7, 0xD6BB, 0xFFFF, 0x8CD3, 0x00E5, 0x21A7, 0x7410, 0x2A09, 0x0905, 0x1146,
  0x0926, 0x1146, 0xC659, 0xFFFF, 0xB5D7, 0xC679, 0xFFFF, 0x94F4, 0x08E5, 0x1126, 0x0905, 0x1126, 0x1126, 0x0905, 0x0925, 0x1126,
  0x00E4, 0x08E5, 0x0905, 0x08E5, 0x0905, 0x1126, 0x0905, 0x08E5, 0x00E5, 0x1126, 0x0905, 0x0905, 0x00A4, 0x322A, 0xFFFF, 0x73F0,
  0x0905, 0x6BD0, 0x2A09, 0x0905, 0x08E5, 0x0905, 0x0925, 0x08E5, 0x0925, 0x1146, 0x0925, 0x08E5, 0x0905, 0x0925, 0x0905, 0x1146,
  0x1146, 0x1146, 0x1146, 0x1146, 0x1146, 0x1146, 0x1146, 0x1146, 0x1146, 0x1146, 0x1146, 0x1146, 0x1166, 0x1166, 0x1146, 0x1166,
  0x1166, 0x1146, 0x1146, 0x1166, 0x1166, 0x1166, 0x1166, 0x1166, 0x1146, 0x1166, 0x1166, 0x1166, 0x1166, 0x1166, 0x1166, 0x1166,
  0x1166, 0x1166, 0x1166, 0x1166, 0x1166, 0x1166, 0x1166, 0x1166, 0x1166, 0x1166, 0x1166, 0x1166, 0x1166, 0x1166, 0x1166, 0x1166,
  0x1166, 0x1166, 0x1166, 0x1166, 0x1166, 0x1166, 0x1166, 0x1166, 0x1166, 0x1166, 0x1166, 0x1166, 0x1166, 0x1146, 0x1166, 0x1166,
  0x1166, 0x1146, 0x1146, 0x1166, 0x1166, 0x1146, 0x1146, 0x1146, 0x1146, 0x1146, 0x1146, 0x1146, 0x1146, 0x1146, 0x1146, 0x1146,
  0x1146, 0x1146, 0x1146, 0x1146, 0x1146, 0x1146, 0x1146, 0x1146, 0x1146, 0x1146, 0x1146, 0x1146, 0x1146, 0x1146, 0x1146, 0x1146,
  0x1146, 0x1146, 0x1146, 0x1126, 0x1126, 0x1126, 0x1126, 0x1126, 0x1126, 0x1126, 0x1146, 0x08C5, 0x4DAF, 0x2A88, 0x0843, 0x10A4,
  0x10A4, 0x10C4, 0x0022, 0xAD76, 0xFFFF, 0xBDF8, 0x0043, 0x2126, 0xE71C, 0xFFDF, 0xCE59, 0x9CD3, 0xC639, 0xFFFF, 0xF7BE, 0x8452,
  0x73AF, 0x9CD4, 0x9D14, 0x9CF4, 0x7BD0, 0x7BD0, 0x7BF0, 0x7BF0, 0x7BF0, 0x73AF, 0x8C92, 0xA535, 0xAD76, 0xF7BE, 0xFFFF, 0xFFDF,
  0xFFFF, 0xDEDB, 0x73AF, 0x7BF0, 0x7BF0, 0x8411, 0x39C8, 0x0002, 0x6B6E, 0xFFDF, 0xFFDF, 0xFFFF, 0xFFFF, 0xC639, 0x9CD3, 0xCE7A,
  0xFFFF, 0xF7BE, 0x8431, 0x73AF, 0xD69A, 0xFFDF, 0xAD56, 0x0883, 0x18C5, 0x18C5, 0x10A4, 0xB5B7, 0xFFFF, 0xDEDB, 0x9CF4, 0xA535,
  0xA535, 0xA535, 0xA535, 0xA535, 0xA535, 0xA555, 0xA555, 0xA555, 0xA535, 0x94B3, 0x7BD0, 0x94B3, 0xA555, 0x94B3, 0x2106, 0x10A4,
  0x10A4, 0x10A4, 0x10A4, 0x10A4, 0x10C4, 0x0024, 0x9484, 0x6B85, 0x00C6, 0x1146, 0x1126, 0x1126, 0x1126, 0x1126, 0x1126, 0x1126,
  0x1126, 0x1126, 0x1126, 0x1126, 0x1126, 0x1126, 0x1126, 0x1146, 0x0905, 0x29E9, 0xFFFF, 0x8CD3, 0x08E5, 0xE73C, 0xFFFF, 0xAD96,
  0x0083, 0xDEFB, 0xD6BB, 0x0083, 0x9D15, 0xFFDF, 0x1967, 0x7C31, 0xFFFF, 0x1987, 0x0001, 0x0042, 0x0083, 0x5B6E, 0xFFFF, 0x530D,
  0x00C4, 0x1146, 0x00C4, 0xBE18, 0xF7BE, 0x0905, 0x0022, 0x5B4E, 0x6BD0, 0x0926, 0xE73C, 0xD6DB, 0x0083, 0x0063, 0x6BAF, 0x5B6E,
  0x0926, 0xF7BE, 0xADB7, 0x0063, 0xEF7D, 0xB5F7, 0x0042, 0x00E4, 0xA555, 0xFFFF, 0x21C8, 0x3A4A, 0xFFFF, 0x6BD0, 0x00C4, 0x1166,
  0x00C4, 0x638F, 0xFFFF, 0x6BAF, 0x0043, 0x0083, 0x8492, 0xAD96, 0x00A4, 0x8472, 0xCE7A, 0x0905, 0x1967, 0xD6BB, 0x6BD0, 0x00A3,
  0x6BAF, 0xD6DB, 0xE75D, 0xAD97, 0x21C8, 0x0925, 0xC639, 0x9D14, 0xCE9A, 0x73F0, 0x21A7, 0xC659, 0xE73C, 0x8CD3, 0xFFFF, 0x63AF,
  0x29C8, 0xC679, 0x4AEC, 0x00C4, 0x7410, 0xDF1C, 0xE75D, 0x9D35, 0x1966, 0x21C8, 0xCE9A, 0x8CB3, 0xCE7A, 0xDF1C, 0x5B4D, 0x0905,
  0x1146, 0x1146, 0x1146, 0x1146, 0x1146, 0x1146, 0x1146, 0x1146, 0x1146, 0x1146, 0x1146, 0x1146, 0x1166, 0x1146, 0x1146, 0x1146,
  0x1146, 0x1146, 0x1166, 0x1146, 0x1146, 0x1166, 0x1146, 0x1166, 0x1146, 0x1146, 0x1146, 0x1166, 0x1166, 0x1166, 0x1166, 0x1146,
  0x1166, 0x1166, 0x1166, 0x1166, 0x1166, 0x1166, 0x1166, 0x1166, 0x1166, 0x1166, 0x1166, 0x1166, 0x1166, 0x1166, 0x1166, 0x1166,
  0x1166, 0x1166, 0x1166, 0x1166, 0x1166, 0x1166, 0x1166, 0x1166, 0x1166, 0x1166, 0x1166, 0x1166, 0x1146, 0x1166, 0x1166, 0x1166,
  0x1166, 0x1166, 0x1146, 0x1146, 0x1146, 0x1146, 0x1146, 0x1146, 0x1146, 0x1146, 0x1146, 0x1146, 0x1146, 0x1146, 0x1146, 0x1146,
  0x1146, 0x1146, 0x1146, 0x1146, 0x1146, 0x1146, 0x1146, 0x1146, 0x1146, 0x1146, 0x1146, 0x1146, 0x1146, 0x1146, 0x1146, 0x1126,
  0x1126, 0x1126, 0x1146, 0x1126, 0x1126, 0x1126, 0x1126, 0x1126, 0x1126, 0x1126, 0x1146, 0x08C5, 0x4DAF, 0x2A88, 0x0843, 0x10A4,
  0x10A4, 0x10C4, 0x0002, 0xB5B7, 0xFFFF, 0xC659, 0x0043, 0x2146, 0xF7BE, 0xFFFF, 0xFFFF, 0xFFFF, 0xFFFF, 0xFFFF, 0xFFFF, 0x2106,
  0x0001, 0xB5B7, 0xFFFF, 0xC639, 0x0002, 0x0022, 0x0001, 0x0000, 0x0022, 0x0000, 0x632D, 0xFFFF, 0xFFFF, 0xFFFF, 0xFFFF, 0xFFFF,
  0xFFFF, 0xC638, 0x0000, 0x0042, 0x0001, 0x0000, 0x0863, 0x0043, 0x73AF, 0xFFFF, 0xFFFF, 0xFFFF, 0xFFFF, 0xFFFF, 0xFFFF, 0xFFFF,
  0xFFFF, 0xEF5D, 0x10A4, 0x0001, 0xBDF8, 0xFFFF, 0xAD76, 0x0001, 0x0022, 0x0022, 0x0001, 0xB596, 0xFFFF, 0xFFFF, 0xFFFF, 0xFFFF,
  0xFFFF, 0xFFFF, 0xFFFF, 0xFFFF, 0xFFFF, 0xFFFF, 0xFFFF, 0xFFFF, 0xFFFF, 0x52CC, 0x0000, 0x738F, 0xFFFF, 0xEF5D, 0x10C4, 0x0002,
  0x0884, 0x10A4, 0x10A4, 0x10A4, 0x10C4, 0x0024, 0x9C84, 0x6B85, 0x00C6, 0x1146, 0x1126, 0x1126, 0x1126, 0x1126, 0x1126, 0x1126,
  0x1126, 0x1126, 0x1126, 0x1126, 0x1126, 0x1126, 0x1126, 0x1126, 0x1126, 0x0905, 0xDEFC, 0xBE38, 0x428B, 0xF7BE, 0xB5D7, 0xDEFB,
  0x3229, 0xFFDF, 0x94F4, 0x0042, 0x9D35, 0xFFFF, 0x1967, 0x7C31, 0xFFFF, 0xBE18, 0xADB6, 0xAD96, 0x1987, 0x5B2D, 0xFFFF, 0x530D,
  0x00C4, 0x1166, 0x00C4, 0x73F0, 0xFFFF, 0xEF7D, 0xAD96, 0x42AC, 0x00C4, 0x00E5, 0x8C93, 0xFFFF, 0xE73C, 0x9D35, 0x3A6A, 0x00A4,
  0x1967, 0xF7DF, 0xB5B7, 0x0063, 0xEF7D, 0xBE18, 0x00C4, 0x00E5, 0x4ACC, 0xFFFF, 0x5B2D, 0x08E5, 0x428B, 0x1987, 0x0925, 0x1146,
  0x00A4, 0x9D35, 0xF7BE, 0x21A7, 0x1146, 0x4AEC, 0x42AB, 0x428B, 0x08C4, 0xA576, 0xFFFF, 0x0905, 0x1987, 0xFFFF, 0x8C93, 0x00C4,
  0xC639, 0x9D14, 0x4AEC, 0xFFFF, 0x9514, 0x00C4, 0xF7BE, 0xF7DF, 0x9D55, 0x3A6A, 0xC659, 0xFFFF, 0x7410, 0xBE18, 0xFFFF, 0x636E,
  0x322A, 0xFFFF, 0x638F, 0x1987, 0xC659, 0x7C31, 0x636E, 0xFFFF, 0x73F0, 0x21A7, 0xFFFF, 0xE73C, 0x8451, 0xEF7D, 0xEF7E, 0x1966,
  0x1126, 0x1146, 0x1146, 0x1146, 0x1146, 0x1146, 0x1146, 0x1146, 0x1146, 0x1146, 0x1146, 0x1146, 0x1146, 0x1146, 0x1146, 0x1146,
  0x1146, 0x1146, 0x1146, 0x1146, 0x1166, 0x1146, 0x1146, 0x1146, 0x1146, 0x1146, 0x1146, 0x1146, 0x1146, 0x1166, 0x1166, 0x1166,
  0x1146, 0x1146, 0x1146, 0x1146, 0x1166, 0x1166, 0x1166, 0x1166, 0x1166, 0x1166, 0x1166, 0x1166, 0x1166, 0x1166, 0x1166, 0x1166,
  0x1166, 0x1166, 0x1166, 0x1166, 0x1166, 0x1166, 0x1166, 0x1166, 0x1146, 0x1166, 0x1146, 0x1166, 0x1146, 0x1166, 0x1166, 0x1146,
  0x1146, 0x1146, 0x1146, 0x1146, 0x1146, 0x1146, 0x1146, 0x1146, 0x1146, 0x1146, 0x1146, 0x1146, 0x1146, 0x1146, 0x1146, 0x1146,
  0x1146, 0x1146, 0x1146, 0x1146, 0x1146, 0x1146, 0x1146, 0x1146, 0x1126, 0x1146, 0x1126, 0x1126, 0x1126, 0x1126, 0x1126, 0x1126,
  0x1126, 0x1146, 0x1126, 0x1126, 0x1126, 0x1126, 0x1126, 0x1126, 0x1126, 0x1126, 0x1146, 0x08C5, 0x4DAE, 0x2A88, 0x0843, 0x10A4,
  0x10A4, 0x10C4, 0x0042, 0x8431, 0xBDF8, 0x8C93, 0x0863, 0x2106, 0xAD76, 0xBDF8, 0xBDF8, 0xBDD7, 0xBDF8, 0xBDF8, 0xB5B7, 0x2946,
  0x0883, 0x8411, 0xBDF8, 0x8C52, 0x10A4, 0x18E5, 0x5AEC, 0x632D, 0x31C8, 0x0042, 0x6B6E, 0xFFDF, 0xFFDF, 0xFFFF, 0xFFFF, 0xD6BA,
  0xBDD8, 0x9493, 0x0863, 0x2126, 0x5AED, 0x632D, 0x2987, 0x0022, 0x52CC, 0xBDF8, 0xC618, 0xFFDF, 0xFFFF, 0xD6BA, 0xAD96, 0xDEDB,
  0xFFFF, 0xEF7D, 0x2146, 0x1084, 0x8C72, 0xBDD7, 0x9D14, 0x5AEC, 0x630D, 0x630D, 0x5AED, 0xCE7A, 0xFFFF, 0xE73C, 0xB5B7, 0xBDD7,
  0xBDD7, 0xBDD8, 0xBDD8, 0xB5B7, 0xD6BB, 0xFFFF, 0xFFDF, 0xFFDF, 0xFFDF, 0x9CD4, 0x52AB, 0xA555, 0xFFDF, 0xE73D, 0x6B4E, 0x5AED,
  0x2967, 0x0883, 0x10A4, 0x10A4, 0x10C4, 0x0024, 0x9C84, 0x6B85, 0x00A6, 0x1146, 0x1126, 0x1126, 0x1126, 0x1126, 0x1126, 0x1126,
  0x1126, 0x1126, 0x1126, 0x1126, 0x1126, 0x1126, 0x1126, 0x1126, 0x1146, 0x00C4, 0x8CD3, 0xEF5D, 0x9D14, 0xD6BB, 0x42AB, 0xF79E,
  0x8472, 0xFFFF, 0x4AEC, 0x0063, 0x9D35, 0xFFDF, 0x1967, 0x7C31, 0xFFFF, 0xCE9A, 0xC639, 0xBE39, 0x21A8, 0x5B2D, 0xFFFF, 0x530D,
  0x00C4, 0x1146, 0x1126, 0x00A4, 0x428B, 0xA555, 0xDF1C, 0xFFFF, 0x8CB3, 0x00E4, 0x00C4, 0x4AEC, 0xAD96, 0xE75D, 0xFFFF, 0x6BD0,
  0x0905, 0xFFDF, 0xB5B7, 0x0043, 0xEF7D, 0xBE18, 0x00C4, 0x08E5, 0x42CC, 0xFFFF, 0x5B6E, 0x00A4, 0x00A4, 0x08E5, 0x1126, 0x1146,
  0x00A4, 0xA555, 0xFFDF, 0x1987, 0x21A8, 0xD6BB, 0xF79E, 0xFFFF, 0x21A7, 0x9D14, 0xFFFF, 0x0905, 0x1987, 0xFFFF, 0x8492, 0x0083,
  0x4ACC, 0x8472, 0xA555, 0xFFDF, 0xA576, 0x00A4, 0xFFDF, 0xAD96, 0x0002, 0x1987, 0xFFFF, 0xA555, 0x0001, 0x428B, 0xFFFF, 0x636E,
  0x3229, 0xFFFF, 0x63AF, 0x00C4, 0x4AEC, 0x8492, 0xAD96, 0xFFFF, 0x8472, 0x1987, 0xFFFF, 0x8492, 0x0000, 0x94D3, 0xFFFF, 0x29C8,
  0x0925, 0x1146, 0x1146, 0x1146, 0x1146, 0x1146, 0x1146, 0x1146, 0x1146, 0x1146, 0x1146, 0x1146, 0x1146, 0x1146, 0x1146, 0x1146,
  0x1146, 0x1146, 0x1146, 0x1146, 0x1146, 0x1146, 0x1146, 0x1146, 0x1146, 0x1146, 0x1146, 0x1146, 0x1146, 0x1146, 0x1146, 0x1166,
  0x1146, 0x1166, 0x1146, 0x1146, 0x1146, 0x1146, 0x1146, 0x1146, 0x1146, 0x1146, 0x1166, 0x1166, 0x1166, 0x1166, 0x1166, 0x1166,
  0x1166, 0x1166, 0x1166, 0x1166, 0x1166, 0x1146, 0x1146, 0x1166, 0x1166, 0x1146, 0x1146, 0x1146, 0x1166, 0x1146, 0x1146, 0x1146,
  0x1146, 0x1146, 0x1146, 0x1146, 0x1146, 0x1146, 0x1146, 0x1146, 0x1146, 0x1146, 0x1146, 0x1146, 0x1146, 0x1146, 0x1146, 0x1146,
  0x1146, 0x1146, 0x1146, 0x1146, 0x1146, 0x1146, 0x1146, 0x1146, 0x1146, 0x1146, 0x1126, 0x1126, 0x1126, 0x1126, 0x1126, 0x1146,
  0x1126, 0x1126, 0x1126, 0x1126, 0x1126, 0x1126, 0x1126, 0x1126, 0x1126, 0x1126, 0x1146, 0x08C5, 0x4DAE, 0x2A88, 0x0843, 0x10A4,
  0x10A4, 0x10A4, 0x10A4, 0x0863, 0x0042, 0x0843, 0x0884, 0x0883, 0x0042, 0x0042, 0x0042, 0x0042, 0x0042, 0x0042, 0x0042, 0x0883,
  0x0884, 0x0863, 0x0042, 0x0863, 0x0884, 0x2126, 0xFFDF, 0xFFFF, 0x738F, 0x0000, 0x6B4E, 0xFFFF, 0xFFFF, 0xFFFF, 0xFFFF, 0x632E,
  0x0001, 0x0883, 0x0043, 0x31A8, 0xFFFF, 0xFFFF, 0x6B4E, 0x0022, 0x10A4, 0x0022, 0x2126, 0xEF7D, 0xFFFF, 0x632E, 0x0000, 0x73B0,
  0xFFFF, 0xEF5D, 0x1905, 0x0863, 0x0884, 0x0001, 0x73AF, 0xFFFF, 0xFFFF, 0xFFFF, 0xFFFF, 0xFFFF, 0xFFFF, 0xA535, 0x0001, 0x0863,
  0x0042, 0x0042, 0x0863, 0x0001, 0x6B6E, 0xFFFF, 0xFFDF, 0xFFFF, 0xFFFF, 0xFFFF, 0xFFFF, 0xFFFF, 0xFFFF, 0xFFFF, 0xFFFF, 0xFFFF,
  0x5B0D, 0x0022, 0x10C4, 0x10A4, 0x10C4, 0x0024, 0x9C84, 0x6B85, 0x00A6, 0x1146, 0x1126, 0x1126, 0x1126, 0x1126, 0x1126, 0x1126,
  0x1126, 0x1126, 0x1126, 0x1126, 0x1126, 0x1126, 0x1126, 0x1126, 0x1146, 0x00C4, 0x4AEC, 0xFFFF, 0xF7BE, 0x9D15, 0x00C4, 0xDEFB,
  0xEF7E, 0xDF1C, 0x21A7, 0x00A4, 0x9D15, 0xFFDF, 0x1967, 0x7C31, 0xFFFF, 0x29E8, 0x0063, 0x00C4, 0x00C4, 0x5B6E, 0xFFFF, 0x530D,
  0x00C4, 0x1126, 0x1146, 0x94F4, 0x63AF, 0x0022, 0x0083, 0xC639, 0xEF7D, 0x1987, 0xA576, 0x530D, 0x0001, 0x08E5, 0xE73C, 0xCE9A,
  0x1126, 0xF7BE, 0xADB7, 0x0043, 0xEF7D, 0xB5F7, 0x0022, 0x00A4, 0x94D4, 0xFFFF, 0x29E8, 0x29E8, 0xDEDB, 0x532D, 0x00E5, 0x1146,
  0x00C4, 0x6BCF, 0xFFFF, 0x5B4E, 0x0083, 0x08E5, 0xA576, 0xFFFF, 0x0905, 0x9D35, 0xFFFF, 0x00E5, 0x1146, 0xFFFF, 0x7C31, 0x29E8,
  0xF7BE, 0xB5D7, 0x5B6E, 0xF7BE, 0xA576, 0x00A4, 0xFFDF, 0xA576, 0x0083, 0x21C8, 0xFFDF, 0xA576, 0x0001, 0x42CC, 0xFFFF, 0x636E,
  0x3229, 0xFFFF, 0x5B4E, 0x42AB, 0xFFFF, 0xA555, 0x6BCF, 0xFFDF, 0x8452, 0x1987, 0xFFFF, 0x8472, 0x0063, 0x94F4, 0xF7BE, 0x21C8,
  0x0925, 0x1146, 0x1146, 0x1146, 0x1146, 0x1146, 0x1146, 0x1146, 0x1146, 0x1146, 0x1146, 0x1146, 0x1146, 0x1146, 0x1146, 0x1146,
  0x1146, 0x1146, 0x1146, 0x1146, 0x1146, 0x1146, 0x1146, 0x1146, 0x1146, 0x1146, 0x1146, 0x1146, 0x1146, 0x1146, 0x1146, 0x1146,
  0x1146, 0x1146, 0x1146, 0x1146, 0x1146, 0x1146, 0x1146, 0x1146, 0x1166, 0x1146, 0x1166, 0x1166, 0x1166, 0x1166, 0x1166, 0x1166,
  0x1166, 0x1146, 0x1146, 0x1146, 0x1146, 0x1146, 0x1146, 0x1146, 0x1146, 0x1146, 0x1166, 0x1146, 0x1146, 0x1146, 0x1146, 0x1146,
  0x1146, 0x1146, 0x1146, 0x1146, 0x1146, 0x1146, 0x1146, 0x1146, 0x1146, 0x1146, 0x1146, 0x1146, 0x1146, 0x1146, 0x1146, 0x1146,
  0x1146, 0x1146, 0x1146, 0x1146, 0x1126, 0x1126, 0x1126, 0x1126, 0x1126, 0x1126, 0x1126, 0x1126, 0x1126, 0x1126, 0x1126, 0x1126,
  0x1126, 0x1126, 0x1126, 0x1126, 0x1126, 0x1126, 0x1126, 0x1126, 0x1126, 0x1126, 0x1146, 0x08C5, 0x4DAE, 0x2A88, 0x0843, 0x10A4,
  0x10A4, 0x10A4, 0x10A4, 0x1905, 0x2146, 0x2146, 0x2126, 0x2126, 0x2146, 0x2146, 0x2146, 0x2146, 0x2146, 0x2146, 0x2146, 0x2126,
  0x2126, 0x2126, 0x2146, 0x1905, 0x0883, 0x2126, 0xE71C, 0xF7BE, 0x738F, 0x1083, 0x73AF, 0xFFDF, 0xF7BE, 0xFFFF, 0xFFFF, 0x7BD0,
  0x18E5, 0x2967, 0x1905, 0x4209, 0xE73C, 0xF7DF, 0x5AED, 0x0042, 0x10C5, 0x0883, 0x2987, 0xEF7D, 0xFFFF, 0x6B6E, 0x0001, 0x7BF0,
  0xFFFF, 0xEF5D, 0x3188, 0x2126, 0x1905, 0x0022, 0x73AF, 0xFFDF, 0xFFDF, 0xFFDF, 0xFFDF, 0xFFDF, 0xFFFF, 0xA555, 0x0043, 0x18E5,
  0x2126, 0x2146, 0x18E5, 0x0022, 0x738F, 0xFFFF, 0xFFDF, 0xFFDF, 0xF7BF, 0xF7BE, 0xF79E, 0xF7BE, 0xF7DF, 0xF7BE, 0xF79E, 0xF7DF,
  0x52CC, 0x0022, 0x10C4, 0x10A4, 0x10C4, 0x0024, 0x9C84, 0x6B85, 0x00A6, 0x1146, 0x1126, 0x1126, 0x1126, 0x1126, 0x1126, 0x1126,
  0x1126, 0x1126, 0x1126, 0x1126, 0x1126, 0x1126, 0x1126, 0x1126, 0x1126, 0x0905, 0x1967, 0xEF7D, 0xFFFF, 0x5B2D, 0x0063, 0x9D35,
  0xFFFF, 0xADB7, 0x00E5, 0x00C4, 0xA555, 0xFFFF, 0x1967, 0x8452, 0xFFFF, 0x3A6B, 0x0905, 0x1967, 0x00C4, 0x638E, 0xFFFF, 0x5B2D,
  0x00C4, 0x1146, 0x08E5, 0xB5D7, 0xFFFF, 0x9D14, 0x94D4, 0xFFDF, 0xBE18, 0x08E5, 0xDF1C, 0xFFFF, 0x94F4, 0x9D35, 0xFFFF, 0xA555,
  0x0905, 0xFFFF, 0xBDF8, 0x0063, 0xEF7E, 0xF7BE, 0x9D15, 0xC659, 0xFFFF, 0x9D15, 0x00A4, 0x3A4A, 0xDEDB, 0x532D, 0x00C4, 0x1146,
  0x0905, 0x1166, 0xCE9A, 0xFFFF, 0xA555, 0xAD96, 0xFFFF, 0x94F4, 0x0063, 0x7C51, 0xFFFF, 0xA576, 0xB5B7, 0xFFFF, 0x7C31, 0x428B,
  0xFFFF, 0x7411, 0x5B4E, 0xFFFF, 0xAD96, 0x00A4, 0xFFFF, 0xADB7, 0x0083, 0x0905, 0xC639, 0xFFFF, 0x8472, 0xC659, 0xFFFF, 0x638F,
  0x3229, 0xFFFF, 0x5B4E, 0x63AF, 0xFFFF, 0x5B2D, 0x6BF0, 0xFFFF, 0x8492, 0x1987, 0xFFFF, 0x8CB3, 0x0042, 0x9D35, 0xFFFF, 0x21C8,
  0x0925, 0x1146, 0x1146, 0x1146, 0x1146, 0x1146, 0x1146, 0x1146, 0x1146, 0x1146, 0x1146, 0x1146, 0x1146, 0x1146, 0x1146, 0x1146,
  0x1146, 0x1146, 0x1146, 0x1146, 0x1146, 0x1146, 0x1146, 0x1146, 0x1146, 0x1146, 0x1146, 0x1146, 0x1146, 0x1146, 0x1146, 0x1146,
  0x1146, 0x1146, 0x1146, 0x1146, 0x1146, 0x1146, 0x1146, 0x1146, 0x1146, 0x1146, 0x1146, 0x1146, 0x1146, 0x1146, 0x1146, 0x1146,
  0x1166, 0x1146, 0x1146, 0x1146, 0x1146, 0x1146, 0x1146, 0x1146, 0x1146, 0x1146, 0x1146, 0x1146, 0x1146, 0x1146, 0x1146, 0x1146,
  0x1146, 0x1146, 0x1146, 0x1146, 0x1146, 0x1146, 0x1146, 0x1146, 0x1146, 0x1146, 0x1146, 0x1146, 0x1146, 0x1146, 0x1146, 0x1146,
  0x1146, 0x1146, 0x1146, 0x1146, 0x1126, 0x1146, 0x1146, 0x1146, 0x1126, 0x1126, 0x1126, 0x1126, 0x1146, 0x1126, 0x1126, 0x1126,
  0x1126, 0x1126, 0x1126, 0x1126, 0x1126, 0x1126, 0x1126, 0x1126, 0x1126, 0x1126, 0x1126, 0x08C5, 0x55AE, 0x2A88, 0x0843, 0x10A4,
  0x10A4, 0x10C4, 0x0022, 0x9CF4, 0xE73C, 0xDEFC, 0xDF1C, 0xE71C, 0xE71C, 0xE71C, 0xE71C, 0xE71C, 0xE71C, 0xE71C, 0xE71C, 0xE71C,
  0xDF1C, 0xDF1C, 0xE73C, 0x9CD4, 0x0863, 0x10C5, 0x39C8, 0x31C8, 0xAD76, 0xE71C, 0xAD76, 0x2967, 0x4A8B, 0xEF5D, 0xFFFF, 0xEF5D,
  0xDEFC, 0xE71C, 0xE71C, 0xDEDB, 0x52AB, 0x39C8, 0x2126, 0x10A4, 0x10C5, 0x0863, 0x2967, 0xEF7D, 0xFFFF, 0x6B6E, 0x0021, 0x7BF0,
  0xFFFF, 0xFFDF, 0xDF1C, 0xE71C, 0x5AEC, 0x0001, 0x73AF, 0xFFFF, 0xFFDF, 0xFFFF, 0xFFFF, 0xFFDF, 0xFFFF, 0xAD55, 0x0002, 0x31A8,
  0xD6BA, 0xE71C, 0x5ACC, 0x0001, 0x73AF, 0xFFFF, 0xEF5D, 0x4A6B, 0x31A8, 0x39E9, 0x39E9, 0x39E9, 0x39E9, 0x39E9, 0x39E9, 0x3A09,
  0x1905, 0x1084, 0x10A4, 0x10A4, 0x10C4, 0x0024, 0x9C84, 0x6B85, 0x00A6, 0x1146, 0x1126, 0x1126, 0x1126, 0x1126, 0x1126, 0x1126,
  0x1126, 0x1126, 0x1126, 0x1126, 0x1126, 0x1126, 0x1126, 0x1126, 0x1126, 0x1126, 0x08E5, 0x8CD3, 0xC659, 0x21A8, 0x00C4, 0x4ACC,
  0xC659, 0x5B4E, 0x08E5, 0x08E5, 0x7C31, 0xC659, 0x1966, 0x636E, 0xC679, 0x3209, 0x08E5, 0x1146, 0x00E5, 0x4ACC, 0xC679, 0x42AB,
  0x00E4, 0x1146, 0x0905, 0x1967, 0x9D14, 0xDF1C, 0xE71C, 0xA576, 0x29E9, 0x08C4, 0x29E8, 0xAD96, 0xE71C, 0xDF1C, 0x94F4, 0x1987,
  0x1126, 0xC639, 0x8CB3, 0x00A3, 0xAD96, 0xCE7A, 0xD6DB, 0xC659, 0x6BAF, 0x0905, 0x1126, 0x0905, 0x0905, 0x0905, 0x1126, 0x1126,
  0x1126, 0x0905, 0x29C8, 0xA555, 0xDF1C, 0xDEFC, 0x8452, 0x1126, 0x0905, 0x1987, 0xA576, 0xDEFB, 0x8492, 0xC639, 0x6BCF, 0x08E5,
  0x9D35, 0xDF1C, 0xADB7, 0xB5F8, 0x8472, 0x00C4, 0xC659, 0x8472, 0x00C4, 0x0905, 0x3229, 0xBE18, 0xDEFC, 0x8492, 0xC659, 0x530D,
  0x29E8, 0xCE79, 0x52EC, 0x1146, 0xAD96, 0xDF1C, 0xA555, 0xBE18, 0x6BCF, 0x1967, 0xC679, 0x6BCF, 0x0083, 0x7410, 0xC659, 0x21A7,
  0x0925, 0x1146, 0x1126, 0x1126, 0x1146, 0x1146, 0x1146, 0x1146, 0x1146, 0x1146, 0x1146, 0x1146, 0x1146, 0x1146, 0x1146, 0x1146,
  0x1146, 0x1146, 0x1146, 0x1146, 0x1146, 0x1146, 0x1146, 0x1146, 0x1146, 0x1146, 0x1146, 0x1146, 0x1146, 0x1146, 0x1146, 0x1146,
  0x1146, 0x1146, 0x1146, 0x1146, 0x1146, 0x1146, 0x1146, 0x1146, 0x1146, 0x1146, 0x1146, 0x1146, 0x1146, 0x1146, 0x1146, 0x1146,
  0x1146, 0x1146, 0x1146, 0x1146, 0x1146, 0x1146, 0x1146, 0x1146, 0x1146, 0x1146, 0x1146, 0x1146, 0x1146, 0x1146, 0x1146, 0x1146,
  0x1146, 0x1146, 0x1146, 0x1146, 0x1146, 0x1146, 0x1146, 0x1146, 0x1146, 0x1146, 0x1146, 0x1146, 0x1146, 0x1146, 0x1146, 0x1146,
  0x1146, 0x1146, 0x1126, 0x1146, 0x1126, 0x1126, 0x1126, 0x1126, 0x1126, 0x1126, 0x1126, 0x1126, 0x1126, 0x1126, 0x1126, 0x1126,
  0x1126, 0x1126, 0x1126, 0x1126, 0x1126, 0x1126, 0x1126, 0x1126, 0x1126, 0x1126, 0x1126, 0x08C5, 0x55AE, 0x2A88, 0x0843, 0x10A4,
  0x10A4, 0x10C4, 0x0022, 0xB5B7, 0xFFFF, 0xFFFF, 0xFFFF, 0xFFFF, 0xFFFF, 0xFFFF, 0xFFFF, 0xFFFF, 0xFFFF, 0xFFFF, 0xFFFF, 0xFFFF,
  0xFFFF, 0xFFFF, 0xFFFF, 0xB596, 0x0863, 0x10A4, 0x0002, 0x0000, 0xB596, 0xFFFF, 0xB5B7, 0x0001, 0x2947, 0xFFDF, 0xFFFF, 0xFFFF,
  0xFFFF, 0xFFFF, 0xFFFF, 0xF7BE, 0x1905, 0x0000, 0x0022, 0x0042, 0x0863, 0x0883, 0x2967, 0xEF7D, 0xFFFF, 0x630D, 0x0000, 0x73AF,
  0xFFFF, 0xFFFF, 0xFFFF, 0xFFFF, 0x6B8F, 0x0000, 0x7BF0, 0xFFFF, 0xFFFF, 0xFFFF, 0xFFFF, 0xFFFF, 0xFFFF, 0xAD55, 0x0001, 0x39E9,
  0xFFFF, 0xFFFF, 0x6B4E, 0x0001, 0x73AF, 0xFFFF, 0xE73C, 0x2106, 0x0042, 0x0002, 0x0001, 0x0001, 0x0001, 0x0001, 0x0001, 0x0001,
  0x0863, 0x10A4, 0x10A4, 0x10A4, 0x10C4, 0x0024, 0x9C83, 0x6B85, 0x00A6, 0x1146, 0x1126, 0x1126, 0x1126, 0x1126, 0x1126, 0x1126,
  0x1126, 0x1126, 0x1126, 0x1126, 0x1126, 0x1126, 0x1126, 0x1126, 0x1126, 0x1126, 0x1126, 0x00E5, 0x00C4, 0x1125, 0x1126, 0x0905,
  0x00C4, 0x0905, 0x1126, 0x1126, 0x08E5, 0x00C4, 0x1126, 0x0905, 0x00C4, 0x0905, 0x1126, 0x1126, 0x1126, 0x0905, 0x00C4, 0x0905,
  0x1126, 0x1126, 0x1126, 0x0905, 0x00C4, 0x0905, 0x0905, 0x00C4, 0x0905, 0x1126, 0x0905, 0x00C4, 0x0905, 0x0905, 0x00C4, 0x0905,
  0x1126, 0x00C4, 0x08E5, 0x1126, 0x00E4, 0x00C4, 0x00A4, 0x00A4, 0x00C4, 0x1126, 0x1126, 0x1126, 0x1126, 0x1126, 0x1126, 0x1126,
  0x1126, 0x1126, 0x0905, 0x00C4, 0x0905, 0x08E5, 0x00C4, 0x1126, 0x1126, 0x0905, 0x00C4, 0x08E5, 0x00C4, 0x00C4, 0x0905, 0x1126,
  0x00C4, 0x1126, 0x00C4, 0x00C4, 0x08E5, 0x1126, 0x00C4, 0x08E5, 0x1126, 0x1126, 0x0905, 0x08E5, 0x08E5, 0x00C4, 0x00C4, 0x0905,
  0x1125, 0x00C4, 0x0905, 0x1105, 0x08E5, 0x1126, 0x00C4, 0x00C4, 0x0905, 0x1126, 0x00C4, 0x0905, 0x1146, 0x0905, 0x00C4, 0x1126,
  0x1126, 0x1126, 0x1126, 0x1146, 0x1146, 0x1146, 0x1146, 0x1126, 0x1146, 0x1146, 0x1146, 0x1146, 0x1146, 0x1146, 0x1146, 0x1146,
  0x1146, 0x1146, 0x1146, 0x1146, 0x1146, 0x1146, 0x1146, 0x1146, 0x1146, 0x1146, 0x1146, 0x1146, 0x1146, 0x1146, 0x1146, 0x1146,
  0x1146, 0x1146, 0x1146, 0x1146, 0x1146, 0x1146, 0x1146, 0x1146, 0x1146, 0x1146, 0x1146, 0x1146, 0x1146, 0x1146, 0x1146, 0x1146,
  0x1146, 0x1146, 0x1146, 0x1146, 0x1146, 0x1146, 0x1146, 0x1146, 0x1146, 0x1146, 0x1146, 0x1146, 0x1146, 0x1146, 0x1146, 0x1146,
  0x1146, 0x1146, 0x1146, 0x1146, 0x1146, 0x1146, 0x1146, 0x1146, 0x1146, 0x1146, 0x1146, 0x1146, 0x1146, 0x1146, 0x1126, 0x1146,
  0x1146, 0x1126, 0x1146, 0x1146, 0x1126, 0x1146, 0x1126, 0x1126, 0x1126, 0x1126, 0x1126, 0x1126, 0x1126, 0x1126, 0x1126, 0x1126,
  0x1126, 0x1126, 0x1126, 0x1126, 0x1126, 0x1126, 0x1126, 0x1126, 0x1126, 0x1126, 0x1146, 0x08C5, 0x55AE, 0x2A88, 0x0843, 0x10A4,
  0x10A4, 0x10C4, 0x0022, 0xAD76, 0xFFFF, 0xCE7A, 0x6B6E, 0x738F, 0x73AF, 0x73AF, 0x73AF, 0x73AF, 0x73AF, 0x73AF, 0x73AF, 0x738F,
  0x6B6E, 0xC659, 0xFFFF, 0xAD56, 0x0043, 0x18E5, 0x94D3, 0xA515, 0xDF1C, 0xFFFF, 0xB5B7, 0x0863, 0x2126, 0x7BD0, 0x8411, 0x8411,
  0x73D0, 0xAD55, 0xFFFF, 0xF7BE, 0xAD76, 0xA514, 0x9D14, 0xA535, 0x73AF, 0x0843, 0x3187, 0xEF7D, 0xFFFF, 0xC618, 0x94B3, 0xCE59,
  0xFFFF, 0xF7BE, 0x8451, 0x8431, 0x3A09, 0x0863, 0x4229, 0x8431, 0x8411, 0x8411, 0x7BF0, 0xD6BA, 0xFFFF, 0xA535, 0x0022, 0x2146,
  0x7BF0, 0x8431, 0x39E9, 0x0022, 0x73AF, 0xFFFF, 0xE73C, 0x2987, 0x0863, 0x8431, 0xA535, 0x9D14, 0xA515, 0xA515, 0x9CF4, 0xA535,
  0x39E9, 0x0863, 0x10A4, 0x10A4, 0x10C4, 0x0024, 0x9C63, 0x6B85, 0x00A6, 0x1146, 0x1126, 0x1126, 0x1126, 0x1126, 0x1126, 0x1126,
  0x1126, 0x1126, 0x1126, 0x1126, 0x1126, 0x1126, 0x1126, 0x1126, 0x1126, 0x1126, 0x1126, 0x1126, 0x1126, 0x1126, 0x1126, 0x1126,
  0x1146, 0x1126, 0x1126, 0x1126, 0x1126, 0x1126, 0x1126, 0x1126, 0x1126, 0x1126, 0x1126, 0x1126, 0x1126, 0x1126, 0x1126, 0x1126,
  0x1126, 0x1126, 0x1126, 0x1126, 0x1146, 0x1126, 0x1126, 0x1146, 0x1126, 0x1126, 0x1126, 0x1146, 0x1126, 0x1126, 0x1146, 0x1126,
  0x1126, 0x1126, 0x1126, 0x1126, 0x1126, 0x1146, 0x1126, 0x1146, 0x1146, 0x1126, 0x1126, 0x1126, 0x1126, 0x1126, 0x1126, 0x1126,
  0x1126, 0x1126, 0x1126, 0x1146, 0x1126, 0x1126, 0x1146, 0x1126, 0x1126, 0x1126, 0x1126, 0x1126, 0x1126, 0x1126, 0x1126, 0x1126,
  0x1126, 0x1126, 0x1126, 0x1146, 0x1126, 0x1126, 0x1126, 0x1126, 0x1126, 0x1126, 0x1126, 0x1126, 0x1126, 0x1126, 0x1146, 0x1126,
  0x1126, 0x1146, 0x1126, 0x1126, 0x1146, 0x1126, 0x1146, 0x1146, 0x1126, 0x1126, 0x1146, 0x1126, 0x1126, 0x1126, 0x1146, 0x1126,
  0x1126, 0x1126, 0x1126, 0x1126, 0x1126, 0x1126, 0x1126, 0x1126, 0x1126, 0x1126, 0x1126, 0x1126, 0x1146, 0x1146, 0x1146, 0x1146,
  0x1146, 0x1146, 0x1146, 0x1146, 0x1146, 0x1146, 0x1146, 0x1146, 0x1146, 0x1146, 0x1146, 0x1146, 0x1146, 0x1146, 0x1146, 0x1146,
  0x1146, 0x1146, 0x1146, 0x1146, 0x1146, 0x1146, 0x1146, 0x1146, 0x1146, 0x1146, 0x1146, 0x1146, 0x1146, 0x1146, 0x1146, 0x1146,
  0x1146, 0x1146, 0x1146, 0x1146, 0x1146, 0x1146, 0x1146, 0x1146, 0x1146, 0x1146, 0x1146, 0x1146, 0x1146, 0x1146, 0x1146, 0x1146,
  0x1146, 0x1146, 0x1146, 0x1146, 0x1146, 0x1146, 0x1146, 0x1146, 0x1146, 0x1146, 0x1146, 0x1146, 0x1146, 0x1146, 0x1126, 0x1126,
  0x1126, 0x1126, 0x1126, 0x1126, 0x1126, 0x1126, 0x1126, 0x1126, 0x1126, 0x1126, 0x1126, 0x1126, 0x1126, 0x1126, 0x1126, 0x1126,
  0x1126, 0x1126, 0x1126, 0x1126, 0x1126, 0x1126, 0x1126, 0x1126, 0x1126, 0x1126, 0x1146, 0x08C5, 0x55AE, 0x2A88, 0x0843, 0x10A4,
  0x10A4, 0x10C4, 0x0022, 0xAD76, 0xFFFF, 0xAD56, 0x0001, 0x0042, 0x0001, 0x0001, 0x0001, 0x0001, 0x0001, 0x0001, 0x0001, 0x0042,
  0x0001, 0xA535, 0xFFFF, 0xAD76, 0x0042, 0x2126, 0xFFDF, 0xFFFF, 0xFFFF, 0xFFFF, 0xB596, 0x0001, 0x0863, 0x0042, 0x0042, 0x0843,
  0x0001, 0x5AEC, 0xFFFF, 0xFFFF, 0xFFFF, 0xFFFF, 0xFFFF, 0xFFFF, 0xBDF7, 0x0001, 0x2146, 0xFFDF, 0xFFFF, 0xFFFF, 0xFFFF, 0xFFFF,
  0xFFFF, 0xEF5D, 0x0863, 0x0001, 0x0022, 0x0863, 0x0022, 0x0001, 0x0001, 0x0043, 0x0002, 0xAD76, 0xFFFF, 0x9D14, 0x0001, 0x0863,
  0x0001, 0x0001, 0x0043, 0x0001, 0x6B4E, 0xFFFF, 0xE73C, 0x2126, 0x0001, 0xDEFB, 0xFFFF, 0xFFFF, 0xFFFF, 0xFFFF, 0xFFFF, 0xFFFF,
  0x630D, 0x0022, 0x10C4, 0x10A4, 0x10C4, 0x0024, 0xA463, 0x6B85, 0x00A6, 0x1126, 0x1126, 0x1126, 0x1126, 0x1126, 0x1126, 0x1126,
  0x1126, 0x1126, 0x1126, 0x1126, 0x1126, 0x1126, 0x1126, 0x1126, 0x1126, 0x1126, 0x1126, 0x1126, 0x1126, 0x1126, 0x1126, 0x1126,
  0x1126, 0x1126, 0x1126, 0x1126, 0x1126, 0x1126, 0x1126, 0x1126, 0x1126, 0x1126, 0x1126, 0x1126, 0x1126, 0x1126, 0x1126, 0x1126,
  0x1126, 0x1126, 0x1126, 0x1126, 0x1126, 0x1126, 0x1126, 0x1126, 0x1126, 0x1126, 0x1126, 0x1126, 0x1126, 0x1126, 0x1126, 0x1126,
  0x1126, 0x1126, 0x1126, 0x1126, 0x1126, 0x1126, 0x1126, 0x1126, 0x1126, 0x1126, 0x1126, 0x1126, 0x1126, 0x1126, 0x1126, 0x1126,
  0x1126, 0x1126, 0x1126, 0x1126, 0x1126, 0x1126, 0x1126, 0x1126, 0x1126, 0x1126, 0x1126, 0x1126, 0x1126, 0x1126, 0x1126, 0x1126,
  0x1126, 0x1126, 0x1126, 0x1126, 0x1126, 0x1126, 0x1126, 0x1126, 0x1126, 0x1126, 0x1126, 0x1126, 0x1126, 0x1126, 0x1126, 0x1126,
  0x1126, 0x1126, 0x1126, 0x1126, 0x1126, 0x1126, 0x1126, 0x1126, 0x1126, 0x1126, 0x1126, 0x1126, 0x1126, 0x1126, 0x1126, 0x1126,
  0x1126, 0x1126, 0x1126, 0x1126, 0x1126, 0x1126, 0x1126, 0x1126, 0x1126, 0x1126, 0x1126, 0x1126, 0x1146, 0x1126, 0x1146, 0x1146,
  0x1146, 0x1146, 0x1146, 0x1146, 0x1146, 0x1146, 0x1146, 0x1146, 0x1146, 0x1146, 0x1146, 0x1146, 0x1146, 0x1146, 0x1146, 0x1146,
  0x1146, 0x1146, 0x1146, 0x1146, 0x1146, 0x1146, 0x1146, 0x1146, 0x1146, 0x1146, 0x1146, 0x1146, 0x1146, 0x1146, 0x1146, 0x1146,
  0x1146, 0x1146, 0x1146, 0x1146, 0x1146, 0x1146, 0x1146, 0x1146, 0x1146, 0x1146, 0x1146, 0x1146, 0x1146, 0x1146, 0x1146, 0x1146,
  0x1146, 0x1146, 0x1146, 0x1146, 0x1146, 0x1146, 0x1146, 0x1146, 0x1146, 0x1146, 0x1146, 0x1146, 0x1146, 0x1146, 0x1146, 0x1126,
  0x1126, 0x1126, 0x1126, 0x1126, 0x1126, 0x1126, 0x1126, 0x1126, 0x1126, 0x1126, 0x1126, 0x1126, 0x1126, 0x1126, 0x1126, 0x1126,
  0x1126, 0x1126, 0x1126, 0x1126, 0x1126, 0x1126, 0x1126, 0x1126, 0x1126, 0x1126, 0x1126, 0x08C5, 0x55AE, 0x2A87, 0x0843, 0x10A4,
  0x10A4, 0x10C4, 0x0022, 0xAD76, 0xFFFF, 0xAD96, 0x0863, 0x18E5, 0x4A4A, 0x4A6B, 0x4A6B, 0x4A6B, 0x4A6B, 0x4A6B, 0x4A6A, 0x18E5,
  0x0863, 0xAD76, 0xFFFF, 0xAD76, 0x0042, 0x2126, 0xEF5D, 0xFFFF, 0xFFDF, 0xFFFF, 0xC639, 0x4229, 0x424A, 0x18E5, 0x10A4, 0x18C5,
  0x0043, 0x632E, 0xFFFF, 0xFFFF, 0xFFFF, 0xFFDF, 0xFFDF, 0xFFFF, 0xC639, 0x39E9, 0x5AEC, 0xCE9A, 0xD6BB, 0xD6BB, 0xD69A, 0xE73C,
  0xFFFF, 0xF79E, 0x5ACC, 0x4A6A, 0x4A6B, 0x4A4A, 0x4A6A, 0x4A6B, 0x4A6A, 0x18E5, 0x0884, 0xB5B7, 0xFFFF, 0xBDD7, 0x3A09, 0x4A6B,
  0x4A6B, 0x4A6B, 0x4A6B, 0x3A09, 0x94B3, 0xFFFF, 0xEF7D, 0x5AED, 0x3A09, 0xBDF8, 0xD69A, 0xE73C, 0xFFFF, 0xF7BE, 0xD6BA, 0xD69A,
  0x4A6B, 0x0043, 0x10A4, 0x10A4, 0x10C4, 0x0024, 0xA463, 0x6B84, 0x00A6, 0x1146, 0x1126, 0x1126, 0x1126, 0x1126, 0x1126, 0x1126,
  0x1126, 0x1126, 0x1126, 0x1126, 0x1126, 0x1126, 0x1126, 0x1126, 0x1126, 0x1126, 0x1126, 0x1126, 0x1126, 0x1126, 0x1126, 0x1126,
  0x1126, 0x1126, 0x1126, 0x1126, 0x1126, 0x1126, 0x1126, 0x1126, 0x1126, 0x1126, 0x1126, 0x1126, 0x1126, 0x1126, 0x1126, 0x1126,
  0x1125, 0x1126, 0x1126, 0x1126, 0x1126, 0x1126, 0x1126, 0x1126, 0x1126, 0x1126, 0x1126, 0x1126, 0x1126, 0x1126, 0x1126, 0x1126,
  0x1126, 0x1126, 0x1126, 0x1126, 0x1126, 0x1126, 0x1126, 0x1126, 0x1126, 0x1126, 0x1126, 0x1126, 0x1126, 0x1125, 0x1126, 0x1126,
  0x1126, 0x1126, 0x1126, 0x1126, 0x1126, 0x1126, 0x1126, 0x1126, 0x1126, 0x1126, 0x1126, 0x1126, 0x1126, 0x1126, 0x1126, 0x1126,
  0x1126, 0x1126, 0x1126, 0x1126, 0x1126, 0x1126, 0x1126, 0x1126, 0x1126, 0x1126, 0x1126, 0x1126, 0x1126, 0x1126, 0x1126, 0x1126,
  0x1126, 0x1126, 0x1126, 0x1126, 0x1125, 0x1126, 0x1126, 0x1126, 0x1126, 0x1126, 0x1125, 0x1126, 0x1126, 0x1126, 0x1126, 0x1126,
  0x1126, 0x1126, 0x1126, 0x1126, 0x1126, 0x1126, 0x1126, 0x1126, 0x1126, 0x1126, 0x1126, 0x1126, 0x1146, 0x1146, 0x1126, 0x1146,
  0x1126, 0x1126, 0x1146, 0x1146, 0x1146, 0x1146, 0x1146, 0x1146, 0x1146, 0x1146, 0x1146, 0x1146, 0x1146, 0x1146, 0x1146, 0x1146,
  0x1146, 0x1146, 0x1146, 0x1146, 0x1146, 0x1146, 0x1146, 0x1146, 0x1146, 0x1146, 0x1146, 0x1146, 0x1146, 0x1146, 0x1146, 0x1146,
  0x1146, 0x1146, 0x1146, 0x1146, 0x1146, 0x1146, 0x1146, 0x1146, 0x1146, 0x1146, 0x1146, 0x1146, 0x1146, 0x1146, 0x1146, 0x1146,
  0x1146, 0x1146, 0x1146, 0x1146, 0x1146, 0x1146, 0x1146, 0x1146, 0x1146, 0x1146, 0x1126, 0x1146, 0x1126, 0x1126, 0x1126, 0x1126,
  0x1126, 0x1126, 0x1126, 0x1126, 0x1126, 0x1126, 0x1126, 0x1126, 0x1126, 0x1126, 0x1126, 0x1126, 0x1126, 0x1126, 0x1126, 0x1126,
  0x1126, 0x1126, 0x1126, 0x1126, 0x1126, 0x1126, 0x1126, 0x1126, 0x1126, 0x1126, 0x1126, 0x08C5, 0x55AD, 0x2A87, 0x0843, 0x10A4,
  0x10A4, 0x10C4, 0x0022, 0xAD76, 0xFFFF, 0xAD96, 0x0042, 0x2146, 0xEF7E, 0xFFFF, 0xFFFF, 0xFFFF, 0xFFFF, 0xFFFF, 0xFFDF, 0x1905,
  0x0043, 0xAD56, 0xFFFF, 0xAD76, 0x0042, 0x2126, 0xEF7D, 0xFFFF, 0xFFFF, 0xFFFF, 0xFFFF, 0xFFFF, 0xF7DF, 0x2987, 0x0863, 0x10C4,
  0x0022, 0x632D, 0xFFFF, 0xFFFF, 0xFFFF, 0xFFFF, 0xFFFF, 0xFFFF, 0xFFFF, 0xFFFF, 0xF79E, 0x2126, 0x0022, 0x0883, 0x0001, 0x73AF,
  0xFFFF, 0xFFFF, 0xFFFF, 0xFFFF, 0xFFFF, 0xFFFF, 0xFFFF, 0xFFFF, 0xFFFF, 0x2106, 0x0043, 0xB5B7, 0xFFFF, 0xFFFF, 0xFFFF, 0xFFFF,
  0xFFFF, 0xFFFF, 0xFFFF, 0xFFFF, 0xFFFF, 0xFFFF, 0xFFFF, 0xFFFF, 0xFFFF, 0x632D, 0x0000, 0x7BD0, 0xFFFF, 0xDEFC, 0x1905, 0x0043,
  0x10A4, 0x10A4, 0x10A4, 0x10A4, 0x10C4, 0x0024, 0xA463, 0x7364, 0x00A6, 0x1146, 0x1126, 0x1126, 0x1126, 0x1126, 0x1126, 0x1126,
  0x1126, 0x1126, 0x1126, 0x1126, 0x1126, 0x1126, 0x1126, 0x1126, 0x1126, 0x1126, 0x1126, 0x1126, 0x1125, 0x1126, 0x1126, 0x1126,
  0x1126, 0x1126, 0x1126, 0x1126, 0x1126, 0x1126, 0x1126, 0x1126, 0x1126, 0x1126, 0x1126, 0x1126, 0x1126, 0x1125, 0x1126, 0x1125,
  0x1126, 0x1126, 0x1126, 0x1126, 0x1126, 0x1126, 0x1126, 0x1126, 0x1126, 0x1125, 0x1126, 0x1126, 0x1126, 0x1126, 0x1126, 0x1126,
  0x1126, 0x1126, 0x1126, 0x1126, 0x1125, 0x1126, 0x1126, 0x1126, 0x1125, 0x1126, 0x1126, 0x1126, 0x1126, 0x1126, 0x1126, 0x1126,
  0x1126, 0x1125, 0x1126, 0x1126, 0x1125, 0x1125, 0x1126, 0x1126, 0x1126, 0x1125, 0x1125, 0x1126, 0x1126, 0x1126, 0x1126, 0x1126,
  0x1126, 0x1126, 0x1126, 0x1125, 0x1125, 0x1126, 0x1126, 0x1126, 0x1126, 0x1126, 0x1126, 0x1126, 0x1126, 0x1126, 0x1126, 0x1126,
  0x1126, 0x1126, 0x1126, 0x1126, 0x1126, 0x1125, 0x1126, 0x1126, 0x1126, 0x1126, 0x1126, 0x1126, 0x1126, 0x1126, 0x1126, 0x1126,
  0x1126, 0x1126, 0x1126, 0x1126, 0x1126, 0x1126, 0x1126, 0x1126, 0x1126, 0x1146, 0x1126, 0x1126, 0x1126, 0x1146, 0x1126, 0x1126,
  0x1126, 0x1126, 0x1146, 0x1146, 0x1146, 0x1146, 0x1126, 0x1146, 0x1146, 0x1146, 0x1126, 0x1146, 0x1146, 0x1146, 0x1146, 0x1146,
  0x1146, 0x1146, 0x1146, 0x1146, 0x1146, 0x1146, 0x1146, 0x1146, 0x1146, 0x1146, 0x1146, 0x1146, 0x1146, 0x1146, 0x1146, 0x1146,
  0x1146, 0x1146, 0x1146, 0x1146, 0x1146, 0x1146, 0x1146, 0x1146, 0x1146, 0x1146, 0x1146, 0x1146, 0x1146, 0x1146, 0x1146, 0x1146,
  0x1146, 0x1146, 0x1146, 0x1146, 0x1146, 0x1146, 0x1146, 0x1126, 0x1146, 0x1126, 0x1126, 0x1126, 0x1126, 0x1126, 0x1126, 0x1126,
  0x1126, 0x1126, 0x1126, 0x1126, 0x1126, 0x1126, 0x1126, 0x1126, 0x1126, 0x1126, 0x1126, 0x1126, 0x1126, 0x1126, 0x1126, 0x1126,
  0x1126, 0x1126, 0x1126, 0x1126, 0x1126, 0x1125, 0x1126, 0x1125, 0x1126, 0x1126, 0x1146, 0x08C5, 0x55AD, 0x2A87, 0x0843, 0x10A4,
  0x10A4, 0x10C4, 0x0022, 0xAD76, 0xFFFF, 0xAD96, 0x0042, 0x2146, 0xE73D, 0xFFFF, 0xFFFF, 0xFFFF, 0xFFFF, 0xFFFF, 0xF79E, 0x1905,
  0x0043, 0xAD56, 0xFFFF, 0xAD76, 0x0042, 0x2126, 0xEF7D, 0xFFFF, 0xFFFF, 0xFFFF, 0xFFFF, 0xFFFF, 0xEF9E, 0x2967, 0x0863, 0x10C4,
  0x0022, 0x632D, 0xFFFF, 0xFFFF, 0xFFFF, 0xFFFF, 0xFFFF, 0xFFFF, 0xFFFF, 0xFFFF, 0xEF7D, 0x31A8, 0x10C4, 0x1905, 0x0883, 0x7BF0,
  0xFFFF, 0xFFFF, 0xFFFF, 0xFFFF, 0xFFFF, 0xFFFF, 0xFFFF, 0xFFFF, 0xF7BE, 0x2146, 0x0884, 0xBDD7, 0xFFFF, 0xFFFF, 0xFFFF, 0xFFFF,
  0xFFFF, 0xFFFF, 0xFFFF, 0xFFFF, 0xFFFF, 0xFFFF, 0xFFFF, 0xFFFF, 0xFFFF, 0x6B6E, 0x0842, 0x7C11, 0xFFFF, 0xE71C, 0x2126, 0x0884,
  0x10A4, 0x10A4, 0x10A4, 0x10A4, 0x10C4, 0x0024, 0xA463, 0x7364, 0x00A6, 0x1126, 0x1126, 0x1126, 0x1126, 0x1126, 0x1126, 0x1126,
  0x1126, 0x1126, 0x1126, 0x1126, 0x1126, 0x1126, 0x1126, 0x1126, 0x1126, 0x1126, 0x1125, 0x1126, 0x1126, 0x1126, 0x1126, 0x1125,
  0x1126, 0x1126, 0x1126, 0x1125, 0x1126, 0x1126, 0x1126, 0x1125, 0x1126, 0x1126, 0x1125, 0x1125, 0x1126, 0x1126, 0x1126, 0x1126,
  0x1125, 0x1126, 0x1126, 0x1126, 0x1126, 0x1126, 0x1126, 0x1125, 0x1125, 0x1126, 0x1126, 0x1126, 0x1126, 0x1126, 0x1126, 0x1126,
  0x1126, 0x1126, 0x1126, 0x1126, 0x1126, 0x1126, 0x1126, 0x1125, 0x1126, 0x1126, 0x1125, 0x1126, 0x1126, 0x1126, 0x1126, 0x1125,
  0x1126, 0x1126, 0x1125, 0x1126, 0x1126, 0x1126, 0x1126, 0x1126, 0x1125, 0x1126, 0x1126, 0x1126, 0x1126, 0x1126, 0x1126, 0x1125,
  0x1125, 0x1126, 0x1126, 0x1126, 0x1126, 0x1126, 0x1126, 0x1126, 0x1126, 0x1126, 0x1126, 0x1126, 0x1126, 0x1126, 0x1126, 0x1126,
  0x1126, 0x1126, 0x1126, 0x1126, 0x1126, 0x1126, 0x1126, 0x1126, 0x1126, 0x1126, 0x1126, 0x1126, 0x1126, 0x1126, 0x1126, 0x1126,
  0x1126, 0x1126, 0x1126, 0x1126, 0x1126, 0x1126, 0x1126, 0x1126, 0x1126, 0x1126, 0x1126, 0x1126, 0x1126, 0x1126, 0x1126, 0x1126,
  0x1126, 0x1126, 0x1126, 0x1126, 0x1146, 0x1126, 0x1126, 0x1146, 0x1126, 0x1146, 0x1146, 0x1126, 0x1146, 0x1146, 0x1146, 0x1146,
  0x1146, 0x1146, 0x1146, 0x1146, 0x1146, 0x1146, 0x1146, 0x1146, 0x1146, 0x1146, 0x1146, 0x1146, 0x1146, 0x1146, 0x1146, 0x1146,
  0x1146, 0x1146, 0x1146, 0x1146, 0x1146, 0x1146, 0x1146, 0x1146, 0x1146, 0x1146, 0x1146, 0x1146, 0x1146, 0x1146, 0x1146, 0x1146,
  0x1146, 0x1146, 0x1146, 0x1146, 0x1146, 0x1146, 0x1126, 0x1126, 0x1146, 0x1126, 0x1126, 0x1126, 0x1126, 0x1126, 0x1126, 0x1126,
  0x1126, 0x1126, 0x1126, 0x1126, 0x1126, 0x1126, 0x1126, 0x1126, 0x1126, 0x1126, 0x1126, 0x1126, 0x1126, 0x1126, 0x1126, 0x1126,
  0x1126, 0x1126, 0x1126, 0x1125, 0x1125, 0x1125, 0x1125, 0x1126, 0x1126, 0x1126, 0x1126, 0x08C5, 0x5DAD, 0x2A87, 0x0843, 0x10A4,
  0x10A4, 0x10C4, 0x0022, 0xAD76, 0xFFFF, 0xAD96, 0x0042, 0x2146, 0xEF5D, 0xFFFF, 0xFFFF, 0xFFFF, 0xFFFF, 0xFFFF, 0xF79E, 0x1905,
  0x0043, 0xAD56, 0xFFFF, 0xAD76, 0x0042, 0x2126, 0xEF5D, 0xFFFF, 0x8C92, 0x424A, 0x528B, 0x4A6B, 0x4A6A, 0x1905, 0x10C4, 0x18E5,
  0x0863, 0x632E, 0xFFFF, 0xF79E, 0x6B6E, 0x4209, 0xCE7A, 0xFFFF, 0xC639, 0x422A, 0x632D, 0xCE7A, 0xD69A, 0xCE9A, 0xD69A, 0xAD96,
  0x4A4A, 0x4A6B, 0x4A8B, 0x4A8B, 0x4A8B, 0x4A8B, 0x528B, 0x4A6B, 0x630D, 0xCE59, 0xCE7A, 0xEF5D, 0xFFDF, 0xBDF8, 0x4209, 0x6B6E,
  0xF7BE, 0xFFFF, 0xFFFF, 0xFFDF, 0xFFDF, 0xFFDF, 0xFFDF, 0xFFDF, 0xFFDF, 0xDEFB, 0xCE59, 0x9D14, 0x424A, 0x424A, 0x10C4, 0x10A4,
  0x10A4, 0x10A4, 0x10A4, 0x10A4, 0x10C4, 0x0024, 0xA463, 0x7364, 0x00A6, 0x1126, 0x1126, 0x1126, 0x1126, 0x1126, 0x1126, 0x1126,
  0x1126, 0x1126, 0x1126, 0x1126, 0x1126, 0x1126, 0x1125, 0x1125, 0x1125, 0x1125, 0x1126, 0x1126, 0x1126, 0x1126, 0x1125, 0x1126,
  0x1125, 0x1126, 0x1126, 0x1125, 0x1125, 0x1126, 0x1125, 0x1125, 0x1126, 0x1126, 0x1126, 0x1125, 0x1126, 0x1125, 0x1126, 0x1126,
  0x1126, 0x1125, 0x1126, 0x1126, 0x1125, 0x1125, 0x1126, 0x1126, 0x1125, 0x1126, 0x1126, 0x1126, 0x1126, 0x1126, 0x1126, 0x1125,
  0x1125, 0x1126, 0x1125, 0x1125, 0x1125, 0x1125, 0x1126, 0x1125, 0x1126, 0x1126, 0x1125, 0x1126, 0x1125, 0x1125, 0x1125, 0x1126,
  0x1125, 0x1125, 0x1126, 0x1126, 0x1125, 0x1126, 0x1126, 0x1126, 0x1126, 0x1126, 0x1126, 0x1125, 0x1125, 0x1125, 0x1126, 0x1126,
  0x1126, 0x1125, 0x1126, 0x1126, 0x1126, 0x1125, 0x1126, 0x1126, 0x1126, 0x1125, 0x1125, 0x1126, 0x1126, 0x1126, 0x1126, 0x1126,
  0x1126, 0x1125, 0x1126, 0x1126, 0x1126, 0x1126, 0x1125, 0x1126, 0x1126, 0x1125, 0x1125, 0x1126, 0x1125, 0x1126, 0x1125, 0x1126,
  0x1126, 0x1126, 0x1126, 0x1126, 0x1126, 0x1126, 0x1126, 0x1126, 0x1126, 0x1126, 0x1126, 0x1126, 0x1126, 0x1126, 0x1126, 0x1126,
  0x1126, 0x1126, 0x1126, 0x1126, 0x1126, 0x1126, 0x1126, 0x1126, 0x1126, 0x1126, 0x1126, 0x1126, 0x1146, 0x1126, 0x1146, 0x1146,
  0x1146, 0x1146, 0x1146, 0x1146, 0x1146, 0x1146, 0x1146, 0x1146, 0x1146, 0x1146, 0x1146, 0x1146, 0x1146, 0x1146, 0x1146, 0x1146,
  0x1146, 0x1146, 0x1146, 0x1146, 0x1146, 0x1146, 0x1146, 0x1126, 0x1146, 0x1146, 0x1146, 0x1146, 0x1146, 0x1146, 0x1146, 0x1146,
  0x1126, 0x1126, 0x1146, 0x1126, 0x1146, 0x1146, 0x1126, 0x1126, 0x1126, 0x1126, 0x1126, 0x1126, 0x1126, 0x1126, 0x1126, 0x1126,
  0x1126, 0x1126, 0x1126, 0x1126, 0x1126, 0x1126, 0x1126, 0x1126, 0x1126, 0x1126, 0x1125, 0x1126, 0x1126, 0x1126, 0x1126, 0x1125,
  0x1126, 0x1126, 0x1126, 0x1126, 0x1126, 0x1125, 0x1125, 0x1126, 0x1126, 0x1126, 0x1126, 0x08A5, 0x5DAD, 0x2A87, 0x0843, 0x10A4,
  0x10A4, 0x10C4, 0x0022, 0xAD76, 0xFFFF, 0xAD96, 0x0042, 0x2146, 0xEF5D, 0xFFFF, 0xFFFF, 0xFFFF, 0xFFFF, 0xFFFF, 0xF79E, 0x1905,
  0x0043, 0xAD56, 0xFFFF, 0xAD76, 0x0042, 0x2126, 0xEF5D, 0xFFFF, 0x52AC, 0x0000, 0x0001, 0x0843, 0x0042, 0x0002, 0x0002, 0x0022,
  0x0000, 0x52AC, 0xFFFF, 0xEF7D, 0x18E5, 0x0000, 0xB5B7, 0xFFFF, 0xA555, 0x0000, 0x10A4, 0xF7BE, 0xFFFF, 0xFFFF, 0xFFFF, 0xB5D7,
  0x0002, 0x0043, 0x0000, 0x0000, 0x0000, 0x0000, 0x0001, 0x0000, 0x0884, 0xFFFF, 0xFFFF, 0xFFFF, 0xFFFF, 0xA535, 0x0000, 0x1905,
  0xF79E, 0xFFFF, 0xFFFF, 0xFFFF, 0xFFFF, 0xFFFF, 0xFFFF, 0xFFFF, 0xFFFF, 0xFFFF, 0xFFFF, 0xB596, 0x0001, 0x0863, 0x10A4, 0x10A4,
  0x10A4, 0x10A4, 0x10A4, 0x10A4, 0x10C4, 0x0024, 0xA463, 0x7364, 0x00A6, 0x1125, 0x1126, 0x1125, 0x1126, 0x1125, 0x1126, 0x1126,
  0x1126, 0x1125, 0x1126, 0x1126, 0x1126, 0x1125, 0x1125, 0x1125, 0x1125, 0x1125, 0x1125, 0x1125, 0x1126, 0x1125, 0x1125, 0x1125,
  0x1125, 0x1125, 0x1125, 0x1125, 0x1125, 0x1125, 0x1125, 0x1126, 0x1125, 0x1125, 0x1125, 0x1126, 0x1125, 0x1125, 0x1125, 0x1125,
  0x1126, 0x1125, 0x1125, 0x1126, 0x1125, 0x1125, 0x1125, 0x1126, 0x1125, 0x1125, 0x1125, 0x1125, 0x1126, 0x1126, 0x1125, 0x1125,
  0x1125, 0x1125, 0x1125, 0x1125, 0x1125, 0x1125, 0x1126, 0x1125, 0x1125, 0x1125, 0x1125, 0x1126, 0x1125, 0x1125, 0x1125, 0x1125,
  0x1125, 0x1126, 0x1126, 0x1125, 0x1125, 0x1125, 0x1125, 0x1125, 0x1125, 0x1125, 0x1125, 0x1126, 0x1125, 0x1126, 0x1125, 0x1125,
  0x1125, 0x1126, 0x1125, 0x1125, 0x1125, 0x1125, 0x1125, 0x1125, 0x1125, 0x1125, 0x1125, 0x1125, 0x1126, 0x1125, 0x1126, 0x1126,
  0x1126, 0x1125, 0x1126, 0x1125, 0x1125, 0x1125, 0x1125, 0x1126, 0x1125, 0x1125, 0x1125, 0x1125, 0x1126, 0x1125, 0x1125, 0x1126,
  0x1126, 0x1125, 0x1126, 0x1126, 0x1126, 0x1126, 0x1126, 0x1125, 0x1126, 0x1126, 0x1126, 0x1126, 0x1126, 0x1126, 0x1126, 0x1126,
  0x1126, 0x1126, 0x1126, 0x1126, 0x1126, 0x1126, 0x1126, 0x1126, 0x1126, 0x1126, 0x1126, 0x1126, 0x1126, 0x1126, 0x1126, 0x1146,
  0x1126, 0x1146, 0x1146, 0x1146, 0x1146, 0x1146, 0x1146, 0x1146, 0x1146, 0x1146, 0x1146, 0x1146, 0x1146, 0x1146, 0x1146, 0x1146,
  0x1146, 0x1146, 0x1146, 0x1126, 0x1146, 0x1146, 0x1126, 0x1146, 0x1146, 0x1146, 0x1146, 0x1146, 0x1146, 0x1146, 0x1146, 0x1146,
  0x1126, 0x1126, 0x1126, 0x1126, 0x1126, 0x1126, 0x1126, 0x1126, 0x1126, 0x1126, 0x1126, 0x1126, 0x1126, 0x1126, 0x1126, 0x1126,
  0x1126, 0x1126, 0x1126, 0x1126, 0x1126, 0x1126, 0x1126, 0x1126, 0x1126, 0x1126, 0x1126, 0x1125, 0x1126, 0x1126, 0x1125, 0x1126,
  0x1126, 0x1125, 0x1125, 0x1126, 0x1125, 0x1125, 0x1125, 0x1126, 0x1125, 0x1126, 0x1126, 0x08A5, 0x5DAD, 0x2A87, 0x0843, 0x10A4,
  0x10A4, 0x10C4, 0x0022, 0xAD76, 0xFFFF, 0xAD96, 0x0042, 0x2146, 0xE73C, 0xFFFF, 0xFFFF, 0xFFFF, 0xFFFF, 0xFFFF, 0xEF7E, 0x1905,
  0x0043, 0xAD56, 0xFFFF, 0xAD76, 0x0042, 0x2126, 0xEF5D, 0xFFFF, 0xBDD7, 0x9493, 0x738F, 0x0863, 0x2126, 0x8C52, 0x94B3, 0x94D3,
  0x9493, 0xBDD7, 0xFFFF, 0xFFDF, 0xAD55, 0x9492, 0xE71C, 0xFFFF, 0xDEFB, 0x8C92, 0xA535, 0xF7BE, 0xFFFF, 0xFFDF, 0xFFFF, 0xB5D7,
  0x0863, 0x2126, 0x94B3, 0x94D3, 0x9CD3, 0x9CD4, 0x9CD4, 0x94D3, 0x9D14, 0x9CD4, 0x94B3, 0x9CD3, 0x8C92, 0x9CF4, 0x9493, 0xA555,
  0xFFDF, 0xFFFF, 0xBDF8, 0x94B3, 0x9CF4, 0x9CD4, 0x9CD4, 0x94D3, 0x94D3, 0x94B3, 0x9CD4, 0x634E, 0x0883, 0x10C4, 0x10A4, 0x10A4,
  0x10A4, 0x10A4, 0x10A4, 0x10A4, 0x10C4, 0x0024, 0xA463, 0x7364, 0x00A6, 0x1125, 0x1126, 0x1125, 0x1125, 0x1125, 0x1126, 0x1126,
  0x1125, 0x1105, 0x1125, 0x1125, 0x1125, 0x1125, 0x1125, 0x1125, 0x1125, 0x1126, 0x1126, 0x1126, 0x1126, 0x1126, 0x1125, 0x1125,
  0x1105, 0x1125, 0x1126, 0x1126, 0x1125, 0x1125, 0x1125, 0x1105, 0x1126, 0x1126, 0x1126, 0x1126, 0x1125, 0x1125, 0x1125, 0x1126,
  0x1126, 0x1126, 0x1126, 0x1105, 0x1126, 0x1126, 0x1126, 0x1125, 0x1125, 0x1126, 0x1126, 0x1125, 0x1126, 0x1126, 0x1126, 0x1125,
  0x1126, 0x1126, 0x1126, 0x1126, 0x1126, 0x1126, 0x1125, 0x1126, 0x1126, 0x1126, 0x1126, 0x1126, 0x1125, 0x1125, 0x1126, 0x1126,
  0x1126, 0x1126, 0x1126, 0x1105, 0x1125, 0x1125, 0x1125, 0x1125, 0x1125, 0x1125, 0x1125, 0x1125, 0x1125, 0x1126, 0x1126, 0x1126,
  0x1126, 0x1126, 0x1125, 0x1125, 0x1125, 0x1125, 0x1125, 0x1125, 0x1125, 0x1125, 0x1125, 0x1125, 0x1125, 0x1126, 0x1126, 0x1126,
  0x1126, 0x1126, 0x1126, 0x1125, 0x1125, 0x1126, 0x1125, 0x1126, 0x1126, 0x1126, 0x1125, 0x1126, 0x1126, 0x1125, 0x1125, 0x1125,
  0x1125, 0x1125, 0x1126, 0x1125, 0x1125, 0x1125, 0x1125, 0x1125, 0x1126, 0x1125, 0x1126, 0x1126, 0x1126, 0x1126, 0x1126, 0x1126,
  0x1126, 0x1126, 0x1126, 0x1146, 0x1146, 0x1126, 0x1126, 0x1126, 0x1126, 0x1146, 0x1146, 0x1146, 0x1146, 0x1146, 0x1146, 0x1146,
  0x1146, 0x1146, 0x1126, 0x1146, 0x1146, 0x1146, 0x1146, 0x1146, 0x1146, 0x1126, 0x1146, 0x1146, 0x1146, 0x1146, 0x1146, 0x1146,
  0x1146, 0x1146, 0x1126, 0x1146, 0x1146, 0x1146, 0x1146, 0x1146, 0x1146, 0x1146, 0x1126, 0x1126, 0x1126, 0x1146, 0x1146, 0x1146,
  0x1146, 0x1146, 0x1126, 0x1126, 0x1126, 0x1126, 0x1126, 0x1126, 0x1126, 0x1126, 0x1126, 0x1126, 0x1146, 0x1146, 0x1126, 0x1126,
  0x1126, 0x1126, 0x1126, 0x1126, 0x1125, 0x1125, 0x1126, 0x1125, 0x1126, 0x1126, 0x1125, 0x1126, 0x1125, 0x1125, 0x1125, 0x1125,
  0x1125, 0x1125, 0x1125, 0x1126, 0x1125, 0x1125, 0x1125, 0x1126, 0x1125, 0x1126, 0x1126, 0x08A5, 0x5D8D, 0x2A87, 0x0843, 0x10A4,
  0x10A4, 0x10C4, 0x0022, 0xAD76, 0xFFFF, 0xAD96, 0x0042, 0x2146, 0xF79E, 0xFFFF, 0xFFFF, 0xFFFF, 0xFFFF, 0xFFFF, 0xFFDF, 0x1905,
  0x0043, 0xAD56, 0xFFFF, 0xAD76, 0x0042, 0x2126, 0xF79E, 0xFFFF, 0xFFFF, 0xFFFF, 0xCE59, 0x0002, 0x31A8, 0xFFFF, 0xFFFF, 0xFFFF,
  0xFFFF, 0xFFFF, 0xFFFF, 0xFFFF, 0xFFFF, 0xFFFF, 0xFFFF, 0xFFFF, 0xFFFF, 0xFFFF, 0xFFFF, 0xFFFF, 0xFFFF, 0xFFFF, 0xFFFF, 0xBDD7,
  0x0022, 0x2987, 0xFFFF, 0xFFFF, 0xFFFF, 0xFFFF, 0xFFFF, 0xFFFF, 0xFFFF, 0x0883, 0x0001, 0x0043, 0x0000, 0x73D0, 0xFFFF, 0xFFFF,
  0xFFFF, 0xFFFF, 0x52AB, 0x0000, 0x0002, 0x0001, 0x0001, 0x0042, 0x0043, 0x0002, 0x0001, 0x0042, 0x10A4, 0x1084, 0x0863, 0x0843,
  0x0884, 0x10A4, 0x10A4, 0x10A4, 0x10C4, 0x0024, 0xA463, 0x7364, 0x00A6, 0x1125, 0x1105, 0x1105, 0x1125, 0x1125, 0x1125, 0x1105,
  0x1125, 0x1125, 0x1125, 0x1125, 0x1125, 0x1125, 0x1105, 0x1105, 0x1126, 0x0905, 0x00C4, 0x00C4, 0x00C4, 0x08E5, 0x1126, 0x1126,
  0x1125, 0x0905, 0x00C4, 0x08C4, 0x1105, 0x1125, 0x1105, 0x1126, 0x0905, 0x00A4, 0x00A4, 0x08E5, 0x1126, 0x1105, 0x1126, 0x08E5,
  0x00A4, 0x00A4, 0x0905, 0x1126, 0x0905, 0x00C4, 0x0905, 0x1126, 0x1105, 0x00C4, 0x08E5, 0x1126, 0x1105, 0x00C4, 0x08E5, 0x1126,
  0x1126, 0x08E5, 0x00A4, 0x00C4, 0x1105, 0x1126, 0x1125, 0x08E5, 0x00C4, 0x00C4, 0x00C4, 0x08E5, 0x1126, 0x1126, 0x08E5, 0x00C4,
  0x00C4, 0x00C4, 0x0905, 0x1126, 0x1105, 0x1125, 0x1126, 0x1125, 0x1125, 0x1125, 0x1105, 0x1105, 0x1126, 0x0905, 0x00A4, 0x00A4,
  0x08E5, 0x1126, 0x1125, 0x1125, 0x1125, 0x1125, 0x1125, 0x1105, 0x1125, 0x1125, 0x1125, 0x1105, 0x1105, 0x1126, 0x1126, 0x1125,
  0x1125, 0x1126, 0x1125, 0x1125, 0x1125, 0x1126, 0x1125, 0x1105, 0x08C4, 0x08E5, 0x1105, 0x00C4, 0x00C4, 0x1125, 0x1125, 0x1125,
  0x1105, 0x1105, 0x1125, 0x1126, 0x1125, 0x1125, 0x1126, 0x1125, 0x1126, 0x1125, 0x1126, 0x1126, 0x1126, 0x1126, 0x1125, 0x1126,
  0x1126, 0x1146, 0x0905, 0x00C4, 0x00C4, 0x0905, 0x1146, 0x1126, 0x1126, 0x0905, 0x00C4, 0x00C4, 0x0925, 0x00E5, 0x00E5, 0x00E4,
  0x00E5, 0x0926, 0x1146, 0x0925, 0x00E4, 0x0905, 0x1146, 0x1146, 0x1126, 0x1146, 0x1126, 0x1146, 0x1146, 0x1126, 0x1146, 0x1146,
  0x1146, 0x1146, 0x1146, 0x0905, 0x00E5, 0x1146, 0x1146, 0x1126, 0x1146, 0x1146, 0x1126, 0x1146, 0x1146, 0x1126, 0x1146, 0x0905,
  0x00E5, 0x1126, 0x1126, 0x1126, 0x1126, 0x1126, 0x1126, 0x1126, 0x1126, 0x1126, 0x1126, 0x1126, 0x00C4, 0x00E4, 0x1126, 0x1126,
  0x1126, 0x1126, 0x1126, 0x1126, 0x1126, 0x1126, 0x1126, 0x1126, 0x1126, 0x1126, 0x1126, 0x1125, 0x1125, 0x1125, 0x1125, 0x1126,
  0x1125, 0x1125, 0x1125, 0x1125, 0x1125, 0x1125, 0x1125, 0x1125, 0x1125, 0x1125, 0x1126, 0x08A5, 0x5D8D, 0x2A87, 0x0843, 0x10A4,
  0x10A4, 0x10C4, 0x0022, 0xAD76, 0xFFFF, 0xAD96, 0x0043, 0x2126, 0xB5D7, 0xCE7A, 0xCE59, 0xCE79, 0xCE59, 0xCE7A, 0xC618, 0x18E5,
  0x0843, 0xAD56, 0xFFFF, 0xAD76, 0x0042, 0x2126, 0xCE59, 0xDEDB, 0xD69A, 0xDEDB, 0x94D3, 0x0022, 0x2967, 0xC639, 0xD6BA, 0xEF7D,
  0xFFDF, 0xFFFF, 0xFFFF, 0xFFFF, 0xFFDF, 0xFFDF, 0xFFFF, 0xFFFF, 0xF79E, 0xD69A, 0xDEDB, 0xFFFF, 0xFFFF, 0xFFFF, 0xFFFF, 0xB5D7,
  0x0043, 0x2946, 0xD69A, 0xD6BA, 0xEF7D, 0xFFDF, 0xFFDF, 0xFFDF, 0xF79E, 0x52AB, 0x424A, 0x2987, 0x0022, 0x7BD0, 0xFFDF, 0xF79E,
  0xDEDB, 0xDEDB, 0x7BF0, 0x4209, 0x4A6A, 0x4A6A, 0x422A, 0x18E5, 0x10A4, 0x39E9, 0x4A6B, 0x31A8, 0x0883, 0x18E5, 0x422A, 0x4A4A,
  0x2126, 0x0884, 0x10A4, 0x10A4, 0x10C4, 0x0024, 0xAC62, 0x7364, 0x00A6, 0x1125, 0x1105, 0x1105, 0x1105, 0x1125, 0x1125, 0x1125,
  0x1105, 0x1125, 0x1105, 0x1105, 0x1105, 0x1105, 0x1105, 0x1126, 0x0905, 0x2187, 0x52EC, 0x4AEC, 0x52ED, 0x3A4A, 0x08E5, 0x1105,
  0x0905, 0x1967, 0x52EC, 0x428B, 0x1126, 0x1105, 0x1126, 0x08E5, 0x2187, 0x636E, 0x6B8F, 0x29C8, 0x08C4, 0x1126, 0x08C4, 0x29C8,
  0x638F, 0x636E, 0x21A8, 0x00A4, 0x29E8, 0x52EC, 0x21A8, 0x08E5, 0x1946, 0x52EC, 0x29E9, 0x08E5, 0x1146, 0x4AEC, 0x3A6A, 0x0905,
  0x08C4, 0x3A4A, 0x6BAF, 0x52ED, 0x1126, 0x08E5, 0x0905, 0x29E9, 0x52EC, 0x4AEC, 0x52EC, 0x3209, 0x08E5, 0x0905, 0x3229, 0x52EC,
  0x4AEC, 0x4ACC, 0x2187, 0x00C4, 0x1126, 0x1125, 0x0905, 0x1105, 0x1106, 0x1105, 0x1105, 0x1126, 0x00C4, 0x21A7, 0x5B4E, 0x6BAF,
  0x29E9, 0x00C4, 0x1125, 0x1126, 0x1126, 0x1126, 0x1105, 0x1126, 0x1126, 0x1105, 0x1125, 0x1126, 0x1146, 0x1126, 0x1125, 0x1125,
  0x1126, 0x1126, 0x1126, 0x1126, 0x1105, 0x1126, 0x1126, 0x1126, 0x4AAB, 0x3A4A, 0x0905, 0x94F4, 0x6BD0, 0x08C4, 0x1126, 0x1126,
  0x1126, 0x1126, 0x1125, 0x1125, 0x1146, 0x1126, 0x1126, 0x1146, 0x1126, 0x1125, 0x1125, 0x1126, 0x1146, 0x1146, 0x1126, 0x1125,
  0x1126, 0x00C4, 0x29C8, 0x638E, 0x63AF, 0x21A8, 0x00E5, 0x1146, 0x0925, 0x2A09, 0x9514, 0x9514, 0x1987, 0x4ACC, 0x530D, 0x530D,
  0x42CC, 0x1967, 0x08E5, 0x1987, 0x532D, 0x21C8, 0x0905, 0x1146, 0x1146, 0x1146, 0x1146, 0x1146, 0x1146, 0x1146, 0x1146, 0x1146,
  0x1146, 0x1146, 0x0925, 0x324A, 0x4AEC, 0x1146, 0x1146, 0x1146, 0x1146, 0x1126, 0x1146, 0x1146, 0x1146, 0x1146, 0x0905, 0x3209,
  0x4ACC, 0x1166, 0x1146, 0x1146, 0x1126, 0x1126, 0x1126, 0x1146, 0x1146, 0x1146, 0x1126, 0x1125, 0x94F4, 0x7411, 0x08E5, 0x1146,
  0x1126, 0x1126, 0x1146, 0x1126, 0x1125, 0x1126, 0x1125, 0x1126, 0x1126, 0x1125, 0x1125, 0x1125, 0x1125, 0x1125, 0x1125, 0x1105,
  0x1105, 0x1125, 0x1125, 0x1125, 0x1125, 0x1125, 0x1125, 0x1125, 0x1125, 0x1105, 0x1126, 0x08A5, 0x5D8D, 0x3287, 0x0843, 0x10A4,
  0x10A4, 0x10C4, 0x0022, 0xAD76, 0xFFFF, 0xAD76, 0x0863, 0x10A4, 0x10A4, 0x10A4, 0x10A4, 0x10A4, 0x10A4, 0x10A4, 0x10A4, 0x10A4,
  0x0863, 0xAD55, 0xFFFF, 0xAD56, 0x0863, 0x10C4, 0x10C4, 0x10C5, 0x10C4, 0x18E5, 0x10C4, 0x10A4, 0x10A4, 0x18E5, 0x0883, 0xB5B7,
  0xFFFF, 0xFFFF, 0xFFFF, 0xFFFF, 0xFFFF, 0xFFFF, 0xFFFF, 0xFFFF, 0xB5B7, 0x0043, 0x31A8, 0xF79E, 0xFFFF, 0xFFDF, 0xFFFF, 0xB5B7,
  0x0863, 0x10C4, 0x18C5, 0x10A4, 0xBDF7, 0xFFFF, 0xFFFF, 0xFFFF, 0xFFFF, 0xFFFF, 0xFFFF, 0x6B8F, 0x0000, 0x7BD0, 0xFFFF, 0xE73C,
  0x2967, 0x0883, 0xC618, 0xFFFF, 0xFFDF, 0xFFFF, 0xEF5D, 0x2967, 0x0022, 0xCE59, 0xFFFF, 0xA535, 0x0001, 0x39E9, 0xF79E, 0xFFFF,
  0x5ACC, 0x0022, 0x10C4, 0x10A4, 0x10C4, 0x0024, 0xAC62, 0x7364, 0x00A6, 0x1125, 0x1105, 0x1105, 0x1105, 0x1125, 0x1105, 0x1125,
  0x1105, 0x1105, 0x1105, 0x1105, 0x1105, 0x1105, 0x1105, 0x1126, 0x00A4, 0x530D, 0xFFFF, 0xFFDF, 0xFFDF, 0xFFFF, 0x9D35, 0x1125,
  0x00A4, 0x6BD0, 0xFFFF, 0xF79E, 0x3209, 0x08E5, 0x08E5, 0x428B, 0xE73D, 0xFFFF, 0xFFFF, 0xFFDF, 0x5B4E, 0x0083, 0x5B4E, 0xEF7E,
  0xFFFF, 0xFFFF, 0xEF9E, 0x3A4A, 0x3A4A, 0xFFFF, 0x8472, 0x0022, 0x532D, 0xFFFF, 0x9D14, 0x0063, 0x428B, 0xFFFF, 0x8CB3, 0x0083,
  0x94F4, 0xFFFF, 0xFFFF, 0xFFFF, 0xCE9A, 0x29C8, 0x0083, 0x8C92, 0xFFFF, 0xFFDF, 0xFFFF, 0xFFFF, 0x7C11, 0x0043, 0xA555, 0xFFFF,
  0xFFDF, 0xFFFF, 0xEF9E, 0x6BAF, 0x08C4, 0x1105, 0x1946, 0x1126, 0x0905, 0x1105, 0x1126, 0x08C4, 0x4ACC, 0xEF7D, 0xFFFF, 0xFFFF,
  0xF7DF, 0x6BD0, 0x08E5, 0x08E5, 0x0084, 0x08E5, 0x1126, 0x00A4, 0x00C4, 0x1126, 0x1125, 0x00A4, 0x0063, 0x00A4, 0x1105, 0x1126,
  0x00C4, 0x00C4, 0x00A4, 0x00A4, 0x1126, 0x08C4, 0x0063, 0x08E5, 0xE75D, 0xADB7, 0x00C4, 0xB5D7, 0x8472, 0x00C4, 0x1126, 0x00A4,
  0x0083, 0x00C4, 0x1125, 0x1125, 0x00A4, 0x00C4, 0x00C4, 0x0083, 0x08E5, 0x1126, 0x1126, 0x08E5, 0x0083, 0x0083, 0x08E5, 0x1146,
  0x00C4, 0x638F, 0xF7BE, 0xFFFF, 0xFFFF, 0xF79E, 0x5B4E, 0x08E5, 0x0083, 0xC659, 0xFFFF, 0x8472, 0x3229, 0xF79E, 0xFFFF, 0xFFDF,
  0xFFFF, 0xC659, 0x1146, 0x3209, 0xFFFF, 0x63AF, 0x00C4, 0x1146, 0x00C4, 0x0083, 0x00E5, 0x1146, 0x1126, 0x1146, 0x00E5, 0x0083,
  0x00A4, 0x1146, 0x00C4, 0x9D55, 0xF7BE, 0x1987, 0x00E5, 0x00A4, 0x0905, 0x1146, 0x08E5, 0x00A3, 0x00A4, 0x1126, 0x00C4, 0x8CB3,
  0xF7BE, 0x1967, 0x0083, 0x00E4, 0x1126, 0x1126, 0x0925, 0x00A4, 0x0083, 0x00C4, 0x1126, 0x1125, 0xADB7, 0x94F4, 0x00C4, 0x00C4,
  0x08E4, 0x00C4, 0x0083, 0x08E5, 0x1126, 0x1125, 0x1125, 0x1125, 0x1125, 0x1125, 0x1125, 0x1125, 0x1105, 0x1125, 0x1125, 0x1105,
  0x1105, 0x1105, 0x1105, 0x1105, 0x1125, 0x1105, 0x1105, 0x1125, 0x1125, 0x1105, 0x1126, 0x08A5, 0x5D8C, 0x3287, 0x0843, 0x10A4,
  0x10A4, 0x10C4, 0x0022, 0xAD76, 0xFFFF, 0xAD76, 0x0863, 0x10A4, 0x10A4, 0x1084, 0x1084, 0x1084, 0x1084, 0x1084, 0x1084, 0x10A4,
  0x0863, 0xAD55, 0xFFFF, 0xAD56, 0x0863, 0x10A4, 0x0884, 0x1084, 0x0884, 0x0884, 0x1084, 0x10A4, 0x10A4, 0x10A4, 0x0042, 0xB597,
  0xFFFF, 0xFFFF, 0xFFFF, 0xFFFF, 0xFFFF, 0xFFFF, 0xFFFF, 0xFFFF, 0xB5B7, 0x0002, 0x2967, 0xF79E, 0xFFFF, 0xFFDF, 0xFFFF, 0xB5B7,
  0x0863, 0x10A4, 0x10A4, 0x0863, 0xBDF8, 0xFFFF, 0xFFFF, 0xFFFF, 0xFFFF, 0xFFFF, 0xFFFF, 0x6B8F, 0x0000, 0x7BF0, 0xFFFF, 0xE75D,
  0x2126, 0x0042, 0xC638, 0xFFFF, 0xFFFF, 0xFFFF, 0xEF5D, 0x2967, 0x0022, 0xCE7A, 0xFFFF, 0xA555, 0x0001, 0x39E9, 0xFFDF, 0xFFFF,
  0x5ACC, 0x0022, 0x10C4, 0x10A4, 0x10C4, 0x0024, 0xAC62, 0x7364, 0x00A6, 0x1125, 0x1105, 0x1105, 0x1105, 0x1105, 0x1105, 0x1105,
  0x1105, 0x1105, 0x1105, 0x1105, 0x1105, 0x1105, 0x1105, 0x1126, 0x00A4, 0x52EC, 0xFFFF, 0x73F0, 0x1946, 0xA555, 0xFFFF, 0x428B,
  0x00A4, 0xCE9A, 0xEF9E, 0xFFDF, 0x7C31, 0x00C4, 0x00A4, 0xBE18, 0xFFDF, 0x2187, 0x1126, 0xC639, 0xADB7, 0x08C4, 0xDEFC, 0xDF1C,
  0x1126, 0x21A8, 0xD6DB, 0x8C93, 0x08C5, 0xEF7D, 0xC639, 0x0063, 0x8CB3, 0xFFFF, 0xD6BA, 0x00A4, 0x73D0, 0xFFFF, 0x3A2A, 0x532D,
  0xFFFF, 0x8C92, 0x1966, 0x532D, 0xFFFF, 0xBDF8, 0x0063, 0x8C93, 0xFFFF, 0x428B, 0x2187, 0xD6DB, 0xF79E, 0x08E5, 0xA555, 0xF79E,
  0x3A4A, 0x3A4A, 0xBE18, 0xFFFF, 0x3A4A, 0x1105, 0xEF7E, 0xA555, 0x00A4, 0x1126, 0x0905, 0x1946, 0xE75D, 0xE73D, 0x426B, 0x21A8,
  0xC659, 0xFFFF, 0x29C8, 0x29C8, 0x73F0, 0x29C8, 0x08E5, 0x5B4E, 0x530D, 0x08E5, 0x08E5, 0x5B2D, 0x8C93, 0x636E, 0x1126, 0x08E5,
  0x530D, 0x530D, 0x5B2D, 0x638F, 0x00A4, 0x4AAC, 0x7C51, 0x4AAB, 0xDEFC, 0xB5B7, 0x00C4, 0x636E, 0x4AAC, 0x08E5, 0x1126, 0x636E,
  0x8C92, 0x5B2D, 0x1105, 0x0905, 0x5B4E, 0x4AAB, 0x52EC, 0x7C31, 0x3A2A, 0x0905, 0x08E5, 0x3A6A, 0x8492, 0x8452, 0x3209, 0x00C4,
  0x29E8, 0xF7DF, 0xCEBA, 0x29E9, 0x3229, 0xDEDB, 0xF79E, 0x21A7, 0x4AEC, 0xF79E, 0xDEFB, 0x428B, 0x29C8, 0xFFFF, 0x8CB3, 0x08C4,
  0x73F0, 0xFFFF, 0x532D, 0x21A8, 0xFFFF, 0x6BAF, 0x0083, 0x1966, 0x63AF, 0x8472, 0x42CC, 0x08E5, 0x1146, 0x0905, 0x42AB, 0x8472,
  0x6BD0, 0x1967, 0x00A4, 0x9D55, 0xF7BE, 0x1126, 0x2A09, 0x7C31, 0x2A09, 0x00C4, 0x3A6A, 0x8472, 0x6BD0, 0x1967, 0x00A3, 0x8CD3,
  0xEF7D, 0x428B, 0x7C51, 0x532D, 0x0905, 0x0905, 0x1966, 0x6BAF, 0x8C92, 0x530D, 0x0905, 0x0905, 0x5B4E, 0x4AEC, 0x0905, 0x636E,
  0x428B, 0x530D, 0x7C31, 0x3209, 0x08E5, 0x1126, 0x1125, 0x1125, 0x1125, 0x1125, 0x1125, 0x1125, 0x1105, 0x1105, 0x1105, 0x1125,
  0x1125, 0x1105, 0x1105, 0x1105, 0x1125, 0x1105, 0x1105, 0x1125, 0x1105, 0x1105, 0x1126, 0x08A5, 0x658C, 0x3287, 0x0843, 0x10A4,
  0x10A4, 0x10C4, 0x0022, 0xAD76, 0xFFDF, 0xE73D, 0xCE59, 0xCE59, 0xCE79, 0xCE79, 0xCE79, 0xCE79, 0xCE79, 0xCE79, 0xCE79, 0xCE59,
  0xCE59, 0xEF5D, 0xFFDF, 0xAD76, 0x0043, 0x1905, 0xBDF8, 0xCE7A, 0xCE59, 0xCE59, 0xCE59, 0xCE59, 0xBE18, 0x2967, 0x0022, 0xAD96,
  0xFFDF, 0xCE79, 0x4229, 0x6B6E, 0xF79E, 0xFFDF, 0xFFDF, 0xFFDF, 0xEF7D, 0xC659, 0xD69A, 0xFFDF, 0xFFDF, 0xFFDF, 0xFFDF, 0xB5B7,
  0x0863, 0x10A4, 0x10A4, 0x10A4, 0x3A09, 0x52AC, 0x528B, 0x52AB, 0x52AB, 0x52AB, 0x4A8B, 0xA535, 0xCE7A, 0x9CF4, 0x4A6A, 0x4A8B,
  0x18C5, 0x0884, 0x4229, 0x4A4A, 0x94B3, 0xFFDF, 0xF79E, 0xCE7A, 0xCE59, 0x7C11, 0x4A6B, 0x3A09, 0x0863, 0x18E5, 0x4A8B, 0x52AC,
  0x2126, 0x0883, 0x10A4, 0x10A4, 0x10C4, 0x0024, 0xAC62, 0x7364, 0x00A6, 0x1125, 0x1105, 0x1105, 0x1105, 0x1105, 0x1105, 0x1105,
  0x1105, 0x1105, 0x1105, 0x1105, 0x1105, 0x1105, 0x1105, 0x1126, 0x00A4, 0x52EC, 0xFFFF, 0x530D, 0x0000, 0x530D, 0xFFFF, 0x4ACC,
  0x29C8, 0xFFFF, 0x8452, 0xCE7A, 0xD6DB, 0x08E5, 0x00A4, 0xA576, 0xFFFF, 0x8492, 0x3A4A, 0x1126, 0x1126, 0x0905, 0xC659, 0xFFFF,
  0x73F0, 0x3209, 0x1126, 0x1126, 0x00C4, 0xA576, 0xF7BF, 0x1126, 0xC659, 0xEF5D, 0xF79E, 0x29C8, 0xA556, 0xF79E, 0x1105, 0xBDF8,
  0xEF5D, 0x1125, 0x08C4, 0x0063, 0x9D35, 0xFFFF, 0x1966, 0x8452, 0xFFFF, 0x21A8, 0x0002, 0xADB7, 0xFFFF, 0x1946, 0xA555, 0xEF7D,
  0x1126, 0x0083, 0x21A8, 0xFFDF, 0x8C93, 0x00C4, 0x9D15, 0x6BAF, 0x08C4, 0x1126, 0x00C4, 0x4AEC, 0xFFFF, 0x6BAF, 0x0063, 0x00A4,
  0x1125, 0x3A2A, 0x08E5, 0x638F, 0xFFFF, 0x530D, 0x0083, 0xE73C, 0xD6BA, 0x0083, 0x94D3, 0xFFDF, 0xB5D7, 0xF7BE, 0xA576, 0x0063,
  0xC638, 0xFFFF, 0xEF9E, 0xA555, 0x426B, 0xFFFF, 0xEF7D, 0xCE79, 0xF7BE, 0xA576, 0x1105, 0xF7BE, 0xB5B7, 0x0083, 0xB5B7, 0xF7BE,
  0xBDF8, 0xFFFF, 0x8472, 0x00C4, 0xDEFB, 0xEF9E, 0xD6BA, 0xFFFF, 0xEF5D, 0x1966, 0x3A6A, 0xF79E, 0xC659, 0xCE9A, 0xEF9E, 0x2187,
  0x638E, 0xFFFF, 0x428B, 0x00A4, 0x0083, 0x52EC, 0xFFFF, 0x5B2D, 0x8472, 0xFFFF, 0xF7BE, 0x9D14, 0x21A7, 0xFFFF, 0x9D35, 0x31E9,
  0x94D3, 0xE73C, 0x29C8, 0x29E9, 0xFFFF, 0x638F, 0x00C4, 0xBE38, 0xFFDF, 0xD6BB, 0xFFFF, 0x73F0, 0x0083, 0x6BD0, 0xFFFF, 0xDEFB,
  0xFFDF, 0xDEFC, 0x0905, 0x9D35, 0xEF7D, 0x21A7, 0xE71C, 0xE73D, 0x1146, 0x532D, 0xFFDF, 0xE73C, 0xF79E, 0xDEFC, 0x1125, 0x8492,
  0xF7BE, 0xCE7A, 0xF79E, 0xFFFF, 0x5B6E, 0x00C4, 0xBE38, 0xF79E, 0xBDF8, 0xFFFF, 0x7C31, 0x00C4, 0xE75D, 0xC659, 0x08E5, 0xE73C,
  0xEF7D, 0xD6BA, 0xFFFF, 0xE73C, 0x1987, 0x0905, 0x1125, 0x1105, 0x1105, 0x1126, 0x1105, 0x1105, 0x1105, 0x1105, 0x1105, 0x1105,
  0x1105, 0x1105, 0x1125, 0x1105, 0x1105, 0x1105, 0x1125, 0x1105, 0x1105, 0x1105, 0x1125, 0x08A5, 0x658C, 0x3287, 0x0843, 0x10A4,
  0x10A4, 0x10C4, 0x0002, 0xBDD7, 0xFFFF, 0xFFFF, 0xFFFF, 0xFFFF, 0xFFFF, 0xFFFF, 0xFFFF, 0xFFFF, 0xFFFF, 0xFFFF, 0xFFFF, 0xFFFF,
  0xFFFF, 0xFFFF, 0xFFFF, 0xBDD7, 0x0022, 0x2126, 0xFFFF, 0xFFFF, 0xFFFF, 0xFFFF, 0xFFFF, 0xFFFF, 0xFFFF, 0x31A8, 0x0002, 0xBDF8,
  0xFFFF, 0xC659, 0x0000, 0x3187, 0xFFFF, 0xFFFF, 0xFFFF, 0xFFFF, 0xFFFF, 0xFFFF, 0xFFFF, 0xFFFF, 0xFFFF, 0xFFFF, 0xFFFF, 0xC618,
  0x0863, 0x10A4, 0x10A4, 0x10A4, 0x0863, 0x0043, 0x0043, 0x0043, 0x0043, 0x0863, 0x0022, 0xBE18, 0xFFFF, 0xAD96, 0x0001, 0x0863,
  0x10A4, 0x10A4, 0x0883, 0x0001, 0x738F, 0xFFFF, 0xFFFF, 0xFFFF, 0xFFFF, 0x632E, 0x0001, 0x0884, 0x10A4, 0x1084, 0x0843, 0x0043,
  0x0884, 0x10A4, 0x10A4, 0x10A4, 0x10C4, 0x0024, 0xAC62, 0x7364, 0x00A6, 0x1125, 0x1105, 0x1105, 0x1105, 0x1105, 0x1105, 0x1105,
  0x1105, 0x1105, 0x1105, 0x1105, 0x1105, 0x1105, 0x1105, 0x1126, 0x00A4, 0x52EC, 0xFFFF, 0xADB7, 0x8472, 0xEF7D, 0xEF9E, 0x1126,
  0x7C31, 0xFFFF, 0x1967, 0x73F0, 0xFFFF, 0x3209, 0x00A4, 0x1946, 0xA535, 0xFFFF, 0xFFFF, 0xDEDB, 0x428B, 0x00A4, 0x21A8, 0xB5D7,
  0xFFFF, 0xFFFF, 0xC659, 0x3A2A, 0x0063, 0x6BCF, 0xFFFF, 0x5B2D, 0xEF9E, 0x6BAF, 0xE73C, 0x6BD0, 0xDEDB, 0xB5D7, 0x0083, 0xD6BB,
  0xD6BA, 0x1105, 0x1946, 0x08C4, 0x7C31, 0xFFFF, 0x21A8, 0x7C31, 0xFFFF, 0xCE7A, 0xC639, 0xFFDF, 0xADB7, 0x0063, 0xAD76, 0xEF7D,
  0x1967, 0x1105, 0x2187, 0xF79E, 0xA555, 0x00A4, 0x0042, 0x0083, 0x1125, 0x1126, 0x00A4, 0x6B8F, 0xFFFF, 0x4ACC, 0x00C4, 0xA555,
  0xCE9A, 0xC639, 0x428B, 0x530D, 0xFFDF, 0x52EC, 0x00A4, 0xD6BB, 0xC639, 0x00C4, 0x428B, 0x530D, 0x3209, 0xD6BB, 0xE73C, 0x08C5,
  0xB5B7, 0xF79E, 0x3209, 0x00A4, 0xBDF8, 0xF7BE, 0x1967, 0x31E9, 0xFFDF, 0xA576, 0x0905, 0xEF5D, 0xA576, 0x00C4, 0x4ACC, 0x530D,
  0x3A6A, 0xEF5D, 0xCE7A, 0x08E5, 0xCE9A, 0xE71C, 0x0905, 0x638F, 0xFFFF, 0x428B, 0x636E, 0xFFFF, 0x7C11, 0x3A4A, 0x5B4E, 0x0905,
  0x7C31, 0xFFFF, 0x29E8, 0x1125, 0x0905, 0x3A4A, 0xFFFF, 0x7C31, 0x0083, 0xE73D, 0xBE18, 0x0063, 0x3209, 0xF79E, 0xEF7E, 0xDEFB,
  0xFFFF, 0xB5B7, 0x08E5, 0x3229, 0xFFFF, 0x5B4E, 0x42AB, 0xFFFF, 0x6BAF, 0x0063, 0xBE38, 0xF7BE, 0x1146, 0xDF1C, 0xCE9A, 0x00C4,
  0x4ACC, 0xBE18, 0x21C8, 0x9514, 0xF79E, 0xCE9A, 0xDF1C, 0x21A7, 0x00A4, 0xDEFB, 0xDF1C, 0x0905, 0x3A6A, 0xBE18, 0x29E9, 0x7C51,
  0xFFFF, 0x42AB, 0x21A7, 0xF7BE, 0xAD96, 0x00C4, 0x52EC, 0x52EC, 0x428B, 0xEF7D, 0xC659, 0x00C4, 0xDEFB, 0xBDF8, 0x08E5, 0xDEFB,
  0xD6DB, 0x08C4, 0x7411, 0xFFFF, 0x4AAC, 0x00C4, 0x1126, 0x1125, 0x1125, 0x1125, 0x1105, 0x1105, 0x1105, 0x1105, 0x1105, 0x1105,
  0x1125, 0x1125, 0x1105, 0x1105, 0x1105, 0x1105, 0x1105, 0x1105, 0x1105, 0x1105, 0x1125, 0x08A5, 0x658C, 0x3287, 0x0843, 0x10A4,
  0x10A4, 0x10A4, 0x0843, 0x6B4E, 0x9CF4, 0x94B3, 0x94B3, 0x94B3, 0x94B3, 0x94B3, 0x94B3, 0x94B3, 0x94B3, 0x94B3, 0x94B3, 0x94B3,
  0x94B3, 0x94B3, 0x9CF4, 0x6B6E, 0x0863, 0x18E5, 0x94D3, 0xA535, 0xA515, 0xA535, 0xA515, 0xA535, 0x9CD4, 0x2126, 0x0843, 0x73AF,
  0xA535, 0x7BF0, 0x0843, 0x2967, 0x9CF4, 0xA535, 0xA535, 0xA535, 0xA535, 0xA535, 0xA535, 0xA535, 0xA535, 0xA535, 0xA535, 0x73D0,
  0x0883, 0x10A4, 0x10A4, 0x10A4, 0x10A4, 0x10C4, 0x10A4, 0x10A4, 0x10A4, 0x10C4, 0x10A4, 0x73AF, 0xA535, 0x6B6E, 0x0863, 0x10C4,
  0x10A4, 0x10A4, 0x10C4, 0x0863, 0x4A8B, 0xA535, 0xA515, 0xA515, 0xA535, 0x424A, 0x0883, 0x10C4, 0x10A4, 0x10A4, 0x10A4, 0x10C4,
  0x10A4, 0x10A4, 0x10A4, 0x10A4, 0x10C4, 0x0024, 0xAC62, 0x7364, 0x0086, 0x1125, 0x1105, 0x1105, 0x1105, 0x1105, 0x1105, 0x1105,
  0x1105, 0x1105, 0x1105, 0x1105, 0x1105, 0x1105, 0x1105, 0x1126, 0x00A4, 0x52ED, 0xFFFF, 0xE71C, 0xD69A, 0xB5D7, 0x426A, 0x00A4,
  0xCE9A, 0xFFFF, 0xCE7A, 0xDEFB, 0xFFFF, 0x7411, 0x00C4, 0x3A6A, 0x2187, 0x1125, 0x4AAC, 0xEF7D, 0xDEFB, 0x1126, 0x426B, 0x1946,
  0x1146, 0x5B4D, 0xFFDF, 0xBDF8, 0x00A4, 0x29E8, 0xF7BF, 0xD6BB, 0xE75D, 0x1946, 0xB5D7, 0xD6DB, 0xF7BE, 0x73F0, 0x0042, 0xBDF8,
  0xEF7D, 0x1126, 0x00C4, 0x0063, 0xA535, 0xFFFF, 0x1966, 0x8451, 0xFFFF, 0xAD76, 0xF79E, 0xEF7D, 0x2187, 0x0063, 0xAD76, 0xEF7D,
  0x1105, 0x0063, 0x29C8, 0xFFFF, 0x8C92, 0x00A4, 0x5B2D, 0x3A4A, 0x08E5, 0x1126, 0x00C4, 0x52EC, 0xFFFF, 0x6BCF, 0x0043, 0x52CC,
  0x9D14, 0xFFFF, 0x52EC, 0x530D, 0xFFFF, 0x4AAB, 0x0042, 0xD6BB, 0xC659, 0x00A4, 0x7C31, 0xDF1C, 0xC639, 0xE75D, 0xDEDB, 0x08C4,
  0xBDF8, 0xDEFB, 0x08E5, 0x0083, 0xD6DB, 0xD6DB, 0x0063, 0x0905, 0xE73C, 0xAD96, 0x08E5, 0xEF7D, 0xA576, 0x08C4, 0x9D14, 0xDEDB,
  0xBE18, 0xEF7D, 0xC638, 0x08E4, 0xD6BB, 0xC639, 0x0063, 0x52EC, 0xFFFF, 0x530D, 0x00C4, 0x94F4, 0xE75D, 0xF79E, 0xC639, 0x1967,
  0x638F, 0xFFFF, 0x428B, 0x0083, 0x0083, 0x4AEC, 0xFFFF, 0x636E, 0x00A4, 0xE73C, 0xBE18, 0x0083, 0x3209, 0xFFFF, 0x8C93, 0x08C4,
  0x42AB, 0xFFFF, 0x7C51, 0x21C8, 0xFFFF, 0x5B2D, 0x636E, 0xFFDF, 0x3A6A, 0x0022, 0x8CD3, 0xFFFF, 0x2A09, 0xF7BE, 0x9D35, 0x00A4,
  0x00C4, 0x00A4, 0x00C4, 0x9D14, 0xFFFF, 0xFFFF, 0xCE9A, 0x1126, 0x0905, 0xF79E, 0xB5D7, 0x0083, 0x00E5, 0x00A4, 0x00C4, 0x8CB3,
  0xFFFF, 0x2187, 0x1146, 0xEF9E, 0xADB7, 0x08C4, 0xA555, 0xDEFB, 0xBE18, 0xEF9E, 0xBE18, 0x08C4, 0xDEFC, 0xBDF8, 0x08E5, 0xE71C,
  0xB5B7, 0x0042, 0x5B4E, 0xFFFF, 0x4AAB, 0x00C4, 0x1126, 0x1105, 0x1105, 0x1105, 0x1105, 0x1105, 0x1105, 0x1105, 0x1105, 0x1105,
  0x1105, 0x1105, 0x1105, 0x1105, 0x1105, 0x1105, 0x1105, 0x1105, 0x1105, 0x1105, 0x1125, 0x08A5, 0x658C, 0x3287, 0x0843, 0x10A4,
  0x10A4, 0x10A4, 0x10A4, 0x0043, 0x0002, 0x0022, 0x0022, 0x0022, 0x0022, 0x0022, 0x0022, 0x0022, 0x0022, 0x0022, 0x0022, 0x0022,
  0x0022, 0x0022, 0x0002, 0x0043, 0x10A4, 0x10A4, 0x0022, 0x0002, 0x0002, 0x0002, 0x0002, 0x0002, 0x0022, 0x1084, 0x10A4, 0x0042,
  0x0002, 0x0042, 0x10A4, 0x0884, 0x0022, 0x0002, 0x0002, 0x0002, 0x0002, 0x0002, 0x0002, 0x0002, 0x0002, 0x0002, 0x0002, 0x0042,
  0x10A4, 0x10A4, 0x10A4, 0x10A4, 0x10A4, 0x10A4, 0x10A4, 0x10A4, 0x10A4, 0x10A4, 0x10A4, 0x0042, 0x0002, 0x0043, 0x10A4, 0x10A4,
  0x10A4, 0x10A4, 0x10A4, 0x10A4, 0x0863, 0x0002, 0x0002, 0x0002, 0x0002, 0x0863, 0x10A4, 0x10A4, 0x10A4, 0x10A4, 0x10A4, 0x10A4,
  0x10A4, 0x10A4, 0x10A4, 0x10A4, 0x10C4, 0x0024, 0xAC62, 0x7B63, 0x00A6, 0x1125, 0x1105, 0x1105, 0x1105, 0x1105, 0x1105, 0x1105,
  0x1105, 0x1105, 0x1105, 0x1105, 0x1105, 0x1105, 0x1105, 0x1126, 0x00A4, 0x52EC, 0xFFFF, 0x5B2D, 0x0063, 0x08C4, 0x0083, 0x3A2A,
  0xFFDF, 0xBDF8, 0x8492, 0x8472, 0xEF7D, 0xCE9A, 0x00A4, 0xDEDB, 0xDF1C, 0x29C8, 0x1967, 0xD6BA, 0xE73D, 0x1946, 0xF79E, 0xC659,
  0x1967, 0x3209, 0xEF7D, 0xC639, 0x08C4, 0x1105, 0xC639, 0xFFFF, 0xB5D7, 0x0063, 0x73F0, 0xFFFF, 0xF7BF, 0x3209, 0x0083, 0x638F,
  0xFFFF, 0x94F4, 0x29C8, 0x634E, 0xFFFF, 0xB5D7, 0x0063, 0x8C92, 0xFFFF, 0x1126, 0x52ED, 0xFFFF, 0x73F0, 0x0022, 0xA576, 0xF79E,
  0x428B, 0x426A, 0xC639, 0xFFDF, 0x3209, 0x1105, 0xFFFF, 0xB5F8, 0x00A4, 0x1126, 0x1105, 0x1126, 0xDF1C, 0xEF7D, 0x4ACC, 0x2187,
  0xA576, 0xF7DF, 0x1946, 0x530D, 0xFFFF, 0x7C31, 0x3A4A, 0xF79E, 0xBDF8, 0x2187, 0xFFFF, 0x9D15, 0x0063, 0xCE9A, 0xDF1C, 0x08C4,
  0xB5F8, 0xDEFC, 0x1126, 0x00A4, 0xB5B7, 0xFFFF, 0x3229, 0x4ACC, 0xFFFF, 0xA555, 0x0905, 0xEF5D, 0x9D15, 0x29E8, 0xFFFF, 0x73F0,
  0x08E5, 0xE71C, 0xC659, 0x08C4, 0xD6BA, 0xC659, 0x0083, 0x530D, 0xFFFF, 0x4ACC, 0x3229, 0x7C31, 0x21A7, 0x5B4E, 0xFFFF, 0x7C31,
  0x1126, 0xF7BE, 0xCE9A, 0x3A2A, 0x428B, 0xDEFC, 0xEF5D, 0x1987, 0x08E5, 0xE71C, 0xBE18, 0x0083, 0x3209, 0xFFDF, 0x94F4, 0x1967,
  0x532D, 0xFFFF, 0x9D14, 0x21C8, 0xFFFF, 0x5B4E, 0x322A, 0xFFFF, 0x7C31, 0x10E5, 0xD6DB, 0xE75D, 0x0905, 0xD6BA, 0xE73C, 0x1966,
  0x6BD0, 0xE73D, 0x21C8, 0x94F4, 0xF79E, 0x6BAF, 0xFFFF, 0x94F4, 0x0063, 0xC659, 0xEF7D, 0x21A7, 0x5B4E, 0xE73D, 0x3209, 0x7C52,
  0xFFDF, 0x21C8, 0x1946, 0xF79E, 0xA555, 0x3229, 0xFFFF, 0x6BAF, 0x08E5, 0xE73C, 0xBE18, 0x00C4, 0xDEFB, 0xB5F8, 0x08E5, 0xDF1C,
  0xB5F7, 0x0063, 0x636E, 0xFFFF, 0x42AB, 0x00C4, 0x1126, 0x1105, 0x1105, 0x1105, 0x1105, 0x1105, 0x1105, 0x1105, 0x1105, 0x1105,
  0x1105, 0x1105, 0x1105, 0x1105, 0x1105, 0x1105, 0x1105, 0x1105, 0x1105, 0x1105, 0x1125, 0x08A5, 0x658C, 0x3287, 0x0843, 0x10A4,
  0x10A4, 0x10A4, 0x10A4, 0x10C4, 0x10C4, 0x10C4, 0x10C4, 0x10C4, 0x10C4, 0x10C4, 0x10C4, 0x10C4, 0x10C4, 0x10C4, 0x10C4, 0x10C4,
  0x10C4, 0x10C4, 0x10C4, 0x10C4, 0x10A4, 0x10A4, 0x10C4, 0x10C4, 0x10C4, 0x10C4, 0x10C4, 0x10C4, 0x10C4, 0x10A4, 0x10A4, 0x10C4,
  0x10C4, 0x10C4, 0x10A4, 0x10A4, 0x10C4, 0x10C4, 0x10C4, 0x10C4, 0x10C4, 0x10C4, 0x10C4, 0x10C4, 0x10C4, 0x10C4, 0x10C4, 0x10C4,
  0x10A4, 0x10A4, 0x10A4, 0x10A4, 0x10A4, 0x10A4, 0x10A4, 0x10A4, 0x10A4, 0x10A4, 0x10A4, 0x10C4, 0x10C4, 0x10C4, 0x10A4, 0x10A4,
  0x10A4, 0x10A4, 0x10A4, 0x10A4, 0x10A4, 0x10C4, 0x10C4, 0x10C4, 0x10C4, 0x10A4, 0x10A4, 0x10A4, 0x10A4, 0x10A4, 0x10A4, 0x10A4,
  0x10A4, 0x10A4, 0x10A4, 0x10A4, 0x10C4, 0x0024, 0xB462, 0x7B63, 0x0086, 0x1125, 0x1105, 0x1105, 0x1105, 0x1105, 0x1105, 0x1105,
  0x1105, 0x1105, 0x1105, 0x1105, 0x1105, 0x1105, 0x1105, 0x1126, 0x00A4, 0x530D, 0xFFFF, 0x636E, 0x00A4, 0x1946, 0x00A4, 0x8472,
  0xFFFF, 0x3229, 0x0063, 0x0022, 0x8CB3, 0xFFFF, 0x3A29, 0x4ACC, 0xEF7D, 0xFFFF, 0xFFFF, 0xF7BF, 0x5B4E, 0x0083, 0x6BAF, 0xFFDF,
  0xFFDF, 0xFFFF, 0xEF5D, 0x4AAB, 0x08E5, 0x00A4, 0x8472, 0xFFFF, 0x7C11, 0x0063, 0x3A2A, 0xFFFF, 0xD6BA, 0x1105, 0x1105, 0x0905,
  0x8CB3, 0xFFFF, 0xFFFF, 0xFFFF, 0xC639, 0x21A8, 0x0083, 0x8CB3, 0xFFFF, 0x3229, 0x00A4, 0xCE9A, 0xF7BE, 0x1105, 0xA555, 0xFFFF,
  0xFFFF, 0xFFFF, 0xE75D, 0x5B4E, 0x08C4, 0x1105, 0x42AB, 0x3229, 0x08E5, 0x1105, 0x1126, 0x08C4, 0x428B, 0xDEFC, 0xFFFF, 0xFFFF,
  0xFFFF, 0x6BAF, 0x00A4, 0x2187, 0xD6BA, 0xFFFF, 0xD6BA, 0xEF7D, 0xC659, 0x08E5, 0xC659, 0xF79E, 0xBE39, 0xE73D, 0xE73C, 0x08C4,
  0xBE38, 0xE75D, 0x1125, 0x08C4, 0x3A4A, 0xEF7D, 0xFFDF, 0xCE79, 0xFFDF, 0xADB7, 0x08E5, 0xF7BE, 0xAD96, 0x1105, 0xDEDB, 0xEF7D,
  0xC639, 0xFFDF, 0xCE7A, 0x08C4, 0xDEFB, 0xCE9A, 0x0083, 0x530D, 0xFFFF, 0x4AEC, 0x3A2A, 0xFFDF, 0xEF5D, 0xE73C, 0xDEFB, 0x3209,
  0x00A4, 0x5B2D, 0xEF7D, 0xFFFF, 0xFFFF, 0xE73C, 0x4ACC, 0x08C4, 0x1105, 0xEF5D, 0xC659, 0x0063, 0x3229, 0xFFDF, 0xFFFF, 0xFFDF,
  0xFFFF, 0xD6DB, 0x29C8, 0x2A09, 0xFFFF, 0x6BAF, 0x0083, 0xA555, 0xFFDF, 0xEF7D, 0xF79E, 0x636E, 0x00A4, 0x4AEC, 0xEF7E, 0xF79E,
  0xFFFF, 0xB5F8, 0x00C4, 0xA576, 0xFFFF, 0x08E5, 0x9D14, 0xFFFF, 0x42AB, 0x3229, 0xEF5D, 0xF7BE, 0xFFFF, 0xC639, 0x08E5, 0x8CB3,
  0xFFFF, 0x21A8, 0x1946, 0xFFDF, 0xB5B7, 0x1946, 0xDEFC, 0xE73D, 0xBE38, 0xFFDF, 0xC639, 0x08C4, 0xE73C, 0xC639, 0x08E5, 0xEF5D,
  0xBE18, 0x0063, 0x638F, 0xFFFF, 0x4ACC, 0x00C4, 0x1126, 0x1105, 0x1105, 0x1105, 0x1105, 0x1105, 0x1105, 0x1105, 0x1105, 0x1105,
  0x1105, 0x1105, 0x1105, 0x1105, 0x1105, 0x1105, 0x1105, 0x1105, 0x1105, 0x1105, 0x1125, 0x08A5, 0x658C, 0x3287, 0x0843, 0x10A4,
  0x10A4, 0x10A4, 0x10A4, 0x10A4, 0x10A4, 0x10A4, 0x10A4, 0x10A4, 0x10A4, 0x10A4, 0x10A4, 0x10A4, 0x10A4, 0x10A4, 0x10A4, 0x10A4,
  0x10A4, 0x10A4, 0x10A4, 0x10A4, 0x10A4, 0x10A4, 0x10A4, 0x10A4, 0x10A4, 0x10A4, 0x10A4, 0x10A4, 0x10A4, 0x10A4, 0x10A4, 0x10A4,
  0x10A4, 0x10A4, 0x10A4, 0x10A4, 0x10A4, 0x10A4, 0x10A4, 0x10A4, 0x10A4, 0x10A4, 0x10A4, 0x10A4, 0x10A4, 0x10A4, 0x10A4, 0x10A4,
  0x10A4, 0x10A4, 0x10A4, 0x10A4, 0x10A4, 0x10A4, 0x10A4, 0x10A4, 0x10A4, 0x10A4, 0x10A4, 0x10A4, 0x10A4, 0x10A4, 0x10A4, 0x10A4,
  0x10A4, 0x10A4, 0x10A4, 0x10A4, 0x10A4, 0x10A4, 0x10A4, 0x10A4, 0x10A4, 0x10A4, 0x10A4, 0x10A4, 0x10A4, 0x10A4, 0x10A4, 0x10A4,
  0x10A4, 0x10A4, 0x10A4, 0x10A4, 0x10C4, 0x0024, 0xAC62, 0x7343, 0x00A6, 0x1125, 0x1105, 0x1105, 0x1105, 0x1105, 0x1105, 0x1105,
  0x1105, 0x1105, 0x1105, 0x1105, 0x1105, 0x1105, 0x1105, 0x1105, 0x0905, 0x1967, 0x426B, 0x2187, 0x1105, 0x1105, 0x08E5, 0x3209,
  0x426A, 0x1126, 0x1126, 0x1105, 0x1967, 0x426B, 0x2187, 0x00A4, 0x2187, 0x530D, 0x5B2D, 0x29C8, 0x08C4, 0x1105, 0x08C4, 0x29C8,
  0x5B2D, 0x530D, 0x21A8, 0x08C4, 0x1126, 0x08E5, 0x2187, 0x426B, 0x1967, 0x08E5, 0x1105, 0x426A, 0x31E9, 0x0905, 0x1105, 0x1105,
  0x00C4, 0x3209, 0x5B2D, 0x428B, 0x1105, 0x08E5, 0x1105, 0x29A8, 0x426B, 0x1946, 0x08E5, 0x2187, 0x428B, 0x1946, 0x29C8, 0x426B,
  0x428B, 0x3A6A, 0x1967, 0x00C4, 0x1105, 0x1105, 0x00C4, 0x08E5, 0x1105, 0x1105, 0x1105, 0x1125, 0x08C4, 0x1946, 0x4ACC, 0x5B0D,
  0x29C8, 0x08C4, 0x1125, 0x08E5, 0x2167, 0x4ACC, 0x21A8, 0x31E9, 0x3A2A, 0x08E5, 0x1946, 0x5B2D, 0x4AAB, 0x29A8, 0x3A4A, 0x0905,
  0x3209, 0x3A4A, 0x1105, 0x1105, 0x08C5, 0x29C8, 0x52EC, 0x21A8, 0x3229, 0x3209, 0x1105, 0x3A4A, 0x3209, 0x08E4, 0x21A7, 0x5B4E,
  0x426B, 0x31E9, 0x3A2A, 0x0905, 0x3A2A, 0x3229, 0x08E5, 0x1967, 0x426B, 0x2187, 0x00C4, 0x2187, 0x5B4D, 0x5B4E, 0x2187, 0x08E5,
  0x1126, 0x00C4, 0x2187, 0x52ED, 0x52EC, 0x1967, 0x08C4, 0x1126, 0x1105, 0x3A4A, 0x3229, 0x0905, 0x1946, 0x3A6A, 0x428B, 0x42AB,
  0x3A6A, 0x1967, 0x08E4, 0x1966, 0x428B, 0x21A7, 0x0905, 0x08E5, 0x42AB, 0x5B4E, 0x29E8, 0x00E4, 0x1146, 0x08E5, 0x29C8, 0x636E,
  0x4ACC, 0x0925, 0x08E5, 0x2A09, 0x3A8B, 0x1126, 0x1146, 0x428B, 0x3209, 0x00C4, 0x21A7, 0x5B6E, 0x4AEC, 0x0905, 0x08E5, 0x29C8,
  0x428B, 0x1146, 0x1126, 0x3A6A, 0x3209, 0x08E5, 0x21A8, 0x5B6E, 0x3A4A, 0x3209, 0x3229, 0x0905, 0x3A4A, 0x3209, 0x1105, 0x3A4A,
  0x3209, 0x08E5, 0x2187, 0x428B, 0x1967, 0x0905, 0x1105, 0x1105, 0x1105, 0x1105, 0x1105, 0x1105, 0x1105, 0x1105, 0x1105, 0x1105,
  0x1105, 0x1105, 0x1105, 0x1105, 0x1105, 0x1105, 0x1105, 0x1105, 0x1105, 0x1105, 0x1125, 0x08A5, 0x546A, 0x5429, 0x0803, 0x10C4,
  0x10A4, 0x10A4, 0x10A4, 0x10A4, 0x10A4, 0x10A4, 0x10A4, 0x10A4, 0x10A4, 0x10A4, 0x10A4, 0x10A4, 0x10A4, 0x10A4, 0x10A4, 0x10A4,
  0x10A4, 0x10A4, 0x10A4, 0x10A4, 0x10A4, 0x10A4, 0x10A4, 0x10A4, 0x10A4, 0x10A4, 0x10A4, 0x10A4, 0x10A4, 0x10A4, 0x10A4, 0x10A4,
  0x10A4, 0x10A4, 0x10A4, 0x10A4, 0x10A4, 0x10A4, 0x10A4, 0x10A4, 0x10A4, 0x10A4, 0x10A4, 0x10A4, 0x10A4, 0x10A4, 0x10A4, 0x10A4,
  0x10A4, 0x10A4, 0x10A4, 0x10A4, 0x10A4, 0x10A4, 0x10A4, 0x10A4, 0x10A4, 0x10A4, 0x10A4, 0x10A4, 0x10A4, 0x10A4, 0x10A4, 0x10A4,
  0x10A4, 0x10A4, 0x10A4, 0x10A4, 0x10A4, 0x10A4, 0x10A4, 0x10A4, 0x10A4, 0x10A4, 0x10A4, 0x10A4, 0x10A4, 0x10A4, 0x10A4, 0x10A4,
  0x10A4, 0x10A4, 0x10A4, 0x10C4, 0x10A4, 0x10A4, 0xCD01, 0x4A64, 0x00C6, 0x1125, 0x1105, 0x1105, 0x1105, 0x1105, 0x1105, 0x1105,
  0x1105, 0x1105, 0x1105, 0x1105, 0x1105, 0x1105, 0x1105, 0x1105, 0x1105, 0x08E5, 0x00A4, 0x08E5, 0x1105, 0x1105, 0x1105, 0x08C4,
  0x00A4, 0x1105, 0x1105, 0x1105, 0x08E5, 0x00A4, 0x08E5, 0x1126, 0x08E5, 0x00A4, 0x00A4, 0x08C4, 0x1125, 0x1105, 0x1126, 0x08E5,
  0x00A4, 0x00A4, 0x08E5, 0x1126, 0x1105, 0x1105, 0x08E5, 0x00A4, 0x08E5, 0x1105, 0x1105, 0x00A4, 0x08C5, 0x1105, 0x1105, 0x1105,
  0x1125, 0x08C4, 0x00A4, 0x00C4, 0x1105, 0x1105, 0x1105, 0x08E5, 0x00A4, 0x1105, 0x1105, 0x08E5, 0x00A4, 0x0905, 0x08E5, 0x00C4,
  0x00A4, 0x00C4, 0x08E5, 0x1125, 0x1105, 0x1105, 0x1125, 0x1105, 0x1105, 0x1105, 0x1105, 0x1105, 0x1126, 0x08E5, 0x00A4, 0x00A4,
  0x08C4, 0x1125, 0x1105, 0x1105, 0x08E5, 0x00A4, 0x08E5, 0x08C4, 0x08C4, 0x1105, 0x10E5, 0x00A4, 0x00C4, 0x08E5, 0x08C4, 0x1105,
  0x08C4, 0x08C4, 0x1105, 0x1105, 0x1125, 0x08E5, 0x00A4, 0x08E5, 0x08C4, 0x08C4, 0x1105, 0x08C4, 0x08C4, 0x1125, 0x08E5, 0x00A4,
  0x00C4, 0x08C4, 0x08C4, 0x1105, 0x08C4, 0x08C4, 0x1105, 0x0905, 0x00C4, 0x08E5, 0x1126, 0x08E5, 0x00A4, 0x00A4, 0x08E5, 0x1125,
  0x1105, 0x1126, 0x08E5, 0x00C4, 0x00C4, 0x0905, 0x1126, 0x1105, 0x1105, 0x00C4, 0x08E5, 0x1126, 0x1105, 0x00C4, 0x00C4, 0x00C4,
  0x00C4, 0x0905, 0x1126, 0x0905, 0x00C4, 0x0905, 0x1126, 0x1126, 0x00C4, 0x00C4, 0x08E5, 0x1126, 0x1125, 0x1126, 0x0905, 0x00C4,
  0x00C4, 0x1125, 0x1126, 0x08E5, 0x00C4, 0x1126, 0x1125, 0x00C4, 0x08E5, 0x1126, 0x0905, 0x00C4, 0x00C4, 0x1125, 0x1126, 0x08E5,
  0x00C4, 0x1105, 0x1125, 0x00C4, 0x08E5, 0x1126, 0x08E5, 0x00A4, 0x08E4, 0x08E4, 0x08E4, 0x1125, 0x00C4, 0x08E4, 0x1125, 0x08C4,
  0x08E4, 0x1125, 0x08E5, 0x00C4, 0x0905, 0x1105, 0x1105, 0x1105, 0x1105, 0x1105, 0x1105, 0x1105, 0x1105, 0x1105, 0x1105, 0x1105,
  0x1105, 0x1105, 0x1105, 0x1105, 0x1105, 0x1105, 0x1105, 0x1105, 0x1105, 0x1105, 0x1105, 0x08C5, 0x21E6, 0x762C, 0x29E6, 0x0003,
  0x0843, 0x0843, 0x0843, 0x0843, 0x0843, 0x0843, 0x0843, 0x0843, 0x0843, 0x0844, 0x0844, 0x0844, 0x0844, 0x0844, 0x0844, 0x0844,
  0x0844, 0x0844, 0x0844, 0x0844, 0x0844, 0x0844, 0x0844, 0x0844, 0x0844, 0x0844, 0x0844, 0x0844, 0x0844, 0x0844, 0x0844, 0x0844,
  0x0844, 0x0844, 0x0844, 0x0044, 0x0044, 0x0044, 0x0044, 0x0044, 0x0044, 0x0044, 0x0044, 0x0044, 0x0044, 0x0044, 0x0044, 0x0044,
  0x0044, 0x0044, 0x0044, 0x0044, 0x0044, 0x0044, 0x0044, 0x0044, 0x0044, 0x0044, 0x0044, 0x0044, 0x0044, 0x0044, 0x0044, 0x0044,
  0x0044, 0x0044, 0x0044, 0x0044, 0x0044, 0x0044, 0x0044, 0x0044, 0x0044, 0x0044, 0x0044, 0x0044, 0x0044, 0x0044, 0x0044, 0x0044,
  0x0044, 0x0044, 0x0044, 0x0044, 0x0024, 0x93A2, 0xC4E2, 0x08E5, 0x1105, 0x1105, 0x1105, 0x1105, 0x1105, 0x1105, 0x1105, 0x1105,
  0x1105, 0x1105, 0x1105, 0x1105, 0x1105, 0x1105, 0x1105, 0x1105, 0x1105, 0x1105, 0x1105, 0x1105, 0x1105, 0x1105, 0x1105, 0x1105,
  0x1126, 0x1105, 0x1105, 0x1105, 0x1105, 0x1126, 0x1105, 0x1105, 0x1105, 0x1125, 0x1126, 0x1105, 0x1105, 0x1105, 0x1105, 0x1105,
  0x1125, 0x1126, 0x1105, 0x1105, 0x1105, 0x1105, 0x1105, 0x1105, 0x1105, 0x1105, 0x1105, 0x1125, 0x1105, 0x1105, 0x1105, 0x1105,
  0x1105, 0x1105, 0x1126, 0x1126, 0x1105, 0x1105, 0x1105, 0x1105, 0x1126, 0x1105, 0x1105, 0x1105, 0x1105, 0x1105, 0x1105, 0x1125,
  0x1126, 0x1126, 0x1105, 0x1105, 0x1105, 0x1105, 0x1105, 0x1105, 0x1105, 0x1105, 0x1105, 0x1105, 0x1105, 0x1105, 0x1126, 0x1126,
  0x1105, 0x1105, 0x1105, 0x1105, 0x1105, 0x1125, 0x1105, 0x1105, 0x1105, 0x1105, 0x1105, 0x1126, 0x1105, 0x1105, 0x1126, 0x1105,
  0x1105, 0x1105, 0x1105, 0x1105, 0x1105, 0x1105, 0x1126, 0x1105, 0x1126, 0x1105, 0x1105, 0x1125, 0x1105, 0x1105, 0x1105, 0x1125,
  0x1125, 0x1105, 0x1125, 0x1105, 0x1126, 0x1105, 0x1105, 0x1105, 0x1126, 0x1105, 0x1105, 0x1105, 0x1126, 0x1126, 0x1125, 0x1105,
  0x1125, 0x1105, 0x1125, 0x1126, 0x1126, 0x1125, 0x1105, 0x1105, 0x1105, 0x1126, 0x1126, 0x1105, 0x1125, 0x1126, 0x1126, 0x1126,
  0x1126, 0x1126, 0x1125, 0x1125, 0x1126, 0x1126, 0x1126, 0x1125, 0x1126, 0x1126, 0x1126, 0x1125, 0x1125, 0x1125, 0x1126, 0x1126,
  0x1126, 0x1126, 0x1125, 0x1126, 0x1126, 0x1125, 0x1126, 0x1126, 0x1126, 0x1125, 0x1126, 0x1126, 0x1126, 0x1125, 0x1125, 0x1126,
  0x1126, 0x1125, 0x1125, 0x1126, 0x1126, 0x1125, 0x1126, 0x1126, 0x1126, 0x1126, 0x1126, 0x1105, 0x1126, 0x1125, 0x1105, 0x1126,
  0x1125, 0x1105, 0x1105, 0x1126, 0x1105, 0x1105, 0x1105, 0x1105, 0x1105, 0x1105, 0x1105, 0x1105, 0x1105, 0x1105, 0x1105, 0x1105,
  0x1105, 0x1105, 0x1105, 0x1105, 0x1105, 0x1105, 0x1105, 0x1105, 0x1105, 0x1105, 0x1105, 0x1105, 0x08C5, 0x32E8, 0x7E2C, 0x4BC8,
  0x3266, 0x3246, 0x3266, 0x3246, 0x3246, 0x3246, 0x3246, 0x3246, 0x3246, 0x3246, 0x3246, 0x3A46, 0x3A46, 0x3A46, 0x3A46, 0x3A46,
  0x3A46, 0x3A46, 0x3A46, 0x3A45, 0x3A45, 0x3A45, 0x3A45, 0x3A45, 0x3A45, 0x3A45, 0x3A45, 0x3A45, 0x3A45, 0x3A45, 0x3A45, 0x3A45,
  0x4245, 0x4245, 0x4245, 0x4245, 0x4245, 0x4245, 0x4245, 0x4245, 0x4245, 0x4245, 0x4245, 0x4245, 0x4244, 0x4244, 0x4244, 0x4244,
  0x4244, 0x4244, 0x4244, 0x4244, 0x4A44, 0x4A44, 0x4A44, 0x4A44, 0x4A44, 0x4A24, 0x4A44, 0x4A44, 0x4A44, 0x4A44, 0x4A24, 0x4A24,
  0x4A24, 0x4A24, 0x4A24, 0x4A24, 0x4A24, 0x4A24, 0x4A23, 0x4A23, 0x5223, 0x5223, 0x5223, 0x5223, 0x5223, 0x5223, 0x5223, 0x5223,
  0x5223, 0x5223, 0x5223, 0x5A63, 0xBCA1, 0xCD21, 0x2185, 0x08E5, 0x1105, 0x1105, 0x1105, 0x1105, 0x1105, 0x1105, 0x1105, 0x1105,
  0x1105, 0x1105, 0x1105, 0x1105, 0x1105, 0x1105, 0x1105, 0x1105, 0x1105, 0x1105, 0x1105, 0x1105, 0x1105, 0x1105, 0x1105, 0x1105,
  0x1105, 0x1105, 0x1105, 0x1105, 0x1105, 0x1105, 0x1105, 0x1105, 0x1105, 0x1105, 0x1105, 0x1105, 0x1105, 0x1105, 0x1105, 0x1105,
  0x1105, 0x1105, 0x1105, 0x1105, 0x1105, 0x1105, 0x1105, 0x1105, 0x1105, 0x1105, 0x1105, 0x1105, 0x1105, 0x1105, 0x1105, 0x1105,
  0x1105, 0x1105, 0x1105, 0x1105, 0x1105, 0x1105, 0x1105, 0x1105, 0x1105, 0x1105, 0x1105, 0x1105, 0x1105, 0x1105, 0x1105, 0x1105,
  0x1105, 0x1105, 0x1105, 0x1105, 0x1105, 0x1105, 0x1105, 0x1105, 0x1105, 0x1105, 0x1105, 0x1105, 0x1105, 0x1105, 0x1105, 0x1105,
  0x1105, 0x1105, 0x1105, 0x1105, 0x1105, 0x1105, 0x1105, 0x1105, 0x1105, 0x1105, 0x1105, 0x1105, 0x1105, 0x1105, 0x1105, 0x1105,
  0x1105, 0x1105, 0x1105, 0x1105, 0x1105, 0x1105, 0x1105, 0x1105, 0x1105, 0x1105, 0x1105, 0x1105, 0x1105, 0x1105, 0x1105, 0x1105,
  0x1105, 0x1105, 0x1105, 0x1105, 0x1105, 0x1105, 0x1105, 0x1105, 0x1105, 0x1105, 0x1105, 0x1105, 0x1105, 0x1105, 0x1105, 0x1105,
  0x1105, 0x1105, 0x1105, 0x1105, 0x1105, 0x1125, 0x1105, 0x1105, 0x1125, 0x1105, 0x1105, 0x1125, 0x1125, 0x1105, 0x1105, 0x1125,
  0x1125, 0x1125, 0x1125, 0x1125, 0x1125, 0x1125, 0x1126, 0x1125, 0x1105, 0x1125, 0x1125, 0x1125, 0x1125, 0x1125, 0x1125, 0x1105,
  0x1125, 0x1125, 0x1126, 0x1125, 0x1105, 0x1125, 0x1125, 0x1125, 0x1125, 0x1125, 0x1125, 0x1125, 0x1125, 0x1125, 0x1125, 0x1125,
  0x1125, 0x1105, 0x1125, 0x1105, 0x1125, 0x1105, 0x1105, 0x1105, 0x1105, 0x1105, 0x1105, 0x1105, 0x1105, 0x1105, 0x1105, 0x1105,
  0x1105, 0x1105, 0x1105, 0x1105, 0x1105, 0x1105, 0x1105, 0x1105, 0x1105, 0x1105, 0x1105, 0x1105, 0x1105, 0x1105, 0x1105, 0x1105,
  0x1105, 0x1105, 0x1105, 0x1105, 0x1105, 0x1105, 0x1105, 0x1105, 0x1105, 0x1105, 0x1105, 0x1105, 0x1105, 0x08C5, 0x2A27, 0x5C8A,
  0x6D8B, 0x75AB, 0x75AB, 0x75AB, 0x75AA, 0x7DAA, 0x7DAA, 0x7D8A, 0x7D8A, 0x7D8A, 0x7D8A, 0x7D8A, 0x858A, 0x8589, 0x8589, 0x8589,
  0x8589, 0x8589, 0x8589, 0x8589, 0x8D89, 0x8D89, 0x8D88, 0x8D88, 0x8D88, 0x8D88, 0x8D88, 0x8D88, 0x9588, 0x9588, 0x9587, 0x9587,
  0x9587, 0x9567, 0x9567, 0x9D67, 0x9D67, 0x9D67, 0x9D67, 0x9D66, 0x9D66, 0xA566, 0xA566, 0xA566, 0xA566, 0xA566, 0xA566, 0xA566,
  0xA565, 0xAD65, 0xAD65, 0xAD65, 0xAD65, 0xAD65, 0xAD65, 0xAD45, 0xB565, 0xB544, 0xB544, 0xB544, 0xB544, 0xB544, 0xB544, 0xBD44,
  0xBD44, 0xBD44, 0xBD43, 0xBD43, 0xBD43, 0xBD43, 0xC543, 0xC543, 0xC543, 0xC543, 0xC542, 0xC542, 0xC542, 0xCD42, 0xCD42, 0xCD42,
  0xCD22, 0xCD22, 0xCD22, 0xC502, 0x8383, 0x1925, 0x08E5, 0x1105, 0x1105, 0x1105, 0x1105, 0x1105, 0x1105, 0x1105, 0x1105, 0x1105,
  0x1105, 0x1105, 0x1105, 0x1105, 0x1105, 0x1105, 0x1105, 0x1105, 0x1105, 0x1105, 0x1105, 0x1105, 0x1105, 0x1105, 0x1105, 0x1105,
  0x1105, 0x1105, 0x1105, 0x1105, 0x1105, 0x1105, 0x1105, 0x1105, 0x1105, 0x1105, 0x1105, 0x1105, 0x1105, 0x1105, 0x1105, 0x1105,
  0x1105, 0x1105, 0x1105, 0x1105, 0x1105, 0x1105, 0x1105, 0x1105, 0x1105, 0x1105, 0x1105, 0x1105, 0x1105, 0x1105, 0x1105, 0x1105,
  0x1105, 0x1105, 0x1105, 0x1105, 0x1105, 0x1105, 0x1105, 0x1105, 0x1105, 0x1105, 0x1105, 0x1105, 0x1105, 0x1105, 0x1105, 0x1105,
  0x1105, 0x1105, 0x1105, 0x1105, 0x1105, 0x1105, 0x1105, 0x1105, 0x1105, 0x1105, 0x1105, 0x1105, 0x1105, 0x1105, 0x1105, 0x1105,
  0x1105, 0x1105, 0x1105, 0x1105, 0x1105, 0x1105, 0x1105, 0x1105, 0x1105, 0x1105, 0x1105, 0x1105, 0x1105, 0x1105, 0x1105, 0x1105,
  0x1105, 0x1105, 0x1105, 0x1105, 0x1105, 0x1105, 0x1105, 0x1105, 0x1105, 0x1105, 0x1105, 0x1105, 0x1105, 0x1105, 0x1105, 0x1105,
  0x1105, 0x1105, 0x1105, 0x1105, 0x1105, 0x1105, 0x1105, 0x1105, 0x1105, 0x1105, 0x1105, 0x1105, 0x1105, 0x1105, 0x1105, 0x1105,
  0x1105, 0x1105, 0x1105, 0x1105, 0x1105, 0x1105, 0x1105, 0x1105, 0x1105, 0x1105, 0x1105, 0x1105, 0x1105, 0x1105, 0x1105, 0x1105,
  0x1105, 0x1125, 0x1105, 0x1105, 0x1125, 0x1125, 0x1125, 0x1125, 0x1125, 0x1105, 0x1105, 0x1105, 0x1125, 0x1125, 0x1105, 0x1125,
  0x1125, 0x1105, 0x1125, 0x1125, 0x1125, 0x1125, 0x1125, 0x1125, 0x1125, 0x1105, 0x1105, 0x1125, 0x1125, 0x1105, 0x1125, 0x1125,
  0x1105, 0x1125, 0x1105, 0x1105, 0x1125, 0x1105, 0x1105, 0x1105, 0x1105, 0x1105, 0x1105, 0x1105, 0x1105, 0x1105, 0x1105, 0x1105,
  0x1105, 0x1105, 0x1105, 0x1105, 0x1105, 0x1105, 0x1105, 0x1105, 0x1105, 0x1105, 0x1105, 0x1105, 0x1105, 0x1105, 0x1105, 0x1105,
  0x1105, 0x1105, 0x1105, 0x1105, 0x1105, 0x1105, 0x1105, 0x1105, 0x1105, 0x1105, 0x1105, 0x1105, 0x1105, 0x1125, 0x08C5, 0x08A5,
  0x08A5, 0x08A5, 0x08A5, 0x08A5, 0x08A5, 0x08A5, 0x08A5, 0x08A5, 0x08A5, 0x08A5, 0x08A5, 0x08A5, 0x08A5, 0x08A5, 0x08A5, 0x08A5,
  0x08A5, 0x08A5, 0x08A5, 0x08A5, 0x08A5, 0x08A5, 0x08A5, 0x08A5, 0x08A5, 0x08A5, 0x08A5, 0x08A5, 0x08A5, 0x08A5, 0x08A5, 0x08A5,
  0x08A5, 0x08A5, 0x08A5, 0x00A5, 0x08A5, 0x08A5, 0x08A5, 0x00A5, 0x00A5, 0x08A5, 0x08A5, 0x00A5, 0x00A5, 0x00A5, 0x00A5, 0x08A5,
  0x00A5, 0x00A5, 0x00A5, 0x00A5, 0x00A5, 0x00A5, 0x00A5, 0x00A5, 0x00C5, 0x00C5, 0x00A5, 0x00A5, 0x00A5, 0x00A5, 0x00C5, 0x00C5,
  0x00A5, 0x00A5, 0x00A5, 0x00A5, 0x00A5, 0x00A5, 0x00A5, 0x00A5, 0x00A5, 0x00C5, 0x00A5, 0x00A5, 0x00A5, 0x00A5, 0x00A5, 0x00A5,
  0x00C5, 0x00A5, 0x00C5, 0x00A5, 0x00A5, 0x08E5, 0x1105, 0x1105, 0x1105, 0x1105, 0x1105, 0x1105, 0x1105, 0x1105, 0x1105, 0x1105,
  0x1105, 0x1105, 0x1105, 0x1105, 0x1105, 0x1105, 0x1105, 0x1105, 0x1105, 0x1105, 0x1105, 0x1105, 0x1105, 0x1105, 0x1105, 0x1105,
  0x1105, 0x1105, 0x1105, 0x1105, 0x1105, 0x1105, 0x1105, 0x1105, 0x1105, 0x1105, 0x1105, 0x1105, 0x1105, 0x1105, 0x1105, 0x1105,
  0x1105, 0x1105, 0x1105, 0x1105, 0x1105, 0x1105, 0x1105, 0x1105, 0x1105, 0x1105, 0x1105, 0x1105, 0x1105, 0x1105, 0x1105, 0x1105,
  0x1105, 0x1105, 0x1105, 0x1105, 0x1105, 0x1105, 0x1105, 0x1105, 0x1105, 0x1105, 0x1105, 0x1105, 0x1105, 0x1105, 0x1105, 0x1105,
  0x1105, 0x1105, 0x1105, 0x1105, 0x1105, 0x1105, 0x1105, 0x1105, 0x1105, 0x1105, 0x1105, 0x1105, 0x1105, 0x1105, 0x1105, 0x1105,
  0x1105, 0x1105, 0x1105, 0x1105, 0x1105, 0x1105, 0x1105, 0x1105, 0x1105, 0x1105, 0x1105, 0x1105, 0x1105, 0x1105, 0x1105, 0x1105,
  0x1105, 0x1105, 0x1105, 0x1105, 0x1105, 0x1105, 0x1105, 0x1105, 0x1105, 0x1105, 0x1105, 0x1105, 0x1105, 0x1105, 0x1105, 0x1105,
  0x1105, 0x1105, 0x1105, 0x1105, 0x1105, 0x1105, 0x1105, 0x1105, 0x1105, 0x1105, 0x1105, 0x1105, 0x1105, 0x1105, 0x1105, 0x1105,
  0x1105, 0x1105, 0x1105, 0x1105, 0x1105, 0x1105, 0x1105, 0x1105, 0x1105, 0x1105, 0x1105, 0x1105, 0x1105, 0x1105, 0x1105, 0x1105,
  0x1125, 0x1105, 0x1105, 0x1105, 0x1105, 0x1125, 0x1105, 0x1125, 0x1105, 0x1125, 0x1105, 0x1125, 0x1125, 0x1125, 0x1125, 0x1125,
  0x1125, 0x1105, 0x1125, 0x1125, 0x1105, 0x1125, 0x1105, 0x1105, 0x1125, 0x1105, 0x1105, 0x1105, 0x1105, 0x1105, 0x1105, 0x1105,
  0x1105, 0x1105, 0x1105, 0x1105, 0x1105, 0x1105, 0x1105, 0x1105, 0x1105, 0x1105, 0x1105, 0x1105, 0x1105, 0x1105, 0x1105, 0x1105,
  0x1105, 0x1105, 0x1105, 0x1105, 0x1105, 0x1105, 0x1105, 0x1105, 0x1105, 0x1105, 0x1105, 0x1105, 0x1105, 0x1105, 0x1105, 0x1105,
  0x1105, 0x1105, 0x1105, 0x1105, 0x1105, 0x1105, 0x1105, 0x1105, 0x1105, 0x1105, 0x1105, 0x1105, 0x1105, 0x1105, 0x1105, 0x1105,
  0x1105, 0x1105, 0x1105, 0x1105, 0x1105, 0x1105, 0x1105, 0x1105, 0x1105, 0x1105, 0x1105, 0x1105, 0x1105, 0x1105, 0x1105, 0x1105,
  0x1105, 0x1105, 0x1105, 0x1105, 0x1105, 0x1105, 0x1105, 0x1105, 0x1105, 0x1105, 0x1105, 0x1105, 0x1105, 0x1105, 0x1105, 0x1105,
  0x1105, 0x1105, 0x1105, 0x1105, 0x1105, 0x1105, 0x1105, 0x1105, 0x1105, 0x1105, 0x1105, 0x1105, 0x1105, 0x1105, 0x1105, 0x1105,
  0x1105, 0x1105, 0x1105, 0x1105, 0x1105, 0x1105, 0x1105, 0x1105, 0x1105, 0x1105, 0x1105, 0x1105, 0x1105, 0x1105, 0x1105, 0x1105,
  0x1105, 0x1105, 0x1105, 0x1105, 0x1105, 0x1105, 0x1105, 0x1105, 0x1105, 0x1105, 0x1105, 0x1105, 0x1105, 0x1105, 0x1105, 0x1105,
  0x1105, 0x1105, 0x1105, 0x1105, 0x1105, 0x1105, 0x1105, 0x1105, 0x1105, 0x1105, 0x1105, 0x1105, 0x1105, 0x1105, 0x1105, 0x1105,
  0x1105, 0x1105, 0x1105, 0x1105, 0x1105, 0x1105, 0x1105, 0x1105, 0x1105, 0x1105, 0x1105, 0x1105, 0x1105, 0x1105, 0x1105, 0x1105,
  0x1105, 0x1105, 0x1105, 0x1105, 0x1105, 0x1105, 0x1105, 0x1105, 0x1105, 0x1105, 0x1105, 0x1105, 0x1105, 0x1105, 0x1105, 0x1105,
  0x1105, 0x1105, 0x1105, 0x1105, 0x1105, 0x1105, 0x1105, 0x1105, 0x1105, 0x1105, 0x1105, 0x1105, 0x1105, 0x1105, 0x1105, 0x1105,
  0x1105, 0x1105, 0x1105, 0x1105, 0x1105, 0x1105, 0x1105, 0x1105, 0x1105, 0x1105, 0x1105, 0x1105, 0x1105, 0x1105, 0x1105, 0x1105,
  0x1105, 0x1105, 0x1105, 0x1105, 0x1105, 0x1105, 0x1105, 0x1105, 0x1105, 0x1105, 0x1105, 0x1105, 0x1105, 0x1105, 0x1105, 0x1105,
  0x1105, 0x1105, 0x1105, 0x1105, 0x1105, 0x1105, 0x1105, 0x1105, 0x1105, 0x1105, 0x1105, 0x1105, 0x1105, 0x1105, 0x1105, 0x1105,
  0x1105, 0x1105, 0x1105, 0x1105, 0x1105, 0x1105, 0x1105, 0x1105, 0x1105, 0x1105, 0x1105, 0x1105, 0x1105, 0x1105, 0x1105, 0x1105,
  0x1105, 0x1105, 0x1105, 0x1105, 0x1105, 0x1105, 0x1105, 0x1105, 0x1105, 0x1105, 0x1105, 0x1105, 0x1105, 0x1105, 0x1105, 0x1105,
  0x1105, 0x1105, 0x1105, 0x1105, 0x1105, 0x1105, 0x1105, 0x1105, 0x1105, 0x1105, 0x1105, 0x1105, 0x1105, 0x1105, 0x1105, 0x1105,
  0x1105, 0x1105, 0x1105, 0x1105, 0x1125, 0x1105, 0x1105, 0x1105, 0x1105, 0x1105, 0x1105, 0x1125, 0x1105, 0x1105, 0x1105, 0x1125,
  0x1105, 0x1105, 0x1125, 0x1125, 0x1105, 0x1105, 0x1125, 0x1105, 0x1105, 0x1105, 0x1105, 0x1105, 0x1105, 0x1105, 0x1105, 0x1105,
  0x1105, 0x1105, 0x1105, 0x1105, 0x1105, 0x1105, 0x1105, 0x1105, 0x1105, 0x1105, 0x1105, 0x1105, 0x1105, 0x1105, 0x1105, 0x1105,
  0x1105, 0x1105, 0x1105, 0x1105, 0x1105, 0x1105, 0x1105, 0x1105, 0x1105, 0x1105, 0x1105, 0x1105, 0x1105, 0x1105, 0x1105, 0x1105,
  0x1105, 0x1105, 0x1105, 0x1105, 0x1105, 0x1105, 0x1105, 0x1105, 0x1105, 0x1105, 0x1105, 0x1105, 0x1105, 0x1105, 0x1105, 0x1105,
  0x1105, 0x1105, 0x1105, 0x1105, 0x1105, 0x1105, 0x1105, 0x1105, 0x1105, 0x1105, 0x1105, 0x1105, 0x1105, 0x1105, 0x1105, 0x1105,
  0x1105, 0x1105, 0x1105, 0x1105, 0x1105, 0x1105, 0x1105, 0x1105, 0x1105, 0x1105, 0x1105, 0x1105, 0x1105, 0x1105, 0x1105, 0x1105,
  0x1105, 0x1105, 0x1105, 0x1105, 0x1105, 0x1105, 0x1105, 0x1105, 0x1105, 0x1105, 0x1105, 0x1105, 0x1105, 0x1105, 0x1105, 0x1105,
  0x1105, 0x1105, 0x1105, 0x1105, 0x1105, 0x1105, 0x1105, 0x1105, 0x1105, 0x1105, 0x1105, 0x1105, 0x1105, 0x1105, 0x1105, 0x1105,
  0x1105, 0x1105, 0x1105, 0x1105, 0x1105, 0x1105, 0x1105, 0x1105, 0x1105, 0x1105, 0x1105, 0x1105, 0x1105, 0x1105, 0x1105, 0x1105,
  0x1105, 0x1105, 0x1105, 0x1105, 0x1105, 0x1105, 0x1105, 0x1105, 0x1105, 0x1105, 0x1105, 0x1105, 0x1105, 0x1105, 0x1105, 0x1105,
  0x1105, 0x1105, 0x1105, 0x1105, 0x1105, 0x1105, 0x1105, 0x1105, 0x1105, 0x1105, 0x1105, 0x1105, 0x1105, 0x1105, 0x1105, 0x1105,
  0x1105, 0x1105, 0x1105, 0x1105, 0x1105, 0x1105, 0x1105, 0x1105, 0x1105, 0x1105, 0x1105, 0x1105, 0x1105, 0x1105, 0x1105, 0x1105,
  0x1105, 0x1105, 0x1105, 0x1105, 0x1105, 0x1105, 0x1105, 0x1105, 0x1105, 0x1105, 0x1105, 0x1105, 0x1105, 0x1105, 0x1105, 0x1105,
  0x1105, 0x1105, 0x1105, 0x1105, 0x1105, 0x1105, 0x1105, 0x1105, 0x1105, 0x1105, 0x1105, 0x1105, 0x1105, 0x1105, 0x1105, 0x1105,
  0x1105, 0x1105, 0x1105, 0x1105, 0x1105, 0x1105, 0x1105, 0x1105, 0x1105, 0x1105, 0x1105, 0x1105, 0x1105, 0x1105, 0x1105, 0x1105,
  0x1105, 0x1105, 0x1105, 0x1105, 0x1105, 0x1105, 0x1105, 0x1105, 0x1105, 0x1105, 0x1105, 0x1105, 0x1105, 0x1105, 0x1105, 0x1105,
  0x1105, 0x1105, 0x1105, 0x1105, 0x1105, 0x1105, 0x1105, 0x1105, 0x1105, 0x1105, 0x1105, 0x1105, 0x1105, 0x1105, 0x1105, 0x1105,
  0x1105, 0x1105, 0x1105, 0x1105, 0x1105, 0x1105, 0x1105, 0x1105, 0x1105, 0x1105, 0x1105, 0x1105, 0x1105, 0x1105, 0x1105, 0x1105,
  0x1105, 0x1105, 0x1105, 0x1105, 0x1105, 0x1105, 0x1105, 0x1105, 0x1105, 0x1105, 0x1105, 0x1105, 0x1105, 0x1105, 0x1105, 0x1105,
  0x1105, 0x1105, 0x1105, 0x1105, 0x1105, 0x1105, 0x1125, 0x1105, 0x1105, 0x1105, 0x1105, 0x1105, 0x1105, 0x1105, 0x1105, 0x1105,
  0x1105, 0x1105, 0x1105, 0x1105, 0x1105, 0x1105, 0x1105, 0x1105, 0x1105, 0x1105, 0x1105, 0x1105, 0x1105, 0x1105, 0x1105, 0x1105,
  0x1105, 0x1105, 0x1105, 0x1105, 0x1105, 0x1105, 0x1105, 0x1105, 0x1105, 0x1105, 0x1105, 0x1105, 0x1105, 0x1105, 0x1105, 0x1105,
  0x1105, 0x1105, 0x1105, 0x1105, 0x1105, 0x1105, 0x1105, 0x1105, 0x1105, 0x1105, 0x1105, 0x1105, 0x1105, 0x1105, 0x1105, 0x1105,
  0x1105, 0x1105, 0x1105, 0x1105, 0x1105, 0x1105, 0x1105, 0x1105, 0x1105, 0x1105, 0x1105, 0x1105, 0x1105, 0x1105, 0x1105, 0x1105,
  0x1105, 0x1105, 0x1105, 0x1105, 0x1105, 0x1105, 0x1105, 0x1105, 0x1105, 0x1105, 0x1105, 0x1105, 0x1105, 0x1105, 0x1105, 0x1105,
  0x1105, 0x1105, 0x1105, 0x1105, 0x1105, 0x1105, 0x1105, 0x1105, 0x1105, 0x1105, 0x1105, 0x1105, 0x1105, 0x1105, 0x1105, 0x1105,
  0x1105, 0x1105, 0x1105, 0x1105, 0x1105, 0x1105, 0x1105, 0x1105, 0x1105, 0x1105, 0x1105, 0x1105, 0x1105, 0x1105, 0x1105, 0x1105,
  0x1105, 0x1105, 0x1105, 0x1105, 0x1105, 0x1105, 0x1105, 0x1105, 0x1105, 0x1105, 0x1105, 0x1105, 0x1105, 0x1105, 0x1105, 0x1105,
  0x1105, 0x1105, 0x1105, 0x1105, 0x1105, 0x1105, 0x1105, 0x1105, 0x1105, 0x1105, 0x1105, 0x1105, 0x1105, 0x1105, 0x1105, 0x1105,
  0x1105, 0x1105, 0x1105, 0x1105, 0x1105, 0x1105, 0x1105, 0x1105, 0x1105, 0x1105, 0x1105, 0x1105, 0x1105, 0x1105, 0x1105, 0x1105,
  0x1105, 0x1105, 0x1105, 0x1105, 0x1105, 0x1105, 0x1105, 0x1105, 0x1105, 0x1105, 0x1105, 0x1105, 0x1105, 0x1105, 0x1105, 0x1105,
  0x1105, 0x1105, 0x1105, 0x1105, 0x1105, 0x1105, 0x1105, 0x1105, 0x1105, 0x1105, 0x1105, 0x1105, 0x1105, 0x1105, 0x1105, 0x1105,
  0x1105, 0x1105, 0x1105, 0x1105, 0x1105, 0x1105, 0x1105, 0x1105, 0x1105, 0x1105, 0x1105, 0x1105, 0x1105, 0x1105, 0x1105, 0x1105,
  0x1105, 0x1105, 0x1105, 0x1105, 0x1105, 0x1105, 0x1105, 0x1105, 0x1105, 0x1105, 0x1105, 0x1105, 0x1105, 0x1105, 0x1105, 0x1105,
  0x1105, 0x1105, 0x1105, 0x1105, 0x1105, 0x1105, 0x1105, 0x1105, 0x1105, 0x1105, 0x1105, 0x1105, 0x1105, 0x1105, 0x1105, 0x1105,
  0x1105, 0x1105, 0x1105, 0x1105, 0x1105, 0x1105, 0x1105, 0x1105, 0x1105, 0x1105, 0x1105, 0x1105, 0x1105, 0x1105, 0x1105, 0x1105,
  0x1105, 0x1105, 0x1105, 0x1105, 0x1105, 0x1105, 0x1105, 0x1105, 0x1105, 0x1105, 0x1105, 0x1105, 0x1105, 0x1105, 0x1105, 0x1105,
  0x1105, 0x1105, 0x1105, 0x1105, 0x1105, 0x1105, 0x1105, 0x1105, 0x1105, 0x1105, 0x1105, 0x1105, 0x1105, 0x1105, 0x1105, 0x1105,
  0x1105, 0x1105, 0x1105, 0x1105, 0x1105, 0x1105, 0x1105, 0x1105, 0x1105, 0x1105, 0x1105, 0x1105, 0x1105, 0x1105, 0x1105, 0x1105,
  0x1105, 0x1105, 0x1105, 0x1105, 0x1105, 0x1105, 0x1105, 0x1105, 0x1105, 0x1105, 0x1105, 0x1105, 0x1105, 0x1105, 0x1105, 0x1105,
  0x1105, 0x1105, 0x1105, 0x1105, 0x1105, 0x1105, 0x1105, 0x1105, 0x1105, 0x1105, 0x1105, 0x1105, 0x1105, 0x1105, 0x1105, 0x1105,
  0x1105, 0x1105, 0x1105, 0x1105, 0x1105, 0x1105, 0x1105, 0x1105, 0x1105, 0x1105, 0x1105, 0x1105, 0x1105, 0x1105, 0x1105, 0x1105,
  0x1105, 0x1105, 0x1105, 0x1105, 0x1105, 0x1105, 0x1105, 0x1105, 0x1105, 0x1105, 0x1105, 0x1105, 0x1105, 0x1105, 0x1105, 0x1105,
  0x1105, 0x1105, 0x1105, 0x1105, 0x1105, 0x1105, 0x1105, 0x1105, 0x1105, 0x1105, 0x1105, 0x1105, 0x1105, 0x1105, 0x1105, 0x1105,
  0x1105, 0x1105, 0x1105, 0x1105, 0x1105, 0x1105, 0x1105, 0x1105, 0x1105, 0x1105, 0x1105, 0x1105, 0x1105, 0x1105, 0x1105, 0x1105,
  0x1105, 0x1105, 0x1105, 0x1105, 0x1105, 0x1105, 0x1105, 0x1105, 0x1105, 0x1105, 0x1105, 0x1105, 0x1105, 0x1105, 0x1105, 0x1105,
  0x1105, 0x1105, 0x1105, 0x1105, 0x1105, 0x1105, 0x1105, 0x1105, 0x1105, 0x1105, 0x1105, 0x1105, 0x1105, 0x1105, 0x1105, 0x1105,
  0x1105, 0x1105, 0x1105, 0x1105, 0x1105, 0x1105, 0x1105, 0x1105, 0x1105, 0x1105, 0x1105, 0x1105, 0x1105, 0x1105, 0x1105, 0x1105,
  0x1105, 0x1105, 0x1105, 0x1105, 0x1105, 0x1105, 0x1105, 0x1105, 0x1105, 0x1105, 0x1105, 0x1105, 0x1105, 0x1105, 0x1105, 0x1105,
  0x1105, 0x1105, 0x1105, 0x1105, 0x1105, 0x1105, 0x1105, 0x1105, 0x1105, 0x1105, 0x1105, 0x1105, 0x1105, 0x1105, 0x1105, 0x1105,
  0x1105, 0x1105, 0x1105, 0x1105, 0x1105, 0x1105, 0x1105, 0x1105, 0x1105, 0x1105, 0x1105, 0x1105, 0x1105, 0x1105, 0x1105, 0x1105,
  0x1105, 0x1105, 0x1105, 0x1105, 0x1105, 0x1105, 0x1105, 0x1105, 0x1105, 0x1105, 0x1105, 0x1105, 0x1105, 0x1105, 0x1105, 0x1105,
  0x1105, 0x1105, 0x1105, 0x1105, 0x1105, 0x1105, 0x1105, 0x1105, 0x1105, 0x1105, 0x1105, 0x1105, 0x1105, 0x1105, 0x1105, 0x1105,
  0x1105, 0x1105, 0x1105, 0x1105, 0x1105, 0x1105, 0x1105, 0x1105, 0x1105, 0x1105, 0x1105, 0x1105, 0x1105, 0x1105, 0x1105, 0x1105,
  0x1105, 0x1105, 0x1105, 0x1105, 0x1105, 0x1105, 0x1105, 0x1105, 0x1105, 0x1105, 0x1105, 0x1105, 0x1105, 0x1105, 0x1105, 0x1105,
  0x1105, 0x1105, 0x1105, 0x1105, 0x1105, 0x1105, 0x1105, 0x1105, 0x1105, 0x1105, 0x1105, 0x1105, 0x1105, 0x1105, 0x1105, 0x1105,
  0x1105, 0x1105, 0x1105, 0x1105, 0x1105, 0x1105, 0x1105, 0x1105, 0x1105, 0x1105, 0x1105, 0x1105, 0x1105, 0x1105, 0x1105, 0x1105,
  0x1105, 0x1105, 0x1105, 0x1105, 0x1105, 0x1105, 0x1105, 0x1105, 0x1105, 0x1105, 0x1105, 0x1105, 0x1105, 0x1105, 0x1105, 0x1105,
  0x1105, 0x1105, 0x1105, 0x1105, 0x1105, 0x1105, 0x1105, 0x1105, 0x1105, 0x1105, 0x1105, 0x1105, 0x1105, 0x1105, 0x1105, 0x1105,
  0x1105, 0x1105, 0x1105, 0x1105, 0x1105, 0x1105, 0x1105, 0x1105, 0x1105, 0x1105, 0x1105, 0x1105, 0x1105, 0x1105, 0x1105, 0x1105,
  0x1105, 0x1105, 0x1105, 0x1105, 0x1105, 0x1105, 0x1105, 0x1105, 0x1105, 0x1105, 0x1105, 0x1105, 0x1105, 0x1105, 0x1105, 0x1105,
  0x1105, 0x1105, 0x1105, 0x1105, 0x1105, 0x1105, 0x1105, 0x1105, 0x1105, 0x1105, 0x1105, 0x1105, 0x1105, 0x1105, 0x1105, 0x1105,
  0x1105, 0x1105, 0x1105, 0x1105, 0x1105, 0x1105, 0x1105, 0x1105, 0x1105, 0x1105, 0x1105, 0x1105, 0x1105, 0x1105, 0x1105, 0x1105,
  0x1105, 0x1105, 0x1105, 0x1105, 0x1105, 0x1105, 0x1105, 0x1105, 0x1105, 0x1105, 0x1105, 0x1105, 0x1105, 0x1105, 0x1105, 0x1105,
  0x1105, 0x1105, 0x1105, 0x1105, 0x1105, 0x1105, 0x1105, 0x1105, 0x1105, 0x1105, 0x1105, 0x1105, 0x1105, 0x1105, 0x1105, 0x1105,
  0x1105, 0x1105, 0x1105, 0x1105, 0x1105, 0x1105, 0x1105, 0x1105, 0x1105, 0x1105, 0x1105, 0x1105, 0x1105, 0x1105, 0x1105, 0x1105,
  0x1105, 0x1105, 0x1105, 0x1105, 0x1105, 0x1105, 0x1105, 0x1105, 0x1105, 0x1105, 0x1105, 0x1105, 0x1105, 0x1105, 0x1105, 0x1105,
  0x1105, 0x1105, 0x1105, 0x1105, 0x1105, 0x1105, 0x1105, 0x1105, 0x1105, 0x1105, 0x1105, 0x1105, 0x1105, 0x1105, 0x1105, 0x1105,
  0x1105, 0x1105, 0x1105, 0x1105, 0x1105, 0x1105, 0x1105, 0x1105, 0x1105, 0x1105, 0x1105, 0x1105, 0x1105, 0x1105, 0x1105, 0x1105,
  0x1105, 0x1105, 0x1105, 0x1105, 0x1105, 0x1105, 0x1105, 0x1105, 0x1105, 0x1105, 0x1105, 0x1105, 0x1105, 0x1105, 0x1105, 0x1105,
  0x1105, 0x1105, 0x1105, 0x1105, 0x1105, 0x1105, 0x1105, 0x1105, 0x1105, 0x1105, 0x1105, 0x1105, 0x1105, 0x1105, 0x1105, 0x1105,
  0x1105, 0x1105, 0x1105, 0x1105, 0x1105, 0x1105, 0x1105, 0x1105, 0x1105, 0x1105, 0x1105, 0x1105, 0x1105, 0x1105, 0x1105, 0x10E5,
  0x1105, 0x1105, 0x1105, 0x1105, 0x1105, 0x1105, 0x1105, 0x1105, 0x1105, 0x1105, 0x1105, 0x1105, 0x1105, 0x1105, 0x1105, 0x1105,
  0x1105, 0x1105, 0x1105, 0x1105, 0x1105, 0x10E5, 0x1105, 0x1105, 0x1105, 0x1105, 0x1105, 0x1105, 0x10E5, 0x1105, 0x10E5, 0x1105,
  0x1105, 0x1105, 0x1105, 0x1105, 0x1105, 0x1105, 0x1105, 0x1105, 0x1105, 0x1105, 0x1105, 0x1105, 0x1105, 0x1105, 0x1105, 0x1105,
  0x1105, 0x1105, 0x1105, 0x10E5, 0x1105, 0x1105, 0x1105, 0x1105, 0x1105, 0x1105, 0x1105, 0x1105, 0x1105, 0x1105, 0x1105, 0x1105,
  0x1105, 0x1105, 0x1105, 0x1105, 0x1105, 0x1105, 0x1105, 0x1105, 0x1105, 0x1105, 0x1105, 0x1105, 0x1105, 0x1105, 0x1105, 0x1105,
  0x1105, 0x1105, 0x1105, 0x1105, 0x1105, 0x1105, 0x1105, 0x1105, 0x1105, 0x1105, 0x1105, 0x1105, 0x1105, 0x1105, 0x1105, 0x1105,
  0x1105, 0x1105, 0x1105, 0x1105, 0x1105, 0x1105, 0x1105, 0x1105, 0x1105, 0x1105, 0x1105, 0x1105, 0x1105, 0x1105, 0x1105, 0x1105,
  0x1105, 0x1105, 0x1105, 0x1105, 0x1105, 0x1105, 0x1105, 0x1105, 0x1105, 0x1105, 0x1105, 0x1105, 0x1105, 0x1105, 0x1105, 0x1105,
  0x1105, 0x1105, 0x1105, 0x1105, 0x1105, 0x1105, 0x1105, 0x1105, 0x1105, 0x1105, 0x1105, 0x1105, 0x1105, 0x1105, 0x1105, 0x1105,
  0x1105, 0x1105, 0x1105, 0x1105, 0x1105, 0x1105, 0x1105, 0x1105, 0x1105, 0x1105, 0x1105, 0x1105, 0x1105, 0x1105, 0x1105, 0x1105,
  0x1105, 0x1105, 0x1105, 0x1105, 0x1105, 0x1105, 0x1105, 0x1105, 0x1105, 0x1105, 0x1105, 0x1105, 0x1105, 0x1105, 0x1105, 0x10E5,
  0x1105, 0x1105, 0x1105, 0x1105, 0x1105, 0x1105, 0x1105, 0x1105, 0x1105, 0x1105, 0x1105, 0x1105, 0x1105, 0x1105, 0x1105, 0x1105,
  0x1105, 0x1105, 0x1105, 0x1105, 0x1105, 0x1105, 0x1105, 0x1105, 0x1105, 0x1105, 0x1105, 0x1105, 0x1105, 0x1105, 0x1105, 0x1105,
  0x1105, 0x1105, 0x1105, 0x1105, 0x1105, 0x1105, 0x1105, 0x1105, 0x1105, 0x1105, 0x1105, 0x1105, 0x1105, 0x1105, 0x1105, 0x1105,
  0x1105, 0x1105, 0x1105, 0x1105, 0x1105, 0x1105, 0x1105, 0x1105, 0x1105, 0x1105, 0x1105, 0x1105, 0x1105, 0x1105, 0x1105, 0x1105,
  0x1105, 0x1105, 0x1105, 0x1105, 0x1105, 0x1105, 0x1105, 0x1105, 0x1105, 0x1105, 0x1105, 0x1105, 0x1105, 0x1105, 0x1105, 0x1105,
  0x1105, 0x1105, 0x1105, 0x10E5, 0x1105, 0x1105, 0x1105, 0x1105, 0x1105, 0x1105, 0x1105, 0x1105, 0x1105, 0x1105, 0x1105, 0x1105,
  0x1105, 0x1105, 0x1105, 0x1105, 0x1105, 0x1105, 0x1105, 0x1105, 0x10E5, 0x1105, 0x1105, 0x1105, 0x1105, 0x1105, 0x1105, 0x1105,
  0x1105, 0x1105, 0x1105, 0x1105, 0x1105, 0x1105, 0x1105, 0x1105, 0x1105, 0x1105, 0x1105, 0x1105, 0x1105, 0x10E5, 0x1105, 0x1105,
  0x1105, 0x1105, 0x1105, 0x10E5, 0x1105, 0x10E5, 0x1105, 0x1105, 0x1105, 0x1105, 0x10E5, 0x1105, 0x1105, 0x1105, 0x1105, 0x1105,
  0x1105, 0x1105, 0x1105, 0x10E5, 0x10E5, 0x1105, 0x1105, 0x1105, 0x1105, 0x1105, 0x1105, 0x1105, 0x1105, 0x10E5, 0x1105, 0x1105,
  0x1105, 0x1105, 0x1105, 0x10E5, 0x1105, 0x1105, 0x1105, 0x1105, 0x1105, 0x1105, 0x1105, 0x1105, 0x1105, 0x1105, 0x1105, 0x1105,
  0x1105, 0x1105, 0x1105, 0x1105, 0x1105, 0x1105, 0x1105, 0x1105, 0x1105, 0x1105, 0x1105, 0x1105, 0x1105, 0x1105, 0x1105, 0x1105,
  0x1105, 0x1105, 0x1105, 0x1105, 0x1105, 0x1105, 0x1105, 0x1105, 0x1105, 0x1105, 0x1105, 0x1105, 0x1105, 0x1105, 0x1105, 0x1105,
  0x1105, 0x10E5, 0x1105, 0x1105, 0x1105, 0x1105, 0x1105, 0x1105, 0x1105, 0x1105, 0x10E5, 0x1105, 0x1105, 0x1105, 0x10E5, 0x1105,
  0x1105, 0x1105, 0x1105, 0x1105, 0x1105, 0x1105, 0x1105, 0x1105, 0x1105, 0x1105, 0x1105, 0x1105, 0x1105, 0x1105, 0x1105, 0x1105,
  0x1105, 0x1105, 0x1105, 0x1105, 0x1105, 0x1105, 0x1105, 0x1105, 0x1105, 0x1105, 0x1105, 0x1105, 0x1105, 0x1105, 0x1105, 0x1105,
  0x1105, 0x1105, 0x1105, 0x1105, 0x1105, 0x1105, 0x1105, 0x1105, 0x1105, 0x1105, 0x1105, 0x1105, 0x1105, 0x1105, 0x1105, 0x1105,
  0x1105, 0x1105, 0x1105, 0x1105, 0x1105, 0x1105, 0x1105, 0x1105, 0x1105, 0x1105, 0x1105, 0x1105, 0x1105, 0x1105, 0x1105, 0x1105,
  0x1105, 0x1105, 0x1105, 0x1105, 0x1105, 0x1105, 0x1105, 0x1105, 0x1105, 0x1105, 0x1105, 0x1105, 0x1105, 0x1105, 0x1105, 0x1105,
  0x1105, 0x1105, 0x1105, 0x1105, 0x1105, 0x10E5, 0x1105, 0x1105, 0x1105, 0x1105, 0x1105, 0x1105, 0x1105, 0x1105, 0x1105, 0x1105,
  0x1105, 0x1105, 0x1105, 0x1105, 0x1105, 0x1105, 0x1105, 0x1105, 0x1105, 0x1105, 0x1105, 0x1105, 0x1105, 0x10E5, 0x1105, 0x1105,
  0x1105, 0x1105, 0x1105, 0x1105, 0x1105, 0x1105, 0x1105, 0x1105, 0x1105, 0x1105, 0x1105, 0x1105, 0x10E5, 0x1105, 0x1105, 0x10E5,
  0x10E5, 0x1105, 0x1105, 0x1105, 0x1105, 0x1105, 0x1105, 0x1105, 0x1105, 0x1105, 0x1105, 0x1105, 0x1105, 0x1105, 0x1105, 0x1105,
  0x1105, 0x1105, 0x1105, 0x1105, 0x1105, 0x1105, 0x1105, 0x1105, 0x1105, 0x1105, 0x1105, 0x1105, 0x10E5, 0x1105, 0x1105, 0x1105,
  0x1105, 0x1105, 0x1105, 0x1105, 0x1105, 0x1105, 0x1105, 0x1105, 0x1105, 0x1105, 0x1105, 0x1105, 0x1105, 0x1105, 0x1105, 0x1105,
  0x1105, 0x1105, 0x1105, 0x1105, 0x1105, 0x1105, 0x1105, 0x10E5, 0x1105, 0x1105, 0x1105, 0x1105, 0x1105, 0x1105, 0x10E5, 0x1105,
  0x10E5, 0x1105, 0x1105, 0x1105, 0x1105, 0x1105, 0x1105, 0x1105, 0x1105, 0x1105, 0x1105, 0x1105, 0x10E5, 0x1105, 0x1105, 0x1105,
  0x10E5, 0x1105, 0x1105, 0x1105, 0x1105, 0x1105, 0x1105, 0x1105, 0x10E5, 0x10E5, 0x1105, 0x1105, 0x1105, 0x1105, 0x10E5, 0x10E5,
  0x1105, 0x1105, 0x1105, 0x10E5, 0x10E5, 0x1105, 0x1105, 0x1105, 0x1105, 0x1105, 0x1105, 0x1105, 0x1105, 0x1105, 0x1105, 0x1105,
  0x1105, 0x1105, 0x1105, 0x10E5, 0x10E5, 0x1105, 0x1105, 0x10E5, 0x1105, 0x1105, 0x10E5, 0x1105, 0x1105, 0x1105, 0x10E5, 0x10E5,
  0x1105, 0x1105, 0x1105, 0x10E5, 0x1105, 0x1105, 0x1105, 0x1105, 0x1105, 0x10E5, 0x1105, 0x1105, 0x1105, 0x10E5, 0x1105, 0x1105,
  0x1105, 0x1105, 0x1105, 0x1105, 0x1105, 0x1105, 0x1105, 0x1105, 0x10E5, 0x1105, 0x1105, 0x1105, 0x1105, 0x1105, 0x1105, 0x1105,
  0x1105, 0x1105, 0x1105, 0x1105, 0x10E5, 0x1105, 0x1105, 0x1105, 0x1105, 0x1105, 0x1105, 0x1105, 0x1105, 0x1105, 0x1105, 0x1105,
  0x1105, 0x10E5, 0x1105, 0x1105, 0x1105, 0x1105, 0x1105, 0x1105, 0x1105, 0x1105, 0x1105, 0x10E5, 0x1105, 0x1105, 0x1105, 0x1105,
  0x1105, 0x1105, 0x1105, 0x1105, 0x1105, 0x10E5, 0x10E5, 0x1105, 0x1105, 0x1105, 0x1105, 0x1105, 0x1105, 0x1105, 0x1105, 0x1105,
  0x1105, 0x1105, 0x10E5, 0x1105, 0x1105, 0x1105, 0x10E5, 0x1105, 0x1105, 0x1105, 0x1105, 0x1105, 0x1105, 0x1105, 0x1105, 0x1105,
  0x1105, 0x1105, 0x1105, 0x1105, 0x1105, 0x1105, 0x1105, 0x1105, 0x1105, 0x1105, 0x1105, 0x1105, 0x1105, 0x1105, 0x1105, 0x1105,
  0x1105, 0x1105, 0x1105, 0x1105, 0x1105, 0x1105, 0x1105, 0x1105, 0x1105, 0x1105, 0x1105, 0x1105, 0x1105, 0x1105, 0x1105, 0x1105,
  0x1105, 0x1105, 0x1105, 0x1105, 0x1105, 0x1105, 0x1105, 0x1105, 0x1105, 0x1105, 0x10E5, 0x10E5, 0x1105, 0x1105, 0x1105, 0x1105,
  0x1105, 0x1105, 0x1105, 0x1105, 0x1105, 0x10E5, 0x1105, 0x1105, 0x1105, 0x1105, 0x1105, 0x1105, 0x1105, 0x1105, 0x1105, 0x1105,
  0x1105, 0x1105, 0x1105, 0x1105, 0x1105, 0x10E5, 0x1105, 0x1105, 0x1105, 0x1105, 0x10E5, 0x1105, 0x1105, 0x10E5, 0x1105, 0x10E5,
  0x1105, 0x1105, 0x1105, 0x10E5, 0x1105, 0x10E5, 0x10E5, 0x1105, 0x1105, 0x1105, 0x1105, 0x1105, 0x10E5, 0x10E5, 0x1105, 0x10E5,
  0x1105, 0x1105, 0x1105, 0x1105, 0x1105, 0x1105, 0x1105, 0x1105, 0x10E5, 0x1105, 0x1105, 0x1105, 0x1105, 0x1105, 0x1105, 0x1105,
  0x1105, 0x10E5, 0x1105, 0x10E5, 0x1105, 0x1105, 0x1105, 0x1105, 0x1105, 0x1105, 0x1105, 0x10E5, 0x10E5, 0x1105, 0x1105, 0x1105,
  0x1105, 0x10E5, 0x10E5, 0x1105, 0x1105, 0x1105, 0x1105, 0x10E5, 0x10E5, 0x1105, 0x1105, 0x1105, 0x1105, 0x1105, 0x1105, 0x1105,
  0x1105, 0x1105, 0x1105, 0x1105, 0x1105, 0x1105, 0x1105, 0x10E5, 0x1105, 0x1105, 0x10E5, 0x1105, 0x1105, 0x10E5, 0x1105, 0x1105,
  0x1105, 0x10E5, 0x10E5, 0x1105, 0x1105, 0x1105, 0x10E5, 0x1105, 0x1105, 0x1105, 0x1105, 0x1105, 0x10E5, 0x10E5, 0x1105, 0x1105,
};

const unsigned short guardianMaxInitScreen[0xD480] PROGMEM = {
  0x10A4, 0x10A4, 0x10A4, 0x10A4, 0x10A4, 0x10A4, 0x10A4, 0x10A4, 0x10A4, 0x10A4, 0x10A4, 0x10A4, 0x10A4, 0x10A4, 0x10A4, 0x10A4,
  0x10A4, 0x10A4, 0x10A4, 0x10A4, 0x10A4, 0x10A4, 0x10A4, 0x10A4, 0x10A4, 0x10A4, 0x10A4, 0x10A4, 0x10A4, 0x10A4, 0x10A4, 0x10A4,
  0x10A4, 0x10A4, 0x10A4, 0x10A4, 0x10A4, 0x10A4, 0x10A4, 0x10A4, 0x10A4, 0x10A4, 0x10A4, 0x10A4, 0x10A4, 0x10A4, 0x10A4, 0x10A4,
  0x10A4, 0x10A4, 0x10A4, 0x10A4, 0x10A4, 0x10A4, 0x10A4, 0x10A4, 0x10A4, 0x10A4, 0x10A4, 0x10A4, 0x10A4, 0x10A4, 0x10A4, 0x10A4,
  0x10A4, 0x10A4, 0x10A4, 0x10A4, 0x10A4, 0x10A4, 0x10A4, 0x10A4, 0x10A4, 0x10A4, 0x10A4, 0x10A4, 0x10A4, 0x10A4, 0x10A4, 0x10A4,
  0x10A4, 0x10A4, 0x10A4, 0x10A4, 0x10A4, 0x10A4, 0x10A4, 0x10A4, 0x10A4, 0x10A4, 0x10A4, 0x10A4, 0x10A4, 0x10A4, 0x10A4, 0x10A4,
  0x10A4, 0x10A4, 0x10A4, 0x10A4, 0x10A4, 0x10A4, 0x10A4, 0x10A4, 0x10A4, 0x10A4, 0x10C4, 0x10C4, 0x10C4, 0x10C4, 0x10C4, 0x10C4,
  0x10C4, 0x10C4, 0x10C4, 0x10C4, 0x10C4, 0x10C5, 0x10C4, 0x10C5, 0x10E5, 0x10E5, 0x10E5, 0x10E5, 0x10E5, 0x10E5, 0x10E5, 0x10E5,
  0x10E5, 0x10E5, 0x1105, 0x1105, 0x1105, 0x1105, 0x1105, 0x1105, 0x1105, 0x1105, 0x1105, 0x1125, 0x1125, 0x1125, 0x1126, 0x1126,
  0x1126, 0x1126, 0x1126, 0x1126, 0x1126, 0x1146, 0x1146, 0x1146, 0x1146, 0x1146, 0x1146, 0x1146, 0x1146, 0x1146, 0x1146, 0x1146,
  0x1146, 0x1146, 0x1146, 0x1146, 0x1146, 0x1146, 0x1146, 0x1146, 0x1146, 0x1146, 0x1146, 0x1146, 0x1126, 0x1126, 0x1126, 0x1126,
  0x1126, 0x1126, 0x1126, 0x1125, 0x1125, 0x1105, 0x1105, 0x1105, 0x1105, 0x1105, 0x1105, 0x1105, 0x1105, 0x1105, 0x1105, 0x10E5,
  0x10E5, 0x10E5, 0x10E5, 0x10E5, 0x10E5, 0x10E5, 0x10E5, 0x10E5, 0x10E5, 0x10C5, 0x10C5, 0x10C4, 0x10C4, 0x10C4, 0x10C4, 0x10C4,
  0x10C4, 0x10C4, 0x10C4, 0x10C4, 0x10C4, 0x10C4, 0x10C4, 0x10C4, 0x10C4, 0x10A4, 0x10A4, 0x10A4, 0x10A4, 0x10A4, 0x10A4, 0x10A4,
  0x10A4, 0x10A4, 0x10A4, 0x10A4, 0x10A4, 0x10A4, 0x10A4, 0x10A4, 0x10A4, 0x10A4, 0x10A4, 0x10A4, 0x10A4, 0x10A4, 0x10A4, 0x10A4,
  0x10A4, 0x10A4, 0x10A4, 0x10A4, 0x10A4, 0x10A4, 0x10A4, 0x10A4, 0x10A4, 0x10A4, 0x10A4, 0x10A4, 0x10A4, 0x10A4, 0x10A4, 0x10A4,
  0x10A4, 0x10A4, 0x10A4, 0x10A4, 0x10A4, 0x10A4, 0x10A4, 0x10A4, 0x10A4, 0x10A4, 0x10A4, 0x10A4, 0x10A4, 0x10A4, 0x10A4, 0x10A4,
  0x10A4, 0x10A4, 0x10A4, 0x10A4, 0x10A4, 0x10A4, 0x10A4, 0x10A4, 0x10A4, 0x10A4, 0x10A4, 0x10A4, 0x10A4, 0x10A4, 0x10A4, 0x10A4,
  0x10A4, 0x10A4, 0x10A4, 0x10A4, 0x10A4, 0x10A4, 0x10A4, 0x10A4, 0x10A4, 0x10A4, 0x10A4, 0x10A4, 0x10A4, 0x10A4, 0x10A4, 0x10A4,
  0x10A4, 0x10A4, 0x10A4, 0x10A4, 0x10A4, 0x10A4, 0x10A4, 0x10A4, 0x10A4, 0x10A4, 0x10A4, 0x10A4, 0x10A4, 0x10A4, 0x10A4, 0x10A4,
  0x10A4, 0x10A4, 0x10A4, 0x10A4, 0x10A4, 0x10A4, 0x10A4, 0x10A4, 0x10A4, 0x10A4, 0x10A4, 0x10A4, 0x10A4, 0x10A4, 0x10A4, 0x10A4,
  0x10A4, 0x10A4, 0x10A4, 0x10A4, 0x10A4, 0x10A4, 0x10A4, 0x10A4, 0x10A4, 0x10A4, 0x10A4, 0x10A4, 0x10A4, 0x10A4, 0x10A4, 0x10A4,
  0x10A4, 0x10A4, 0x10A4, 0x10A4, 0x10A4, 0x10A4, 0x10A4, 0x10A4, 0x10A4, 0x10A4, 0x10A4, 0x10A4, 0x10A4, 0x10A4, 0x10A4, 0x10A4,
  0x10A4, 0x10A4, 0x10A4, 0x10A4, 0x10A4, 0x10A4, 0x10A4, 0x10A4, 0x10A4, 0x10A4, 0x10A4, 0x10A4, 0x10A4, 0x10A4, 0x10A4, 0x10A4,
  0x10A4, 0x10A4, 0x10A4, 0x10A4, 0x10A4, 0x10A4, 0x10A4, 0x10A4, 0x10A4, 0x10A4, 0x10A4, 0x10A4, 0x10A4, 0x10A4, 0x10A4, 0x10A4,
  0x10A4, 0x10A4, 0x10A4, 0x10A4, 0x10A4, 0x10A4, 0x10A4, 0x10A4, 0x10A4, 0x10A4, 0x10A4, 0x10A4, 0x10A4, 0x10A4, 0x10A4, 0x10A4,
  0x10A4, 0x10A4, 0x10A4, 0x10A4, 0x10A4, 0x10A4, 0x10A4, 0x10C4, 0x10C4, 0x10A4, 0x10C4, 0x10C4, 0x10C4, 0x10C4, 0x10C4, 0x10C4,
  0x10C4, 0x10C4, 0x10C4, 0x10C4, 0x10C4, 0x10C4, 0x10E5, 0x10C5, 0x10E5, 0x10E5, 0x10E5, 0x10E5, 0x10E5, 0x10E5, 0x10E5, 0x10E5,
  0x10E5, 0x10E5, 0x1105, 0x1105, 0x1105, 0x1105, 0x1105, 0x1105, 0x1105, 0x1105, 0x1125, 0x1125, 0x1125, 0x1125, 0x1126, 0x1126,
  0x1126, 0x1126, 0x1126, 0x1126, 0x1126, 0x1146, 0x1146, 0x1146, 0x1146, 0x1146, 0x1146, 0x1146, 0x1146, 0x1146, 0x1146, 0x1146,
  0x1146, 0x1146, 0x1146, 0x1146, 0x1146, 0x1146, 0x1146, 0x1146, 0x1146, 0x1146, 0x1146, 0x1146, 0x1146, 0x1126, 0x1126, 0x1126,
  0x1126, 0x1126, 0x1126, 0x1125, 0x1125, 0x1125, 0x1105, 0x1105, 0x1105, 0x1105, 0x1105, 0x1105, 0x1105, 0x1105, 0x1105, 0x10E5,
  0x10E5, 0x10E5, 0x10E5, 0x10E5, 0x10E5, 0x10E5, 0x10E5, 0x10E5, 0x10E5, 0x10C5, 0x10C5, 0x10C4, 0x10C4, 0x10C4, 0x10C4, 0x10C4,
  0x10C4, 0x10C4, 0x10C4, 0x10C4, 0x10C4, 0x10C4, 0x10C4, 0x10C4, 0x10A4, 0x10A4, 0x10A4, 0x10A4, 0x10A4, 0x10A4, 0x10A4, 0x10A4,
  0x10A4, 0x10A4, 0x10A4, 0x10A4, 0x10A4, 0x10A4, 0x10A4, 0x10A4, 0x10A4, 0x10A4, 0x10A4, 0x10A4, 0x10A4, 0x10A4, 0x10A4, 0x10A4,
  0x10A4, 0x10A4, 0x10A4, 0x10A4, 0x10A4, 0x10A4, 0x10A4, 0x10A4, 0x10A4, 0x10A4, 0x10A4, 0x10A4, 0x10A4, 0x10A4, 0x10A4, 0x10A4,
  0x10A4, 0x10A4, 0x10A4, 0x10A4, 0x10A4, 0x10A4, 0x10A4, 0x10A4, 0x10A4, 0x10A4, 0x10A4, 0x10A4, 0x10A4, 0x10A4, 0x10A4, 0x10A4,
  0x10A4, 0x10A4, 0x10A4, 0x10A4, 0x10A4, 0x10A4, 0x10A4, 0x10A4, 0x10A4, 0x10A4, 0x10A4, 0x10A4, 0x10A4, 0x10A4, 0x10A4, 0x10A4,
  0x10A4, 0x10A4, 0x10A4, 0x10A4, 0x10A4, 0x10A4, 0x10A4, 0x10A4, 0x10A4, 0x10A4, 0x10A4, 0x10A4, 0x10A4, 0x10A4, 0x10A4, 0x10A4,
  0x10A4, 0x10A4, 0x10A4, 0x10A4, 0x10A4, 0x10A4, 0x10A4, 0x10A4, 0x10A4, 0x10A4, 0x10A4, 0x10A4, 0x10A4, 0x10A4, 0x10A4, 0x10A4,
  0x10A4, 0x10A4, 0x10A4, 0x10A4, 0x10A4, 0x10A4, 0x10A4, 0x10A4, 0x10A4, 0x10A4, 0x10A4, 0x10A4, 0x10A4, 0x10A4, 0x10A4, 0x10A4,
  0x10A4, 0x10A4, 0x10A4, 0x10A4, 0x10A4, 0x10A4, 0x10A4, 0x10A4, 0x10A4, 0x10A4, 0x10A4, 0x10A4, 0x10A4, 0x10A4, 0x10A4, 0x10A4,
  0x10A4, 0x10A4, 0x10A4, 0x10A4, 0x10A4, 0x10A4, 0x10A4, 0x10A4, 0x10A4, 0x10A4, 0x10A4, 0x10A4, 0x10A4, 0x10A4, 0x10A4, 0x10A4,
  0x10A4, 0x10A4, 0x10A4, 0x10A4, 0x10A4, 0x10A4, 0x10A4, 0x10A4, 0x10A4, 0x10A4, 0x10A4, 0x10A4, 0x10A4, 0x10A4, 0x10A4, 0x10A4,
  0x10A4, 0x10A4, 0x10A4, 0x10A4, 0x10A4, 0x10A4, 0x10A4, 0x10A4, 0x10A4, 0x10A4, 0x10A4, 0x10A4, 0x10A4, 0x10A4, 0x10A4, 0x10A4,
  0x10A4, 0x10A4, 0x10A4, 0x10A4, 0x10A4, 0x10A4, 0x10A4, 0x10A4, 0x10A4, 0x10A4, 0x10A4, 0x10A4, 0x10A4, 0x10A4, 0x10A4, 0x10A4,
  0x10A4, 0x10A4, 0x10A4, 0x10A4, 0x10A4, 0x10A4, 0x10A4, 0x10A4, 0x10C4, 0x10C4, 0x10C4, 0x10C4, 0x10C4, 0x10C4, 0x10C4, 0x10C4,
  0x10C4, 0x10C4, 0x10C4, 0x10C4, 0x10C4, 0x10C4, 0x10E5, 0x10E5, 0x10E5, 0x10E5, 0x10E5, 0x10E5, 0x10E5, 0x10E5, 0x10E5, 0x10E5,
  0x10E5, 0x10E5, 0x1105, 0x1105, 0x1105, 0x1105, 0x1105, 0x1105, 0x1105, 0x1105, 0x1105, 0x1125, 0x1125, 0x1126, 0x1126, 0x1126,
  0x1126, 0x1126, 0x1126, 0x1146, 0x1146, 0x1146, 0x1146, 0x1146, 0x1146, 0x1146, 0x1146, 0x1146, 0x1146, 0x1146, 0x1146, 0x1146,
  0x1146, 0x1146, 0x1146, 0x1146, 0x1146, 0x1146, 0x1146, 0x1146, 0x1146, 0x1146, 0x1146, 0x1146, 0x1146, 0x1146, 0x1126, 0x1126,
  0x1126, 0x1126, 0x1126, 0x1125, 0x1125, 0x1125, 0x1105, 0x1105, 0x1105, 0x1105, 0x1105, 0x1105, 0x1105, 0x1105, 0x1105, 0x10E5,
  0x10E5, 0x10E5, 0x10E5, 0x10E5, 0x10E5, 0x10E5, 0x10E5, 0x10E5, 0x10E5, 0x10E5, 0x10C5, 0x10C4, 0x10C4, 0x10C4, 0x10C4, 0x10C4,
  0x10C4, 0x10C4, 0x10C4, 0x10C4, 0x10C4, 0x10C4, 0x10C4, 0x10C4, 0x10A4, 0x10A4, 0x10A4, 0x10A4, 0x10A4, 0x10A4, 0x10A4, 0x10A4,
  0x10A4, 0x10A4, 0x10A4, 0x10A4, 0x10A4, 0x10A4, 0x10A4, 0x10A4, 0x10A4, 0x10A4, 0x10A4, 0x10A4, 0x10A4, 0x10A4, 0x10A4, 0x10A4,
  0x10A4, 0x10A4, 0x10A4, 0x10A4, 0x10A4, 0x10A4, 0x10A4, 0x10A4, 0x10A4, 0x10A4, 0x10A4, 0x10A4, 0x10A4, 0x10A4, 0x10A4, 0x10A4,
  0x10A4, 0x10A4, 0x10A4, 0x10A4, 0x10A4, 0x10A4, 0x10A4, 0x10A4, 0x10A4, 0x10A4, 0x10A4, 0x10A4, 0x10A4, 0x10A4, 0x10A4, 0x10A4,
  0x10A4, 0x10A4, 0x10A4, 0x10A4, 0x10A4, 0x10A4, 0x10A4, 0x10A4, 0x10A4, 0x10A4, 0x10A4, 0x10A4, 0x10A4, 0x10A4, 0x10A4, 0x10A4,
  0x10A4, 0x10A4, 0x10A4, 0x10A4, 0x10A4, 0x10A4, 0x10A4, 0x10A4, 0x10A4, 0x10A4, 0x10A4, 0x10A4, 0x10A4, 0x10A4, 0x10A4, 0x10A4,
  0x10A4, 0x10A4, 0x10A4, 0x10A4, 0x10A4, 0x10A4, 0x10A4, 0x10A4, 0x10A4, 0x10A4, 0x10A4, 0x10A4, 0x10A4, 0x10A4, 0x10A4, 0x10A4,
  0x10A4, 0x10A4, 0x10A4, 0x10A4, 0x10A4, 0x10A4, 0x10A4, 0x10A4, 0x10A4, 0x10A4, 0x10A4, 0x10A4, 0x10A4, 0x10A4, 0x10A4, 0x10A4,
  0x10A4, 0x10A4, 0x10A4, 0x10A4, 0x10A4, 0x10A4, 0x10A4, 0x10A4, 0x10A4, 0x10A4, 0x10A4, 0x10A4, 0x10A4, 0x10A4, 0x10A4, 0x10A4,
  0x10A4, 0x10A4, 0x10A4, 0x10A4, 0x10A4, 0x10A4, 0x10A4, 0x10A4, 0x10A4, 0x10A4, 0x10A4, 0x10A4, 0x10A4, 0x10A4, 0x10A4, 0x10A4,
  0x10A4, 0x10A4, 0x10A4, 0x10A4, 0x10A4, 0x10A4, 0x10A4, 0x10A4, 0x10A4, 0x10A4, 0x10A4, 0x10A4, 0x10A4, 0x10A4, 0x10A4, 0x10A4,
  0x10A4, 0x10A4, 0x10A4, 0x10A4, 0x10A4, 0x10A4, 0x10A4, 0x10A4, 0x10A4, 0x10A4, 0x10A4, 0x10A4, 0x10A4, 0x10A4, 0x10A4, 0x10A4,
  0x10A4, 0x10A4, 0x10A4, 0x10A4, 0x10A4, 0x10A4, 0x10A4, 0x10A4, 0x10A4, 0x10A4, 0x10A4, 0x10A4, 0x10A4, 0x10A4, 0x10A4, 0x10A4,
  0x10A4, 0x10A4, 0x10A4, 0x10A4, 0x10A4, 0x10A4, 0x10A4, 0x10A4, 0x10C4, 0x10C4, 0x10C4, 0x10C4, 0x10C4, 0x10C4, 0x10C4, 0x10C4,
  0x10C4, 0x10C4, 0x10C4, 0x10C4, 0x10C4, 0x10C4, 0x10E4, 0x10E5, 0x10E5, 0x10E5, 0x10E5, 0x10E5, 0x10E5, 0x10E5, 0x10E5, 0x10E5,
  0x10E5, 0x1105, 0x1105, 0x1105, 0x1105, 0x1105, 0x1105, 0x1105, 0x1105, 0x1105, 0x1125, 0x1125, 0x1125, 0x1126, 0x1126, 0x1126,
  0x1126, 0x1126, 0x1126, 0x1146, 0x1146, 0x1146, 0x1146, 0x1146, 0x1146, 0x1146, 0x1146, 0x1146, 0x1146, 0x1146, 0x1146, 0x1146,
  0x1146, 0x1146, 0x1146, 0x1146, 0x1146, 0x1146, 0x1146, 0x1146, 0x1146, 0x1146, 0x1146, 0x1146, 0x1146, 0x1146, 0x1126, 0x1126,
  0x1126, 0x1126, 0x1126, 0x1126, 0x1125, 0x1125, 0x1105, 0x1105, 0x1105, 0x1105, 0x1105, 0x1105, 0x1105, 0x1105, 0x10E5, 0x10E5,
  0x10E5, 0x10E5, 0x10E5, 0x10E5, 0x10E5, 0x10E5, 0x10E5, 0x10E5, 0x10E5, 0x10E5, 0x10C4, 0x10C4, 0x10C4, 0x10C4, 0x10C4, 0x10C4,
  0x10C4, 0x10C4, 0x10C4, 0x10C4, 0x10C4, 0x10C4, 0x10C4, 0x10A4, 0x10A4, 0x10A4, 0x10A4, 0x10A4, 0x10A4, 0x10A4, 0x10A4, 0x10A4,
  0x10A4, 0x10A4, 0x10A4, 0x10A4, 0x10A4, 0x10A4, 0x10A4, 0x10A4, 0x10A4, 0x10A4, 0x10A4, 0x10A4, 0x10A4, 0x10A4, 0x10A4, 0x10A4,
  0x10A4, 0x10A4, 0x10A4, 0x10A4, 0x10A4, 0x10A4, 0x10A4, 0x10A4, 0x10A4, 0x10A4, 0x10A4, 0x10A4, 0x10A4, 0x10A4, 0x10A4, 0x10A4,
  0x10A4, 0x10A4, 0x10A4, 0x10A4, 0x10A4, 0x10A4, 0x10A4, 0x10A4, 0x10A4, 0x10A4, 0x10A4, 0x10A4, 0x10A4, 0x10A4, 0x10A4, 0x10A4,
  0x10A4, 0x10A4, 0x10A4, 0x10A4, 0x10A4, 0x10A4, 0x10A4, 0x10A4, 0x10A4, 0x10A4, 0x10A4, 0x10A4, 0x10A4, 0x10A4, 0x10A4, 0x10A4,
  0x10A4, 0x10A4, 0x10A4, 0x10A4, 0x10A4, 0x10A4, 0x10A4, 0x10A4, 0x10A4, 0x10A4, 0x10A4, 0x10A4, 0x10A4, 0x10A4, 0x10A4, 0x10A4,
  0x10A4, 0x10A4, 0x10A4, 0x10A4, 0x10A4, 0x10A4, 0x10A4, 0x10A4, 0x10A4, 0x10A4, 0x10A4, 0x10A4, 0x10A4, 0x10A4, 0x10A4, 0x10A4,
  0x10A4, 0x10A4, 0x10A4, 0x10A4, 0x10A4, 0x10A4, 0x10A4, 0x10A4, 0x10A4, 0x10A4, 0x10A4, 0x10A4, 0x10A4, 0x10A4, 0x10A4, 0x10A4,
  0x10A4, 0x10A4, 0x10A4, 0x10A4, 0x10A4, 0x10A4, 0x10A4, 0x10A4, 0x10A4, 0x10A4, 0x10A4, 0x10A4, 0x10A4, 0x10A4, 0x10A4, 0x10A4,
  0x10A4, 0x10A4, 0x10A4, 0x10A4, 0x10A4, 0x10A4, 0x10A4, 0x10A4, 0x10A4, 0x10A4, 0x10A4, 0x10A4, 0x10A4, 0x10A4, 0x10A4, 0x10A4,
  0x10A4, 0x10A4, 0x10A4, 0x10A4, 0x10A4, 0x10A4, 0x10A4, 0x10A4, 0x10A4, 0x10A4, 0x10A4, 0x10A4, 0x10A4, 0x10A4, 0x10A4, 0x10A4,
  0x10A4, 0x10A4, 0x10A4, 0x10A4, 0x10A4, 0x10A4, 0x10A4, 0x10A4, 0x10A4, 0x10A4, 0x10A4, 0x10A4, 0x10A4, 0x10A4, 0x10A4, 0x10A4,
  0x10A4, 0x10A4, 0x10A4, 0x10A4, 0x10A4, 0x10A4, 0x10A4, 0x10A4, 0x10A4, 0x10A4, 0x10A4, 0x10A4, 0x10A4, 0x10A4, 0x10A4, 0x10A4,
  0x10A4, 0x10A4, 0x10A4, 0x10A4, 0x10A4, 0x10A4, 0x10A4, 0x10A4, 0x10C4, 0x10C4, 0x10C4, 0x10C4, 0x10C4, 0x10C4, 0x10C4, 0x10C4,
  0x10C4, 0x10C4, 0x10C4, 0x10C4, 0x10C4, 0x10C4, 0x10C5, 0x10E5, 0x10E5, 0x10E5, 0x10E5, 0x10E5, 0x10E5, 0x10E5, 0x10E5, 0x10E5,
  0x10E5, 0x10E5, 0x1105, 0x1105, 0x1105, 0x1105, 0x1105, 0x1105, 0x1105, 0x1105, 0x1125, 0x1125, 0x1125, 0x1126, 0x1126, 0x1126,
  0x1126, 0x1126, 0x1126, 0x1146, 0x1146, 0x1146, 0x1146, 0x1146, 0x1146, 0x1146, 0x1146, 0x1146, 0x1146, 0x1146, 0x1146, 0x1146,
  0x1146, 0x1146, 0x1146, 0x1146, 0x1146, 0x1146, 0x1146, 0x1146, 0x1146, 0x1146, 0x1146, 0x1146, 0x1146, 0x1126, 0x1126, 0x1126,
  0x1126, 0x1126, 0x1126, 0x1126, 0x1125, 0x1125, 0x1105, 0x1105, 0x1105, 0x1105, 0x1105, 0x1105, 0x1105, 0x1105, 0x1105, 0x10E5,
  0x10E5, 0x10E5, 0x10E5, 0x10E5, 0x10E5, 0x10E5, 0x10E5, 0x10E5, 0x10E5, 0x10E5, 0x10C4, 0x10C4, 0x10C4, 0x10C4, 0x10C4, 0x10C4,
  0x10C4, 0x10C4, 0x10C4, 0x10C4, 0x10C4, 0x10C4, 0x10C4, 0x10C4, 0x10C4, 0x10A4, 0x10A4, 0x10A4, 0x10A4, 0x10A4, 0x10A4, 0x10A4,
  0x10A4, 0x10A4, 0x10A4, 0x10A4, 0x10A4, 0x10A4, 0x10A4, 0x10A4, 0x10A4, 0x10A4, 0x10A4, 0x10A4, 0x10A4, 0x10A4, 0x10A4, 0x10A4,
  0x10A4, 0x10A4, 0x10A4, 0x10A4, 0x10A4, 0x10A4, 0x10A4, 0x10A4, 0x10A4, 0x10A4, 0x10A4, 0x10A4, 0x10A4, 0x10A4, 0x10A4, 0x10A4,
  0x10A4, 0x10A4, 0x10A4, 0x10A4, 0x10A4, 0x10A4, 0x10A4, 0x10A4, 0x10A4, 0x10A4, 0x10A4, 0x10A4, 0x10A4, 0x10A4, 0x10A4, 0x10A4,
  0x10A4, 0x10A4, 0x10A4, 0x10A4, 0x10A4, 0x10A4, 0x10A4, 0x10A4, 0x10A4, 0x10A4, 0x10A4, 0x10A4, 0x10A4, 0x10A4, 0x10A4, 0x10A4,
  0x10A4, 0x10A4, 0x10A4, 0x10A4, 0x10A4, 0x10A4, 0x10A4, 0x10A4, 0x10A4, 0x10A4, 0x10A4, 0x10A4, 0x10A4, 0x10A4, 0x10A4, 0x10A4,
  0x10A4, 0x10A4, 0x10A4, 0x10A4, 0x10A4, 0x10A4, 0x10A4, 0x10A4, 0x10A4, 0x10A4, 0x10A4, 0x10A4, 0x10A4, 0x10A4, 0x10A4, 0x10A4,
  0x10A4, 0x10A4, 0x10A4, 0x10A4, 0x10A4, 0x10A4, 0x10A4, 0x10A4, 0x10A4, 0x10A4, 0x10A4, 0x10A4, 0x10A4, 0x10A4, 0x10A4, 0x10A4,
  0x10A4, 0x10A4, 0x10A4, 0x10A4, 0x10A4, 0x10A4, 0x10A4, 0x10A4, 0x10A4, 0x10A4, 0x10A4, 0x10A4, 0x10A4, 0x10A4, 0x10A4, 0x10A4,
  0x10A4, 0x10A4, 0x10A4, 0x10A4, 0x10A4, 0x10A4, 0x10A4, 0x10A4, 0x10A4, 0x10A4, 0x10A4, 0x10A4, 0x10A4, 0x10A4, 0x10A4, 0x10A4,
  0x10A4, 0x10A4, 0x10A4, 0x10A4, 0x10A4, 0x10A4, 0x10A4, 0x10A4, 0x10A4, 0x10A4, 0x10A4, 0x10A4, 0x10A4, 0x10A4, 0x10A4, 0x10A4,
  0x10A4, 0x10A4, 0x10A4, 0x10A4, 0x10A4, 0x10A4, 0x10A4, 0x10A4, 0x10A4, 0x10A4, 0x10A4, 0x10A4, 0x10A4, 0x10A4, 0x10A4, 0x10A4,
  0x10A4, 0x10A4, 0x10A4, 0x10A4, 0x10A4, 0x10A4, 0x10A4, 0x10A4, 0x10A4, 0x10A4, 0x10A4, 0x10A4, 0x10A4, 0x10A4, 0x10A4, 0x10A4,
  0x10A4, 0x10A4, 0x10A4, 0x10A4, 0x10A4, 0x10A4, 0x10A4, 0x10C4, 0x10A4, 0x10C4, 0x10C4, 0x10C4, 0x10C4, 0x10C4, 0x10C4, 0x10C4,
  0x10C4, 0x10C4, 0x10C4, 0x10C4, 0x10C4, 0x10C4, 0x10C5, 0x10E5, 0x10E5, 0x10E5, 0x10E5, 0x10E5, 0x10E5, 0x10E5, 0x10E5, 0x10E5,
  0x1105, 0x1105, 0x1105, 0x1105, 0x1105, 0x1105, 0x1105, 0x1105, 0x1105, 0x1105, 0x1125, 0x1125, 0x1126, 0x1126, 0x1126, 0x1126,
  0x1126, 0x1126, 0x1126, 0x1146, 0x1146, 0x1146, 0x1146, 0x1146, 0x1146, 0x1146, 0x1146, 0x1146, 0x1146, 0x1146, 0x1146, 0x1166,
  0x1166, 0x1146, 0x1146, 0x1146, 0x1146, 0x1146, 0x1146, 0x1146, 0x1146, 0x1146, 0x1146, 0x1146, 0x1146, 0x1146, 0x1126, 0x1126,
  0x1126, 0x1126, 0x1126, 0x1126, 0x1125, 0x1125, 0x1105, 0x1105, 0x1105, 0x1105, 0x1105, 0x1105, 0x1105, 0x1105, 0x1105, 0x10E5,
  0x10E5, 0x10E5, 0x10E5, 0x10E5, 0x10E5, 0x10E5, 0x10E5, 0x10E5, 0x10E5, 0x10E5, 0x10E5, 0x10C4, 0x10C4, 0x10C4, 0x10C4, 0x10C4,
  0x10C4, 0x10C4, 0x10C4, 0x10C4, 0x10C4, 0x10C4, 0x10C4, 0x10C4, 0x10A4, 0x10A4, 0x10A4, 0x10A4, 0x10A4, 0x10A4, 0x10A4, 0x10A4,
  0x10A4, 0x10A4, 0x10A4, 0x10A4, 0x10A4, 0x10A4, 0x10A4, 0x10A4, 0x10A4, 0x10A4, 0x10A4, 0x10A4, 0x10A4, 0x10A4, 0x10A4, 0x10A4,
  0x10A4, 0x10A4, 0x10A4, 0x10A4, 0x10A4, 0x10A4, 0x10A4, 0x10A4, 0x10A4, 0x10A4, 0x10A4, 0x10A4, 0x10A4, 0x10A4, 0x10A4, 0x10A4,
  0x10A4, 0x10A4, 0x10A4, 0x10A4, 0x10A4, 0x10A4, 0x10A4, 0x10A4, 0x10A4, 0x10A4, 0x10A4, 0x10A4, 0x10A4, 0x10A4, 0x10A4, 0x10A4,
  0x10A4, 0x10A4, 0x10A4, 0x10A4, 0x10A4, 0x10A4, 0x10A4, 0x10A4, 0x10A4, 0x10A4, 0x10A4, 0x10A4, 0x10A4, 0x10A4, 0x10A4, 0x10A4,
  0x10A4, 0x10A4, 0x10A4, 0x10A4, 0x10A4, 0x10A4, 0x10A4, 0x10A4, 0x10A4, 0x10A4, 0x10A4, 0x10A4, 0x10A4, 0x10A4, 0x10A4, 0x10A4,
  0x10A4, 0x10A4, 0x10A4, 0x10A4, 0x10A4, 0x10A4, 0x10A4, 0x10A4, 0x10A4, 0x10A4, 0x10A4, 0x10A4, 0x10A4, 0x10A4, 0x10A4, 0x10A4,
  0x10A4, 0x10A4, 0x10A4, 0x10A4, 0x10A4, 0x10A4, 0x10A4, 0x10A4, 0x10A4, 0x10A4, 0x10A4, 0x10A4, 0x10A4, 0x10A4, 0x10A4, 0x10A4,
  0x10A4, 0x10A4, 0x10A4, 0x10A4, 0x10A4, 0x10A4, 0x10A4, 0x10A4, 0x10A4, 0x10A4, 0x10A4, 0x10A4, 0x10A4, 0x10A4, 0x10A4, 0x10A4,
  0x10A4, 0x10A4, 0x10A4, 0x10A4, 0x10A4, 0x10A4, 0x10A4, 0x10A4, 0x10A4, 0x10A4, 0x10A4, 0x10A4, 0x10A4, 0x10A4, 0x10A4, 0x10A4,
  0x10A4, 0x10A4, 0x10A4, 0x10A4, 0x10A4, 0x10A4, 0x10A4, 0x10A4, 0x10A4, 0x10A4, 0x10A4, 0x10A4, 0x10A4, 0x10A4, 0x10A4, 0x10A4,
  0x10A4, 0x10A4, 0x10A4, 0x10A4, 0x10A4, 0x10A4, 0x10A4, 0x10A4, 0x10A4, 0x10A4, 0x10A4, 0x10A4, 0x10A4, 0x10A4, 0x10A4, 0x10A4,
  0x10A4, 0x10A4, 0x10A4, 0x10A4, 0x10A4, 0x10A4, 0x10A4, 0x10A4, 0x10A4, 0x10A4, 0x10A4, 0x10A4, 0x10A4, 0x10A4, 0x10A4, 0x10A4,
  0x10A4, 0x10A4, 0x10A4, 0x10A4, 0x10A4, 0x10A4, 0x10A4, 0x10C4, 0x10C4, 0x10C4, 0x10C4, 0x10C4, 0x10C4, 0x10C4, 0x10C4, 0x10C4,
  0x10C4, 0x10C4, 0x10C4, 0x10C4, 0x10C4, 0x10C4, 0x10E5, 0x10E5, 0x10E5, 0x10E5, 0x10E5, 0x10E5, 0x10E5, 0x10E5, 0x10E5, 0x10E5,
  0x10E5, 0x1105, 0x1105, 0x1105, 0x1105, 0x1105, 0x1105, 0x1105, 0x1105, 0x1105, 0x1125, 0x1125, 0x1126, 0x1126, 0x1126, 0x1126,
  0x1126, 0x1126, 0x1146, 0x1146, 0x1146, 0x1146, 0x1146, 0x1146, 0x1146, 0x1146, 0x1146, 0x1146, 0x1146, 0x1166, 0x1166, 0x1166,
  0x1166, 0x1146, 0x1146, 0x1166, 0x1146, 0x1146, 0x1146, 0x1146, 0x1146, 0x1146, 0x1146, 0x1146, 0x1146, 0x1146, 0x1126, 0x1126,
  0x1126, 0x1126, 0x1126, 0x1126, 0x1125, 0x1125, 0x1125, 0x1105, 0x1105, 0x1105, 0x1105, 0x1105, 0x1105, 0x1105, 0x1105, 0x10E5,
  0x10E5, 0x10E5, 0x10E5, 0x10E5, 0x10E5, 0x10E5, 0x10E5, 0x10E5, 0x10E5, 0x10E5, 0x10C5, 0x10C5, 0x10C4, 0x10C4, 0x10C4, 0x10C4,
  0x10C4, 0x10C4, 0x10C4, 0x10C4, 0x10C4, 0x10C4, 0x10C4, 0x10A4, 0x10A4, 0x10A4, 0x10A4, 0x10A4, 0x10A4, 0x10A4, 0x10A4, 0x10A4,
  0x10A4, 0x10A4, 0x10A4, 0x10A4, 0x10A4, 0x10A4, 0x10A4, 0x10A4, 0x10A4, 0x10A4, 0x10A4, 0x10A4, 0x10A4, 0x10A4, 0x10A4, 0x10A4,
  0x10A4, 0x10A4, 0x10A4, 0x10A4, 0x10A4, 0x10A4, 0x10A4, 0x10A4, 0x10A4, 0x10A4, 0x10A4, 0x10A4, 0x10A4, 0x10A4, 0x10A4, 0x10A4,
  0x10A4, 0x10A4, 0x10A4, 0x10A4, 0x10A4, 0x10A4, 0x10A4, 0x10A4, 0x10A4, 0x10A4, 0x10A4, 0x10A4, 0x10A4, 0x10A4, 0x10A4, 0x10A4,
  0x10A4, 0x10A4, 0x10A4, 0x10A4, 0x10A4, 0x10A4, 0x10A4, 0x10A4, 0x10A4, 0x10A4, 0x10A4, 0x10A4, 0x10A4, 0x10A4, 0x10A4, 0x10A4,
  0x10A4, 0x10A4, 0x10A4, 0x10A4, 0x10A4, 0x10A4, 0x10A4, 0x10A4, 0x10A4, 0x10A4, 0x10A4, 0x10A4, 0x10A4, 0x10A4, 0x10A4, 0x10A4,
  0x10A4, 0x10A4, 0x10A4, 0x10A4, 0x10A4, 0x10A4, 0x10A4, 0x10A4, 0x10A4, 0x10A4, 0x10A4, 0x10A4, 0x10A4, 0x10A4, 0x10A4, 0x10A4,
  0x10A4, 0x10A4, 0x10A4, 0x10A4, 0x10A4, 0x10A4, 0x10A4, 0x10A4, 0x10A4, 0x10A4, 0x10A4, 0x10A4, 0x10A4, 0x10A4, 0x10A4, 0x10A4,
  0x10A4, 0x10A4, 0x10A4, 0x10A4, 0x10A4, 0x10A4, 0x10A4, 0x10A4, 0x10A4, 0x10A4, 0x10A4, 0x10A4, 0x10A4, 0x10A4, 0x10A4, 0x10A4,
  0x10A4, 0x10A4, 0x10C4, 0x10A4, 0x10A4, 0x10A4, 0x10C4, 0x10A4, 0x10A4, 0x10A4, 0x10A4, 0x10A4, 0x10A4, 0x10A4, 0x10A4, 0x10A4,
  0x10A4, 0x10A4, 0x10A4, 0x10A4, 0x10A4, 0x10A4, 0x10A4, 0x10A4, 0x10A4, 0x10A4, 0x10A4, 0x10A4, 0x10A4, 0x10A4, 0x10A4, 0x10A4,
  0x10A4, 0x10A4, 0x10A4, 0x10A4, 0x10A4, 0x10A4, 0x10A4, 0x10A4, 0x10A4, 0x10A4, 0x10A4, 0x10A4, 0x10A4, 0x10A4, 0x10A4, 0x10A4,
  0x10A4, 0x10A4, 0x10A4, 0x10A4, 0x10A4, 0x10A4, 0x10A4, 0x10A4, 0x10A4, 0x10A4, 0x10A4, 0x10A4, 0x10A4, 0x10A4, 0x10A4, 0x10A4,
  0x10A4, 0x10A4, 0x10A4, 0x10A4, 0x10A4, 0x10A4, 0x10A4, 0x10A4, 0x10C4, 0x10C4, 0x10C4, 0x10C4, 0x10C4, 0x10C4, 0x10C4, 0x10C4,
  0x10C4, 0x10C4, 0x10C4, 0x10C4, 0x10C4, 0x10C5, 0x10C4, 0x10E5, 0x10E5, 0x10E5, 0x10E5, 0x10E5, 0x10E5, 0x10E5, 0x10E5, 0x10E5,
  0x10E5, 0x1105, 0x1105, 0x1105, 0x1105, 0x1105, 0x1105, 0x1105, 0x1105, 0x1125, 0x1125, 0x1126, 0x1126, 0x1126, 0x1126, 0x1126,
  0x1126, 0x1146, 0x1146, 0x1146, 0x1146, 0x1146, 0x1146, 0x1146, 0x1146, 0x1146, 0x1146, 0x1166, 0x1166, 0x1166, 0x1166, 0x1166,
  0x1166, 0x1166, 0x1166, 0x1166, 0x1166, 0x1146, 0x1146, 0x1146, 0x1146, 0x1146, 0x1146, 0x1146, 0x1146, 0x1146, 0x1146, 0x1126,
  0x1126, 0x1126, 0x1126, 0x1125, 0x1126, 0x1125, 0x1125, 0x1105, 0x1105, 0x1105, 0x1105, 0x1105, 0x1105, 0x1105, 0x1105, 0x1105,
  0x10E5, 0x10E5, 0x10E5, 0x10E5, 0x10E5, 0x10E5, 0x10E5, 0x10E5, 0x10E5, 0x10E5, 0x10C5, 0x10C5, 0x10C4, 0x10C4, 0x10C4, 0x10C4,
  0x10C4, 0x10C4, 0x10C4, 0x10C4, 0x10C4, 0x10C4, 0x10C4, 0x10C4, 0x10C4, 0x10A4, 0x10A4, 0x10A4, 0x10A4, 0x10A4, 0x10A4, 0x10A4,
  0x10A4, 0x10A4, 0x10A4, 0x10A4, 0x10A4, 0x10A4, 0x10A4, 0x10A4, 0x10A4, 0x10A4, 0x10A4, 0x10A4, 0x10A4, 0x10A4, 0x10A4, 0x10A4,
  0x10A4, 0x10A4, 0x10A4, 0x10A4, 0x10A4, 0x10A4, 0x10A4, 0x10A4, 0x10A4, 0x10A4, 0x10A4, 0x10A4, 0x10A4, 0x10A4, 0x10A4, 0x10A4,
  0x10A4, 0x10A4, 0x10A4, 0x10A4, 0x10A4, 0x10A4, 0x10A4, 0x10A4, 0x10A4, 0x10A4, 0x10A4, 0x10A4, 0x10A4, 0x10A4, 0x10A4, 0x10A4,
  0x10A4, 0x10A4, 0x10A4, 0x10A4, 0x10A4, 0x10A4, 0x10A4, 0x10A4, 0x10A4, 0x10A4, 0x10A4, 0x10A4, 0x10A4, 0x10A4, 0x10A4, 0x10A4,
  0x10A4, 0x10A4, 0x10A4, 0x10A4, 0x10A4, 0x10A4, 0x10A4, 0x10A4, 0x10A4, 0x10A4, 0x10A4, 0x10A4, 0x10A4, 0x10A4, 0x10A4, 0x10A4,
  0x10A4, 0x10A4, 0x10A4, 0x10A4, 0x10A4, 0x10A4, 0x10A4, 0x10A4, 0x10A4, 0x10A4, 0x10A4, 0x10A4, 0x10A4, 0x10A4, 0x10A4, 0x10A4,
  0x10A4, 0x10A4, 0x10A4, 0x10A4, 0x10A4, 0x10A4, 0x10A4, 0x10A4, 0x10A4, 0x10A4, 0x10A4, 0x10A4, 0x10A4, 0x10A4, 0x10A4, 0x10A4,
  0x10A4, 0x10A4, 0x10A4, 0x10A4, 0x10A4, 0x10A4, 0x10A4, 0x10A4, 0x10A4, 0x10A4, 0x10A4, 0x10A4, 0x10A4, 0x10A4, 0x10C4, 0x10A4,
  0x10A4, 0x0863, 0x0022, 0x0042, 0x0884, 0x0883, 0x0022, 0x0042, 0x0883, 0x10A4, 0x10A4, 0x10C4, 0x10A4, 0x10A4, 0x10A4, 0x10A4,
  0x10A4, 0x10A4, 0x10A4, 0x10A4, 0x10A4, 0x10A4, 0x10A4, 0x10A4, 0x10A4, 0x10A4, 0x10A4, 0x10A4, 0x10A4, 0x10A4, 0x10A4, 0x10A4,
  0x10A4, 0x10A4, 0x10A4, 0x10A4, 0x10A4, 0x10A4, 0x10A4, 0x10A4, 0x10A4, 0x10A4, 0x10A4, 0x10A4, 0x10A4, 0x10A4, 0x10A4, 0x10A4,
  0x10A4, 0x10A4, 0x10A4, 0x10A4, 0x10A4, 0x10A4, 0x10A4, 0x10A4, 0x10A4, 0x10A4, 0x10A4, 0x10A4, 0x10A4, 0x10A4, 0x10A4, 0x10A4,
  0x10A4, 0x10A4, 0x10A4, 0x10A4, 0x10A4, 0x10A4, 0x10A4, 0x10A4, 0x10C4, 0x10C4, 0x10C4, 0x10C4, 0x10C4, 0x10C4, 0x10C4, 0x10C4,
  0x10C4, 0x10C4, 0x10C4, 0x10C4, 0x10C5, 0x10C5, 0x10E5, 0x10C5, 0x10E5, 0x10E5, 0x10E5, 0x10E5, 0x10E5, 0x10E5, 0x10E5, 0x10E5,
  0x10E5, 0x1105, 0x1105, 0x1105, 0x1105, 0x1105, 0x1105, 0x1105, 0x1105, 0x1125, 0x1125, 0x1126, 0x1126, 0x1126, 0x1126, 0x1126,
  0x1126, 0x1126, 0x1146, 0x1146, 0x1146, 0x1146, 0x1146, 0x1146, 0x1146, 0x1146, 0x1166, 0x1166, 0x1166, 0x1166, 0x1166, 0x1166,
  0x1166, 0x1166, 0x1166, 0x1166, 0x1166, 0x1166, 0x1146, 0x1146, 0x1146, 0x1146, 0x1146, 0x1146, 0x1146, 0x1146, 0x1146, 0x1126,
  0x1126, 0x1126, 0x1126, 0x1126, 0x1126, 0x1125, 0x1125, 0x1105, 0x1105, 0x1105, 0x1105, 0x1105, 0x1105, 0x1105, 0x1105, 0x1105,
  0x10E5, 0x10E5, 0x10E5, 0x10E5, 0x10E5, 0x10E5, 0x10E5, 0x10E5, 0x10E5, 0x10E5, 0x10E5, 0x10C5, 0x10C4, 0x10C4, 0x10C4, 0x10C4,
  0x10C4, 0x10C4, 0x10C4, 0x10C4, 0x10C4, 0x10C4, 0x10C4, 0x10C4, 0x10C4, 0x10A4, 0x10A4, 0x10A4, 0x10A4, 0x10A4, 0x10A4, 0x10A4,
  0x10A4, 0x10A4, 0x10A4, 0x10A4, 0x10A4, 0x10A4, 0x10A4, 0x10A4, 0x10A4, 0x10A4, 0x10A4, 0x10A4, 0x10A4, 0x10A4, 0x10A4, 0x10A4,
  0x10A4, 0x10A4, 0x10A4, 0x10A4, 0x10A4, 0x10A4, 0x10A4, 0x10A4, 0x10A4, 0x10A4, 0x10A4, 0x10A4, 0x10A4, 0x10A4, 0x10A4, 0x10A4,
  0x10A4, 0x10A4, 0x10A4, 0x10A4, 0x10A4, 0x10A4, 0x10A4, 0x10A4, 0x10A4, 0x10A4, 0x10A4, 0x10A4, 0x10A4, 0x10A4, 0x10A4, 0x10A4,
  0x10A4, 0x10A4, 0x10A4, 0x10A4, 0x10A4, 0x10A4, 0x10A4, 0x10A4, 0x10A4, 0x10A4, 0x10A4, 0x10A4, 0x10A4, 0x10A4, 0x10A4, 0x10A4,
  0x10A4, 0x10A4, 0x10A4, 0x10A4, 0x10A4, 0x10A4, 0x10A4, 0x10A4, 0x10A4, 0x10A4, 0x10A4, 0x10A4, 0x10A4, 0x10A4, 0x10A4, 0x10A4,
  0x10A4, 0x10A4, 0x10A4, 0x10A4, 0x10A4, 0x10A4, 0x10A4, 0x10A4, 0x10A4, 0x10A4, 0x10A4, 0x10A4, 0x10A4, 0x10A4, 0x10A4, 0x10A4,
  0x10A4, 0x10A4, 0x10A4, 0x10A4, 0x10A4, 0x10A4, 0x10A4, 0x10A4, 0x10A4, 0x10A4, 0x10A4, 0x10A4, 0x10A4, 0x10A4, 0x10A4, 0x10A4,
  0x10A4, 0x10A4, 0x10A4, 0x10A4, 0x10A4, 0x10A4, 0x10A4, 0x10A4, 0x10A4, 0x10A4, 0x10A4, 0x10A4, 0x10A4, 0x0863, 0x0022, 0x0043,
  0x10A4, 0x31C8, 0x5AEC, 0x7BD0, 0x9492, 0x8C52, 0x73AF, 0x4A8B, 0x2967, 0x0883, 0x0043, 0x0022, 0x0884, 0x10A4, 0x10A4, 0x10A4,
  0x10A4, 0x10A4, 0x10A4, 0x10A4, 0x10A4, 0x10A4, 0x10A4, 0x10A4, 0x10A4, 0x10A4, 0x10A4, 0x10A4, 0x10A4, 0x10A4, 0x10A4, 0x10A4,
  0x10A4, 0x10A4, 0x10A4, 0x10A4, 0x10A4, 0x10A4, 0x10A4, 0x10A4, 0x10A4, 0x10A4, 0x10A4, 0x10A4, 0x10A4, 0x10A4, 0x10A4, 0x10A4,
  0x10A4, 0x10A4, 0x10A4, 0x10A4, 0x10A4, 0x10A4, 0x10A4, 0x10A4, 0x10A4, 0x10A4, 0x10A4, 0x10A4, 0x10A4, 0x10A4, 0x10A4, 0x10A4,
  0x10A4, 0x10A4, 0x10A4, 0x10A4, 0x10A4, 0x10A4, 0x10A4, 0x10C4, 0x10C4, 0x10C4, 0x10C4, 0x10C4, 0x10C4, 0x10C4, 0x10C4, 0x10C4,
  0x10C4, 0x10C4, 0x10C4, 0x10C4, 0x10C4, 0x10C4, 0x10C5, 0x10E5, 0x10E5, 0x10E5, 0x10E5, 0x10E5, 0x10E5, 0x10E5, 0x10E5, 0x10E5,
  0x1105, 0x1105, 0x1105, 0x1105, 0x1105, 0x1105, 0x1105, 0x1105, 0x1125, 0x1125, 0x1125, 0x1126, 0x1126, 0x1126, 0x1126, 0x1126,
  0x1126, 0x1146, 0x1146, 0x1146, 0x1146, 0x1146, 0x1146, 0x1146, 0x1146, 0x1146, 0x1166, 0x1166, 0x1166, 0x1166, 0x1166, 0x1166,
  0x1166, 0x1166, 0x1166, 0x1166, 0x1166, 0x1166, 0x1166, 0x1146, 0x1146, 0x1146, 0x1146, 0x1146, 0x1146, 0x1146, 0x1146, 0x1126,
  0x1126, 0x1126, 0x1126, 0x1126, 0x1126, 0x1125, 0x1125, 0x1105, 0x1105, 0x1105, 0x1105, 0x1105, 0x1105, 0x1105, 0x1105, 0x10E5,
  0x10E5, 0x10E5, 0x1105, 0x10E5, 0x10E5, 0x10E5, 0x10E5, 0x10E5, 0x10E5, 0x10E5, 0x10E5, 0x10C5, 0x10C4, 0x10C4, 0x10C4, 0x10C4,
  0x10C4, 0x10C4, 0x10C4, 0x10C4, 0x10C4, 0x10C4, 0x10C4, 0x10C4, 0x10C4, 0x10C4, 0x10C4, 0x10A4, 0x10A4, 0x10A4, 0x10A4, 0x10A4,
  0x10A4, 0x10A4, 0x10A4, 0x10A4, 0x10A4, 0x10A4, 0x10A4, 0x10A4, 0x10A4, 0x10A4, 0x10A4, 0x10A4, 0x10A4, 0x10A4, 0x10A4, 0x10A4,
  0x10A4, 0x10A4, 0x10A4, 0x10A4, 0x10A4, 0x10A4, 0x10A4, 0x10A4, 0x10A4, 0x10A4, 0x10A4, 0x10A4, 0x10A4, 0x10A4, 0x10A4, 0x10A4,
  0x10A4, 0x10A4, 0x10A4, 0x10A4, 0x10A4, 0x10A4, 0x10A4, 0x10A4, 0x10A4, 0x10A4, 0x10A4, 0x10A4, 0x10A4, 0x10A4, 0x10A4, 0x10A4,
  0x10A4, 0x10A4, 0x10A4, 0x10A4, 0x10A4, 0x10A4, 0x10A4, 0x10A4, 0x10A4, 0x10A4, 0x10A4, 0x10A4, 0x10A4, 0x10A4, 0x10A4, 0x10A4,
  0x10A4, 0x10A4, 0x10A4, 0x10A4, 0x10A4, 0x10A4, 0x10A4, 0x10A4, 0x10A4, 0x10A4, 0x10A4, 0x10A4, 0x10A4, 0x10A4, 0x10A4, 0x10A4,
  0x10A4, 0x10A4, 0x10A4, 0x10A4, 0x10A4, 0x10A4, 0x10A4, 0x10A4, 0x10A4, 0x10A4, 0x10A4, 0x10A4, 0x10A4, 0x10A4, 0x10A4, 0x10A4,
  0x10A4, 0x10A4, 0x10A4, 0x10A4, 0x10A4, 0x10A4, 0x10A4, 0x10A4, 0x10A4, 0x10A4, 0x10A4, 0x10A4, 0x10A4, 0x10A4, 0x10A4, 0x10A4,
  0x10A4, 0x10A4, 0x10A4, 0x10A4, 0x10A4, 0x10A4, 0x10A4, 0x10A4, 0x10A4, 0x10A4, 0x10A4, 0x10A4, 0x0884, 0x2967, 0x6B4E, 0x8431,
  0x94B3, 0x8C72, 0x73AF, 0x4A6B, 0x2947, 0x31A8, 0x5ACC, 0x7BD0, 0x8C92, 0x9493, 0x7BF0, 0x52CC, 0x1905, 0x1084, 0x10A4, 0x10A4,
  0x10A4, 0x10A4, 0x10A4, 0x10A4, 0x10A4, 0x10A4, 0x10A4, 0x10A4, 0x10A4, 0x10A4, 0x10A4, 0x10A4, 0x10A4, 0x10A4, 0x10A4, 0x10A4,
  0x10A4, 0x10A4, 0x10A4, 0x10A4, 0x10A4, 0x10A4, 0x10A4, 0x10A4, 0x10A4, 0x10A4, 0x10A4, 0x10A4, 0x10A4, 0x10A4, 0x10A4, 0x10A4,
  0x10A4, 0x10A4, 0x10A4, 0x10A4, 0x10A4, 0x10A4, 0x10A4, 0x10A4, 0x10A4, 0x10A4, 0x10A4, 0x10A4, 0x10A4, 0x10A4, 0x10A4, 0x10A4,
  0x10A4, 0x10A4, 0x10A4, 0x10A4, 0x10A4, 0x10A4, 0x10A4, 0x10C4, 0x10A4, 0x10C4, 0x10C4, 0x10C4, 0x10C4, 0x10C4, 0x10C4, 0x10C4,
  0x10C4, 0x10C4, 0x10C4, 0x10C4, 0x10C4, 0x10C4, 0x10E5, 0x10E5, 0x10E5, 0x10E5, 0x10E5, 0x10E5, 0x10E5, 0x10E5, 0x10E5, 0x10E5,
  0x1105, 0x1105, 0x1105, 0x1105, 0x1105, 0x1105, 0x1105, 0x1105, 0x1125, 0x1125, 0x1125, 0x1125, 0x1125, 0x1126, 0x1126, 0x1126,
  0x1146, 0x1146, 0x1146, 0x1146, 0x1146, 0x1146, 0x1146, 0x1146, 0x1146, 0x1166, 0x1166, 0x1166, 0x1166, 0x1166, 0x1166, 0x1166,
  0x1166, 0x1166, 0x1166, 0x1166, 0x1166, 0x1166, 0x1166, 0x1146, 0x1146, 0x1146, 0x1146, 0x1146, 0x1146, 0x1146, 0x1146, 0x1146,
  0x1126, 0x1126, 0x1126, 0x1126, 0x1126, 0x1125, 0x1125, 0x1125, 0x1105, 0x1105, 0x1105, 0x1105, 0x1105, 0x1105, 0x1105, 0x1105,
  0x1105, 0x1105, 0x10A4, 0x10C4, 0x10E5, 0x10E5, 0x10E5, 0x10E5, 0x10E5, 0x10E5, 0x10E5, 0x10C4, 0x10C4, 0x10C4, 0x10C4, 0x10C4,
  0x10C4, 0x10C4, 0x10C4, 0x10C4, 0x10C4, 0x10C4, 0x10C4, 0x10C4, 0x10C4, 0x10A4, 0x10A4, 0x10A4, 0x10A4, 0x10A4, 0x10A4, 0x10A4,
  0x10A4, 0x10A4, 0x10A4, 0x10A4, 0x10A4, 0x10A4, 0x10A4, 0x10A4, 0x10A4, 0x10A4, 0x10A4, 0x10A4, 0x10A4, 0x10A4, 0x10A4, 0x10A4,
  0x10A4, 0x10A4, 0x10A4, 0x10A4, 0x10A4, 0x10A4, 0x10A4, 0x10A4, 0x10A4, 0x10A4, 0x10A4, 0x10A4, 0x10A4, 0x10A4, 0x10A4, 0x10A4,
  0x10A4, 0x10A4, 0x10A4, 0x10A4, 0x10A4, 0x10A4, 0x10A4, 0x10A4, 0x10A4, 0x10A4, 0x10A4, 0x10A4, 0x10A4, 0x10A4, 0x10A4, 0x10A4,
  0x10A4, 0x10A4, 0x10A4, 0x10A4, 0x10A4, 0x10A4, 0x10A4, 0x10A4, 0x10A4, 0x10A4, 0x10A4, 0x10A4, 0x10A4, 0x10A4, 0x10A4, 0x10A4,
  0x10A4, 0x10A4, 0x10A4, 0x10A4, 0x10A4, 0x10A4, 0x10A4, 0x10A4, 0x10A4, 0x10A4, 0x10A4, 0x10A4, 0x10A4, 0x10A4, 0x10A4, 0x10A4,
  0x10A4, 0x10A4, 0x10A4, 0x10A4, 0x10A4, 0x10A4, 0x10A4, 0x10A4, 0x10A4, 0x10A4, 0x10A4, 0x10A4, 0x10A4, 0x10A4, 0x10A4, 0x10A4,
  0x10A4, 0x10A4, 0x10A4, 0x10A4, 0x10A4, 0x10A4, 0x10A4, 0x10A4, 0x10A4, 0x10A4, 0x10A4, 0x10A4, 0x10A4, 0x10A4, 0x10A4, 0x10A4,
  0x10A4, 0x10A4, 0x10A4, 0x10A4, 0x10A4, 0x10A4, 0x10A4, 0x10A4, 0x10A4, 0x10A4, 0x10A4, 0x10A4, 0x0863, 0x424A, 0x6B8F, 0x422A,
  0x1905, 0x0022, 0x0001, 0x0001, 0x0043, 0x0022, 0x0001, 0x0001, 0x0043, 0x2967, 0x4A6B, 0x6B8F, 0x2967, 0x0884, 0x10A4, 0x10A4,
  0x10A4, 0x10A4, 0x10A4, 0x10A4, 0x10A4, 0x10A4, 0x10A4, 0x10A4, 0x10A4, 0x10A4, 0x10A4, 0x10A4, 0x10A4, 0x10A4, 0x10A4, 0x10A4,
  0x10A4, 0x10A4, 0x10A4, 0x10A4, 0x10A4, 0x10A4, 0x10A4, 0x10A4, 0x10A4, 0x10A4, 0x10A4, 0x10A4, 0x10A4, 0x10A4, 0x10A4, 0x10A4,
  0x10A4, 0x10A4, 0x10A4, 0x10A4, 0x10A4, 0x10A4, 0x10A4, 0x10A4, 0x10A4, 0x10A4, 0x10A4, 0x10A4, 0x10A4, 0x10A4, 0x10A4, 0x10A4,
  0x10A4, 0x10A4, 0x10A4, 0x10A4, 0x10A4, 0x10A4, 0x10A4, 0x10A4, 0x10C4, 0x10C4, 0x10C4, 0x10C4, 0x10C4, 0x10C4, 0x10C4, 0x10C4,
  0x10C4, 0x10C4, 0x10C4, 0x10C4, 0x10C5, 0x10E5, 0x10E5, 0x10E5, 0x10E5, 0x10E5, 0x10E5, 0x10E5, 0x10E5, 0x10E5, 0x10E5, 0x1105,
  0x1105, 0x1105, 0x1105, 0x1105, 0x1105, 0x1105, 0x1105, 0x1105, 0x1125, 0x1125, 0x1125, 0x1125, 0x1126, 0x1126, 0x1126, 0x1126,
  0x1146, 0x1146, 0x1146, 0x1146, 0x1146, 0x1146, 0x1146, 0x1146, 0x1166, 0x1166, 0x1166, 0x1166, 0x1166, 0x1166, 0x1166, 0x1166,
  0x1166, 0x1166, 0x1166, 0x1166, 0x1166, 0x1166, 0x1166, 0x1146, 0x1146, 0x1146, 0x1146, 0x1146, 0x1146, 0x1146, 0x1146, 0x1146,
  0x1126, 0x1126, 0x1126, 0x1126, 0x1126, 0x1126, 0x1125, 0x1125, 0x1105, 0x1105, 0x1105, 0x1105, 0x1105, 0x1105, 0x1105, 0x1105,
  0x10E5, 0x1084, 0x09E8, 0x09A7, 0x10C4, 0x10E5, 0x10E5, 0x10E5, 0x10E5, 0x10E5, 0x10E5, 0x10C5, 0x10C5, 0x10C4, 0x10C4, 0x10C5,
  0x10E5, 0x10C4, 0x10C5, 0x10E5, 0x10C4, 0x10C4, 0x10C4, 0x10C4, 0x10C4, 0x10A4, 0x10C4, 0x10A4, 0x10A4, 0x10A4, 0x10A4, 0x10A4,
  0x10A4, 0x10A4, 0x10A4, 0x10A4, 0x10A4, 0x10A4, 0x10A4, 0x10C4, 0x10A4, 0x10A4, 0x10A4, 0x10A4, 0x1084, 0x0883, 0x10A4, 0x10A4,
  0x10A4, 0x10A4, 0x10A4, 0x10A4, 0x10A4, 0x10A4, 0x10A4, 0x10A4, 0x10A4, 0x10A4, 0x10A4, 0x10A4, 0x10A4, 0x0883, 0x0883, 0x10A4,
  0x10A4, 0x10A4, 0x10A4, 0x10A4, 0x10A4, 0x10A4, 0x0863, 0x1084, 0x10A4, 0x10A4, 0x10A4, 0x10A4, 0x0884, 0x0863, 0x10A4, 0x10A4,
  0x10A4, 0x10A4, 0x10A4, 0x10A4, 0x10A4, 0x10A4, 0x10A4, 0x10A4, 0x10A4, 0x10A4, 0x10A4, 0x10A4, 0x10A4, 0x10A4, 0x10A4, 0x10A4,
  0x10A4, 0x10A4, 0x10A4, 0x10A4, 0x10A4, 0x10A4, 0x10A4, 0x10A4, 0x10A4, 0x10A4, 0x10A4, 0x10A4, 0x0883, 0x0863, 0x10A4, 0x0863,
  0x10A4, 0x10A4, 0x10A4, 0x10A4, 0x10A4, 0x10A4, 0x10A4, 0x10A4, 0x10A4, 0x10A4, 0x10A4, 0x10A4, 0x10A4, 0x10A4, 0x10A4, 0x10A4,
  0x10A4, 0x10A4, 0x10A4, 0x10A4, 0x10A4, 0x10A4, 0x10A4, 0x10A4, 0x10A4, 0x10A4, 0x10A4, 0x10A4, 0x10A4, 0x10A4, 0x10A4, 0x10A4,
  0x10A4, 0x10A4, 0x10A4, 0x10A4, 0x10A4, 0x10A4, 0x10A4, 0x10A4, 0x10A4, 0x10A4, 0x10A4, 0x10C4, 0x10A4, 0x0022, 0x0001, 0x0001,
  0x10A4, 0x31A8, 0x52CC, 0x8C72, 0xBDF8, 0xB596, 0x7BF0, 0x4A6B, 0x2946, 0x0042, 0x0001, 0x0001, 0x0863, 0x10A4, 0x10C4, 0x10A4,
  0x10A4, 0x10A4, 0x10A4, 0x10A4, 0x10A4, 0x10A4, 0x10A4, 0x10A4, 0x10A4, 0x10A4, 0x10A4, 0x10A4, 0x10A4, 0x10A4, 0x10A4, 0x10A4,
  0x10A4, 0x10A4, 0x10A4, 0x10A4, 0x10A4, 0x10A4, 0x10A4, 0x10A4, 0x10A4, 0x10A4, 0x10A4, 0x10A4, 0x10A4, 0x10A4, 0x10A4, 0x10A4,
  0x10A4, 0x10A4, 0x10A4, 0x10A4, 0x10A4, 0x10A4, 0x10A4, 0x10A4, 0x10A4, 0x10A4, 0x10A4, 0x10A4, 0x10A4, 0x10A4, 0x10A4, 0x10A4,
  0x10A4, 0x10A4, 0x10A4, 0x10A4, 0x10A4, 0x10A4, 0x10A4, 0x10C4, 0x10C4, 0x10C4, 0x10C4, 0x10C4, 0x10C4, 0x10C4, 0x10C4, 0x10C4,
  0x10C4, 0x10C4, 0x10C4, 0x10C4, 0x10C4, 0x10C5, 0x10C5, 0x10E5, 0x10E5, 0x10E5, 0x10E5, 0x10E5, 0x10E5, 0x10E5, 0x10E5, 0x10E5,
  0x1105, 0x1105, 0x1105, 0x1105, 0x1105, 0x1105, 0x1105, 0x1105, 0x1105, 0x1125, 0x1125, 0x1126, 0x1126, 0x1126, 0x1126, 0x1126,
  0x1126, 0x1146, 0x1146, 0x1146, 0x1146, 0x1146, 0x1146, 0x1146, 0x1166, 0x1166, 0x1166, 0x1166, 0x1166, 0x1166, 0x1166, 0x1166,
  0x1166, 0x1166, 0x1166, 0x1166, 0x1166, 0x1166, 0x1166, 0x1166, 0x1166, 0x1146, 0x1146, 0x1146, 0x1146, 0x1146, 0x1146, 0x1146,
  0x1126, 0x1126, 0x1126, 0x1126, 0x1126, 0x1126, 0x1125, 0x1125, 0x1105, 0x1105, 0x1105, 0x1105, 0x1105, 0x1105, 0x1105, 0x10E5,
  0x1105, 0x0C91, 0x0677, 0x0AEB, 0x10A4, 0x1105, 0x10E5, 0x10A4, 0x10E5, 0x10E5, 0x10C5, 0x10C5, 0x10C4, 0x10C4, 0x10E5, 0x08A4,
  0x0043, 0x08A4, 0x0063, 0x0063, 0x10C4, 0x10A4, 0x0863, 0x10A4, 0x10C4, 0x10C4, 0x10A4, 0x10A4, 0x10C4, 0x10C4, 0x10C4, 0x10A4,
  0x10A4, 0x10A4, 0x10A4, 0x10C4, 0x10A4, 0x10A4, 0x10A4, 0x0863, 0x0884, 0x10A4, 0x10A4, 0x10A4, 0x1905, 0x2947, 0x10A4, 0x10A4,
  0x10A4, 0x10A4, 0x10A4, 0x10A4, 0x10A4, 0x10A4, 0x10A4, 0x10A4, 0x10A4, 0x10A4, 0x10A4, 0x10A4, 0x1084, 0x2126, 0x2146, 0x0884,
  0x10A4, 0x10A4, 0x10A4, 0x10A4, 0x10A4, 0x10A4, 0x2967, 0x18E5, 0x10A4, 0x0843, 0x0884, 0x10A4, 0x2106, 0x2967, 0x10A4, 0x10A4,
  0x10A4, 0x10A4, 0x10A4, 0x10A4, 0x0884, 0x0863, 0x1084, 0x10A4, 0x10A4, 0x10A4, 0x10A4, 0x10A4, 0x10A4, 0x10A4, 0x10A4, 0x10A4,
  0x10A4, 0x10A4, 0x10A4, 0x10A4, 0x10A4, 0x10A4, 0x10A4, 0x10A4, 0x10A4, 0x10A4, 0x10A4, 0x0883, 0x2146, 0x2987, 0x10C4, 0x2967,
  0x10C4, 0x10A4, 0x10A4, 0x10A4, 0x10A4, 0x10A4, 0x10A4, 0x10A4, 0x10A4, 0x10A4, 0x10A4, 0x10A4, 0x10A4, 0x10A4, 0x10A4, 0x10A4,
  0x10A4, 0x10A4, 0x10A4, 0x10A4, 0x10A4, 0x10A4, 0x10A4, 0x10A4, 0x10A4, 0x10A4, 0x10A4, 0x10A4, 0x10A4, 0x10A4, 0x10A4, 0x10A4,
  0x10A4, 0x10A4, 0x10A4, 0x10A4, 0x10A4, 0x10A4, 0x10A4, 0x10A4, 0x10A4, 0x10A4, 0x0843, 0x0022, 0x18E5, 0x39C8, 0x634E, 0x9CF4,
  0xC639, 0xEF5D, 0xFFFF, 0xFFFF, 0xFFFF, 0xFFFF, 0xFFFF, 0xFFFF, 0xDF1C, 0xBDD7, 0x8C72, 0x52CC, 0x2967, 0x10A4, 0x0022, 0x0883,
  0x10A4, 0x10A4, 0x10A4, 0x10A4, 0x10A4, 0x10A4, 0x10A4, 0x10A4, 0x10A4, 0x10A4, 0x10A4, 0x10A4, 0x10A4, 0x10A4, 0x10A4, 0x10A4,
  0x10A4, 0x10A4, 0x10A4, 0x10A4, 0x10A4, 0x10A4, 0x10A4, 0x10A4, 0x10A4, 0x10A4, 0x10A4, 0x10A4, 0x10A4, 0x10A4, 0x10A4, 0x10A4,
  0x10A4, 0x10A4, 0x10A4, 0x10A4, 0x10A4, 0x10A4, 0x10A4, 0x10A4, 0x10A4, 0x10A4, 0x10A4, 0x10A4, 0x10A4, 0x10A4, 0x10A4, 0x10A4,
  0x10A4, 0x10A4, 0x10A4, 0x10A4, 0x10A4, 0x10A4, 0x10A4, 0x10A4, 0x10C4, 0x10C4, 0x10C4, 0x10C4, 0x10C4, 0x10C4, 0x10C4, 0x10C4,
  0x10C4, 0x10C4, 0x10C4, 0x10C4, 0x10C4, 0x10E5, 0x10E5, 0x10E5, 0x10E5, 0x10E5, 0x10E5, 0x10E5, 0x10E5, 0x10E5, 0x10E5, 0x10E5,
  0x1105, 0x1105, 0x1105, 0x1105, 0x1105, 0x1105, 0x1105, 0x1105, 0x1125, 0x1125, 0x1125, 0x1126, 0x1126, 0x1126, 0x1126, 0x1126,
  0x1146, 0x1146, 0x1146, 0x1146, 0x1146, 0x1146, 0x1146, 0x1146, 0x1166, 0x1166, 0x1166, 0x1166, 0x1166, 0x1166, 0x1167, 0x1167,
  0x1166, 0x1166, 0x1166, 0x1166, 0x1166, 0x1166, 0x1166, 0x1166, 0x1166, 0x1146, 0x1146, 0x1146, 0x1146, 0x1146, 0x1146, 0x1146,
  0x1126, 0x1126, 0x1126, 0x1126, 0x1126, 0x1126, 0x1125, 0x1125, 0x1105, 0x1105, 0x1105, 0x1105, 0x1105, 0x1105, 0x1105, 0x10A4,
  0x0533, 0x0553, 0x1146, 0x10C4, 0x10E5, 0x10E5, 0x1105, 0x09A7, 0x10E5, 0x10E5, 0x10E5, 0x10C5, 0x10C4, 0x10E5, 0x08A4, 0x2167,
  0xA535, 0xDEDB, 0xC659, 0x52EC, 0x0022, 0x426A, 0xBE18, 0x2146, 0x0042, 0x10A4, 0x10C4, 0x10C4, 0x10A4, 0x0863, 0x0863, 0x10C4,
  0x10A4, 0x10C4, 0x10A4, 0x0043, 0x0884, 0x0883, 0x2947, 0xC618, 0x424A, 0x0863, 0x0883, 0x0002, 0x8C72, 0xCE59, 0x0883, 0x0863,
  0x1084, 0x0883, 0x0863, 0x10A4, 0x10A4, 0x10A4, 0x0863, 0x0883, 0x0883, 0x0863, 0x10A4, 0x10A4, 0x0022, 0x9CD4, 0xBDD7, 0x0042,
  0x0883, 0x1084, 0x0863, 0x0883, 0x1084, 0x1905, 0xDF1C, 0x5B0D, 0x0022, 0x4A6B, 0x2146, 0x0001, 0x8C72, 0xCE7A, 0x0863, 0x10C4,
  0x0863, 0x0843, 0x10A4, 0x0863, 0x4A6A, 0xBE18, 0x2967, 0x0883, 0x10A4, 0x10A4, 0x10A4, 0x0863, 0x0863, 0x10A4, 0x10A4, 0x10A4,
  0x1084, 0x0843, 0x0883, 0x10A4, 0x10A4, 0x0863, 0x1084, 0x0863, 0x0863, 0x10C5, 0x0042, 0x52AC, 0xE75D, 0xAD56, 0x39E9, 0xE73C,
  0x39E9, 0x0863, 0x10A4, 0x0863, 0x1084, 0x0863, 0x1084, 0x10A4, 0x10A4, 0x10A4, 0x10A4, 0x10A4, 0x10A4, 0x10A4, 0x10A4, 0x10A4,
  0x10A4, 0x10A4, 0x10A4, 0x10A4, 0x10A4, 0x10A4, 0x10A4, 0x10A4, 0x10A4, 0x10A4, 0x10A4, 0x10A4, 0x10A4, 0x10A4, 0x10A4, 0x10A4,
  0x10A4, 0x10A4, 0x10A4, 0x10A4, 0x10A4, 0x10A4, 0x10A4, 0x10A4, 0x10A4, 0x0883, 0x5B0D, 0xAD76, 0xCE7A, 0xF7BE, 0xFFFF, 0xFFFF,
  0xFFFF, 0xF7BE, 0xFFDF, 0xFFFF, 0xE73C, 0xF79E, 0xFFFF, 0xFFDF, 0xF7BE, 0xFFFF, 0xFFFF, 0xFFFF, 0xEF5D, 0xC638, 0x9CF4, 0x39E8,
  0x0863, 0x10A4, 0x10A4, 0x10A4, 0x10A4, 0x10A4, 0x10A4, 0x10A4, 0x10A4, 0x10A4, 0x10A4, 0x10A4, 0x10A4, 0x10A4, 0x10A4, 0x10A4,
  0x10A4, 0x10A4, 0x10A4, 0x10A4, 0x10A4, 0x10A4, 0x10A4, 0x10A4, 0x10A4, 0x10A4, 0x10A4, 0x10A4, 0x10A4, 0x10A4, 0x10A4, 0x10A4,
  0x10A4, 0x10A4, 0x10A4, 0x10A4, 0x10A4, 0x10A4, 0x10A4, 0x10A4, 0x10A4, 0x10A4, 0x10A4, 0x10A4, 0x10A4, 0x10A4, 0x10A4, 0x10A4,
  0x10A4, 0x10A4, 0x10A4, 0x10A4, 0x10A4, 0x10A4, 0x10A4, 0x10A4, 0x10C4, 0x10C4, 0x10C4, 0x10C4, 0x10C4, 0x10C4, 0x10C4, 0x10C4,
  0x10C4, 0x10C4, 0x10C4, 0x10C4, 0x10C5, 0x10E5, 0x10E5, 0x10E5, 0x10E5, 0x10E5, 0x10E5, 0x10E5, 0x10E5, 0x10E5, 0x10E5, 0x1105,
  0x1105, 0x1105, 0x1105, 0x1105, 0x1105, 0x1105, 0x1105, 0x1105, 0x1125, 0x1125, 0x1125, 0x1126, 0x1126, 0x1126, 0x1126, 0x1146,
  0x1146, 0x1146, 0x1146, 0x1146, 0x1146, 0x1146, 0x1146, 0x1166, 0x1166, 0x1166, 0x1166, 0x1166, 0x1166, 0x1166, 0x1166, 0x1167,
  0x1167, 0x1167, 0x1167, 0x1166, 0x1166, 0x1166, 0x1166, 0x1166, 0x1166, 0x1146, 0x1146, 0x1146, 0x1146, 0x1146, 0x1146, 0x1146,
  0x1126, 0x1126, 0x1126, 0x1126, 0x1126, 0x1125, 0x1125, 0x1125, 0x1125, 0x1105, 0x1105, 0x1105, 0x1105, 0x1105, 0x10A4, 0x0AEB,
  0x05F5, 0x10C4, 0x10C4, 0x1105, 0x10E5, 0x10E5, 0x10E5, 0x0594, 0x0A8A, 0x1084, 0x10E5, 0x10C5, 0x10E5, 0x08C4, 0x1905, 0xCE9A,
  0xEF7D, 0x8431, 0xBE18, 0xFFFF, 0x3A09, 0x52AB, 0xFFFF, 0x31A8, 0x29A7, 0x1905, 0x0884, 0x08A4, 0x10A4, 0x39E8, 0x2987, 0x0863,
  0x10A4, 0x0863, 0x18E5, 0x3A09, 0x2126, 0x0022, 0x31A8, 0xFFFF, 0x5B0D, 0x0002, 0x39E9, 0x1905, 0x4229, 0x630D, 0x0884, 0x2987,
  0x18E5, 0x2946, 0x2987, 0x0883, 0x10A4, 0x0863, 0x3187, 0x2146, 0x2126, 0x2967, 0x10A4, 0x10A4, 0x0863, 0x4A6A, 0x5AEC, 0x0883,
  0x3187, 0x18E5, 0x3187, 0x2967, 0x0863, 0x10C4, 0x6B6E, 0x2987, 0x2967, 0xFFDF, 0x9493, 0x0863, 0x424A, 0x630D, 0x0883, 0x0043,
  0x2967, 0x3A09, 0x18E5, 0x0002, 0x632D, 0xFFFF, 0x31C8, 0x0863, 0x10C4, 0x1084, 0x0863, 0x31A8, 0x31A8, 0x0863, 0x1084, 0x0863,
  0x18E5, 0x39E9, 0x2126, 0x0863, 0x10A4, 0x2987, 0x18E5, 0x2967, 0x2967, 0x0863, 0x10A4, 0xC618, 0xEF5D, 0x3A09, 0x2126, 0x73AF,
  0x2126, 0x0043, 0x1905, 0x31C8, 0x18C5, 0x3187, 0x18E5, 0x1084, 0x10A4, 0x10A4, 0x10A4, 0x10A4, 0x10A4, 0x10A4, 0x10A4, 0x10A4,
  0x10A4, 0x10A4, 0x10A4, 0x10A4, 0x10A4, 0x10A4, 0x10A4, 0x10A4, 0x10A4, 0x10A4, 0x10A4, 0x10A4, 0x10A4, 0x10A4, 0x10A4, 0x10A4,
  0x10A4, 0x10A4, 0x10A4, 0x10A4, 0x10A4, 0x10A4, 0x10A4, 0x10A4, 0x10A4, 0x0043, 0xBDF8, 0xFFFF, 0xFFDF, 0xF7BE, 0xF79E, 0xF79E,
  0xF7BE, 0xFFFF, 0xD69A, 0x8C72, 0x2987, 0x4A8B, 0xA535, 0xDEFC, 0xFFFF, 0xF79E, 0xF79E, 0xF79E, 0xFFDE, 0xFFFF, 0xFFFF, 0x73AF,
  0x0022, 0x10C4, 0x10A4, 0x10A4, 0x10A4, 0x10A4, 0x10A4, 0x10A4, 0x10A4, 0x10A4, 0x10A4, 0x10A4, 0x10A4, 0x10A4, 0x10A4, 0x10A4,
  0x10A4, 0x10A4, 0x10A4, 0x10A4, 0x10A4, 0x10A4, 0x10A4, 0x10A4, 0x10A4, 0x10A4, 0x10A4, 0x10A4, 0x10A4, 0x10A4, 0x10A4, 0x10A4,
  0x10A4, 0x10A4, 0x10A4, 0x10A4, 0x10A4, 0x10A4, 0x10A4, 0x10A4, 0x10A4, 0x10A4, 0x10A4, 0x10A4, 0x10A4, 0x10A4, 0x10A4, 0x10A4,
  0x10A4, 0x10A4, 0x10A4, 0x10A4, 0x10A4, 0x10A4, 0x10C4, 0x10C4, 0x10C4, 0x10C4, 0x10C4, 0x10C4, 0x10C4, 0x10C4, 0x10C4, 0x10C4,
  0x10C4, 0x10C4, 0x10C4, 0x10C4, 0x10C4, 0x10C5, 0x10E5, 0x10E5, 0x10E5, 0x10E5, 0x10E5, 0x10E5, 0x10E5, 0x10E5, 0x10E5, 0x10E5,
  0x1105, 0x1105, 0x1105, 0x1105, 0x1105, 0x1105, 0x1105, 0x1105, 0x1105, 0x1125, 0x1126, 0x1126, 0x1126, 0x1126, 0x1126, 0x1126,
  0x1146, 0x1146, 0x1146, 0x1146, 0x1146, 0x1146, 0x1146, 0x1166, 0x1166, 0x1166, 0x1166, 0x1166, 0x1166, 0x1167, 0x1167, 0x1167,
  0x1167, 0x1167, 0x1167, 0x1167, 0x1166, 0x1166, 0x1166, 0x1166, 0x1166, 0x1166, 0x1146, 0x1146, 0x1146, 0x1146, 0x1146, 0x1146,
  0x1146, 0x1126, 0x1126, 0x1126, 0x1126, 0x1126, 0x1125, 0x1125, 0x1125, 0x1105, 0x1105, 0x1105, 0x1105, 0x1125, 0x1063, 0x04F2,
  0x0BCE, 0x1063, 0x1105, 0x10E5, 0x10E5, 0x1105, 0x1043, 0x0C0F, 0x0470, 0x1043, 0x10E5, 0x10C5, 0x10E5, 0x0063, 0x5B2D, 0xFFFF,
  0x424A, 0x0001, 0x10E5, 0xA535, 0x52AC, 0x4A8B, 0xF7BE, 0xBDF8, 0xFFDF, 0xCE7A, 0x2126, 0x10C4, 0xB5B7, 0xE73C, 0xDEFC, 0x7C10,
  0x0022, 0x39E9, 0xDEDB, 0xF79E, 0xEF5D, 0x52AB, 0x2146, 0xFFFF, 0x4A4A, 0x8411, 0xF7BE, 0x2126, 0x8C72, 0xD6BB, 0x10A4, 0xCE7A,
  0xC639, 0xD6BB, 0xFFDF, 0x632D, 0x0001, 0x8431, 0xFFDF, 0xCE7A, 0xDEFB, 0xBDF8, 0x0863, 0x10C4, 0x0043, 0xAD76, 0xBDF8, 0x10A4,
  0xDEFC, 0xCE79, 0xEF5D, 0xF7BE, 0x4A8B, 0x2126, 0xEF7E, 0x52AC, 0x8C72, 0xFFFF, 0xF7BE, 0x424A, 0x8411, 0xE71C, 0x0022, 0x8411,
  0xEF5D, 0xDEFC, 0xCE59, 0x1905, 0x5ACC, 0xFFFF, 0x31A8, 0x0863, 0x10A4, 0x10A4, 0x9CF4, 0xEF9E, 0xF79E, 0xAD76, 0x0883, 0x39C8,
  0xDEDB, 0xEF7E, 0xE75D, 0x5AEC, 0x0022, 0xD6BB, 0xC639, 0xDF1C, 0xF7BE, 0x52AB, 0x4A6B, 0xFFDF, 0xFFDF, 0x9493, 0x39C8, 0xF79E,
  0x39C8, 0x2987, 0xDEFB, 0xF79E, 0xB5D7, 0xF7BE, 0x4A4A, 0x0043, 0x10A4, 0x10A4, 0x10A4, 0x10A4, 0x10A4, 0x10A4, 0x10A4, 0x10A4,
  0x10A4, 0x10A4, 0x10A4, 0x10A4, 0x10A4, 0x10A4, 0x10A4, 0x10A4, 0x10A4, 0x10A4, 0x10A4, 0x10A4, 0x10A4, 0x10A4, 0x10A4, 0x10A4,
  0x10A4, 0x10A4, 0x10A4, 0x10A4, 0x10A4, 0x10A4, 0x10A4, 0x10A4, 0x10C4, 0x0022, 0xAD56, 0xFFFF, 0xF79E, 0xF7BE, 0xF79E, 0xFFDF,
  0xEF7D, 0x6B6E, 0x10A4, 0x0042, 0x0863, 0x0863, 0x0043, 0x1905, 0x9493, 0xFFFF, 0xF7BE, 0xF7BE, 0xF7BE, 0xF79E, 0xFFFF, 0x6B8F,
  0x0022, 0x10C4, 0x10A4, 0x10A4, 0x10A4, 0x10A4, 0x10A4, 0x10A4, 0x10A4, 0x10A4, 0x10A4, 0x10A4, 0x10A4, 0x10A4, 0x10A4, 0x10A4,
  0x10A4, 0x10A4, 0x10A4, 0x10A4, 0x10A4, 0x10A4, 0x10A4, 0x10A4, 0x10A4, 0x10A4, 0x10A4, 0x10A4, 0x10A4, 0x10A4, 0x10A4, 0x10A4,
  0x10A4, 0x10A4, 0x10A4, 0x10A4, 0x10A4, 0x10A4, 0x10A4, 0x10A4, 0x10A4, 0x10A4, 0x10A4, 0x10A4, 0x10A4, 0x10A4, 0x10A4, 0x10A4,
  0x10A4, 0x10A4, 0x10A4, 0x10A4, 0x10A4, 0x10C4, 0x10A4, 0x10C4, 0x10C4, 0x10C4, 0x10C4, 0x10C4, 0x10C4, 0x10C4, 0x10C4, 0x10C4,
  0x10C4, 0x10C4, 0x10C4, 0x10C4, 0x10C4, 0x10E5, 0x10E5, 0x10E5, 0x10E5, 0x10E5, 0x10E5, 0x10E5, 0x10E5, 0x10E5, 0x10E5, 0x1105,
  0x1105, 0x1105, 0x1105, 0x1105, 0x1105, 0x1105, 0x1105, 0x1105, 0x1125, 0x1125, 0x1126, 0x1126, 0x1126, 0x1126, 0x1126, 0x1126,
  0x1146, 0x1146, 0x1146, 0x1146, 0x1146, 0x1146, 0x1166, 0x1166, 0x1166, 0x1166, 0x1166, 0x1166, 0x1167, 0x1167, 0x1167, 0x1167,
  0x1167, 0x1167, 0x1167, 0x1167, 0x1166, 0x1166, 0x1166, 0x1166, 0x1166, 0x1166, 0x1146, 0x1146, 0x1146, 0x1146, 0x1146, 0x1146,
  0x1146, 0x1146, 0x1126, 0x1126, 0x1126, 0x1126, 0x1126, 0x1125, 0x1125, 0x1105, 0x1105, 0x1105, 0x1105, 0x1125, 0x1084, 0x0533,
  0x0B2C, 0x1084, 0x1105, 0x10E5, 0x10E5, 0x1105, 0x1063, 0x0B8D, 0x04D1, 0x1063, 0x10E5, 0x10C4, 0x10E5, 0x0042, 0x7BF0, 0xFFDF,
  0x1926, 0x10C5, 0x10E5, 0x0022, 0x0001, 0x52CC, 0xFFFF, 0x73AF, 0x52AB, 0xFFFF, 0x52CC, 0x634E, 0xFFFF, 0x4A8B, 0x7BF0, 0xFFFF,
  0x2146, 0xBDF8, 0xDEFC, 0x2105, 0x9CF4, 0x94B3, 0x2967, 0xFFFF, 0xB596, 0xF7BE, 0x5AEC, 0x0000, 0xA515, 0xEF5D, 0x0884, 0xDEDB,
  0xCE59, 0x2987, 0xDEDB, 0xC618, 0x18E5, 0xFFFF, 0x9CF4, 0x2946, 0xE75D, 0xC639, 0x0863, 0x10C4, 0x0042, 0xBDD7, 0xCE7A, 0x0883,
  0xEF7D, 0xBDF8, 0x2966, 0xE73D, 0xB5D7, 0x18E5, 0xFFFF, 0x632E, 0x18E5, 0xF7BE, 0x8C52, 0x0021, 0x9CF4, 0xEF7E, 0x0843, 0x632D,
  0x632E, 0x4A6B, 0xFFFF, 0x630D, 0x4A6B, 0xFFFF, 0x31A8, 0x0883, 0x0043, 0x5AED, 0xFFFF, 0x528B, 0x4A6B, 0xCE79, 0x2126, 0xC638,
  0xDEFB, 0x18C4, 0xB596, 0xEF5D, 0x0883, 0xE71C, 0xCE7A, 0x3187, 0xDF1C, 0xCE59, 0x0021, 0xBE18, 0xCE7A, 0x0863, 0x424A, 0xFFFF,
  0x31A8, 0x9CD3, 0xFFDF, 0x31A8, 0x8C52, 0xFFFF, 0x424A, 0x0043, 0x10A4, 0x10A4, 0x10A4, 0x10A4, 0x10A4, 0x10A4, 0x10A4, 0x10A4,
  0x10A4, 0x10A4, 0x10A4, 0x10A4, 0x10A4, 0x10A4, 0x10A4, 0x10A4, 0x10A4, 0x10A4, 0x10A4, 0x10A4, 0x10A4, 0x10A4, 0x10A4, 0x10A4,
  0x10A4, 0x10A4, 0x10A4, 0x10A4, 0x10A4, 0x10A4, 0x10A4, 0x10A4, 0x10C4, 0x0022, 0xA555, 0xFFFF, 0xF79E, 0xF7BE, 0xF7BE, 0xF7BE,
  0x52AB, 0x0002, 0x10A4, 0x10C4, 0x10A4, 0x10A4, 0x10A4, 0x0884, 0x0022, 0x8451, 0xFFFF, 0xF79E, 0xF7BE, 0xF79E, 0xFFFF, 0x634E,
  0x0043, 0x10C4, 0x10A4, 0x10A4, 0x10A4, 0x10A4, 0x10A4, 0x10A4, 0x10A4, 0x10A4, 0x10A4, 0x10A4, 0x10A4, 0x10A4, 0x10A4, 0x10A4,
  0x10A4, 0x10A4, 0x10A4, 0x10A4, 0x10A4, 0x10A4, 0x10A4, 0x10A4, 0x10A4, 0x10A4, 0x10A4, 0x10A4, 0x10A4, 0x10A4, 0x10A4, 0x10A4,
  0x10A4, 0x10A4, 0x10A4, 0x10A4, 0x10A4, 0x10A4, 0x10A4, 0x10A4, 0x10A4, 0x10A4, 0x10A4, 0x10A4, 0x10A4, 0x10A4, 0x10A4, 0x10A4,
  0x10A4, 0x10A4, 0x10A4, 0x10A4, 0x10A4, 0x10A4, 0x10A4, 0x10C4, 0x10C4, 0x10C4, 0x10C4, 0x10C4, 0x10C4, 0x10C4, 0x10C4, 0x10C4,
  0x10C4, 0x10C4, 0x10C4, 0x10C4, 0x10C5, 0x10E5, 0x10E5, 0x10E5, 0x10E5, 0x10E5, 0x10E5, 0x10E5, 0x10E5, 0x10E5, 0x10E5, 0x10E5,
  0x1105, 0x1105, 0x1105, 0x1105, 0x1105, 0x1105, 0x1105, 0x1125, 0x1125, 0x1125, 0x1126, 0x1126, 0x1126, 0x1126, 0x1146, 0x1126,
  0x1146, 0x1146, 0x1146, 0x1146, 0x1146, 0x1146, 0x1166, 0x1166, 0x1166, 0x1166, 0x1166, 0x1167, 0x1167, 0x1167, 0x1167, 0x1167,
  0x1167, 0x1167, 0x1167, 0x1167, 0x1167, 0x1167, 0x1166, 0x1166, 0x1166, 0x1166, 0x1166, 0x1146, 0x1146, 0x1146, 0x1146, 0x1146,
  0x1146, 0x1126, 0x1126, 0x1126, 0x1126, 0x1126, 0x1125, 0x1125, 0x1125, 0x1105, 0x1105, 0x1105, 0x1105, 0x1125, 0x1063, 0x04B1,
  0x0C2F, 0x1063, 0x1125, 0x10E5, 0x10E5, 0x1105, 0x1043, 0x0491, 0x0C30, 0x1043, 0x10E5, 0x10E5, 0x10E5, 0x0043, 0x6B6E, 0xFFFF,
  0x2987, 0x0022, 0x0884, 0x634E, 0x31E8, 0x4AAB, 0xFFFF, 0x2147, 0x18E5, 0xFFDF, 0x5B0D, 0x8C72, 0xF7BE, 0xAD76, 0xAD96, 0xB597,
  0x3A09, 0xDEFB, 0x8C92, 0x0000, 0x0883, 0x10A4, 0x31A8, 0xFFFF, 0xFFFF, 0xE73C, 0x1905, 0x0001, 0x9CF4, 0xE73C, 0x0883, 0xDEFC,
  0x8C72, 0x0000, 0xB5D7, 0xBDF8, 0x31C8, 0xFFFF, 0x4A8B, 0x0000, 0xB596, 0xCE79, 0x0863, 0x10C4, 0x0042, 0xB5B7, 0xCE59, 0x0883,
  0xEF7D, 0x8431, 0x0000, 0xC638, 0xBDF8, 0x18E5, 0xFFFF, 0x632E, 0x0863, 0xF79E, 0x738F, 0x0000, 0x9CF4, 0xEF5D, 0x0863, 0x7BF0,
  0xC618, 0xBDD7, 0xFFDF, 0x632D, 0x4A6B, 0xFFFF, 0x31A8, 0x0884, 0x0002, 0x8431, 0xF7BE, 0x0863, 0x0022, 0x10A4, 0x10A4, 0xEF5D,
  0x94B3, 0x0000, 0x634E, 0xFFFF, 0x1905, 0xDEFB, 0x94B3, 0x0000, 0xBDF8, 0xCE7A, 0x0000, 0xB5B7, 0xC639, 0x0000, 0x4A4A, 0xFFFF,
  0x2987, 0xBDD7, 0xCE59, 0x0000, 0x39C8, 0xFFFF, 0x424A, 0x0043, 0x10A4, 0x10A4, 0x10A4, 0x10A4, 0x10A4, 0x10A4, 0x10A4, 0x10A4,
  0x10A4, 0x10A4, 0x10A4, 0x10A4, 0x10A4, 0x10A4, 0x10A4, 0x10A4, 0x10A4, 0x10A4, 0x10A4, 0x10A4, 0x10A4, 0x10A4, 0x10A4, 0x10A4,
  0x10A4, 0x10A4, 0x10A4, 0x10A4, 0x10A4, 0x10A4, 0x10A4, 0x10A4, 0x10C4, 0x0022, 0x9CD4, 0xFFFF, 0xF79E, 0xF79E, 0xFFFF, 0x8C52,
  0x0022, 0x10C5, 0x10A4, 0x10A4, 0x10A4, 0x10A4, 0x10A4, 0x10A4, 0x10A4, 0x0884, 0xC639, 0xFFFF, 0xF79E, 0xF7BE, 0xFFFF, 0x5ACC,
  0x0043, 0x10A4, 0x10A4, 0x10A4, 0x10A4, 0x10A4, 0x10A4, 0x10A4, 0x10A4, 0x10A4, 0x10A4, 0x10A4, 0x10A4, 0x10A4, 0x10A4, 0x10A4,
  0x10A4, 0x10A4, 0x10A4, 0x10A4, 0x10A4, 0x10A4, 0x10A4, 0x10A4, 0x10A4, 0x10A4, 0x10A4, 0x10A4, 0x10A4, 0x10A4, 0x10A4, 0x10A4,
  0x10A4, 0x10A4, 0x10A4, 0x10A4, 0x10A4, 0x10A4, 0x10A4, 0x10A4, 0x10A4, 0x10A4, 0x10A4, 0x10A4, 0x10A4, 0x10A4, 0x10A4, 0x10A4,
  0x10A4, 0x10A4, 0x10A4, 0x10A4, 0x10A4, 0x10A4, 0x10A4, 0x10C4, 0x10C4, 0x10C4, 0x10C4, 0x10C4, 0x10C4, 0x10C4, 0x10C4, 0x10C4,
  0x10C4, 0x10C4, 0x10C4, 0x10C4, 0x10C5, 0x10E5, 0x10E5, 0x10E5, 0x10E5, 0x10E5, 0x10E5, 0x10E5, 0x10E5, 0x10E5, 0x10E5, 0x1105,
  0x1105, 0x1105, 0x1105, 0x1105, 0x1105, 0x1105, 0x1105, 0x1105, 0x1125, 0x1126, 0x1126, 0x1126, 0x1126, 0x1126, 0x1126, 0x1146,
  0x1146, 0x1146, 0x1146, 0x1146, 0x1146, 0x1146, 0x1166, 0x1166, 0x1166, 0x1166, 0x1166, 0x1167, 0x1167, 0x1167, 0x1167, 0x1187,
  0x1187, 0x1167, 0x1167, 0x1167, 0x1167, 0x1167, 0x1166, 0x1166, 0x1166, 0x1166, 0x1166, 0x1146, 0x1146, 0x1146, 0x1146, 0x1146,
  0x1146, 0x1146, 0x1126, 0x1126, 0x1126, 0x1126, 0x1126, 0x1125, 0x1105, 0x1105, 0x1105, 0x1105, 0x1105, 0x1105, 0x10C4, 0x0A6A,
  0x0677, 0x1166, 0x1083, 0x10E5, 0x10E5, 0x1063, 0x0987, 0x0677, 0x09C8, 0x10A4, 0x10E5, 0x10C5, 0x10E5, 0x08A4, 0x2167, 0xF79E,
  0xC618, 0x422A, 0x8452, 0xFFFF, 0x4AAB, 0x4A6B, 0xFFFF, 0x31A8, 0x2146, 0xFFFF, 0x5B0D, 0x5B0D, 0xFFFF, 0x39E9, 0x424A, 0x94B3,
  0x10A4, 0xBDF8, 0xE71C, 0x2946, 0xB596, 0x9D14, 0x2146, 0xFFFF, 0x7BD0, 0xE73C, 0xBDD7, 0x0000, 0xA515, 0xEF5D, 0x0883, 0xE71C,
  0x9CD4, 0x0000, 0xC618, 0xC659, 0x18C5, 0xFFFF, 0xB5B7, 0x528B, 0xEF7E, 0xC618, 0x0863, 0x10C4, 0x0042, 0xBDD8, 0xCE7A, 0x0883,
  0xF79E, 0x9492, 0x0000, 0xCE7A, 0xC618, 0x18E5, 0xFFFF, 0x6B4E, 0x0884, 0xF7BE, 0x94B3, 0x0021, 0x9CF4, 0xEF5D, 0x2106, 0xFFFF,
  0x7C10, 0x3187, 0xFFFF, 0x632D, 0x4A8B, 0xFFFF, 0x31C8, 0x0883, 0x0043, 0x5AEC, 0xFFFF, 0x52AB, 0x5AED, 0xDF1C, 0x2146, 0xBDF8,
  0xDEFC, 0x2125, 0xBE18, 0xDEFB, 0x0863, 0xE73C, 0x9CD4, 0x0001, 0xC639, 0xD69A, 0x0000, 0xBDF8, 0xCE59, 0x0001, 0x4A6A, 0xFFFF,
  0x31A8, 0x8C72, 0xFFFF, 0x528B, 0xA514, 0xFFFF, 0x424A, 0x0043, 0x10A4, 0x10A4, 0x10A4, 0x10A4, 0x10A4, 0x10A4, 0x10A4, 0x10A4,
  0x10A4, 0x10A4, 0x10A4, 0x10A4, 0x10A4, 0x10A4, 0x10A4, 0x10A4, 0x10A4, 0x10A4, 0x10A4, 0x10A4, 0x10A4, 0x10A4, 0x10A4, 0x10A4,
  0x10A4, 0x10A4, 0x10A4, 0x10A4, 0x10A4, 0x10A4, 0x10A4, 0x10A4, 0x10C4, 0x0022, 0x8451, 0xFFFF, 0xF79E, 0xFFDF, 0xEF5D, 0x2987,
  0x0863, 0x10A4, 0x10C4, 0x10A4, 0x10A4, 0x10A4, 0x10A4, 0x10A4, 0x10C4, 0x0022, 0x632E, 0xFFFF, 0xF79E, 0xF7BE, 0xFFDF, 0x424A,
  0x0863, 0x10A4, 0x10A4, 0x10A4, 0x10A4, 0x10A4, 0x10A4, 0x10A4, 0x10A4, 0x10A4, 0x10A4, 0x10A4, 0x10A4, 0x10A4, 0x10A4, 0x10A4,
  0x10A4, 0x10A4, 0x10A4, 0x10A4, 0x10A4, 0x10A4, 0x10A4, 0x10A4, 0x10A4, 0x10A4, 0x10A4, 0x10A4, 0x10A4, 0x10A4, 0x10A4, 0x10A4,
  0x10A4, 0x10A4, 0x10A4, 0x10A4, 0x10A4, 0x10A4, 0x10A4, 0x10A4, 0x10A4, 0x10A4, 0x10A4, 0x10A4, 0x10A4, 0x10A4, 0x10A4, 0x10A4,
  0x10A4, 0x10A4, 0x10A4, 0x10A4, 0x10A4, 0x10A4, 0x10A4, 0x10C4, 0x10C4, 0x10C4, 0x10C4, 0x10C4, 0x10C4, 0x10C4, 0x10C4, 0x10C4,
  0x10C4, 0x10C4, 0x10C4, 0x10C4, 0x10C4, 0x10E5, 0x10E5, 0x10E5, 0x10E5, 0x10E5, 0x10E5, 0x10E5, 0x10E5, 0x10E5, 0x10E5, 0x1105,
  0x1105, 0x1105, 0x1105, 0x1105, 0x1105, 0x1105, 0x1105, 0x1125, 0x1125, 0x1125, 0x1126, 0x1126, 0x1126, 0x1126, 0x1126, 0x1146,
  0x1146, 0x1146, 0x1146, 0x1146, 0x1146, 0x1146, 0x1166, 0x1166, 0x1166, 0x1166, 0x1167, 0x1167, 0x1167, 0x1167, 0x1187, 0x1187,
  0x1187, 0x1187, 0x1167, 0x1167, 0x1167, 0x1167, 0x1166, 0x1166, 0x1166, 0x1166, 0x1166, 0x1146, 0x1146, 0x1146, 0x1146, 0x1146,
  0x1146, 0x1146, 0x1126, 0x1126, 0x1126, 0x1126, 0x1126, 0x1125, 0x1125, 0x1105, 0x1105, 0x1105, 0x1105, 0x1105, 0x1105, 0x10A4,
  0x0C0F, 0x0657, 0x0A8A, 0x1126, 0x1126, 0x0AAB, 0x0677, 0x0BCE, 0x1084, 0x10E5, 0x10E5, 0x10C5, 0x10C4, 0x10E5, 0x0883, 0x426A,
  0xD6DB, 0xF79E, 0xEF9E, 0x8431, 0x0022, 0x52AB, 0xEF7D, 0x2987, 0x2126, 0xEF5D, 0x632D, 0x0863, 0xAD76, 0xEF5D, 0xEF9E, 0x9CF4,
  0x0863, 0x39C8, 0xD6BA, 0xEF7E, 0xDEFB, 0x4209, 0x2146, 0xEF7D, 0x4229, 0x4A6B, 0xF7BE, 0x4229, 0x8C52, 0xDEDB, 0x0883, 0xD69A,
  0x8C72, 0x0000, 0xAD96, 0xBDF8, 0x0022, 0x52CC, 0xD6BA, 0xB5B7, 0xCE79, 0xC659, 0x0863, 0x10C4, 0x0043, 0xAD76, 0xBDF8, 0x0883,
  0xDEFB, 0x8431, 0x0001, 0xBDF8, 0xB596, 0x18E5, 0xEF7D, 0x632D, 0x0022, 0x9CF4, 0xF79E, 0x4A8B, 0x8411, 0xDEFC, 0x0883, 0xA535,
  0xE71C, 0xB5B7, 0xE71C, 0x5B0D, 0x4A4A, 0xEF7D, 0x31A8, 0x0863, 0x10A4, 0x10A4, 0x9CD4, 0xF79E, 0xF79E, 0x94D3, 0x0863, 0x39E9,
  0xD69A, 0xEF5D, 0xDEDB, 0x424A, 0x0022, 0xD6BB, 0x8C72, 0x0001, 0xB5B7, 0xC618, 0x0000, 0xAD76, 0xBDD7, 0x0001, 0x422A, 0xEF7D,
  0x39E9, 0x10A4, 0xA555, 0xD6BB, 0x9D14, 0xFFDF, 0x4A6A, 0x0043, 0x10A4, 0x10A4, 0x10A4, 0x10A4, 0x10A4, 0x10A4, 0x10A4, 0x10A4,
  0x10A4, 0x10A4, 0x10A4, 0x10A4, 0x10A4, 0x10A4, 0x10A4, 0x10A4, 0x10A4, 0x10A4, 0x10A4, 0x10A4, 0x10A4, 0x10A4, 0x10A4, 0x10A4,
  0x10A4, 0x10A4, 0x10A4, 0x10A4, 0x10A4, 0x10A4, 0x10A4, 0x10A4, 0x10C4, 0x0042, 0x73AF, 0xFFFF, 0xF79E, 0xFFFF, 0xC639, 0x0863,
  0x10A4, 0x10A4, 0x0042, 0x1084, 0x10C4, 0x10C4, 0x0883, 0x0863, 0x10C4, 0x0863, 0x31A8, 0xEF7D, 0xF7BE, 0xF7BE, 0xF7BE, 0x31A8,
  0x0863, 0x10A4, 0x10A4, 0x10A4, 0x10A4, 0x10A4, 0x10A4, 0x10A4, 0x10A4, 0x10A4, 0x10A4, 0x10A4, 0x10A4, 0x10A4, 0x10A4, 0x10A4,
  0x10A4, 0x10A4, 0x10A4, 0x10A4, 0x10A4, 0x10A4, 0x10A4, 0x10A4, 0x10A4, 0x10A4, 0x10A4, 0x10A4, 0x10A4, 0x10A4, 0x10A4, 0x10A4,
  0x10A4, 0x10A4, 0x10A4, 0x10A4, 0x10A4, 0x10A4, 0x10A4, 0x10A4, 0x10A4, 0x10A4, 0x10A4, 0x10A4, 0x10A4, 0x10A4, 0x10A4, 0x10A4,
  0x10A4, 0x10A4, 0x10A4, 0x10A4, 0x10A4, 0x10A4, 0x10A4, 0x10A4, 0x10C4, 0x10C4, 0x10C4, 0x10C4, 0x10C4, 0x10C4, 0x10C4, 0x10C4,
  0x10C4, 0x10C4, 0x10C4, 0x10C4, 0x10C4, 0x10E5, 0x10E5, 0x10E5, 0x10E5, 0x10E5, 0x10E5, 0x10E5, 0x10E5, 0x10E5, 0x10E5, 0x10E5,
  0x1105, 0x1105, 0x1105, 0x1105, 0x1105, 0x1105, 0x1105, 0x1125, 0x1125, 0x1126, 0x1126, 0x1126, 0x1126, 0x1126, 0x1126, 0x1146,
  0x1146, 0x1146, 0x1146, 0x1146, 0x1146, 0x1166, 0x1166, 0x1166, 0x1166, 0x1166, 0x1166, 0x1167, 0x1187, 0x1167, 0x1167, 0x1187,
  0x1187, 0x1187, 0x1187, 0x1167, 0x1167, 0x1167, 0x1167, 0x1166, 0x1166, 0x1166, 0x1166, 0x1146, 0x1146, 0x1146, 0x1146, 0x1146,
  0x1146, 0x1146, 0x1126, 0x1126, 0x1126, 0x1126, 0x1126, 0x1125, 0x1125, 0x1105, 0x1105, 0x1105, 0x1105, 0x1105, 0x1105, 0x1105,
  0x10C4, 0x0B2C, 0x05F5, 0x0616, 0x0616, 0x05D5, 0x0B0C, 0x1084, 0x10E5, 0x10E5, 0x10E5, 0x10C5, 0x10C4, 0x10C4, 0x10E5, 0x0883,
  0x10C4, 0x2167, 0x1905, 0x0863, 0x10C4, 0x10C4, 0x1905, 0x10C4, 0x10C4, 0x18E5, 0x10C4, 0x10A4, 0x0883, 0x2967, 0x2146, 0x0043,
  0x10A4, 0x0883, 0x10A4, 0x2967, 0x18E5, 0x0863, 0x10A4, 0x18E5, 0x10C4, 0x0883, 0x18E5, 0x18E5, 0x10C4, 0x18E5, 0x10A4, 0x18E5,
  0x10C4, 0x10A4, 0x18E5, 0x18C5, 0x10A4, 0x8431, 0x73D0, 0x2126, 0xDEDB, 0xB5B7, 0x0022, 0x10C4, 0x10A4, 0x18C5, 0x18C5, 0x10A4,
  0x18E5, 0x10C4, 0x10A4, 0x18C5, 0x18C5, 0x10A4, 0x18E5, 0x10C4, 0x1084, 0x1084, 0x2146, 0x18E5, 0x10C4, 0x18E5, 0x1084, 0x0884,
  0x2946, 0x18E5, 0x10C4, 0x10C4, 0x10A4, 0x18E5, 0x10A4, 0x10A4, 0x10A4, 0x1084, 0x0863, 0x2946, 0x2126, 0x0843, 0x10A4, 0x0863,
  0x10A4, 0x2987, 0x10C4, 0x0863, 0x10A4, 0x18E5, 0x10C4, 0x10A4, 0x18C5, 0x18C5, 0x10A4, 0x18C5, 0x18C5, 0x10A4, 0x10A4, 0x18E5,
  0x0883, 0x424A, 0x9CD4, 0x31A8, 0x73AF, 0xFFFF, 0x31C8, 0x0863, 0x10A4, 0x10A4, 0x10A4, 0x10A4, 0x10A4, 0x10A4, 0x10A4, 0x10A4,
  0x10A4, 0x10A4, 0x10A4, 0x10A4, 0x10A4, 0x10A4, 0x10A4, 0x10A4, 0x10A4, 0x10A4, 0x10A4, 0x10A4, 0x10A4, 0x10A4, 0x10A4, 0x10A4,
  0x10A4, 0x10A4, 0x10A4, 0x10A4, 0x10A4, 0x10A4, 0x10A4, 0x10A4, 0x10C4, 0x0043, 0x52AB, 0xFFFF, 0xF79E, 0xFFFF, 0xAD96, 0x0883,
  0x0843, 0x5AED, 0x73AF, 0x10A4, 0x0042, 0x0042, 0x2146, 0x94B3, 0x31C8, 0x0043, 0x2146, 0xEF5D, 0xFFDE, 0xFFDF, 0xE71C, 0x2126,
  0x0883, 0x10A4, 0x10A4, 0x10A4, 0x10A4, 0x10A4, 0x10A4, 0x10A4, 0x10A4, 0x10A4, 0x10A4, 0x10A4, 0x10A4, 0x10A4, 0x10A4, 0x10A4,
  0x10A4, 0x10A4, 0x10A4, 0x10A4, 0x10A4, 0x10A4, 0x10A4, 0x10A4, 0x10A4, 0x10A4, 0x10A4, 0x10A4, 0x10A4, 0x10A4, 0x10A4, 0x10A4,
  0x10A4, 0x10A4, 0x10A4, 0x10A4, 0x10A4, 0x10A4, 0x10A4, 0x10A4, 0x10A4, 0x10A4, 0x10A4, 0x10A4, 0x10A4, 0x10A4, 0x10A4, 0x10A4,
  0x10A4, 0x10A4, 0x10A4, 0x10A4, 0x10A4, 0x10C4, 0x10C4, 0x10C4, 0x10C4, 0x10C4, 0x10C4, 0x10C4, 0x10C4, 0x10C4, 0x10C4, 0x10C4,
  0x10C4, 0x10C4, 0x10C4, 0x10C4, 0x10C4, 0x10C5, 0x10E5, 0x10E5, 0x10E5, 0x10E5, 0x10E5, 0x10E5, 0x10E5, 0x10E5, 0x1105, 0x1105,
  0x1105, 0x1105, 0x1105, 0x1105, 0x1105, 0x1105, 0x1105, 0x1125, 0x1125, 0x1125, 0x1126, 0x1126, 0x1126, 0x1126, 0x1126, 0x1146,
  0x1146, 0x1146, 0x1146, 0x1146, 0x1146, 0x1166, 0x1166, 0x1166, 0x1166, 0x1167, 0x1167, 0x1167, 0x1187, 0x1167, 0x1187, 0x1187,
  0x1187, 0x1187, 0x1187, 0x1187, 0x1167, 0x1167, 0x1167, 0x1166, 0x1166, 0x1166, 0x1166, 0x1146, 0x1146, 0x1146, 0x1146, 0x1146,
  0x1146, 0x1146, 0x1126, 0x1126, 0x1126, 0x1126, 0x1126, 0x1125, 0x1125, 0x1105, 0x1105, 0x1105, 0x1105, 0x1105, 0x1105, 0x1105,
  0x1105, 0x1084, 0x10E5, 0x09A7, 0x0987, 0x10C4, 0x1083, 0x10E5, 0x10E5, 0x10E5, 0x10E5, 0x10C5, 0x10C4, 0x10C4, 0x10C4, 0x10E5,
  0x10C4, 0x08A4, 0x08A4, 0x10C4, 0x10C4, 0x10C4, 0x08A4, 0x10C4, 0x10C4, 0x08A4, 0x10A4, 0x10C4, 0x10C4, 0x0883, 0x0884, 0x10C4,
  0x10A4, 0x10A4, 0x10A4, 0x0883, 0x10A4, 0x10A4, 0x10A4, 0x0884, 0x10A4, 0x10A4, 0x0884, 0x1084, 0x10A4, 0x1084, 0x10A4, 0x1084,
  0x10A4, 0x10A4, 0x10A4, 0x10A4, 0x0883, 0x7BF0, 0xDEDB, 0xE71C, 0xBDF8, 0x31A8, 0x0863, 0x10A4, 0x10A4, 0x1084, 0x1084, 0x10A4,
  0x1084, 0x10A4, 0x10A4, 0x1084, 0x1084, 0x10A4, 0x0884, 0x10A4, 0x10A4, 0x10A4, 0x0883, 0x1084, 0x10A4, 0x0884, 0x10A4, 0x10A4,
  0x0883, 0x1084, 0x1084, 0x10A4, 0x10A4, 0x0884, 0x10A4, 0x10A4, 0x10A4, 0x10A4, 0x10A4, 0x0883, 0x0883, 0x10A4, 0x10A4, 0x10A4,
  0x10A4, 0x0863, 0x10A4, 0x10A4, 0x10A4, 0x1084, 0x10A4, 0x10A4, 0x1084, 0x1084, 0x10A4, 0x1084, 0x1084, 0x10A4, 0x10A4, 0x10A4,
  0x0863, 0x39C8, 0xCE59, 0xDF1C, 0xDEDB, 0x73AF, 0x0863, 0x10A4, 0x10A4, 0x10A4, 0x10A4, 0x10A4, 0x10A4, 0x10A4, 0x10A4, 0x10A4,
  0x10A4, 0x10A4, 0x10A4, 0x10A4, 0x10A4, 0x10A4, 0x10A4, 0x10A4, 0x10A4, 0x10A4, 0x10A4, 0x10A4, 0x10A4, 0x10A4, 0x10A4, 0x10A4,
  0x10A4, 0x10A4, 0x10A4, 0x10A4, 0x10A4, 0x10A4, 0x10A4, 0x10A4, 0x10A4, 0x0863, 0x31A8, 0xF7BE, 0xF79E, 0xFFFF, 0xAD76, 0x0883,
  0x0022, 0x7BD0, 0xFFFF, 0xC639, 0x4A6B, 0x738F, 0xE73C, 0xFFFF, 0x39E9, 0x0042, 0x2946, 0xEF5D, 0xF7BE, 0xFFFF, 0xC659, 0x10C5,
  0x10A4, 0x10A4, 0x10A4, 0x10A4, 0x10A4, 0x10A4, 0x10A4, 0x10A4, 0x10A4, 0x10A4, 0x10A4, 0x10A4, 0x10A4, 0x10A4, 0x10A4, 0x10A4,
  0x10A4, 0x10A4, 0x10A4, 0x10A4, 0x10A4, 0x10A4, 0x10A4, 0x10A4, 0x10A4, 0x10A4, 0x10A4, 0x10A4, 0x10A4, 0x10A4, 0x10A4, 0x10A4,
  0x10A4, 0x10A4, 0x10A4, 0x10A4, 0x10A4, 0x10A4, 0x10A4, 0x10A4, 0x10A4, 0x10A4, 0x10A4, 0x10A4, 0x10A4, 0x10A4, 0x10A4, 0x10A4,
  0x10A4, 0x10A4, 0x10A4, 0x10A4, 0x10A4, 0x10A4, 0x10A4, 0x10C4, 0x10C4, 0x10C4, 0x10C4, 0x10C4, 0x10C4, 0x10C4, 0x10C4, 0x10C4,
  0x10C4, 0x10C4, 0x10C4, 0x10C5, 0x10C5, 0x10C5, 0x10E5, 0x10E5, 0x10E5, 0x10E5, 0x10E5, 0x10E5, 0x10E5, 0x10E5, 0x10E5, 0x1105,
  0x1105, 0x1105, 0x1105, 0x1105, 0x1105, 0x1105, 0x1105, 0x1125, 0x1125, 0x1126, 0x1126, 0x1126, 0x1126, 0x1126, 0x1126, 0x1146,
  0x1146, 0x1146, 0x1146, 0x1146, 0x1146, 0x1166, 0x1166, 0x1166, 0x1166, 0x1167, 0x1167, 0x1167, 0x1187, 0x1187, 0x1187, 0x1187,
  0x1187, 0x1187, 0x1187, 0x1187, 0x1187, 0x1167, 0x1167, 0x1166, 0x1166, 0x1166, 0x1166, 0x1166, 0x1146, 0x1146, 0x1146, 0x1146,
  0x1146, 0x1146, 0x1126, 0x1126, 0x1126, 0x1126, 0x1125, 0x1125, 0x1125, 0x1125, 0x1105, 0x1105, 0x1105, 0x1105, 0x1105, 0x1105,
  0x1105, 0x1105, 0x10E5, 0x10C4, 0x10C4, 0x10E5, 0x10E5, 0x10E5, 0x10E5, 0x10E5, 0x10E5, 0x10E5, 0x10C5, 0x10C4, 0x10C4, 0x10C4,
  0x10C4, 0x10C4, 0x10C4, 0x10C4, 0x10C4, 0x10C4, 0x10C4, 0x10C4, 0x10C4, 0x10C4, 0x10C4, 0x10A4, 0x10A4, 0x10C4, 0x10A4, 0x10A4,
  0x10A4, 0x10A4, 0x10A4, 0x10A4, 0x10A4, 0x10A4, 0x10A4, 0x10A4, 0x10A4, 0x10A4, 0x10A4, 0x10A4, 0x10A4, 0x10A4, 0x10A4, 0x10A4,
  0x10A4, 0x10A4, 0x10A4, 0x10A4, 0x10A4, 0x0022, 0x10C4, 0x2106, 0x0883, 0x0863, 0x10A4, 0x10A4, 0x10A4, 0x10A4, 0x10A4, 0x10A4,
  0x10A4, 0x10A4, 0x10A4, 0x10A4, 0x10A4, 0x10A4, 0x10A4, 0x10A4, 0x10A4, 0x10A4, 0x10A4, 0x10A4, 0x10A4, 0x10A4, 0x10A4, 0x10A4,
  0x10A4, 0x10A4, 0x10A4, 0x10A4, 0x10A4, 0x10A4, 0x10A4, 0x10A4, 0x10A4, 0x10A4, 0x10A4, 0x10A4, 0x10A4, 0x10A4, 0x10A4, 0x10A4,
  0x10A4, 0x10A4, 0x10A4, 0x10A4, 0x10A4, 0x10A4, 0x10A4, 0x10A4, 0x10A4, 0x10A4, 0x10A4, 0x10A4, 0x10A4, 0x10A4, 0x10A4, 0x10A4,
  0x10A4, 0x0863, 0x0863, 0x2106, 0x18C5, 0x0843, 0x10A4, 0x10A4, 0x10A4, 0x10A4, 0x10A4, 0x10A4, 0x10A4, 0x10A4, 0x10A4, 0x10A4,
  0x10A4, 0x10A4, 0x10A4, 0x10A4, 0x10A4, 0x10A4, 0x10A4, 0x10A4, 0x10A4, 0x10A4, 0x10A4, 0x10A4, 0x10A4, 0x10A4, 0x10A4, 0x10A4,
  0x10A4, 0x10A4, 0x10A4, 0x10A4, 0x10A4, 0x10A4, 0x10A4, 0x10A4, 0x10A4, 0x0884, 0x2126, 0xD6BB, 0xFFDF, 0xFFFF, 0xAD76, 0x0883,
  0x0863, 0x422A, 0xDEDB, 0xFFFF, 0xFFDF, 0xFFFF, 0xFFFF, 0xBDF7, 0x2126, 0x0863, 0x2146, 0xEF5D, 0xF7BE, 0xFFFF, 0xA535, 0x0043,
  0x10C4, 0x10A4, 0x10A4, 0x10A4, 0x10A4, 0x10A4, 0x10A4, 0x10A4, 0x10A4, 0x10A4, 0x10A4, 0x10A4, 0x10A4, 0x10A4, 0x10A4, 0x10A4,
  0x10A4, 0x10A4, 0x10A4, 0x10A4, 0x10A4, 0x10A4, 0x10A4, 0x10A4, 0x10A4, 0x10A4, 0x10A4, 0x10A4, 0x10A4, 0x10A4, 0x10A4, 0x10A4,
  0x10A4, 0x10A4, 0x10A4, 0x10A4, 0x10A4, 0x10A4, 0x10A4, 0x10A4, 0x10A4, 0x10A4, 0x10A4, 0x10A4, 0x10A4, 0x10A4, 0x10A4, 0x10A4,
  0x10A4, 0x10A4, 0x10A4, 0x10A4, 0x10A4, 0x10A4, 0x10A4, 0x10C4, 0x10C4, 0x10C4, 0x10C4, 0x10C4, 0x10C4, 0x10C4, 0x10C4, 0x10C4,
  0x10C4, 0x10C4, 0x10C4, 0x10C5, 0x10C5, 0x10E5, 0x10E5, 0x10E5, 0x10E5, 0x10E5, 0x10E5, 0x10E5, 0x10E5, 0x10E5, 0x10E5, 0x1105,
  0x1105, 0x1105, 0x1105, 0x1105, 0x1105, 0x1105, 0x1105, 0x1125, 0x1125, 0x1125, 0x1126, 0x1126, 0x1126, 0x1126, 0x1146, 0x1146,
  0x1146, 0x1146, 0x1146, 0x1146, 0x1146, 0x1166, 0x1166, 0x1166, 0x1167, 0x1167, 0x1167, 0x1167, 0x1187, 0x1187, 0x1187, 0x1187,
  0x1187, 0x1187, 0x1187, 0x1187, 0x1187, 0x1167, 0x1167, 0x1167, 0x1166, 0x1166, 0x1166, 0x1166, 0x1146, 0x1146, 0x1146, 0x1146,
  0x1146, 0x1146, 0x1126, 0x1126, 0x1126, 0x1126, 0x1126, 0x1125, 0x1125, 0x1105, 0x1105, 0x1105, 0x1105, 0x1105, 0x1105, 0x1105,
  0x1105, 0x1105, 0x10E5, 0x10E5, 0x10E5, 0x10E5, 0x10E5, 0x10E5, 0x10E5, 0x10E5, 0x10E5, 0x10E5, 0x10C5, 0x10C4, 0x10C4, 0x10C4,
  0x10C4, 0x10C4, 0x10C4, 0x10C4, 0x10C4, 0x10C4, 0x10C4, 0x10C4, 0x10C4, 0x10C4, 0x10A4, 0x10A4, 0x10A4, 0x10A4, 0x10A4, 0x10A4,
  0x10A4, 0x10A4, 0x10A4, 0x10A4, 0x10A4, 0x10A4, 0x10A4, 0x10A4, 0x10A4, 0x10A4, 0x10A4, 0x10A4, 0x10A4, 0x10A4, 0x10A4, 0x10A4,
  0x10A4, 0x10A4, 0x10A4, 0x10A4, 0x10A4, 0x10A4, 0x1084, 0x0883, 0x10A4, 0x10A4, 0x10A4, 0x10A4, 0x10A4, 0x10A4, 0x10A4, 0x10A4,
  0x10A4, 0x10A4, 0x10A4, 0x10A4, 0x10A4, 0x10A4, 0x10A4, 0x10A4, 0x10A4, 0x10A4, 0x10A4, 0x10A4, 0x10A4, 0x10A4, 0x10A4, 0x10A4,
  0x10A4, 0x10A4, 0x10A4, 0x10A4, 0x10A4, 0x10A4, 0x10A4, 0x10A4, 0x10A4, 0x10A4, 0x10A4, 0x10A4, 0x10A4, 0x10A4, 0x10A4, 0x10A4,
  0x10A4, 0x10A4, 0x10A4, 0x10A4, 0x10A4, 0x10A4, 0x10A4, 0x10A4, 0x10A4, 0x10A4, 0x10A4, 0x10A4, 0x10A4, 0x10A4, 0x10A4, 0x10A4,
  0x10A4, 0x10A4, 0x10A4, 0x0883, 0x1084, 0x10A4, 0x10A4, 0x10A4, 0x10A4, 0x10A4, 0x10A4, 0x10A4, 0x10A4, 0x10A4, 0x10A4, 0x10A4,
  0x10A4, 0x10A4, 0x10A4, 0x10A4, 0x10A4, 0x10A4, 0x10A4, 0x10A4, 0x10A4, 0x10A4, 0x10A4, 0x10A4, 0x10A4, 0x10A4, 0x10A4, 0x10A4,
  0x10A4, 0x10A4, 0x10A4, 0x10A4, 0x10A4, 0x10A4, 0x10A4, 0x10A4, 0x10A4, 0x10A4, 0x0863, 0xB5B7, 0xFFFF, 0xFFFF, 0xAD76, 0x0863,
  0x10C4, 0x0863, 0x1905, 0xA515, 0xFFDF, 0xF79E, 0x73AF, 0x0884, 0x1084, 0x0884, 0x2146, 0xEF5D, 0xF7BE, 0xFFFF, 0x73AF, 0x0022,
  0x10C4, 0x10A4, 0x10A4, 0x10A4, 0x10A4, 0x10A4, 0x10A4, 0x10A4, 0x10A4, 0x10A4, 0x10A4, 0x10A4, 0x10A4, 0x10A4, 0x10A4, 0x10A4,
  0x10A4, 0x10A4, 0x10A4, 0x10A4, 0x10A4, 0x10A4, 0x10A4, 0x10A4, 0x10A4, 0x10A4, 0x10A4, 0x10A4, 0x10A4, 0x10A4, 0x10A4, 0x10A4,
  0x10A4, 0x10A4, 0x10A4, 0x10A4, 0x10A4, 0x10A4, 0x10A4, 0x10A4, 0x10A4, 0x10A4, 0x10A4, 0x10A4, 0x10A4, 0x10A4, 0x10A4, 0x10A4,
  0x10A4, 0x10A4, 0x10A4, 0x10A4, 0x10A4, 0x10A4, 0x10C4, 0x10C4, 0x10C4, 0x10C4, 0x10C4, 0x10C4, 0x10C4, 0x10C4, 0x10C4, 0x10C4,
  0x10C4, 0x10C4, 0x10C4, 0x10C5, 0x10C5, 0x10E5, 0x10E5, 0x10E5, 0x10E5, 0x10E5, 0x10E5, 0x10E5, 0x10E5, 0x10E5, 0x10E5, 0x10E5,
  0x1105, 0x1105, 0x1105, 0x1105, 0x1105, 0x1105, 0x1105, 0x1125, 0x1125, 0x1126, 0x1126, 0x1126, 0x1126, 0x1126, 0x1146, 0x1146,
  0x1146, 0x1146, 0x1146, 0x1146, 0x1146, 0x1166, 0x1166, 0x1166, 0x1166, 0x1167, 0x1167, 0x1167, 0x1187, 0x1187, 0x1187, 0x1187,
  0x1187, 0x1187, 0x1187, 0x1187, 0x1187, 0x1167, 0x1167, 0x1167, 0x1166, 0x1166, 0x1166, 0x1166, 0x1146, 0x1146, 0x1146, 0x1146,
  0x1146, 0x1146, 0x1126, 0x1126, 0x1126, 0x1126, 0x1126, 0x1125, 0x1125, 0x1125, 0x1105, 0x1105, 0x1105, 0x1105, 0x1105, 0x1105,
  0x1105, 0x10E5, 0x10E5, 0x10E5, 0x10E5, 0x10E5, 0x10E5, 0x10E5, 0x10E5, 0x10E5, 0x10E5, 0x10E5, 0x10C5, 0x10C4, 0x10C4, 0x10C4,
  0x10C4, 0x10C4, 0x10C4, 0x10C4, 0x10C4, 0x10C4, 0x10C4, 0x10C4, 0x10C4, 0x10C4, 0x10A4, 0x10A4, 0x10A4, 0x10A4, 0x10A4, 0x10A4,
  0x10A4, 0x10A4, 0x10A4, 0x10A4, 0x10A4, 0x10A4, 0x10A4, 0x10A4, 0x10A4, 0x10A4, 0x10A4, 0x10A4, 0x10A4, 0x10A4, 0x10A4, 0x10A4,
  0x10A4, 0x10A4, 0x10A4, 0x10A4, 0x10A4, 0x10A4, 0x10A4, 0x10A4, 0x10A4, 0x10A4, 0x10A4, 0x10A4, 0x10A4, 0x10A4, 0x10A4, 0x10A4,
  0x10A4, 0x10A4, 0x10A4, 0x10A4, 0x10A4, 0x10A4, 0x10A4, 0x10A4, 0x10A4, 0x10A4, 0x10A4, 0x10A4, 0x10A4, 0x10A4, 0x10A4, 0x10A4,
  0x10A4, 0x10A4, 0x10A4, 0x10A4, 0x10A4, 0x10A4, 0x10A4, 0x10A4, 0x10A4, 0x10A4, 0x10A4, 0x10A4, 0x10A4, 0x10A4, 0x10A4, 0x10A4,
  0x10A4, 0x10A4, 0x10A4, 0x10A4, 0x10A4, 0x10A4, 0x10A4, 0x10A4, 0x10A4, 0x10A4, 0x10A4, 0x10A4, 0x10A4, 0x10A4, 0x10A4, 0x10A4,
  0x10A4, 0x10A4, 0x10A4, 0x10A4, 0x10A4, 0x10A4, 0x10A4, 0x10A4, 0x10A4, 0x10A4, 0x10A4, 0x10A4, 0x10A4, 0x10A4, 0x10A4, 0x10A4,
  0x10A4, 0x10A4, 0x10A4, 0x10A4, 0x10A4, 0x10A4, 0x10A4, 0x10A4, 0x10A4, 0x10A4, 0x10A4, 0x10A4, 0x10A4, 0x10A4, 0x10A4, 0x10A4,
  0x10A4, 0x10A4, 0x10A4, 0x10A4, 0x10A4, 0x10A4, 0x10A4, 0x10A4, 0x10A4, 0x10C4, 0x0022, 0x8411, 0xFFFF, 0xFFFF, 0xAD76, 0x0863,
  0x10A4, 0x10C5, 0x0022, 0x4A8B, 0xFFFF, 0xEF5D, 0x18E5, 0x0863, 0x10C4, 0x0883, 0x2146, 0xEF5D, 0xFFDF, 0xFFDF, 0x422A, 0x0863,
  0x10A4, 0x10A4, 0x10A4, 0x10A4, 0x10A4, 0x10A4, 0x10A4, 0x10A4, 0x10A4, 0x10A4, 0x10A4, 0x10A4, 0x10A4, 0x10A4, 0x10A4, 0x10A4,
  0x10A4, 0x10A4, 0x10A4, 0x10A4, 0x10A4, 0x10A4, 0x10A4, 0x10A4, 0x10A4, 0x10A4, 0x10A4, 0x10A4, 0x10A4, 0x10A4, 0x10A4, 0x10A4,
  0x10A4, 0x10A4, 0x10A4, 0x10A4, 0x10A4, 0x10A4, 0x10A4, 0x10A4, 0x10A4, 0x10A4, 0x10A4, 0x10A4, 0x10A4, 0x10A4, 0x10A4, 0x10A4,
  0x10A4, 0x10A4, 0x10A4, 0x10A4, 0x10A4, 0x10A4, 0x10A4, 0x10C4, 0x10C4, 0x10C4, 0x10C4, 0x10C4, 0x10C4, 0x10C4, 0x10C4, 0x10C4,
  0x10C4, 0x10C4, 0x10C4, 0x10C5, 0x10C5, 0x10E5, 0x10E5, 0x10E5, 0x10E5, 0x10E5, 0x10E5, 0x10E5, 0x10E5, 0x10E5, 0x10E5, 0x10E5,
  0x1105, 0x1105, 0x1105, 0x1105, 0x1105, 0x1105, 0x1105, 0x1125, 0x1126, 0x1125, 0x1126, 0x1126, 0x1126, 0x1126, 0x1146, 0x1146,
  0x1146, 0x1146, 0x1146, 0x1146, 0x1166, 0x1166, 0x1166, 0x1166, 0x1166, 0x1167, 0x1167, 0x1187, 0x1187, 0x1187, 0x1187, 0x1187,
  0x1187, 0x1187, 0x1187, 0x1187, 0x1187, 0x1187, 0x1167, 0x1167, 0x1166, 0x1166, 0x1166, 0x1166, 0x1146, 0x1146, 0x1146, 0x1146,
  0x1146, 0x1146, 0x1126, 0x1126, 0x1126, 0x1126, 0x1126, 0x1126, 0x1125, 0x1125, 0x1105, 0x1105, 0x1105, 0x1105, 0x1105, 0x1105,
  0x1105, 0x1105, 0x10E5, 0x10E5, 0x10E5, 0x10E5, 0x10E5, 0x10E5, 0x10E5, 0x10E5, 0x10E5, 0x10E5, 0x10C5, 0x10C4, 0x10C4, 0x10C4,
  0x10C4, 0x10C4, 0x10C4, 0x10C4, 0x10C4, 0x10C4, 0x10C4, 0x10C4, 0x10C4, 0x10A4, 0x10A4, 0x10A4, 0x10A4, 0x10A4, 0x10A4, 0x10A4,
  0x10A4, 0x10A4, 0x10A4, 0x10A4, 0x10A4, 0x10A4, 0x10A4, 0x10A4, 0x10A4, 0x10A4, 0x10A4, 0x10A4, 0x10A4, 0x10A4, 0x10A4, 0x10A4,
  0x10A4, 0x10A4, 0x10A4, 0x10A4, 0x10A4, 0x10A4, 0x10A4, 0x10A4, 0x10A4, 0x10A4, 0x10A4, 0x10A4, 0x10A4, 0x10A4, 0x10A4, 0x10A4,
  0x10A4, 0x10A4, 0x10A4, 0x10A4, 0x10A4, 0x10A4, 0x10A4, 0x10A4, 0x10A4, 0x10A4, 0x10A4, 0x10A4, 0x10A4, 0x10A4, 0x10A4, 0x10A4,
  0x10A4, 0x10A4, 0x10A4, 0x10A4, 0x10A4, 0x10A4, 0x10A4, 0x10A4, 0x10A4, 0x10A4, 0x10A4, 0x10A4, 0x10A4, 0x10A4, 0x10A4, 0x10A4,
  0x10A4, 0x10A4, 0x10A4, 0x10A4, 0x10A4, 0x10A4, 0x10A4, 0x10A4, 0x10A4, 0x10A4, 0x10A4, 0x10A4, 0x10A4, 0x10A4, 0x10A4, 0x10A4,
  0x10A4, 0x10A4, 0x10A4, 0x10A4, 0x10A4, 0x10A4, 0x10A4, 0x10A4, 0x10A4, 0x10A4, 0x10A4, 0x10A4, 0x10A4, 0x10A4, 0x10A4, 0x10A4,
  0x10A4, 0x10A4, 0x10A4, 0x10A4, 0x10A4, 0x10A4, 0x10A4, 0x10A4, 0x10A4, 0x10A4, 0x10A4, 0x10A4, 0x10A4, 0x10A4, 0x10A4, 0x10A4,
  0x10A4, 0x10A4, 0x10A4, 0x10A4, 0x10A4, 0x10A4, 0x10A4, 0x10A4, 0x10A4, 0x10A4, 0x0863, 0x3A09, 0xF79E, 0xFFFF, 0xAD76, 0x0863,
  0x10A4, 0x10C4, 0x0043, 0x5AED, 0xFFFF, 0xEF5D, 0x2967, 0x0884, 0x10A4, 0x0883, 0x2146, 0xE73C, 0xFFFF, 0xD69A, 0x18E5, 0x1084,
  0x10A4, 0x10A4, 0x10A4, 0x10A4, 0x10A4, 0x10A4, 0x10A4, 0x10A4, 0x10A4, 0x10A4, 0x10A4, 0x10A4, 0x10A4, 0x10A4, 0x10A4, 0x10A4,
  0x10A4, 0x10A4, 0x10A4, 0x10A4, 0x10A4, 0x10A4, 0x10A4, 0x10A4, 0x10A4, 0x10A4, 0x10A4, 0x10A4, 0x10A4, 0x10A4, 0x10A4, 0x10A4,
  0x10A4, 0x10A4, 0x10A4, 0x10A4, 0x10A4, 0x10A4, 0x10A4, 0x10A4, 0x10A4, 0x10A4, 0x10A4, 0x10A4, 0x10A4, 0x10A4, 0x10A4, 0x10A4,
  0x10A4, 0x10A4, 0x10A4, 0x10A4, 0x10A4, 0x10C4, 0x10A4, 0x10C4, 0x10C4, 0x10C4, 0x10C4, 0x10C4, 0x10C4, 0x10C4, 0x10C4, 0x10C4,
  0x10C4, 0x10C4, 0x10C4, 0x10C5, 0x10C5, 0x10E5, 0x10E5, 0x10E5, 0x10E5, 0x10E5, 0x10E5, 0x10E5, 0x10E5, 0x10E5, 0x10E5, 0x1105,
  0x1105, 0x1105, 0x1105, 0x1105, 0x1105, 0x1105, 0x1105, 0x1125, 0x1125, 0x1125, 0x1126, 0x1126, 0x1126, 0x1126, 0x1146, 0x1146,
  0x1146, 0x1146, 0x1146, 0x1146, 0x1146, 0x1166, 0x1166, 0x1166, 0x1167, 0x1167, 0x1167, 0x1187, 0x1187, 0x1187, 0x1187, 0x1187,
  0x1187, 0x1187, 0x1187, 0x1187, 0x1187, 0x1187, 0x1167, 0x1167, 0x1166, 0x1166, 0x1166, 0x1166, 0x1146, 0x1146, 0x1146, 0x1146,
  0x1146, 0x1146, 0x1126, 0x1126, 0x1126, 0x1126, 0x1126, 0x1125, 0x1125, 0x1105, 0x1105, 0x1105, 0x1105, 0x1105, 0x1105, 0x1105,
  0x1105, 0x10E5, 0x10E5, 0x10E5, 0x10E5, 0x10E5, 0x10E5, 0x10E5, 0x10E5, 0x10E5, 0x10E5, 0x10E5, 0x10C5, 0x10C4, 0x10C4, 0x10C4,
  0x10C4, 0x10C4, 0x10C4, 0x10C4, 0x10C4, 0x10C4, 0x10C4, 0x10A4, 0x10C4, 0x10C4, 0x10A4, 0x10A4, 0x10A4, 0x10A4, 0x10A4, 0x10A4,
  0x10A4, 0x10A4, 0x10A4, 0x10A4, 0x10A4, 0x10A4, 0x10A4, 0x10A4, 0x10A4, 0x10A4, 0x10A4, 0x10A4, 0x10A4, 0x10A4, 0x10A4, 0x10A4,
  0x10A4, 0x10A4, 0x10A4, 0x10A4, 0x10A4, 0x10A4, 0x10A4, 0x10A4, 0x10A4, 0x10A4, 0x10A4, 0x10A4, 0x10A4, 0x10A4, 0x10A4, 0x10A4,
  0x10A4, 0x10A4, 0x10A4, 0x10A4, 0x10A4, 0x10A4, 0x10A4, 0x10A4, 0x10A4, 0x10A4, 0x10A4, 0x10A4, 0x10A4, 0x10A4, 0x10A4, 0x10A4,
  0x10A4, 0x10A4, 0x10A4, 0x10A4, 0x10A4, 0x10A4, 0x10A4, 0x10A4, 0x10A4, 0x10A4, 0x10A4, 0x10A4, 0x10A4, 0x10A4, 0x10A4, 0x10A4,
  0x10A4, 0x10A4, 0x10A4, 0x10A4, 0x10A4, 0x10A4, 0x10A4, 0x10A4, 0x10A4, 0x10A4, 0x10A4, 0x10A4, 0x10A4, 0x10A4, 0x10A4, 0x10A4,
  0x10A4, 0x10A4, 0x10A4, 0x10A4, 0x10A4, 0x10A4, 0x10A4, 0x10A4, 0x10A4, 0x10A4, 0x10A4, 0x10A4, 0x10A4, 0x10A4, 0x10A4, 0x10A4,
  0x10A4, 0x10A4, 0x10A4, 0x10A4, 0x10A4, 0x10A4, 0x10A4, 0x10A4, 0x10A4, 0x10A4, 0x10A4, 0x10A4, 0x10A4, 0x10A4, 0x10A4, 0x10A4,
  0x10A4, 0x10A4, 0x10A4, 0x10A4, 0x10A4, 0x10A4, 0x10A4, 0x10A4, 0x10A4, 0x10A4, 0x10A4, 0x10A4, 0xC639, 0xFFFF, 0xAD55, 0x0043,
  0x10C4, 0x10C5, 0x0843, 0x5AEC, 0xFFFF, 0xEF5D, 0x2967, 0x0884, 0x10C4, 0x1084, 0x2106, 0xE73C, 0xFFFF, 0x94B3, 0x0042, 0x10C4,
  0x10A4, 0x10A4, 0x10A4, 0x10A4, 0x10A4, 0x10A4, 0x10A4, 0x10A4, 0x10A4, 0x10A4, 0x10A4, 0x10A4, 0x10A4, 0x10A4, 0x10A4, 0x10A4,
  0x10A4, 0x10A4, 0x10A4, 0x10A4, 0x10A4, 0x10A4, 0x10A4, 0x10A4, 0x10A4, 0x10A4, 0x10A4, 0x10A4, 0x10A4, 0x10A4, 0x10A4, 0x10A4,
  0x10A4, 0x10A4, 0x10A4, 0x10A4, 0x10A4, 0x10A4, 0x10A4, 0x10A4, 0x10A4, 0x10A4, 0x10A4, 0x10A4, 0x10A4, 0x10A4, 0x10A4, 0x10A4,
  0x10A4, 0x10A4, 0x10A4, 0x10A4, 0x10A4, 0x10A4, 0x10A4, 0x10C4, 0x10C4, 0x10C4, 0x10C4, 0x10C4, 0x10C4, 0x10C4, 0x10C4, 0x10C4,
  0x10C4, 0x10C4, 0x10C4, 0x10C5, 0x10E5, 0x10C5, 0x10E5, 0x10E5, 0x10E5, 0x10E5, 0x10E5, 0x10E5, 0x10E5, 0x10E5, 0x10E5, 0x1105,
  0x1105, 0x1105, 0x1105, 0x1105, 0x1105, 0x1105, 0x1105, 0x1125, 0x1125, 0x1126, 0x1126, 0x1126, 0x1126, 0x1146, 0x1146, 0x1146,
  0x1146, 0x1146, 0x1146, 0x1146, 0x1166, 0x1166, 0x1166, 0x1167, 0x1167, 0x1167, 0x1187, 0x1187, 0x1187, 0x1187, 0x1187, 0x1187,
  0x1187, 0x1187, 0x1187, 0x1187, 0x1187, 0x1187, 0x1167, 0x1167, 0x1166, 0x1166, 0x1166, 0x1166, 0x1146, 0x1146, 0x1146, 0x1146,
  0x1146, 0x1146, 0x1146, 0x1126, 0x1126, 0x1126, 0x1126, 0x1125, 0x1125, 0x1105, 0x1105, 0x1105, 0x1105, 0x1105, 0x1105, 0x1105,
  0x1105, 0x1105, 0x10E5, 0x10E5, 0x10E5, 0x10E5, 0x10E5, 0x10E5, 0x10E5, 0x10E5, 0x10E5, 0x10E5, 0x10E5, 0x10C4, 0x10C4, 0x10C4,
  0x10C4, 0x10C4, 0x10C4, 0x10C4, 0x10C4, 0x10C4, 0x10C4, 0x10C4, 0x10C4, 0x10C4, 0x10A4, 0x10A4, 0x10A4, 0x10A4, 0x10A4, 0x10A4,
  0x10A4, 0x10A4, 0x10A4, 0x10A4, 0x10A4, 0x10A4, 0x10A4, 0x10A4, 0x10A4, 0x10A4, 0x10A4, 0x10A4, 0x10A4, 0x10A4, 0x10A4, 0x10A4,
  0x10A4, 0x10A4, 0x10A4, 0x10A4, 0x10A4, 0x10A4, 0x10A4, 0x10A4, 0x10A4, 0x10A4, 0x10A4, 0x10A4, 0x10A4, 0x10A4, 0x10A4, 0x10A4,
  0x10A4, 0x10A4, 0x10A4, 0x10A4, 0x10A4, 0x10A4, 0x10A4, 0x10A4, 0x10A4, 0x10A4, 0x10A4, 0x10A4, 0x10A4, 0x10A4, 0x10A4, 0x10A4,
  0x10A4, 0x10A4, 0x10A4, 0x10A4, 0x10A4, 0x10A4, 0x10A4, 0x10A4, 0x10A4, 0x10A4, 0x10A4, 0x10A4, 0x10A4, 0x10A4, 0x10A4, 0x10A4,
  0x10A4, 0x10A4, 0x10A4, 0x10A4, 0x10A4, 0x10A4, 0x10A4, 0x10A4, 0x10A4, 0x10A4, 0x10A4, 0x10A4, 0x10A4, 0x10A4, 0x10A4, 0x10A4,
  0x10A4, 0x10A4, 0x10A4, 0x10A4, 0x10A4, 0x10A4, 0x10A4, 0x10A4, 0x10A4, 0x10A4, 0x10A4, 0x10A4, 0x10A4, 0x10A4, 0x10A4, 0x10A4,
  0x10A4, 0x10A4, 0x10A4, 0x10A4, 0x10A4, 0x10A4, 0x10A4, 0x10A4, 0x10A4, 0x10A4, 0x10A4, 0x10A4, 0x10A4, 0x10A4, 0x10A4, 0x10A4,
  0x10A4, 0x10A4, 0x10A4, 0x10A4, 0x10A4, 0x10A4, 0x10A4, 0x10A4, 0x10A4, 0x10A4, 0x10C4, 0x0022, 0x7BF0, 0xFFFF, 0xDEFB, 0x2987,
  0x0002, 0x0883, 0x0022, 0x52AC, 0xFFFF, 0xEF5D, 0x1905, 0x0863, 0x0863, 0x0002, 0x630D, 0xF7BE, 0xF7BE, 0x3A09, 0x0863, 0x10A4,
  0x10A4, 0x10A4, 0x10A4, 0x10A4, 0x10A4, 0x10A4, 0x10A4, 0x10A4, 0x10A4, 0x10A4, 0x10A4, 0x10A4, 0x10A4, 0x10A4, 0x10A4, 0x10A4,
  0x10A4, 0x10A4, 0x10A4, 0x10A4, 0x10A4, 0x10A4, 0x10A4, 0x10A4, 0x10A4, 0x10A4, 0x10A4, 0x10A4, 0x10A4, 0x10A4, 0x10A4, 0x10A4,
  0x10A4, 0x10A4, 0x10A4, 0x10A4, 0x10A4, 0x10A4, 0x10A4, 0x10A4, 0x10A4, 0x10A4, 0x10A4, 0x10A4, 0x10A4, 0x10A4, 0x10A4, 0x10A4,
  0x10A4, 0x10A4, 0x10A4, 0x10A4, 0x10A4, 0x10A4, 0x10C4, 0x10C4, 0x10C4, 0x10C4, 0x10C4, 0x10C4, 0x10C4, 0x10C4, 0x10C4, 0x10C4,
  0x10C4, 0x10C4, 0x10C4, 0x10C4, 0x10E5, 0x10E5, 0x10E5, 0x10E5, 0x10E5, 0x10E5, 0x10E5, 0x10E5, 0x10E5, 0x10E5, 0x10E5, 0x1105,
  0x1105, 0x1105, 0x1105, 0x1105, 0x1105, 0x1105, 0x1105, 0x1125, 0x1125, 0x1126, 0x1126, 0x1126, 0x1126, 0x1146, 0x1146, 0x1146,
  0x1146, 0x1146, 0x1146, 0x1146, 0x1166, 0x1166, 0x1166, 0x1166, 0x1166, 0x1167, 0x1167, 0x1187, 0x1187, 0x1187, 0x1187, 0x1187,
  0x1187, 0x1187, 0x1187, 0x1187, 0x1187, 0x1187, 0x1187, 0x1167, 0x1167, 0x1166, 0x1166, 0x1166, 0x1146, 0x1146, 0x1146, 0x1146,
  0x1146, 0x1146, 0x1146, 0x1126, 0x1126, 0x1126, 0x1125, 0x1126, 0x1126, 0x1105, 0x1105, 0x1105, 0x1105, 0x1105, 0x1105, 0x1105,
  0x1105, 0x10E5, 0x10E5, 0x10E5, 0x10E5, 0x10E5, 0x10E5, 0x10E5, 0x10E5, 0x10E5, 0x10E5, 0x10C5, 0x10C4, 0x10C4, 0x10C4, 0x10C4,
  0x10C4, 0x10C4, 0x10C5, 0x10C4, 0x08A4, 0x08A4, 0x10C4, 0x10C4, 0x10C4, 0x10A4, 0x10A4, 0x10A4, 0x10A4, 0x10A4, 0x10C4, 0x10C4,
  0x10C4, 0x10A4, 0x10A4, 0x10A4, 0x10C4, 0x10A4, 0x10A4, 0x10A4, 0x10A4, 0x10A4, 0x10A4, 0x10A4, 0x10A4, 0x10A4, 0x10A4, 0x10A4,
  0x10A4, 0x10A4, 0x10A4, 0x10A4, 0x10A4, 0x10A4, 0x10A4, 0x10A4, 0x10A4, 0x10A4, 0x10A4, 0x10A4, 0x10A4, 0x10A4, 0x10A4, 0x10A4,
  0x10A4, 0x10A4, 0x10A4, 0x10A4, 0x10A4, 0x10A4, 0x10A4, 0x10A4, 0x10A4, 0x10A4, 0x10A4, 0x10A4, 0x10A4, 0x10A4, 0x10A4, 0x10A4,
  0x10A4, 0x10A4, 0x10A4, 0x10A4, 0x10A4, 0x10A4, 0x10A4, 0x10A4, 0x10A4, 0x10A4, 0x10A4, 0x10A4, 0x10A4, 0x10A4, 0x10A4, 0x10A4,
  0x10A4, 0x10A4, 0x10A4, 0x10A4, 0x10A4, 0x10A4, 0x10A4, 0x10A4, 0x10A4, 0x10A4, 0x10A4, 0x10A4, 0x10A4, 0x10A4, 0x10A4, 0x10A4,
  0x10A4, 0x10A4, 0x10A4, 0x10A4, 0x10A4, 0x10A4, 0x10A4, 0x10A4, 0x10A4, 0x10A4, 0x10A4, 0x10A4, 0x10A4, 0x10A4, 0x10A4, 0x10A4,
  0x10A4, 0x10A4, 0x10A4, 0x10A4, 0x10A4, 0x10A4, 0x10A4, 0x10A4, 0x10A4, 0x10A4, 0x10A4, 0x10A4, 0x10A4, 0x10A4, 0x10A4, 0x10A4,
  0x10A4, 0x10A4, 0x10A4, 0x10A4, 0x10A4, 0x10A4, 0x10A4, 0x10A4, 0x10A4, 0x10A4, 0x10A4, 0x0884, 0x2126, 0xE71C, 0xFFFF, 0xDEFC,
  0x73D0, 0x31C8, 0x1905, 0xA515, 0xFFFF, 0xF7BE, 0x6B4E, 0x18C5, 0x424A, 0x94B3, 0xEF7D, 0xFFFF, 0xB5B7, 0x0863, 0x10A4, 0x10A4,
  0x10A4, 0x10A4, 0x10A4, 0x10A4, 0x10A4, 0x10A4, 0x10A4, 0x10A4, 0x10A4, 0x10A4, 0x10A4, 0x10A4, 0x10A4, 0x10A4, 0x10A4, 0x10A4,
  0x10A4, 0x10A4, 0x10A4, 0x10A4, 0x10A4, 0x10A4, 0x10A4, 0x10A4, 0x10A4, 0x10A4, 0x10A4, 0x10A4, 0x10A4, 0x10A4, 0x10A4, 0x10A4,
  0x10A4, 0x10A4, 0x10A4, 0x10A4, 0x10A4, 0x10A4, 0x10A4, 0x10A4, 0x10A4, 0x10A4, 0x10A4, 0x10A4, 0x10A4, 0x10A4, 0x10A4, 0x10A4,
  0x10A4, 0x10A4, 0x10A4, 0x10A4, 0x10A4, 0x10A4, 0x10A4, 0x10A4, 0x10C4, 0x10C4, 0x10C4, 0x10C4, 0x10C4, 0x10C4, 0x10C4, 0x10C4,
  0x10C4, 0x10C4, 0x10C4, 0x10C4, 0x10C5, 0x10E5, 0x10E5, 0x10E5, 0x10E5, 0x10E5, 0x10E5, 0x10E5, 0x10E5, 0x10E5, 0x10E5, 0x1105,
  0x1105, 0x1105, 0x1105, 0x1105, 0x1105, 0x1105, 0x1105, 0x1125, 0x1126, 0x1126, 0x1126, 0x1126, 0x1126, 0x1126, 0x1146, 0x1146,
  0x1146, 0x1146, 0x1146, 0x1146, 0x1166, 0x1166, 0x1166, 0x1166, 0x1166, 0x1167, 0x1187, 0x1187, 0x1187, 0x1187, 0x1187, 0x1187,
  0x1187, 0x1187, 0x1187, 0x1187, 0x1187, 0x1187, 0x1187, 0x1167, 0x1167, 0x1166, 0x1166, 0x1166, 0x1166, 0x1146, 0x1146, 0x1146,
  0x1146, 0x1146, 0x1146, 0x1126, 0x1126, 0x1126, 0x1126, 0x1126, 0x1125, 0x1125, 0x1105, 0x1105, 0x1105, 0x1105, 0x1105, 0x1105,
  0x1105, 0x1105, 0x10E5, 0x10E5, 0x10E5, 0x10E5, 0x10E5, 0x10E5, 0x10E5, 0x10E5, 0x10E5, 0x10C5, 0x10C5, 0x10C4, 0x10C4, 0x10C4,
  0x10C4, 0x10C4, 0x0063, 0x10A4, 0x2167, 0x2146, 0x08A4, 0x0063, 0x10A4, 0x10C4, 0x10A4, 0x10A4, 0x10A4, 0x10A4, 0x0883, 0x0883,
  0x0863, 0x0884, 0x10A4, 0x1084, 0x0863, 0x0883, 0x0863, 0x10A4, 0x10A4, 0x0863, 0x10A4, 0x10A4, 0x0883, 0x1084, 0x0884, 0x0863,
  0x10A4, 0x10A4, 0x0883, 0x10A4, 0x0863, 0x0863, 0x0863, 0x0884, 0x10A4, 0x0883, 0x0863, 0x0863, 0x0863, 0x10A4, 0x0883, 0x0863,
  0x0863, 0x0863, 0x10A4, 0x0883, 0x1084, 0x1084, 0x0863, 0x10A4, 0x10A4, 0x0863, 0x10A4, 0x10A4, 0x0843, 0x0863, 0x0863, 0x1084,
  0x10A4, 0x10A4, 0x10A4, 0x0883, 0x0863, 0x0863, 0x0863, 0x10A4, 0x0883, 0x0863, 0x0863, 0x0863, 0x10A4, 0x10A4, 0x10A4, 0x0884,
  0x0883, 0x10A4, 0x0883, 0x0883, 0x10A4, 0x0863, 0x1084, 0x0883, 0x10A4, 0x0884, 0x0863, 0x0863, 0x0883, 0x10A4, 0x0883, 0x10A4,
  0x10A4, 0x10A4, 0x10A4, 0x10A4, 0x10A4, 0x10A4, 0x10A4, 0x10A4, 0x10A4, 0x10A4, 0x10A4, 0x10A4, 0x10A4, 0x10A4, 0x10A4, 0x10A4,
  0x10A4, 0x10A4, 0x10A4, 0x10A4, 0x10A4, 0x10A4, 0x10A4, 0x10A4, 0x10A4, 0x10A4, 0x10A4, 0x10A4, 0x10A4, 0x10A4, 0x10A4, 0x10A4,
  0x10A4, 0x10A4, 0x10A4, 0x10A4, 0x10A4, 0x10A4, 0x10A4, 0x10A4, 0x10A4, 0x10A4, 0x10A4, 0x10C4, 0x0022, 0x7BF0, 0xFFFF, 0xF7BE,
  0xFFFF, 0xEF7D, 0xDEFC, 0xFFDF, 0xF7BE, 0xFFDF, 0xF79E, 0xD6DB, 0xF7BE, 0xFFFF, 0xF7BE, 0xF79E, 0x424A, 0x0843, 0x10C4, 0x10A4,
  0x10A4, 0x10A4, 0x10A4, 0x10A4, 0x10A4, 0x10A4, 0x10A4, 0x10A4, 0x10A4, 0x10A4, 0x10A4, 0x10A4, 0x10A4, 0x10A4, 0x10A4, 0x10A4,
  0x10A4, 0x10A4, 0x10A4, 0x10A4, 0x10A4, 0x10A4, 0x10A4, 0x10A4, 0x10A4, 0x10A4, 0x10A4, 0x10A4, 0x10A4, 0x10A4, 0x10A4, 0x10A4,
  0x10A4, 0x10A4, 0x10A4, 0x10A4, 0x10A4, 0x10A4, 0x10A4, 0x10A4, 0x10A4, 0x10A4, 0x10A4, 0x10A4, 0x10A4, 0x10A4, 0x10A4, 0x10A4,
  0x10A4, 0x10A4, 0x10A4, 0x10A4, 0x10A4, 0x10A4, 0x10A4, 0x10C4, 0x10C4, 0x10C4, 0x10C4, 0x10C4, 0x10C4, 0x10C4, 0x10C4, 0x10C4,
  0x10C4, 0x10C4, 0x10C4, 0x10C5, 0x10E5, 0x10E5, 0x10E5, 0x10E5, 0x10E5, 0x10E5, 0x10E5, 0x10E5, 0x10E5, 0x10E5, 0x10E5, 0x1105,
  0x1105, 0x1105, 0x1105, 0x1105, 0x1105, 0x1105, 0x1105, 0x1125, 0x1125, 0x1126, 0x1126, 0x1126, 0x1126, 0x1146, 0x1146, 0x1146,
  0x1146, 0x1146, 0x1146, 0x1146, 0x1166, 0x1166, 0x1166, 0x1166, 0x1167, 0x1167, 0x1187, 0x1187, 0x1187, 0x1187, 0x1187, 0x11A7,
  0x1187, 0x1187, 0x1187, 0x1187, 0x1187, 0x1187, 0x1167, 0x1167, 0x1167, 0x1166, 0x1166, 0x1166, 0x1166, 0x1146, 0x1146, 0x1146,
  0x1146, 0x1146, 0x1126, 0x1126, 0x1126, 0x1126, 0x1126, 0x1125, 0x1105, 0x1105, 0x1105, 0x1105, 0x1105, 0x1105, 0x1105, 0x1105,
  0x1105, 0x1105, 0x10E5, 0x10E5, 0x10E5, 0x10E5, 0x10E5, 0x10E5, 0x10E5, 0x10E5, 0x10E5, 0x10E5, 0x10E5, 0x10C5, 0x10C4, 0x10C4,
  0x10C4, 0x10E5, 0x52CC, 0x7BF0, 0x6B8F, 0x6B6E, 0x7BF0, 0x52AC, 0x10C4, 0x10A4, 0x10A4, 0x10A4, 0x10C4, 0x0883, 0x424A, 0x7C11,
  0x73AF, 0x2146, 0x0883, 0x18E5, 0x6B4E, 0x7C11, 0x52AC, 0x0863, 0x18E5, 0x630D, 0x18C5, 0x0863, 0x4A8B, 0x2967, 0x31A8, 0x52AC,
  0x0843, 0x18E5, 0x52CC, 0x10A4, 0x52AC, 0x738F, 0x738F, 0x4A4A, 0x0043, 0x2967, 0x73AF, 0x7BF0, 0x4229, 0x0863, 0x52CC, 0x6B8F,
  0x6B8F, 0x6B6F, 0x2126, 0x424A, 0x2967, 0x2146, 0x630D, 0x0863, 0x18E5, 0x52CC, 0x18E5, 0x1084, 0x5B0D, 0x7C10, 0x634E, 0x18C5,
  0x10A4, 0x10A4, 0x10C5, 0x5B0D, 0x738F, 0x6B8F, 0x632E, 0x10C4, 0x2126, 0x73AF, 0x7C11, 0x4A6A, 0x0863, 0x10C4, 0x0863, 0x31A8,
  0x4A6A, 0x0022, 0x4A6A, 0x4A6A, 0x0022, 0x52AC, 0x2967, 0x4A6A, 0x2126, 0x2987, 0x73AF, 0x6B6F, 0x52CC, 0x10C4, 0x52AC, 0x18E5,
  0x10A4, 0x10A4, 0x10A4, 0x10A4, 0x10A4, 0x10A4, 0x10A4, 0x10A4, 0x10A4, 0x10A4, 0x10A4, 0x10A4, 0x10A4, 0x10A4, 0x10A4, 0x10A4,
  0x10A4, 0x10A4, 0x10A4, 0x10A4, 0x10A4, 0x10A4, 0x10A4, 0x10A4, 0x10A4, 0x10A4, 0x10A4, 0x10A4, 0x10A4, 0x10A4, 0x10A4, 0x10A4,
  0x10A4, 0x10A4, 0x10A4, 0x10A4, 0x10A4, 0x10A4, 0x10A4, 0x10A4, 0x10A4, 0x10A4, 0x10A4, 0x10A4, 0x10A4, 0x10A4, 0xCE59, 0xFFFF,
  0xEF7D, 0xF7BE, 0xFFDF, 0xF7BE, 0xF7BE, 0xF7BE, 0xF7BE, 0xFFFF, 0xF7BE, 0xEF7D, 0xFFFF, 0x9492, 0x0022, 0x10C4, 0x10A4, 0x10A4,
  0x10A4, 0x10A4, 0x10A4, 0x10A4, 0x10A4, 0x10A4, 0x10A4, 0x10A4, 0x10A4, 0x10A4, 0x10A4, 0x10A4, 0x10A4, 0x10A4, 0x10A4, 0x10A4,
  0x10A4, 0x10A4, 0x10A4, 0x10A4, 0x10A4, 0x10A4, 0x10A4, 0x10A4, 0x10A4, 0x10A4, 0x10A4, 0x10A4, 0x10A4, 0x10A4, 0x10A4, 0x10A4,
  0x10A4, 0x10A4, 0x10A4, 0x10A4, 0x10A4, 0x10A4, 0x10A4, 0x10A4, 0x10A4, 0x10A4, 0x10A4, 0x10A4, 0x10A4, 0x10A4, 0x10A4, 0x10A4,
  0x10A4, 0x10A4, 0x10A4, 0x10A4, 0x10A4, 0x10C4, 0x10A4, 0x10C4, 0x10C4, 0x10C4, 0x10C4, 0x10C4, 0x10C4, 0x10C4, 0x10C4, 0x10C4,
  0x10C4, 0x10C4, 0x10C4, 0x10C5, 0x10E5, 0x10E5, 0x10E5, 0x10E5, 0x10E5, 0x10E5, 0x10E5, 0x10E5, 0x10E5, 0x10E5, 0x10E5, 0x1105,
  0x1105, 0x1105, 0x1105, 0x1105, 0x1105, 0x1105, 0x1105, 0x1125, 0x1125, 0x1126, 0x1126, 0x1126, 0x1126, 0x1146, 0x1146, 0x1146,
  0x1146, 0x1146, 0x1146, 0x1146, 0x1166, 0x1166, 0x1166, 0x1167, 0x1167, 0x1167, 0x1187, 0x1187, 0x1187, 0x1187, 0x1187, 0x1187,
  0x1187, 0x1187, 0x1187, 0x1187, 0x1187, 0x1187, 0x1187, 0x1167, 0x1167, 0x1166, 0x1166, 0x1166, 0x1146, 0x1146, 0x1146, 0x1146,
  0x1146, 0x1146, 0x1146, 0x1126, 0x1126, 0x1126, 0x1126, 0x1125, 0x1125, 0x1105, 0x1105, 0x1105, 0x1105, 0x1105, 0x1105, 0x1105,
  0x1105, 0x10E5, 0x10E5, 0x10E5, 0x10E5, 0x10E5, 0x10E5, 0x10E5, 0x10E5, 0x10E5, 0x10E5, 0x10C5, 0x10C5, 0x10C4, 0x10C4, 0x10C5,
  0x08A4, 0x5B0D, 0x634E, 0x31C8, 0x422A, 0x422A, 0x31A8, 0x632D, 0x5B0D, 0x0883, 0x10C4, 0x10C4, 0x0883, 0x31C8, 0x9493, 0x2987,
  0x52AB, 0x7C11, 0x0043, 0x73AF, 0x6B6E, 0x2126, 0x8431, 0x52AB, 0x10A4, 0xB596, 0x6B8F, 0x0001, 0x8411, 0x3A09, 0x424A, 0xBDD7,
  0x31A8, 0x10C4, 0x8C72, 0x10C4, 0x8431, 0x424A, 0x1905, 0x1905, 0x18C5, 0x8C92, 0x4A6B, 0x31A8, 0x8C52, 0x2146, 0x18E5, 0x52AC,
  0x8C52, 0x2967, 0x1084, 0x73AF, 0x3A09, 0x2987, 0xC639, 0x3A09, 0x10A4, 0x9493, 0x10C5, 0x52CC, 0x8411, 0x2105, 0x632D, 0x5AEC,
  0x0863, 0x10A4, 0x10C4, 0x2106, 0x738F, 0x738F, 0x2126, 0x10C4, 0x8431, 0x52AB, 0x2967, 0x8C52, 0x39E9, 0x0863, 0x0883, 0x2987,
  0x8451, 0x0863, 0x8C72, 0x8C72, 0x0043, 0x8C72, 0x2126, 0x7BD0, 0x2987, 0x4A6B, 0x738F, 0x18E5, 0x2126, 0x18E5, 0x8431, 0x2106,
  0x0884, 0x10A4, 0x10A4, 0x10A4, 0x10A4, 0x10A4, 0x10A4, 0x10A4, 0x10A4, 0x10A4, 0x10A4, 0x10A4, 0x10A4, 0x10A4, 0x10A4, 0x10A4,
  0x10A4, 0x10A4, 0x10A4, 0x10A4, 0x10A4, 0x10A4, 0x10A4, 0x10A4, 0x10A4, 0x10A4, 0x10A4, 0x10A4, 0x10A4, 0x10A4, 0x10A4, 0x10A4,
  0x10A4, 0x10A4, 0x10A4, 0x10A4, 0x10A4, 0x10A4, 0x10A4, 0x10A4, 0x10A4, 0x10A4, 0x10A4, 0x10A4, 0x10A4, 0x0863, 0x39E8, 0xEF5D,
  0xFFDF, 0xF79E, 0xF7BE, 0xF7BE, 0xF7BE, 0xF7BE, 0xF7BE, 0xF79E, 0xF79E, 0xFFFF, 0xBDF8, 0x10C4, 0x10A4, 0x10A4, 0x10A4, 0x10A4,
  0x10A4, 0x10A4, 0x10A4, 0x10A4, 0x10A4, 0x10A4, 0x10A4, 0x10A4, 0x10A4, 0x10A4, 0x10A4, 0x10A4, 0x10A4, 0x10A4, 0x10A4, 0x10A4,
  0x10A4, 0x10A4, 0x10A4, 0x10A4, 0x10A4, 0x10A4, 0x10A4, 0x10A4, 0x10A4, 0x10A4, 0x10A4, 0x10A4, 0x10A4, 0x10A4, 0x10A4, 0x10A4,
  0x10A4, 0x10A4, 0x10A4, 0x10A4, 0x10A4, 0x10A4, 0x10A4, 0x10A4, 0x10A4, 0x10A4, 0x10A4, 0x10A4, 0x10A4, 0x10A4, 0x10A4, 0x10A4,
  0x10A4, 0x10A4, 0x10A4, 0x10A4, 0x10A4, 0x10A4, 0x10A4, 0x10A4, 0x10C4, 0x10C4, 0x10C4, 0x10C4, 0x10C4, 0x10C4, 0x10C4, 0x10C4,
  0x10C4, 0x10C4, 0x10C4, 0x10C4, 0x10E5, 0x10E5, 0x10E5, 0x10E5, 0x10E5, 0x10E5, 0x10E5, 0x10E5, 0x10E5, 0x10E5, 0x10E5, 0x1105,
  0x1105, 0x1105, 0x1105, 0x1105, 0x1105, 0x1105, 0x1105, 0x1125, 0x1125, 0x1126, 0x1126, 0x1126, 0x1126, 0x1146, 0x1146, 0x1146,
  0x1146, 0x1146, 0x1146, 0x1146, 0x1166, 0x1166, 0x1166, 0x1166, 0x1167, 0x1187, 0x1187, 0x1187, 0x1187, 0x1187, 0x1187, 0x11A7,
  0x11A7, 0x1187, 0x1187, 0x1187, 0x1187, 0x1187, 0x1187, 0x1167, 0x1167, 0x1166, 0x1166, 0x1166, 0x1146, 0x1146, 0x1146, 0x1146,
  0x1146, 0x1146, 0x1126, 0x1126, 0x1126, 0x1126, 0x1126, 0x1126, 0x1125, 0x1125, 0x1105, 0x1105, 0x1105, 0x1105, 0x1105, 0x1105,
  0x1105, 0x1105, 0x10E5, 0x10E5, 0x10E5, 0x10E5, 0x10E5, 0x10E5, 0x10E5, 0x10E5, 0x10E5, 0x10C5, 0x10C5, 0x10C4, 0x10C4, 0x10C4,
  0x10C5, 0x1105, 0x424A, 0x7BF0, 0x5B0D, 0x5B0D, 0x7BF0, 0x4229, 0x10C5, 0x10C4, 0x10A4, 0x10C4, 0x0043, 0x6B6E, 0x4A8B, 0x0022,
  0x0884, 0x1905, 0x2126, 0x8452, 0x10C4, 0x0022, 0x2987, 0x7BF0, 0x1905, 0x7BF0, 0x7C11, 0x39E9, 0x6B6E, 0x3A09, 0x424A, 0x7BD0,
  0x7BF0, 0x2146, 0x7C10, 0x10C4, 0x7C10, 0x6B4E, 0x52AB, 0x2126, 0x3A09, 0x73AF, 0x0022, 0x0863, 0x18E5, 0x18E5, 0x0022, 0x31A8,
  0x73AF, 0x0022, 0x0043, 0x738F, 0x39E9, 0x31A8, 0x8431, 0x7BF0, 0x2967, 0x8411, 0x18E5, 0x7BD0, 0x2967, 0x0884, 0x31C8, 0x31A8,
  0x10A4, 0x10A4, 0x10A4, 0x0002, 0x52AC, 0x5ACC, 0x0001, 0x31A8, 0x8411, 0x0863, 0x0002, 0x4A8B, 0x6B8F, 0x0022, 0x10C4, 0x0884,
  0x7C10, 0x39E9, 0x73AF, 0x73AF, 0x3A09, 0x7BD0, 0x0843, 0x7BF0, 0x2967, 0x424A, 0x8431, 0x4A8B, 0x39C8, 0x10C4, 0x7C11, 0x1905,
  0x1084, 0x10A4, 0x10A4, 0x10A4, 0x10A4, 0x10A4, 0x10A4, 0x10A4, 0x10A4, 0x10A4, 0x10A4, 0x10A4, 0x10A4, 0x10A4, 0x10A4, 0x10A4,
  0x10A4, 0x10A4, 0x10A4, 0x10A4, 0x10A4, 0x10A4, 0x10A4, 0x10A4, 0x10A4, 0x10A4, 0x10A4, 0x10A4, 0x10A4, 0x10A4, 0x10A4, 0x10A4,
  0x10A4, 0x10A4, 0x10A4, 0x10A4, 0x10A4, 0x10A4, 0x10A4, 0x10A4, 0x10A4, 0x10A4, 0x10A4, 0x10A4, 0x10A4, 0x10C4, 0x0043, 0x422A,
  0xEF5D, 0xFFFF, 0xF79E, 0xF79E, 0xF7BE, 0xF7BE, 0xF79E, 0xF79E, 0xFFFF, 0xC639, 0x1905, 0x0863, 0x10A4, 0x10A4, 0x10A4, 0x10A4,
  0x10A4, 0x10A4, 0x10A4, 0x10A4, 0x10A4, 0x10A4, 0x10A4, 0x10A4, 0x10A4, 0x10A4, 0x10A4, 0x10A4, 0x10A4, 0x10A4, 0x10A4, 0x10A4,
  0x10A4, 0x10A4, 0x10A4, 0x10A4, 0x10A4, 0x10A4, 0x10A4, 0x10A4, 0x10A4, 0x10A4, 0x10A4, 0x10A4, 0x10A4, 0x10A4, 0x10A4, 0x10A4,
  0x10A4, 0x10A4, 0x10A4, 0x10A4, 0x10A4, 0x10A4, 0x10A4, 0x10A4, 0x10A4, 0x10A4, 0x10A4, 0x10A4, 0x10A4, 0x10A4, 0x10A4, 0x10A4,
  0x10A4, 0x10A4, 0x10A4, 0x10A4, 0x10A4, 0x10A4, 0x10A4, 0x10C4, 0x10C4, 0x10C4, 0x10C4, 0x10C4, 0x10C4, 0x10C4, 0x10C4, 0x10C4,
  0x10C4, 0x10C4, 0x10C4, 0x10C4, 0x10E5, 0x10E5, 0x10E5, 0x10E5, 0x10E5, 0x10E5, 0x10E5, 0x10E5, 0x10E5, 0x10E5, 0x10E5, 0x1105,
  0x1105, 0x1105, 0x1105, 0x1105, 0x1105, 0x1105, 0x1105, 0x1125, 0x1125, 0x1126, 0x1126, 0x1126, 0x1126, 0x1126, 0x1146, 0x1146,
  0x1146, 0x1146, 0x1146, 0x1146, 0x1166, 0x1166, 0x1166, 0x1166, 0x1167, 0x1187, 0x1187, 0x1187, 0x1187, 0x1187, 0x1187, 0x11A7,
  0x11A7, 0x1187, 0x1187, 0x1187, 0x1187, 0x1187, 0x1167, 0x1167, 0x1167, 0x1166, 0x1166, 0x1166, 0x1166, 0x1146, 0x1146, 0x1146,
  0x1146, 0x1146, 0x1146, 0x1146, 0x1126, 0x1126, 0x1126, 0x1125, 0x1125, 0x1125, 0x1105, 0x1105, 0x1105, 0x1105, 0x1105, 0x1105,
  0x1105, 0x1105, 0x10E5, 0x10E5, 0x10E5, 0x10E5, 0x10E5, 0x10E5, 0x10E5, 0x10E5, 0x10E5, 0x10E5, 0x10C4, 0x10C4, 0x10C4, 0x10C4,
  0x10C4, 0x08A4, 0x3A09, 0x31C8, 0x52CC, 0x52CC, 0x31C8, 0x3A09, 0x0883, 0x10C4, 0x10A4, 0x10C4, 0x0063, 0x6B6E, 0x4A8B, 0x0022,
  0x0884, 0x1905, 0x2126, 0x8431, 0x10C4, 0x0022, 0x3187, 0x7BF0, 0x1905, 0x7BF0, 0x2146, 0x7C11, 0x8431, 0x39C8, 0x4A8B, 0x52AC,
  0x4229, 0x8411, 0x7BF0, 0x10C4, 0x7C11, 0x5AED, 0x4209, 0x18E5, 0x3A09, 0x73AF, 0x0002, 0x0863, 0x18E5, 0x18E5, 0x0863, 0x39E9,
  0x73D0, 0x0863, 0x0863, 0x738F, 0x39E8, 0x39C8, 0x6B4E, 0x31C8, 0x8451, 0x8431, 0x18E5, 0x7C11, 0x2987, 0x18E5, 0x738F, 0x7BF0,
  0x0884, 0x10A4, 0x10A4, 0x0043, 0x5AEC, 0x5B0D, 0x0002, 0x31A8, 0x8431, 0x0863, 0x0002, 0x4A8B, 0x6B6E, 0x0022, 0x10C4, 0x0863,
  0x5AEC, 0x8411, 0x4A8B, 0x4A8B, 0x7C11, 0x5AED, 0x0002, 0x7BF0, 0x2967, 0x424A, 0x8431, 0x424A, 0x31C8, 0x10C4, 0x7C11, 0x2106,
  0x0843, 0x1084, 0x0884, 0x0863, 0x10A4, 0x0863, 0x1084, 0x10A4, 0x10A4, 0x10A4, 0x10A4, 0x10A4, 0x10A4, 0x10A4, 0x10A4, 0x10A4,
  0x10A4, 0x10A4, 0x10A4, 0x10A4, 0x10A4, 0x10A4, 0x10A4, 0x10A4, 0x10A4, 0x10A4, 0x10A4, 0x10A4, 0x10A4, 0x10A4, 0x10A4, 0x10A4,
  0x10A4, 0x10A4, 0x10A4, 0x10A4, 0x10A4, 0x10A4, 0x10A4, 0x10A4, 0x10A4, 0x10A4, 0x10A4, 0x10A4, 0x10A4, 0x10A4, 0x10C4, 0x0043,
  0x39E9, 0xCE59, 0xFFFF, 0xFFFF, 0xFFDF, 0xFFDF, 0xFFFF, 0xFFFF, 0xA515, 0x18E5, 0x0863, 0x10C4, 0x10A4, 0x10A4, 0x10A4, 0x10A4,
  0x10A4, 0x10A4, 0x10A4, 0x10A4, 0x10A4, 0x10A4, 0x10A4, 0x10A4, 0x10A4, 0x10A4, 0x10A4, 0x10A4, 0x10A4, 0x10A4, 0x10A4, 0x10A4,
  0x10A4, 0x10A4, 0x10A4, 0x10A4, 0x10A4, 0x10A4, 0x10A4, 0x10A4, 0x10A4, 0x10A4, 0x10A4, 0x10A4, 0x10A4, 0x10A4, 0x10A4, 0x10A4,
  0x10A4, 0x10A4, 0x10A4, 0x10A4, 0x10A4, 0x10A4, 0x10A4, 0x10A4, 0x10A4, 0x10A4, 0x10A4, 0x10A4, 0x10A4, 0x10A4, 0x10A4, 0x10A4,
  0x10A4, 0x10A4, 0x10A4, 0x10A4, 0x10A4, 0x10A4, 0x10A4, 0x10C4, 0x10C4, 0x10C4, 0x10C4, 0x10C4, 0x10C4, 0x10C4, 0x10C4, 0x10C4,
  0x10C4, 0x10C4, 0x10C4, 0x10C5, 0x10E5, 0x10E5, 0x10E5, 0x10E5, 0x10E5, 0x10E5, 0x10E5, 0x10E5, 0x10E5, 0x10E5, 0x1105, 0x1105,
  0x1105, 0x1105, 0x1105, 0x1105, 0x1105, 0x1105, 0x1125, 0x1125, 0x1125, 0x1125, 0x1126, 0x1126, 0x1126, 0x1126, 0x1146, 0x1146,
  0x1146, 0x1146, 0x1146, 0x1146, 0x1166, 0x1166, 0x1166, 0x1167, 0x1167, 0x1187, 0x1187, 0x1187, 0x1187, 0x1187, 0x1187, 0x11A7,
  0x11A7, 0x1187, 0x1187, 0x1187, 0x1187, 0x1187, 0x1187, 0x1167, 0x1167, 0x1166, 0x1166, 0x1166, 0x1166, 0x1146, 0x1146, 0x1146,
  0x1146, 0x1146, 0x1146, 0x1126, 0x1126, 0x1126, 0x1126, 0x1125, 0x1125, 0x1125, 0x1105, 0x1105, 0x1105, 0x1105, 0x1105, 0x1105,
  0x1105, 0x1105, 0x10E5, 0x10E5, 0x10E5, 0x10E5, 0x10E5, 0x10E5, 0x10E5, 0x10E5, 0x10E5, 0x10E5, 0x10C5, 0x10C4, 0x10C4, 0x10C4,
  0x10C4, 0x10E5, 0x0063, 0x3A09, 0x52CC, 0x52AB, 0x3A09, 0x0043, 0x10C4, 0x10C4, 0x10A4, 0x10C4, 0x0883, 0x31C8, 0x8C92, 0x2987,
  0x52AC, 0x8411, 0x0043, 0x738F, 0x6B6E, 0x2126, 0x8431, 0x4A6B, 0x18E5, 0x8C72, 0x0863, 0x4209, 0xBDF8, 0x31A8, 0x52AB, 0x6B4E,
  0x0001, 0x7C11, 0xA535, 0x1084, 0x8452, 0x4A6A, 0x2146, 0x2126, 0x10A4, 0x8C51, 0x4A6A, 0x31C8, 0x8C52, 0x2967, 0x0042, 0x39E9,
  0x7C10, 0x0863, 0x0863, 0x73D0, 0x39E9, 0x39C8, 0x7BF0, 0x0001, 0x738F, 0xB5B7, 0x1084, 0x5ACC, 0x8411, 0x2106, 0x632E, 0x6B4E,
  0x0863, 0x10A4, 0x10A4, 0x0042, 0x5B0D, 0x630D, 0x0022, 0x10A4, 0x8431, 0x5ACC, 0x2987, 0x8C72, 0x31C8, 0x0863, 0x10C4, 0x0863,
  0x31C8, 0xBDD7, 0x3187, 0x31A8, 0xBDD7, 0x31A8, 0x0022, 0x8411, 0x2967, 0x4A8B, 0x630D, 0x0001, 0x0863, 0x18E5, 0x8451, 0x18E5,
  0x39C8, 0x2146, 0x2126, 0x3A09, 0x10A4, 0x422A, 0x18E5, 0x1084, 0x10A4, 0x10A4, 0x10A4, 0x10A4, 0x10A4, 0x10A4, 0x10A4, 0x10A4,
  0x10A4, 0x10A4, 0x10A4, 0x10A4, 0x10A4, 0x10A4, 0x10A4, 0x10A4, 0x10A4, 0x10A4, 0x10A4, 0x10A4, 0x10A4, 0x10A4, 0x10A4, 0x10A4,
  0x10A4, 0x10A4, 0x10A4, 0x10A4, 0x10A4, 0x10A4, 0x10A4, 0x10A4, 0x10A4, 0x10A4, 0x10A4, 0x10A4, 0x10A4, 0x10A4, 0x10A4, 0x10C4,
  0x0863, 0x18C5, 0x6B8F, 0xC638, 0xE73C, 0xE71C, 0xAD76, 0x4A6A, 0x0843, 0x0884, 0x10A4, 0x10A4, 0x10A4, 0x10A4, 0x10A4, 0x10A4,
  0x10A4, 0x10A4, 0x10A4, 0x10A4, 0x10A4, 0x10A4, 0x10A4, 0x10A4, 0x10A4, 0x10A4, 0x10A4, 0x10A4, 0x10A4, 0x10A4, 0x10A4, 0x10A4,
  0x10A4, 0x10A4, 0x10A4, 0x10A4, 0x10A4, 0x10A4, 0x10A4, 0x10A4, 0x10A4, 0x10A4, 0x10A4, 0x10A4, 0x10A4, 0x10A4, 0x10A4, 0x10A4,
  0x10A4, 0x10A4, 0x10A4, 0x10A4, 0x10A4, 0x10A4, 0x10A4, 0x10A4, 0x10A4, 0x10A4, 0x10A4, 0x10A4, 0x10A4, 0x10A4, 0x10A4, 0x10A4,
  0x10A4, 0x10A4, 0x10A4, 0x10A4, 0x10A4, 0x10A4, 0x10A4, 0x10C4, 0x10C4, 0x10C4, 0x10C4, 0x10C4, 0x10C4, 0x10C4, 0x10C4, 0x10C4,
  0x10C4, 0x10C4, 0x10C4, 0x10C5, 0x10C5, 0x10E5, 0x10E5, 0x10E5, 0x10E5, 0x10E5, 0x10E5, 0x10E5, 0x10E5, 0x10E5, 0x10E5, 0x1105,
  0x1105, 0x1105, 0x1105, 0x1105, 0x1105, 0x1105, 0x1105, 0x1125, 0x1125, 0x1126, 0x1126, 0x1126, 0x1126, 0x1126, 0x1146, 0x1146,
  0x1146, 0x1146, 0x1146, 0x1146, 0x1166, 0x1166, 0x1166, 0x1167, 0x1167, 0x1167, 0x1187, 0x1187, 0x1187, 0x1187, 0x1187, 0x11A7,
  0x11A7, 0x1187, 0x1187, 0x1187, 0x1187, 0x1187, 0x1187, 0x1167, 0x1167, 0x1166, 0x1166, 0x1166, 0x1166, 0x1146, 0x1146, 0x1146,
  0x1146, 0x1146, 0x1146, 0x1126, 0x1126, 0x1126, 0x1126, 0x1126, 0x1125, 0x1125, 0x1105, 0x1105, 0x1105, 0x1105, 0x1105, 0x1105,
  0x1105, 0x10E5, 0x10E5, 0x10E5, 0x10E5, 0x10E5, 0x10E5, 0x10E5, 0x10E5, 0x10E5, 0x10E5, 0x10E5, 0x10E5, 0x10C4, 0x10C4, 0x10C4,
  0x10C4, 0x10C4, 0x10E5, 0x0863, 0x2967, 0x2987, 0x0863, 0x10C5, 0x10C4, 0x10A4, 0x10C4, 0x10A4, 0x10C4, 0x0883, 0x4209, 0x7BF0,
  0x738F, 0x2126, 0x0883, 0x18C5, 0x632D, 0x7C11, 0x52AB, 0x0863, 0x1905, 0x52AB, 0x10A4, 0x0863, 0x5ACC, 0x2947, 0x31A8, 0x4229,
  0x0843, 0x2106, 0x5AEC, 0x10A4, 0x52AB, 0x73CF, 0x7BD0, 0x4A6B, 0x0042, 0x2967, 0x738F, 0x7BF0, 0x4209, 0x0883, 0x0884, 0x2947,
  0x4A6B, 0x0883, 0x0883, 0x4A6A, 0x2967, 0x2146, 0x4A6B, 0x0863, 0x18E5, 0x5B0D, 0x18E5, 0x0883, 0x52AC, 0x7BF0, 0x6B4E, 0x10C5,
  0x1084, 0x10A4, 0x10A4, 0x0863, 0x39E9, 0x3A09, 0x0863, 0x1084, 0x1905, 0x6B6E, 0x7BD0, 0x422A, 0x0863, 0x10A4, 0x10A4, 0x10A4,
  0x18E5, 0x632D, 0x18E5, 0x18E5, 0x630D, 0x18E5, 0x0863, 0x4A8B, 0x2126, 0x31A8, 0x422A, 0x0883, 0x10A4, 0x10C4, 0x52AB, 0x10A4,
  0x52AB, 0x3187, 0x2987, 0x5ACC, 0x1084, 0x630D, 0x2126, 0x0884, 0x10A4, 0x10A4, 0x10A4, 0x10A4, 0x10A4, 0x10A4, 0x10A4, 0x10A4,
  0x10A4, 0x10A4, 0x10A4, 0x10A4, 0x10A4, 0x10A4, 0x10A4, 0x10A4, 0x10A4, 0x10A4, 0x10A4, 0x10A4, 0x10A4, 0x10A4, 0x10A4, 0x10A4,
  0x10A4, 0x10A4, 0x10A4, 0x10A4, 0x10A4, 0x10A4, 0x10A4, 0x10A4, 0x10A4, 0x10A4, 0x10A4, 0x10A4, 0x10A4, 0x10A4, 0x10A4, 0x10A4,
  0x10C4, 0x1084, 0x0042, 0x0883, 0x2967, 0x2126, 0x0043, 0x0043, 0x10A4, 0x10A4, 0x10A4, 0x10A4, 0x10A4, 0x10A4, 0x10A4, 0x10A4,
  0x10A4, 0x10A4, 0x10A4, 0x10A4, 0x10A4, 0x10A4, 0x10A4, 0x10A4, 0x10A4, 0x10A4, 0x10A4, 0x10A4, 0x10A4, 0x10A4, 0x10A4, 0x10A4,
  0x10A4, 0x10A4, 0x10A4, 0x10A4, 0x10A4, 0x10A4, 0x10A4, 0x10A4, 0x10A4, 0x10A4, 0x10A4, 0x10A4, 0x10A4, 0x10A4, 0x10A4, 0x10A4,
  0x10A4, 0x10A4, 0x10A4, 0x10A4, 0x10A4, 0x10A4, 0x10A4, 0x10A4, 0x10A4, 0x10A4, 0x10A4, 0x10A4, 0x10A4, 0x10A4, 0x10A4, 0x10A4,
  0x10A4, 0x10A4, 0x10A4, 0x10A4, 0x10A4, 0x10A4, 0x10A4, 0x10C4, 0x10C4, 0x10C4, 0x10C4, 0x10C4, 0x10C4, 0x10C4, 0x10C4, 0x10C4,
  0x10C4, 0x10C4, 0x10C4, 0x10C5, 0x10E5, 0x10E5, 0x10E5, 0x10E5, 0x10E5, 0x10E5, 0x10E5, 0x10E5, 0x10E5, 0x10E5, 0x10E5, 0x1105,
  0x1105, 0x1105, 0x1105, 0x1105, 0x1105, 0x1105, 0x1125, 0x1125, 0x1125, 0x1126, 0x1126, 0x1126, 0x1126, 0x1126, 0x1146, 0x1146,
  0x1146, 0x1146, 0x1146, 0x1166, 0x1166, 0x1166, 0x1166, 0x1166, 0x1167, 0x1167, 0x1187, 0x1187, 0x1187, 0x1187, 0x1187, 0x1187,
  0x1187, 0x1187, 0x1187, 0x1187, 0x1187, 0x1187, 0x1187, 0x1167, 0x1166, 0x1166, 0x1166, 0x1166, 0x1146, 0x1146, 0x1146, 0x1146,
  0x1146, 0x1146, 0x1146, 0x1126, 0x1126, 0x1126, 0x1126, 0x1125, 0x1125, 0x1125, 0x1105, 0x1105, 0x1105, 0x1105, 0x1105, 0x1105,
  0x1105, 0x1105, 0x10E5, 0x10E5, 0x10E5, 0x10E5, 0x10E5, 0x10E5, 0x10E5, 0x10E5, 0x10E5, 0x10E4, 0x10C4, 0x10C4, 0x10C4, 0x10C4,
  0x10C4, 0x10C4, 0x10C4, 0x10C4, 0x10E5, 0x10E5, 0x10C4, 0x10C4, 0x10A4, 0x10A4, 0x10A4, 0x10A4, 0x10A4, 0x10C4, 0x0863, 0x0863,
  0x0863, 0x0884, 0x10A4, 0x10A4, 0x0863, 0x0863, 0x0863, 0x10A4, 0x10A4, 0x0883, 0x10A4, 0x10A4, 0x0863, 0x1084, 0x0884, 0x0884,
  0x10A4, 0x1084, 0x0863, 0x10A4, 0x0883, 0x0863, 0x0863, 0x0883, 0x10A4, 0x0883, 0x0863, 0x0863, 0x0863, 0x10A4, 0x10A4, 0x1084,
  0x0883, 0x10A4, 0x10A4, 0x0883, 0x1084, 0x1084, 0x0883, 0x10A4, 0x10A4, 0x0863, 0x10A4, 0x10A4, 0x0863, 0x0863, 0x0863, 0x1084,
  0x10A4, 0x10A4, 0x10A4, 0x10A4, 0x0884, 0x0884, 0x10A4, 0x10A4, 0x0884, 0x0863, 0x0863, 0x0863, 0x10A4, 0x10A4, 0x10A4, 0x10A4,
  0x10A4, 0x0863, 0x10A4, 0x10A4, 0x0863, 0x10A4, 0x10A4, 0x0883, 0x10A4, 0x0884, 0x0883, 0x10A4, 0x10A4, 0x10A4, 0x0883, 0x10A4,
  0x0863, 0x0884, 0x0884, 0x0863, 0x10A4, 0x0863, 0x1084, 0x10A4, 0x10A4, 0x10A4, 0x10A4, 0x10A4, 0x10A4, 0x10A4, 0x10A4, 0x10A4,
  0x10A4, 0x10A4, 0x10A4, 0x10A4, 0x10A4, 0x10A4, 0x10A4, 0x10A4, 0x10A4, 0x10A4, 0x10A4, 0x10A4, 0x10A4, 0x10A4, 0x10A4, 0x10A4,
  0x10A4, 0x10A4, 0x10A4, 0x10A4, 0x10A4, 0x10A4, 0x10A4, 0x10A4, 0x10A4, 0x10A4, 0x10A4, 0x10A4, 0x10A4, 0x10A4, 0x10A4, 0x10A4,
  0x10A4, 0x10A4, 0x10C4, 0x10A4, 0x0883, 0x0883, 0x10A4, 0x10C4, 0x10A4, 0x10A4, 0x10A4, 0x10A4, 0x10A4, 0x10A4, 0x10A4, 0x10A4,
  0x10A4, 0x10A4, 0x10A4, 0x10A4, 0x10A4, 0x10A4, 0x10A4, 0x10A4, 0x10A4, 0x10A4, 0x10A4, 0x10A4, 0x10A4, 0x10A4, 0x10A4, 0x10A4,
  0x10A4, 0x10A4, 0x10A4, 0x10A4, 0x10A4, 0x10A4, 0x10A4, 0x10A4, 0x10A4, 0x10A4, 0x10A4, 0x10A4, 0x10A4, 0x10A4, 0x10A4, 0x10A4,
  0x10A4, 0x10A4, 0x10A4, 0x10A4, 0x10A4, 0x10A4, 0x10A4, 0x10A4, 0x10A4, 0x10A4, 0x10A4, 0x10A4, 0x10A4, 0x10A4, 0x10A4, 0x10A4,
  0x10A4, 0x10A4, 0x10A4, 0x10A4, 0x10A4, 0x10A4, 0x10A4, 0x10C4, 0x10C4, 0x10C4, 0x10C4, 0x10C4, 0x10C4, 0x10C4, 0x10C4, 0x10C4,
  0x10C4, 0x10C4, 0x10C4, 0x10E5, 0x10E5, 0x10E5, 0x10E5, 0x10E5, 0x10E5, 0x10E5, 0x10E5, 0x10E5, 0x10E5, 0x10E5, 0x10E5, 0x1105,
  0x1105, 0x1105, 0x1105, 0x1105, 0x1105, 0x1105, 0x1105, 0x1125, 0x1125, 0x1126, 0x1126, 0x1126, 0x1126, 0x1146, 0x1146, 0x1146,
  0x1146, 0x1146, 0x1146, 0x1146, 0x1166, 0x1166, 0x1166, 0x1166, 0x1167, 0x1167, 0x1187, 0x1187, 0x1187, 0x1187, 0x1187, 0x1187,
  0x1187, 0x1187, 0x1187, 0x1187, 0x1187, 0x1187, 0x1187, 0x1167, 0x1167, 0x1166, 0x1166, 0x1166, 0x1146, 0x1146, 0x1146, 0x1146,
  0x1146, 0x1146, 0x1146, 0x1126, 0x1126, 0x1126, 0x1126, 0x1125, 0x1125, 0x1125, 0x1105, 0x1105, 0x1105, 0x1105, 0x1105, 0x1105,
  0x1105, 0x1105, 0x10E5, 0x10E5, 0x10E5, 0x10E5, 0x10E5, 0x10E5, 0x10E5, 0x10E5, 0x10E5, 0x10E5, 0x10C5, 0x10C5, 0x10C4, 0x10C4,
  0x10C4, 0x10C4, 0x10C4, 0x10C4, 0x10C4, 0x10C4, 0x10C4, 0x10C4, 0x10C4, 0x10C4, 0x10A4, 0x10A4, 0x10A4, 0x10A4, 0x10C4, 0x10C4,
  0x10A4, 0x10A4, 0x10A4, 0x10A4, 0x10A4, 0x10A4, 0x10A4, 0x10A4, 0x10A4, 0x10A4, 0x10A4, 0x10A4, 0x10A4, 0x10A4, 0x10A4, 0x10A4,
  0x10A4, 0x10A4, 0x10A4, 0x10A4, 0x10A4, 0x10A4, 0x10A4, 0x10A4, 0x10A4, 0x10A4, 0x10A4, 0x10A4, 0x10A4, 0x10A4, 0x10A4, 0x10A4,
  0x10A4, 0x10A4, 0x10A4, 0x10A4, 0x10A4, 0x10A4, 0x10A4, 0x10A4, 0x10A4, 0x10A4, 0x10A4, 0x10A4, 0x10A4, 0x10A4, 0x10A4, 0x10A4,
  0x10A4, 0x10A4, 0x10A4, 0x10A4, 0x10A4, 0x10A4, 0x10A4, 0x10A4, 0x10A4, 0x10A4, 0x10A4, 0x10A4, 0x10A4, 0x10A4, 0x10A4, 0x10A4,
  0x10A4, 0x10A4, 0x10A4, 0x10A4, 0x10A4, 0x10A4, 0x10A4, 0x10A4, 0x10A4, 0x10A4, 0x10A4, 0x10A4, 0x10A4, 0x10A4, 0x10A4, 0x10A4,
  0x10A4, 0x10A4, 0x10A4, 0x10A4, 0x10A4, 0x10A4, 0x10A4, 0x10A4, 0x10A4, 0x10A4, 0x10A4, 0x10A4, 0x10A4, 0x10A4, 0x10A4, 0x10A4,
  0x10A4, 0x10A4, 0x10A4, 0x10A4, 0x10A4, 0x10A4, 0x10A4, 0x10A4, 0x10A4, 0x10A4, 0x10A4, 0x10A4, 0x10A4, 0x10A4, 0x10A4, 0x10A4,
  0x10A4, 0x10A4, 0x10A4, 0x10A4, 0x10A4, 0x10A4, 0x10A4, 0x10A4, 0x10A4, 0x10A4, 0x10A4, 0x10A4, 0x10A4, 0x10A4, 0x10A4, 0x10A4,
  0x10A4, 0x10A4, 0x10A4, 0x10A4, 0x10A4, 0x10A4, 0x10A4, 0x10A4, 0x10A4, 0x10A4, 0x10A4, 0x10A4, 0x10A4, 0x10A4, 0x10A4, 0x10A4,
  0x10A4, 0x10A4, 0x10A4, 0x10A4, 0x10A4, 0x10A4, 0x10A4, 0x10A4, 0x10A4, 0x10A4, 0x10A4, 0x10A4, 0x10A4, 0x10A4, 0x10A4, 0x10A4,
  0x10A4, 0x10A4, 0x10A4, 0x10A4, 0x10A4, 0x10A4, 0x10A4, 0x10A4, 0x10A4, 0x10A4, 0x10A4, 0x10A4, 0x10A4, 0x10A4, 0x10A4, 0x10A4,
  0x10A4, 0x10A4, 0x10A4, 0x10A4, 0x10A4, 0x10A4, 0x10A4, 0x10A4, 0x10A4, 0x10A4, 0x10A4, 0x10A4, 0x10A4, 0x10A4, 0x10A4, 0x10A4,
  0x10A4, 0x10A4, 0x10A4, 0x10A4, 0x10A4, 0x10A4, 0x10A4, 0x10C4, 0x10C4, 0x10C4, 0x10C4, 0x10C4, 0x10C4, 0x10C4, 0x10C4, 0x10C4,
  0x10C4, 0x10C4, 0x10C4, 0x10C4, 0x10C5, 0x10E5, 0x10E5, 0x10E5, 0x10E5, 0x10E5, 0x10E5, 0x10E5, 0x10E5, 0x10E5, 0x10E5, 0x1105,
  0x1105, 0x1105, 0x1105, 0x1105, 0x1105, 0x1105, 0x1105, 0x1125, 0x1125, 0x1126, 0x1126, 0x1126, 0x1126, 0x1126, 0x1146, 0x1146,
  0x1146, 0x1146, 0x1146, 0x1146, 0x1166, 0x1166, 0x1166, 0x1166, 0x1167, 0x1167, 0x1187, 0x1187, 0x1187, 0x1187, 0x1187, 0x1187,
  0x1187, 0x1187, 0x1187, 0x1187, 0x1187, 0x1187, 0x1187, 0x1167, 0x1167, 0x1166, 0x1166, 0x1166, 0x1146, 0x1146, 0x1146, 0x1146,
  0x1146, 0x1146, 0x1146, 0x1126, 0x1126, 0x1126, 0x1126, 0x1126, 0x1125, 0x1125, 0x1105, 0x1105, 0x1105, 0x1105, 0x1105, 0x1105,
  0x1105, 0x10E5, 0x10E5, 0x10E5, 0x10E5, 0x10E5, 0x10E5, 0x10E5, 0x10E5, 0x10E5, 0x10E5, 0x10C5, 0x10C4, 0x10C5, 0x10C4, 0x10C4,
  0x10C4, 0x10C4, 0x10C4, 0x10C4, 0x10C4, 0x10C4, 0x10C4, 0x10C4, 0x10A4, 0x10A4, 0x10A4, 0x10A4, 0x10A4, 0x10A4, 0x10A4, 0x10A4,
  0x10A4, 0x10A4, 0x10A4, 0x10A4, 0x10A4, 0x10A4, 0x10A4, 0x10A4, 0x10A4, 0x10A4, 0x10A4, 0x10A4, 0x10A4, 0x10A4, 0x10A4, 0x10A4,
  0x10A4, 0x10A4, 0x10A4, 0x10A4, 0x10A4, 0x10A4, 0x10A4, 0x10A4, 0x10A4, 0x10A4, 0x10A4, 0x10A4, 0x10A4, 0x10A4, 0x10A4, 0x10A4,
  0x10A4, 0x10A4, 0x10A4, 0x10A4, 0x10A4, 0x10A4, 0x10A4, 0x10A4, 0x10A4, 0x10A4, 0x10A4, 0x10A4, 0x10A4, 0x10A4, 0x10A4, 0x10A4,
  0x10A4, 0x10A4, 0x10A4, 0x10A4, 0x10A4, 0x10A4, 0x10A4, 0x10A4, 0x10A4, 0x10A4, 0x10A4, 0x10A4, 0x10A4, 0x10A4, 0x10A4, 0x10A4,
  0x10A4, 0x10A4, 0x10A4, 0x10A4, 0x10A4, 0x10A4, 0x10A4, 0x10A4, 0x10A4, 0x10A4, 0x10A4, 0x10A4, 0x10A4, 0x10A4, 0x10A4, 0x10A4,
  0x10A4, 0x10A4, 0x10A4, 0x10A4, 0x10A4, 0x10A4, 0x10A4, 0x10A4, 0x10A4, 0x10A4, 0x10A4, 0x10A4, 0x10A4, 0x10A4, 0x10A4, 0x10A4,
  0x10A4, 0x10A4, 0x10A4, 0x10A4, 0x10A4, 0x10A4, 0x10A4, 0x10A4, 0x10A4, 0x10A4, 0x10A4, 0x10A4, 0x10A4, 0x10A4, 0x10A4, 0x10A4,
  0x10A4, 0x10A4, 0x10A4, 0x10A4, 0x10A4, 0x10A4, 0x10A4, 0x10A4, 0x10A4, 0x10A4, 0x10A4, 0x10A4, 0x10A4, 0x10A4, 0x10A4, 0x10A4,
  0x10A4, 0x10A4, 0x10A4, 0x10A4, 0x10A4, 0x10A4, 0x10A4, 0x10A4, 0x10A4, 0x10A4, 0x10A4, 0x10A4, 0x10A4, 0x10A4, 0x10A4, 0x10A4,
  0x10A4, 0x10A4, 0x10A4, 0x10A4, 0x10A4, 0x10A4, 0x10A4, 0x10A4, 0x10A4, 0x10A4, 0x10A4, 0x10A4, 0x10A4, 0x10A4, 0x10A4, 0x10A4,
  0x10A4, 0x10A4, 0x10A4, 0x10A4, 0x10A4, 0x10A4, 0x10A4, 0x10A4, 0x10A4, 0x10A4, 0x10A4, 0x10A4, 0x10A4, 0x10A4, 0x10A4, 0x10A4,
  0x10A4, 0x10A4, 0x10A4, 0x10A4, 0x10A4, 0x10A4, 0x10A4, 0x10A4, 0x10A4, 0x10A4, 0x10A4, 0x10A4, 0x10A4, 0x10A4, 0x10A4, 0x10A4,
  0x10A4, 0x10A4, 0x10A4, 0x10A4, 0x10A4, 0x10A4, 0x10A4, 0x10C4, 0x10C4, 0x10C4, 0x10C4, 0x10C4, 0x10C4, 0x10C4, 0x10C4, 0x10C4,
  0x10C4, 0x10C4, 0x10C4, 0x10C5, 0x10E5, 0x10E5, 0x10E5, 0x10E5, 0x10E5, 0x10E5, 0x10E5, 0x10E5, 0x10E5, 0x10E5, 0x10E5, 0x1105,
  0x1105, 0x1105, 0x1105, 0x1105, 0x1105, 0x1105, 0x1105, 0x1125, 0x1125, 0x1126, 0x1126, 0x1126, 0x1126, 0x1126, 0x1146, 0x1146,
  0x1146, 0x1146, 0x1146, 0x1146, 0x1166, 0x1166, 0x1166, 0x1166, 0x1167, 0x1167, 0x1167, 0x1187, 0x1187, 0x1187, 0x1187, 0x1187,
  0x1187, 0x1187, 0x1187, 0x1187, 0x1187, 0x1187, 0x1167, 0x1167, 0x1167, 0x1166, 0x1166, 0x1166, 0x1146, 0x1146, 0x1146, 0x1146,
  0x1146, 0x1146, 0x1146, 0x1126, 0x1126, 0x1126, 0x1126, 0x1126, 0x1125, 0x1105, 0x1105, 0x1105, 0x1105, 0x1105, 0x1105, 0x1105,
  0x1105, 0x1105, 0x10E5, 0x10E5, 0x10E5, 0x10E5, 0x10E5, 0x10E5, 0x10E5, 0x10E5, 0x10E5, 0x10C5, 0x10C4, 0x10C4, 0x10C4, 0x10C4,
  0x10C4, 0x10C4, 0x10C4, 0x10C4, 0x10C4, 0x10C4, 0x10C4, 0x10C4, 0x10A4, 0x10A4, 0x10A4, 0x10A4, 0x10A4, 0x10A4, 0x10A4, 0x10A4,
  0x10A4, 0x10A4, 0x10A4, 0x10A4, 0x10A4, 0x10A4, 0x10A4, 0x10A4, 0x10A4, 0x10A4, 0x10A4, 0x10A4, 0x10A4, 0x10A4, 0x10A4, 0x10A4,
  0x10A4, 0x10A4, 0x10A4, 0x10A4, 0x10A4, 0x10A4, 0x10A4, 0x10A4, 0x10A4, 0x10A4, 0x10A4, 0x10A4, 0x10A4, 0x10A4, 0x10A4, 0x10A4,
  0x10A4, 0x10A4, 0x10A4, 0x10A4, 0x10A4, 0x10A4, 0x10A4, 0x10A4, 0x10A4, 0x10A4, 0x10A4, 0x10A4, 0x10A4, 0x10A4, 0x10A4, 0x10A4,
  0x10A4, 0x10A4, 0x10A4, 0x10A4, 0x10A4, 0x10A4, 0x10A4, 0x10A4, 0x10A4, 0x10A4, 0x10A4, 0x10A4, 0x10A4, 0x10A4, 0x10A4, 0x10A4,
  0x10A4, 0x10A4, 0x10A4, 0x10A4, 0x10A4, 0x10A4, 0x10A4, 0x10A4, 0x10A4, 0x10A4, 0x10A4, 0x10A4, 0x10A4, 0x10A4, 0x10A4, 0x10A4,
  0x10A4, 0x10A4, 0x10A4, 0x10A4, 0x10A4, 0x10A4, 0x10A4, 0x10A4, 0x10A4, 0x10A4, 0x10A4, 0x10A4, 0x10A4, 0x10A4, 0x10A4, 0x10A4,
  0x10A4, 0x10A4, 0x10A4, 0x10A4, 0x10A4, 0x10A4, 0x10A4, 0x10A4, 0x10A4, 0x10A4, 0x10A4, 0x10A4, 0x10A4, 0x10A4, 0x10A4, 0x10A4,
  0x10A4, 0x10A4, 0x10A4, 0x10A4, 0x10A4, 0x10A4, 0x10A4, 0x10A4, 0x10A4, 0x10A4, 0x10A4, 0x10A4, 0x10A4, 0x10A4, 0x10A4, 0x10A4,
  0x10A4, 0x10A4, 0x10A4, 0x10A4, 0x10A4, 0x10A4, 0x10A4, 0x10A4, 0x10A4, 0x10A4, 0x10A4, 0x10A4, 0x10A4, 0x10A4, 0x10A4, 0x10A4,
  0x10A4, 0x10A4, 0x10A4, 0x10A4, 0x10A4, 0x10A4, 0x10A4, 0x10A4, 0x10A4, 0x10A4, 0x10A4, 0x10A4, 0x10A4, 0x10A4, 0x10A4, 0x10A4,
  0x10A4, 0x10A4, 0x10A4, 0x10A4, 0x10A4, 0x10A4, 0x10A4, 0x10A4, 0x10A4, 0x10A4, 0x10A4, 0x10A4, 0x10A4, 0x10A4, 0x10A4, 0x10A4,
  0x10A4, 0x10A4, 0x10A4, 0x10A4, 0x10A4, 0x10A4, 0x10A4, 0x10A4, 0x10A4, 0x10A4, 0x10A4, 0x10A4, 0x10A4, 0x10A4, 0x10A4, 0x10A4,
  0x10A4, 0x10A4, 0x10A4, 0x10A4, 0x10A4, 0x10A4, 0x10A4, 0x10C4, 0x10C4, 0x10C4, 0x10C4, 0x10C4, 0x10C4, 0x10C4, 0x10C4, 0x10C4,
  0x10C4, 0x10C4, 0x10C4, 0x10C4, 0x10E5, 0x10E5, 0x10E5, 0x10E5, 0x10E5, 0x10E5, 0x10E5, 0x10E5, 0x10E5, 0x10E5, 0x10E5, 0x1105,
  0x1105, 0x1105, 0x1105, 0x1105, 0x1105, 0x1105, 0x1105, 0x1125, 0x1125, 0x1126, 0x1126, 0x1126, 0x1126, 0x1126, 0x1146, 0x1146,
  0x1146, 0x1146, 0x1146, 0x1146, 0x1146, 0x1166, 0x1166, 0x1166, 0x1167, 0x1167, 0x1187, 0x1187, 0x1187, 0x1187, 0x1187, 0x1187,
  0x1187, 0x1187, 0x1187, 0x1187, 0x1187, 0x1187, 0x1167, 0x1167, 0x1166, 0x1166, 0x1166, 0x1166, 0x1146, 0x1146, 0x1146, 0x1146,
  0x1146, 0x1146, 0x1146, 0x1126, 0x1126, 0x1126, 0x1126, 0x1126, 0x1125, 0x1105, 0x1105, 0x1105, 0x1105, 0x1105, 0x1105, 0x1105,
  0x1105, 0x10E5, 0x10E5, 0x10E5, 0x10E5, 0x10E5, 0x10E5, 0x10E5, 0x10E5, 0x10E5, 0x10E5, 0x10E5, 0x10C4, 0x10C4, 0x10C4, 0x10C4,
  0x10C4, 0x10C4, 0x10C4, 0x10C4, 0x10C4, 0x10C4, 0x10C4, 0x10C4, 0x10C4, 0x10C4, 0x10A4, 0x10A4, 0x10A4, 0x10A4, 0x10A4, 0x10A4,
  0x10A4, 0x10A4, 0x10A4, 0x10A4, 0x10A4, 0x10A4, 0x10A4, 0x10A4, 0x10A4, 0x10A4, 0x10A4, 0x10A4, 0x10A4, 0x10A4, 0x10A4, 0x10A4,
  0x10A4, 0x10A4, 0x10A4, 0x10A4, 0x10A4, 0x10A4, 0x10A4, 0x10A4, 0x10A4, 0x10A4, 0x10A4, 0x10A4, 0x10A4, 0x10A4, 0x10A4, 0x10A4,
  0x10A4, 0x10A4, 0x10A4, 0x10A4, 0x10A4, 0x10A4, 0x10A4, 0x10A4, 0x10A4, 0x10A4, 0x10A4, 0x10A4, 0x10A4, 0x10A4, 0x10A4, 0x10A4,
  0x10A4, 0x10A4, 0x10A4, 0x10A4, 0x10A4, 0x10A4, 0x10A4, 0x10A4, 0x10A4, 0x10A4, 0x10A4, 0x10A4, 0x10A4, 0x10A4, 0x10A4, 0x10A4,
  0x10A4, 0x10A4, 0x10A4, 0x10A4, 0x10A4, 0x10A4, 0x10A4, 0x10A4, 0x10A4, 0x10A4, 0x10A4, 0x10A4, 0x10A4, 0x10A4, 0x10A4, 0x10A4,
  0x10A4, 0x10A4, 0x10A4, 0x10A4, 0x10A4, 0x10A4, 0x10A4, 0x10A4, 0x10A4, 0x10A4, 0x10A4, 0x10A4, 0x10A4, 0x10A4, 0x10A4, 0x10A4,
  0x10A4, 0x10A4, 0x10A4, 0x10A4, 0x10A4, 0x10A4, 0x10A4, 0x10A4, 0x10A4, 0x10A4, 0x10A4, 0x1084, 0x0863, 0x0863, 0x10A4, 0x10A4,
  0x10A4, 0x10A4, 0x0884, 0x10A4, 0x10A4, 0x10A4, 0x1084, 0x0884, 0x10A4, 0x10A4, 0x10A4, 0x1084, 0x0884, 0x10A4, 0x10A4, 0x10A4,
  0x10A4, 0x0884, 0x0884, 0x0884, 0x10A4, 0x10C4, 0x10A4, 0x10A4, 0x0884, 0x0884, 0x0884, 0x10A4, 0x10A4, 0x10A4, 0x10A4, 0x0884,
  0x1084, 0x10A4, 0x10A4, 0x10A4, 0x10A4, 0x0884, 0x10A4, 0x10A4, 0x10A4, 0x10A4, 0x0884, 0x10A4, 0x10A4, 0x10A4, 0x10A4, 0x0884,
  0x10A4, 0x10A4, 0x10A4, 0x10A4, 0x10A4, 0x10A4, 0x10A4, 0x10A4, 0x10A4, 0x10A4, 0x10A4, 0x10A4, 0x10A4, 0x10A4, 0x10A4, 0x10A4,
  0x10A4, 0x10A4, 0x10A4, 0x10A4, 0x10A4, 0x10A4, 0x10A4, 0x10A4, 0x10A4, 0x10A4, 0x10A4, 0x10A4, 0x10A4, 0x10A4, 0x10A4, 0x10A4,
  0x10A4, 0x10A4, 0x10A4, 0x10A4, 0x10A4, 0x10A4, 0x10A4, 0x10C4, 0x10C4, 0x10C4, 0x10C4, 0x10C4, 0x10C4, 0x10C4, 0x10C4, 0x10C4,
  0x10C4, 0x10C4, 0x10C4, 0x10C4, 0x10C5, 0x10E5, 0x10E5, 0x10E5, 0x10E5, 0x10E5, 0x10E5, 0x10E5, 0x10E5, 0x10E5, 0x1105, 0x1105,
  0x1105, 0x1105, 0x1105, 0x1105, 0x1105, 0x1105, 0x1105, 0x1125, 0x1125, 0x1126, 0x1126, 0x1126, 0x1126, 0x1126, 0x1146, 0x1146,
  0x1146, 0x1146, 0x1146, 0x1146, 0x1146, 0x1166, 0x1166, 0x1166, 0x1167, 0x1167, 0x1187, 0x1187, 0x1187, 0x1187, 0x1187, 0x1187,
  0x1187, 0x1187, 0x1187, 0x1187, 0x1187, 0x1187, 0x1167, 0x1167, 0x1166, 0x1166, 0x1166, 0x1146, 0x1146, 0x1146, 0x1146, 0x1146,
  0x1146, 0x1146, 0x1146, 0x1126, 0x1126, 0x1126, 0x1126, 0x1125, 0x1125, 0x1105, 0x1105, 0x1105, 0x1105, 0x1105, 0x1105, 0x1105,
  0x1105, 0x10E5, 0x10E5, 0x10E5, 0x10E5, 0x10E5, 0x10E5, 0x10E5, 0x10E5, 0x10E5, 0x10E5, 0x10E5, 0x10C4, 0x10C4, 0x10C4, 0x10C4,
  0x10C4, 0x10C4, 0x10C4, 0x10C4, 0x10C4, 0x10C4, 0x10C4, 0x10C4, 0x10C4, 0x10C4, 0x10A4, 0x10A4, 0x10A4, 0x10A4, 0x10A4, 0x10A4,
  0x10A4, 0x10A4, 0x10A4, 0x10A4, 0x10A4, 0x10A4, 0x10A4, 0x10A4, 0x10A4, 0x10A4, 0x10A4, 0x10A4, 0x10A4, 0x10A4, 0x10A4, 0x10A4,
  0x10A4, 0x10A4, 0x10A4, 0x10A4, 0x10A4, 0x10A4, 0x10A4, 0x10A4, 0x10A4, 0x10A4, 0x10A4, 0x10A4, 0x10A4, 0x10A4, 0x10A4, 0x10A4,
  0x10A4, 0x10A4, 0x10A4, 0x10A4, 0x10A4, 0x10A4, 0x10A4, 0x10A4, 0x10A4, 0x10A4, 0x10A4, 0x10A4, 0x10A4, 0x10A4, 0x10A4, 0x10A4,
  0x10A4, 0x10A4, 0x10A4, 0x10A4, 0x10A4, 0x10A4, 0x10A4, 0x10A4, 0x10A4, 0x10A4, 0x10A4, 0x10A4, 0x10A4, 0x10A4, 0x10A4, 0x10A4,
  0x10A4, 0x10A4, 0x10A4, 0x10A4, 0x10A4, 0x10A4, 0x10A4, 0x10A4, 0x10A4, 0x10A4, 0x10A4, 0x10A4, 0x10A4, 0x10A4, 0x10A4, 0x10A4,
  0x10A4, 0x10A4, 0x10A4, 0x10A4, 0x10A4, 0x10A4, 0x10A4, 0x10A4, 0x10A4, 0x10A4, 0x10A4, 0x10A4, 0x10A4, 0x10A4, 0x10A4, 0x10A4,
  0x10A4, 0x10A4, 0x10A4, 0x10A4, 0x10A4, 0x10A4, 0x10A4, 0x10A4, 0x10A4, 0x10A4, 0x0043, 0x10C4, 0x31A8, 0x31A8, 0x10A4, 0x0863,
  0x10A4, 0x10A4, 0x1905, 0x10A4, 0x10A4, 0x10A4, 0x18E5, 0x18E5, 0x10A4, 0x10A4, 0x10A4, 0x18C5, 0x18E5, 0x10A4, 0x10A4, 0x10A4,
  0x10C4, 0x1905, 0x18E5, 0x18E5, 0x10A4, 0x0043, 0x10A4, 0x10C4, 0x1905, 0x18E5, 0x18E5, 0x0883, 0x0843, 0x10A4, 0x10A4, 0x18E5,
  0x18E5, 0x10A4, 0x10A4, 0x10A4, 0x10C4, 0x18E5, 0x10A4, 0x10A4, 0x10A4, 0x10A4, 0x1905, 0x10A4, 0x1084, 0x10A4, 0x10A4, 0x1905,
  0x10C4, 0x10A4, 0x10A4, 0x10A4, 0x10A4, 0x10A4, 0x10A4, 0x10A4, 0x10A4, 0x10A4, 0x10A4, 0x10A4, 0x10A4, 0x10A4, 0x10A4, 0x10A4,
  0x10A4, 0x10A4, 0x10A4, 0x10A4, 0x10A4, 0x10A4, 0x10A4, 0x10A4, 0x10A4, 0x10A4, 0x10A4, 0x10A4, 0x10A4, 0x10A4, 0x10A4, 0x10A4,
  0x10A4, 0x10A4, 0x10A4, 0x10A4, 0x10A4, 0x10A4, 0x10A4, 0x10C4, 0x10C4, 0x10C4, 0x10C4, 0x10C4, 0x10C4, 0x10C4, 0x10C4, 0x10C4,
  0x10C4, 0x10C4, 0x10C4, 0x10C5, 0x10C5, 0x10E5, 0x10E5, 0x10E5, 0x10E5, 0x10E5, 0x10E5, 0x10E5, 0x10E5, 0x1105, 0x1105, 0x1105,
  0x1105, 0x1105, 0x1105, 0x1105, 0x1105, 0x1105, 0x1105, 0x1125, 0x1125, 0x1126, 0x1126, 0x1126, 0x1126, 0x1126, 0x1146, 0x1146,
  0x1146, 0x1146, 0x1146, 0x1146, 0x1146, 0x1166, 0x1166, 0x1166, 0x1167, 0x1166, 0x1167, 0x1187, 0x1187, 0x1187, 0x1187, 0x1187,
  0x1187, 0x1187, 0x1187, 0x1187, 0x1187, 0x1167, 0x1167, 0x1167, 0x1166, 0x1166, 0x1166, 0x1166, 0x1146, 0x1146, 0x1146, 0x1146,
  0x1146, 0x1146, 0x1126, 0x1126, 0x1126, 0x1126, 0x1126, 0x1126, 0x1125, 0x1105, 0x1105, 0x1105, 0x1105, 0x1105, 0x1105, 0x1105,
  0x1105, 0x10E5, 0x10E5, 0x10E5, 0x10E5, 0x10E5, 0x10E5, 0x10E5, 0x10E5, 0x10E5, 0x10E5, 0x10E5, 0x10E5, 0x10C4, 0x10C4, 0x10C4,
  0x10C4, 0x10C4, 0x10C4, 0x10C4, 0x10C4, 0x10C4, 0x10C4, 0x10C4, 0x10C4, 0x10A4, 0x10A4, 0x10A4, 0x10A4, 0x10A4, 0x10A4, 0x10A4,
  0x10A4, 0x10A4, 0x10A4, 0x10A4, 0x10A4, 0x10A4, 0x10A4, 0x10A4, 0x10A4, 0x10A4, 0x10A4, 0x10A4, 0x10A4, 0x10A4, 0x10A4, 0x10A4,
  0x10A4, 0x10A4, 0x10A4, 0x10A4, 0x10A4, 0x10A4, 0x10A4, 0x10A4, 0x10A4, 0x10A4, 0x10A4, 0x10A4, 0x10A4, 0x10A4, 0x10A4, 0x10A4,
  0x10A4, 0x10A4, 0x10A4, 0x10A4, 0x10A4, 0x10A4, 0x10A4, 0x10A4, 0x10A4, 0x10A4, 0x10A4, 0x10A4, 0x10A4, 0x10A4, 0x10A4, 0x10A4,
  0x10A4, 0x10A4, 0x10A4, 0x10A4, 0x10A4, 0x10A4, 0x10A4, 0x10A4, 0x10A4, 0x10A4, 0x10A4, 0x10A4, 0x10A4, 0x10A4, 0x10A4, 0x10A4,
  0x10A4, 0x10A4, 0x10A4, 0x10A4, 0x10A4, 0x10A4, 0x10A4, 0x10A4, 0x10A4, 0x10A4, 0x10A4, 0x10A4, 0x10A4, 0x10A4, 0x10A4, 0x10A4,
  0x10A4, 0x10A4, 0x10A4, 0x10A4, 0x10A4, 0x10A4, 0x10A4, 0x10A4, 0x10A4, 0x10A4, 0x10A4, 0x10A4, 0x10A4, 0x10A4, 0x10A4, 0x10A4,
  0x10A4, 0x10A4, 0x10A4, 0x10A4, 0x10A4, 0x10A4, 0x10A4, 0x10A4, 0x10A4, 0x0863, 0x630D, 0xE73C, 0xFFFF, 0xFFFF, 0xDEDB, 0x4A4A,
  0x0001, 0x424A, 0xF79E, 0x424A, 0x0863, 0x0043, 0xA514, 0xD6DB, 0x10A4, 0x0884, 0x1905, 0xD6BB, 0xEF5D, 0x3187, 0x0883, 0x0863,
  0x52AC, 0xF79E, 0xF7BE, 0xF7BE, 0xE71C, 0x6B4E, 0x0001, 0x6B6E, 0xF79E, 0xF79E, 0xFFDF, 0xCE9A, 0x5AEC, 0x0863, 0x0883, 0xCE79,
  0xAD76, 0x0022, 0x10C4, 0x0863, 0xAD76, 0xF79E, 0x5AEC, 0x0843, 0x0883, 0x31A8, 0xEF7E, 0xB5B7, 0x0883, 0x0863, 0x3187, 0xF79E,
  0x632E, 0x0022, 0x10C4, 0x10A4, 0x10A4, 0x10A4, 0x10A4, 0x10A4, 0x10A4, 0x10A4, 0x10A4, 0x10A4, 0x10A4, 0x10A4, 0x10A4, 0x10A4,
  0x10A4, 0x10A4, 0x10A4, 0x10A4, 0x10A4, 0x10A4, 0x10A4, 0x10A4, 0x10A4, 0x10A4, 0x10A4, 0x10A4, 0x10A4, 0x10A4, 0x10A4, 0x10A4,
  0x10A4, 0x10A4, 0x10A4, 0x10A4, 0x10A4, 0x10A4, 0x10C4, 0x10C4, 0x10C4, 0x10C4, 0x10C4, 0x10C4, 0x10C4, 0x10C4, 0x10C4, 0x10C4,
  0x10C4, 0x10C4, 0x10C4, 0x10C5, 0x10C5, 0x10C4, 0x10E5, 0x10E5, 0x10E5, 0x10E5, 0x10E5, 0x10E5, 0x10E5, 0x10E5, 0x10E5, 0x10E5,
  0x1105, 0x1105, 0x1105, 0x1105, 0x1105, 0x1105, 0x1105, 0x1125, 0x1125, 0x1125, 0x1126, 0x1126, 0x1126, 0x1126, 0x1146, 0x1146,
  0x1146, 0x1146, 0x1146, 0x1146, 0x1146, 0x1166, 0x1166, 0x1166, 0x1167, 0x1167, 0x1167, 0x1187, 0x1187, 0x1187, 0x1187, 0x1187,
  0x1187, 0x1187, 0x1187, 0x1187, 0x1187, 0x1167, 0x1167, 0x1167, 0x1166, 0x1166, 0x1166, 0x1166, 0x1146, 0x1146, 0x1146, 0x1146,
  0x1146, 0x1146, 0x1126, 0x1126, 0x1126, 0x1126, 0x1126, 0x1125, 0x1125, 0x1125, 0x1105, 0x1105, 0x1105, 0x1105, 0x1105, 0x1105,
  0x1105, 0x10E5, 0x10E5, 0x10E5, 0x10E5, 0x10E5, 0x10E5, 0x10E5, 0x10E5, 0x10E5, 0x10E5, 0x10E5, 0x10C5, 0x10C4, 0x10C4, 0x10C4,
  0x10C4, 0x10C4, 0x10C4, 0x10C4, 0x10C4, 0x10C4, 0x10C4, 0x10C4, 0x10C4, 0x10A4, 0x10A4, 0x10A4, 0x10A4, 0x10A4, 0x10A4, 0x10A4,
  0x10A4, 0x10A4, 0x10A4, 0x10A4, 0x10A4, 0x10A4, 0x10A4, 0x10A4, 0x10A4, 0x10A4, 0x10A4, 0x10A4, 0x10A4, 0x10A4, 0x10A4, 0x10A4,
  0x10A4, 0x10A4, 0x10A4, 0x10A4, 0x10A4, 0x10A4, 0x10A4, 0x10A4, 0x10A4, 0x10A4, 0x10A4, 0x10A4, 0x10A4, 0x10A4, 0x10A4, 0x10A4,
  0x10A4, 0x10A4, 0x10A4, 0x10A4, 0x10A4, 0x10A4, 0x10A4, 0x10A4, 0x10A4, 0x10A4, 0x10A4, 0x10A4, 0x10A4, 0x10A4, 0x10A4, 0x10A4,
  0x10A4, 0x10A4, 0x10A4, 0x10A4, 0x10A4, 0x10A4, 0x10A4, 0x10A4, 0x10A4, 0x10A4, 0x10A4, 0x10A4, 0x10A4, 0x10A4, 0x10A4, 0x10A4,
  0x10A4, 0x10A4, 0x10A4, 0x10A4, 0x10A4, 0x10A4, 0x10A4, 0x10A4, 0x10A4, 0x10A4, 0x10A4, 0x10A4, 0x10A4, 0x10A4, 0x10A4, 0x10A4,
  0x10A4, 0x10A4, 0x10A4, 0x10A4, 0x10A4, 0x10A4, 0x10A4, 0x10A4, 0x10A4, 0x10A4, 0x10A4, 0x10A4, 0x10A4, 0x10A4, 0x10A4, 0x10A4,
  0x10A4, 0x10A4, 0x10A4, 0x10A4, 0x10A4, 0x10A4, 0x10A4, 0x10A4, 0x0043, 0x4A6B, 0xFFFF, 0xBE18, 0x52CC, 0x632E, 0xE73C, 0xFFFF,
  0x2126, 0x4229, 0xFFFF, 0x4A6B, 0x0843, 0x0042, 0xAD76, 0xEF5D, 0x10A4, 0x0042, 0x52CC, 0xFFFF, 0xFFFF, 0x7BF0, 0x0043, 0x0863,
  0x5AEC, 0xFFFF, 0x8451, 0x5ACC, 0xC638, 0xFFFF, 0x2105, 0x6B6E, 0xFFFF, 0x738F, 0x630D, 0xBDF8, 0xFFFF, 0x52AC, 0x0022, 0xDEFB,
  0xBDF8, 0x0042, 0x0884, 0x2987, 0xF79E, 0xFFFF, 0xB5B7, 0x0863, 0x0863, 0x31C8, 0xF7BE, 0xFFFF, 0x6B6E, 0x0001, 0x31C8, 0xFFFF,
  0x6B6E, 0x0022, 0x10C4, 0x10A4, 0x10A4, 0x10A4, 0x10A4, 0x10A4, 0x10A4, 0x10A4, 0x10A4, 0x10A4, 0x10A4, 0x10A4, 0x10A4, 0x10A4,
  0x10A4, 0x10A4, 0x10A4, 0x10A4, 0x10A4, 0x10A4, 0x10A4, 0x10A4, 0x10A4, 0x10A4, 0x10A4, 0x10A4, 0x10A4, 0x10A4, 0x10A4, 0x10A4,
  0x10A4, 0x10A4, 0x10A4, 0x10A4, 0x10A4, 0x10A4, 0x10A4, 0x10A4, 0x10A4, 0x10C4, 0x10C4, 0x10C4, 0x10C4, 0x10C4, 0x10C4, 0x10C4,
  0x10C4, 0x10C4, 0x10C4, 0x10C4, 0x10C5, 0x10C4, 0x10E5, 0x10E5, 0x10E5, 0x10E5, 0x10E5, 0x10E5, 0x10E5, 0x10E5, 0x10E5, 0x10E5,
  0x1105, 0x1105, 0x1105, 0x1105, 0x1105, 0x1105, 0x1105, 0x1125, 0x1125, 0x1125, 0x1126, 0x1126, 0x1126, 0x1126, 0x1146, 0x1146,
  0x1146, 0x1146, 0x1146, 0x1146, 0x1146, 0x1166, 0x1166, 0x1166, 0x1166, 0x1167, 0x1167, 0x1187, 0x1187, 0x1187, 0x1187, 0x1187,
  0x1187, 0x1187, 0x1187, 0x1187, 0x1187, 0x1167, 0x1167, 0x1167, 0x1166, 0x1166, 0x1166, 0x1166, 0x1146, 0x1146, 0x1146, 0x1146,
  0x1146, 0x1146, 0x1126, 0x1126, 0x1126, 0x1126, 0x1126, 0x1125, 0x1125, 0x1105, 0x1105, 0x1105, 0x1105, 0x1105, 0x1105, 0x1105,
  0x1105, 0x1105, 0x10E5, 0x10E5, 0x10E5, 0x10E5, 0x10E5, 0x10E5, 0x10E5, 0x10E5, 0x10E5, 0x10E5, 0x10C4, 0x10C4, 0x10C4, 0x10C4,
  0x10C4, 0x10C4, 0x10C4, 0x10C4, 0x10C4, 0x10C4, 0x10C4, 0x10C4, 0x10C4, 0x10A4, 0x10A4, 0x10A4, 0x10A4, 0x10A4, 0x10A4, 0x10A4,
  0x10A4, 0x10A4, 0x10A4, 0x10A4, 0x10A4, 0x10A4, 0x10A4, 0x10A4, 0x10A4, 0x10A4, 0x10A4, 0x10A4, 0x10A4, 0x10A4, 0x10A4, 0x10A4,
  0x10A4, 0x10A4, 0x10A4, 0x10A4, 0x10A4, 0x10A4, 0x10A4, 0x10A4, 0x10A4, 0x10A4, 0x10A4, 0x10A4, 0x10A4, 0x10A4, 0x10A4, 0x10A4,
  0x10A4, 0x10A4, 0x10A4, 0x10A4, 0x10A4, 0x10A4, 0x10A4, 0x10A4, 0x10A4, 0x10A4, 0x10A4, 0x10A4, 0x10A4, 0x10A4, 0x10A4, 0x10A4,
  0x10A4, 0x10A4, 0x10A4, 0x10A4, 0x10A4, 0x10A4, 0x10A4, 0x10A4, 0x10A4, 0x10A4, 0x10A4, 0x10A4, 0x10A4, 0x10A4, 0x10A4, 0x10A4,
  0x10A4, 0x10A4, 0x10A4, 0x10A4, 0x10A4, 0x10A4, 0x10A4, 0x10A4, 0x10A4, 0x10A4, 0x10A4, 0x10A4, 0x10A4, 0x10A4, 0x10A4, 0x10A4,
  0x10A4, 0x10A4, 0x10A4, 0x10A4, 0x10A4, 0x10A4, 0x10A4, 0x10A4, 0x10A4, 0x10A4, 0x10A4, 0x10A4, 0x10A4, 0x10A4, 0x10A4, 0x10A4,
  0x10A4, 0x10A4, 0x10A4, 0x10A4, 0x10A4, 0x10A4, 0x10A4, 0x10A4, 0x0043, 0xB5D7, 0xE71C, 0x10A4, 0x0022, 0x0000, 0x1905, 0x6B6F,
  0x18E5, 0x4229, 0xFFFF, 0x4A6A, 0x0843, 0x0042, 0xAD55, 0xE71C, 0x10A4, 0x0042, 0xB5B7, 0xD6BA, 0xBDF8, 0xDEDB, 0x0883, 0x0043,
  0x5ACC, 0xFFFF, 0x2987, 0x0000, 0x424A, 0xFFFF, 0x424A, 0x632D, 0xFFFF, 0x2126, 0x0001, 0x0883, 0xE71C, 0xC639, 0x0022, 0xDEDB,
  0xBDD7, 0x0043, 0x0042, 0x73AF, 0xF7BE, 0x9CD4, 0xF7BE, 0x2967, 0x0022, 0x39C8, 0xF79E, 0xEF5D, 0xEF7D, 0x2106, 0x2967, 0xFFFF,
  0x6B6E, 0x0022, 0x10C4, 0x10A4, 0x10A4, 0x10A4, 0x10A4, 0x10A4, 0x10A4, 0x10A4, 0x10A4, 0x10A4, 0x10A4, 0x10A4, 0x10A4, 0x10A4,
  0x10A4, 0x10A4, 0x10A4, 0x10A4, 0x10A4, 0x10A4, 0x10A4, 0x10A4, 0x10A4, 0x10A4, 0x10A4, 0x10A4, 0x10A4, 0x10A4, 0x10A4, 0x10A4,
  0x10A4, 0x10A4, 0x10A4, 0x10A4, 0x10A4, 0x10A4, 0x10A4, 0x10A4, 0x10A4, 0x10C4, 0x10C4, 0x10C4, 0x10C4, 0x10C4, 0x10C4, 0x10C4,
  0x10C4, 0x10C4, 0x10C4, 0x10C4, 0x10C5, 0x10E5, 0x10E5, 0x10E5, 0x10E5, 0x10E5, 0x10E5, 0x10E5, 0x10E5, 0x10E5, 0x1105, 0x1105,
  0x1105, 0x1105, 0x1105, 0x1105, 0x1105, 0x1105, 0x1105, 0x1125, 0x1125, 0x1126, 0x1126, 0x1126, 0x1126, 0x1126, 0x1146, 0x1146,
  0x1146, 0x1146, 0x1146, 0x1146, 0x1146, 0x1166, 0x1166, 0x1166, 0x1166, 0x1167, 0x1167, 0x1167, 0x1187, 0x1187, 0x1187, 0x1187,
  0x1187, 0x1187, 0x1187, 0x1187, 0x1187, 0x1167, 0x1167, 0x1166, 0x1166, 0x1166, 0x1166, 0x1146, 0x1146, 0x1146, 0x1146, 0x1146,
  0x1146, 0x1146, 0x1126, 0x1126, 0x1126, 0x1126, 0x1126, 0x1125, 0x1125, 0x1105, 0x1105, 0x1105, 0x1105, 0x1105, 0x1105, 0x1105,
  0x10E5, 0x10E5, 0x10E5, 0x10E5, 0x10E5, 0x10E5, 0x10E5, 0x10E5, 0x10E5, 0x10E5, 0x10E5, 0x10E5, 0x10C5, 0x10C4, 0x10C4, 0x10C4,
  0x10C4, 0x10C4, 0x10C4, 0x10C4, 0x10C4, 0x10C4, 0x10C4, 0x10C4, 0x10C4, 0x10C4, 0x10A4, 0x10A4, 0x10A4, 0x10A4, 0x10A4, 0x10A4,
  0x10A4, 0x10A4, 0x10A4, 0x10A4, 0x10A4, 0x10A4, 0x10A4, 0x10A4, 0x10A4, 0x10A4, 0x10A4, 0x10A4, 0x10A4, 0x10A4, 0x10A4, 0x10A4,
  0x10A4, 0x10A4, 0x10A4, 0x10A4, 0x10A4, 0x10A4, 0x10A4, 0x10A4, 0x10A4, 0x10A4, 0x10A4, 0x10A4, 0x10A4, 0x10A4, 0x10A4, 0x10A4,
  0x10A4, 0x10A4, 0x10A4, 0x10A4, 0x10A4, 0x10A4, 0x10A4, 0x10A4, 0x10A4, 0x10A4, 0x10A4, 0x10A4, 0x10A4, 0x10A4, 0x10A4, 0x10A4,
  0x10A4, 0x10A4, 0x10A4, 0x10A4, 0x10A4, 0x10A4, 0x10A4, 0x10A4, 0x10A4, 0x10A4, 0x10A4, 0x10A4, 0x10A4, 0x10A4, 0x10A4, 0x10A4,
  0x10A4, 0x10A4, 0x10A4, 0x10A4, 0x10A4, 0x10A4, 0x10A4, 0x10A4, 0x10A4, 0x10A4, 0x10A4, 0x10A4, 0x10A4, 0x10A4, 0x10A4, 0x10A4,
  0x10A4, 0x10A4, 0x10A4, 0x10A4, 0x10A4, 0x10A4, 0x10A4, 0x10A4, 0x10A4, 0x10A4, 0x10A4, 0x10A4, 0x10A4, 0x10A4, 0x10A4, 0x10A4,
  0x10A4, 0x10A4, 0x10A4, 0x10A4, 0x10A4, 0x10A4, 0x10A4, 0x10A4, 0x0863, 0xEF7D, 0xB597, 0x0002, 0x18E5, 0x8431, 0x8C72, 0x738F,
  0x31A8, 0x4229, 0xFFFF, 0x4A6B, 0x0843, 0x0042, 0xAD56, 0xE73C, 0x0863, 0x2126, 0xFFDF, 0x6B8F, 0x4A4A, 0xFFFF, 0x3A09, 0x0002,
  0x5AEC, 0xFFFF, 0x94B3, 0x630D, 0xBDF8, 0xEF7D, 0x10A4, 0x6B8F, 0xFFFF, 0x2987, 0x10A4, 0x0843, 0xA535, 0xE73D, 0x1084, 0xD6BB,
  0xBDD7, 0x0022, 0x0883, 0xD6BB, 0xB5D7, 0x18E5, 0xFFFF, 0x6B8F, 0x0001, 0x39C8, 0xFFFF, 0x8431, 0xDEFC, 0xAD96, 0x2126, 0xFFFF,
  0x6B6E, 0x0022, 0x10C4, 0x10A4, 0x10A4, 0x10A4, 0x10A4, 0x10A4, 0x10A4, 0x10A4, 0x10A4, 0x10A4, 0x10A4, 0x10A4, 0x10A4, 0x10A4,
  0x10A4, 0x10A4, 0x10A4, 0x10A4, 0x10A4, 0x10A4, 0x10A4, 0x10A4, 0x10A4, 0x10A4, 0x10A4, 0x10A4, 0x10A4, 0x10A4, 0x10A4, 0x10A4,
  0x10A4, 0x10A4, 0x10A4, 0x10A4, 0x10A4, 0x10A4, 0x10C4, 0x10A4, 0x10C4, 0x10C4, 0x10C4, 0x10C4, 0x10C4, 0x10C4, 0x10C4, 0x10C4,
  0x10C4, 0x10C4, 0x10C4, 0x10C4, 0x10C5, 0x10E5, 0x10E5, 0x10E5, 0x10E5, 0x10E5, 0x10E5, 0x10E5, 0x10E5, 0x10E5, 0x10E5, 0x1105,
  0x1105, 0x1105, 0x1105, 0x1105, 0x1105, 0x1105, 0x1105, 0x1125, 0x1125, 0x1126, 0x1126, 0x1126, 0x1126, 0x1126, 0x1126, 0x1146,
  0x1146, 0x1146, 0x1146, 0x1146, 0x1146, 0x1166, 0x1166, 0x1166, 0x1166, 0x1166, 0x1167, 0x1167, 0x1187, 0x1187, 0x1187, 0x1187,
  0x1187, 0x1187, 0x1187, 0x1187, 0x1167, 0x1167, 0x1167, 0x1166, 0x1166, 0x1166, 0x1166, 0x1146, 0x1146, 0x1146, 0x1146, 0x1146,
  0x1146, 0x1146, 0x1126, 0x1126, 0x1126, 0x1126, 0x1126, 0x1125, 0x1125, 0x1125, 0x1105, 0x1105, 0x1105, 0x1105, 0x1105, 0x1105,
  0x1105, 0x10E5, 0x10E5, 0x10E5, 0x10E5, 0x10E5, 0x10E5, 0x10E5, 0x10E5, 0x10E5, 0x10E5, 0x10E5, 0x10C5, 0x10C4, 0x10C4, 0x10C4,
  0x10C4, 0x10C4, 0x10C4, 0x10C4, 0x10C4, 0x10C4, 0x10C4, 0x10C4, 0x10C4, 0x10C4, 0x10A4, 0x10A4, 0x10A4, 0x10A4, 0x10A4, 0x10A4,
  0x10A4, 0x10A4, 0x10A4, 0x10A4, 0x10A4, 0x10A4, 0x10A4, 0x10A4, 0x10A4, 0x10A4, 0x10A4, 0x10A4, 0x10A4, 0x10A4, 0x10A4, 0x10A4,
  0x10A4, 0x10A4, 0x10A4, 0x10A4, 0x10A4, 0x10A4, 0x10A4, 0x10A4, 0x10A4, 0x10A4, 0x10A4, 0x10A4, 0x10A4, 0x10A4, 0x10A4, 0x10A4,
  0x10A4, 0x10A4, 0x10A4, 0x10A4, 0x10A4, 0x10A4, 0x10A4, 0x10A4, 0x10A4, 0x10A4, 0x10A4, 0x10A4, 0x10A4, 0x10A4, 0x10A4, 0x10A4,
  0x10A4, 0x10A4, 0x10A4, 0x10A4, 0x10A4, 0x10A4, 0x10A4, 0x10A4, 0x10A4, 0x10A4, 0x10A4, 0x10A4, 0x10A4, 0x10A4, 0x10A4, 0x10A4,
  0x10A4, 0x10A4, 0x10A4, 0x10A4, 0x10A4, 0x10A4, 0x10A4, 0x10A4, 0x10A4, 0x10A4, 0x10A4, 0x10A4, 0x10A4, 0x10A4, 0x10A4, 0x10A4,
  0x10A4, 0x10A4, 0x10A4, 0x10A4, 0x10A4, 0x10A4, 0x10A4, 0x10A4, 0x10A4, 0x10A4, 0x10A4, 0x10A4, 0x10A4, 0x10A4, 0x10A4, 0x10A4,
  0x10A4, 0x10A4, 0x10A4, 0x10A4, 0x10A4, 0x10A4, 0x10A4, 0x10A4, 0x0863, 0xEF7D, 0xB597, 0x0002, 0x1905, 0xA515, 0xBE18, 0xFFFF,
  0x7BF0, 0x39C8, 0xFFFF, 0x424A, 0x0863, 0x0043, 0xA555, 0xE75D, 0x0022, 0x634E, 0xFFFF, 0x630D, 0x422A, 0xFFFF, 0x8C72, 0x0001,
  0x5AEC, 0xFFFF, 0xDEDB, 0xFFFF, 0xFFFF, 0x4229, 0x0001, 0x73AF, 0xFFFF, 0x2987, 0x10A4, 0x0042, 0xA535, 0xE73D, 0x0884, 0xD6BB,
  0xBDF8, 0x0001, 0x39E8, 0xFFFF, 0x9493, 0x2967, 0xE71C, 0xC639, 0x0022, 0x31C8, 0xFFFF, 0x6B6F, 0x4A6A, 0xFFFF, 0x8431, 0xFFDF,
  0x6B6E, 0x0022, 0x10C4, 0x10A4, 0x10A4, 0x10A4, 0x10A4, 0x10A4, 0x10A4, 0x10A4, 0x10A4, 0x10A4, 0x10A4, 0x10A4, 0x10A4, 0x10A4,
  0x10A4, 0x10A4, 0x10A4, 0x10A4, 0x10A4, 0x10A4, 0x10A4, 0x10A4, 0x10A4, 0x10A4, 0x10A4, 0x10A4, 0x10A4, 0x10A4, 0x10A4, 0x10A4,
  0x10A4, 0x10A4, 0x10A4, 0x10A4, 0x10A4, 0x10A4, 0x10A4, 0x10C4, 0x10C4, 0x10C4, 0x10C4, 0x10C4, 0x10C4, 0x10C4, 0x10C4, 0x10C4,
  0x10C4, 0x10C4, 0x10C4, 0x10C4, 0x10C5, 0x10C5, 0x10E5, 0x10E5, 0x10E5, 0x10E5, 0x10E5, 0x10E5, 0x10E5, 0x10E5, 0x10E5, 0x1105,
  0x1105, 0x1105, 0x1105, 0x1105, 0x1105, 0x1105, 0x1105, 0x1125, 0x1125, 0x1126, 0x1126, 0x1126, 0x1126, 0x1126, 0x1126, 0x1146,
  0x1146, 0x1146, 0x1146, 0x1146, 0x1146, 0x1166, 0x1166, 0x1166, 0x1166, 0x1166, 0x1167, 0x1167, 0x1167, 0x1187, 0x1187, 0x1187,
  0x1187, 0x1187, 0x1167, 0x1167, 0x1167, 0x1167, 0x1167, 0x1166, 0x1166, 0x1166, 0x1166, 0x1146, 0x1146, 0x1146, 0x1146, 0x1146,
  0x1146, 0x1146, 0x1126, 0x1126, 0x1126, 0x1126, 0x1125, 0x1125, 0x1125, 0x1105, 0x1105, 0x1105, 0x1105, 0x1105, 0x1105, 0x1105,
  0x1105, 0x10E5, 0x10E5, 0x10E5, 0x10E5, 0x10E5, 0x10E5, 0x10E5, 0x10E5, 0x10E5, 0x10E5, 0x10C4, 0x10E4, 0x10C4, 0x10C4, 0x10C4,
  0x10C4, 0x10C4, 0x10C4, 0x10C4, 0x10C4, 0x10C4, 0x10C4, 0x10C4, 0x10C4, 0x10A4, 0x10A4, 0x10A4, 0x10A4, 0x10A4, 0x10A4, 0x10A4,
  0x10A4, 0x10A4, 0x10A4, 0x10A4, 0x10A4, 0x10A4, 0x10A4, 0x10A4, 0x10A4, 0x10A4, 0x10A4, 0x10A4, 0x10A4, 0x10A4, 0x10A4, 0x10A4,
  0x10A4, 0x10A4, 0x10A4, 0x10A4, 0x10A4, 0x10A4, 0x10A4, 0x10A4, 0x10A4, 0x10A4, 0x10A4, 0x10A4, 0x10A4, 0x10A4, 0x10A4, 0x10A4,
  0x10A4, 0x10A4, 0x10A4, 0x10A4, 0x10A4, 0x10A4, 0x10A4, 0x10A4, 0x10A4, 0x10A4, 0x10A4, 0x10A4, 0x10A4, 0x10A4, 0x10A4, 0x10A4,
  0x10A4, 0x10A4, 0x10A4, 0x10A4, 0x10A4, 0x10A4, 0x10A4, 0x10A4, 0x10A4, 0x10A4, 0x10A4, 0x10A4, 0x10A4, 0x10A4, 0x10A4, 0x10A4,
  0x10A4, 0x10A4, 0x10A4, 0x10A4, 0x10A4, 0x10A4, 0x10A4, 0x10A4, 0x10A4, 0x10A4, 0x10A4, 0x10A4, 0x10A4, 0x10A4, 0x10A4, 0x10A4,
  0x10A4, 0x10A4, 0x10A4, 0x10A4, 0x10A4, 0x10A4, 0x10A4, 0x10A4, 0x10A4, 0x10A4, 0x10A4, 0x10A4, 0x10A4, 0x10A4, 0x10A4, 0x10A4,
  0x10A4, 0x10A4, 0x10A4, 0x10A4, 0x10A4, 0x10A4, 0x10A4, 0x10A4, 0x0043, 0xB5B7, 0xEF5D, 0x18E5, 0x0002, 0x0000, 0x422A, 0xFFDF,
  0x738F, 0x31A8, 0xFFFF, 0x630D, 0x0001, 0x0001, 0xBDD7, 0xE71C, 0x0001, 0xB5B7, 0xFFFF, 0xEF7E, 0xF79E, 0xFFFF, 0xDEDB, 0x0043,
  0x5ACC, 0xFFFF, 0x31A8, 0x6B6E, 0xFFDF, 0x39E9, 0x0001, 0x73AF, 0xFFFF, 0x1905, 0x0001, 0x18E5, 0xE73D, 0xBDD7, 0x0022, 0xD6DB,
  0xBDF8, 0x0000, 0x7C11, 0xFFFF, 0xEF7E, 0xEF9E, 0xFFDF, 0xF7BE, 0x2967, 0x2967, 0xFFFF, 0x7BF0, 0x0001, 0xAD55, 0xFFFF, 0xFFFF,
  0x6B4E, 0x0022, 0x10C4, 0x10A4, 0x10A4, 0x10A4, 0x10A4, 0x10A4, 0x10A4, 0x10A4, 0x10A4, 0x10A4, 0x10A4, 0x10A4, 0x10A4, 0x10A4,
  0x10A4, 0x10A4, 0x10A4, 0x10A4, 0x10A4, 0x10A4, 0x10A4, 0x10A4, 0x10A4, 0x10A4, 0x10A4, 0x10A4, 0x10A4, 0x10A4, 0x10A4, 0x10A4,
  0x10A4, 0x10A4, 0x10A4, 0x10A4, 0x10A4, 0x10A4, 0x10A4, 0x10C4, 0x10C4, 0x10A4, 0x10C4, 0x10C4, 0x10C4, 0x10C4, 0x10C4, 0x10C4,
  0x10C4, 0x10C4, 0x10C4, 0x10C5, 0x10C4, 0x10E5, 0x10E5, 0x10E5, 0x10E5, 0x10E5, 0x10E5, 0x10E5, 0x10E5, 0x10E5, 0x10E5, 0x10E5,
  0x1105, 0x1105, 0x1105, 0x1105, 0x1105, 0x1105, 0x1105, 0x1125, 0x1125, 0x1125, 0x1126, 0x1126, 0x1126, 0x1126, 0x1146, 0x1146,
  0x1146, 0x1146, 0x1146, 0x1146, 0x1146, 0x1166, 0x1166, 0x1166, 0x1166, 0x1166, 0x1167, 0x1167, 0x1167, 0x1167, 0x1187, 0x1187,
  0x1167, 0x1167, 0x1167, 0x1167, 0x1167, 0x1167, 0x1166, 0x1166, 0x1166, 0x1166, 0x1166, 0x1146, 0x1146, 0x1146, 0x1146, 0x1146,
  0x1146, 0x1146, 0x1126, 0x1126, 0x1126, 0x1126, 0x1125, 0x1125, 0x1125, 0x1105, 0x1105, 0x1105, 0x1105, 0x1105, 0x1105, 0x1105,
  0x1105, 0x10E5, 0x10E5, 0x10E5, 0x10E5, 0x10E5, 0x10E5, 0x10E5, 0x10E5, 0x10E5, 0x10E5, 0x10C5, 0x10C4, 0x10C4, 0x10C4, 0x10C4,
  0x10C4, 0x10C4, 0x10C4, 0x10C4, 0x10C4, 0x10C4, 0x10C4, 0x10C4, 0x10C4, 0x10A4, 0x10C4, 0x10A4, 0x10A4, 0x10A4, 0x10A4, 0x10A4,
  0x10A4, 0x10A4, 0x10A4, 0x10A4, 0x10A4, 0x10A4, 0x10A4, 0x10A4, 0x10A4, 0x10A4, 0x10A4, 0x10A4, 0x10A4, 0x10A4, 0x10A4, 0x10A4,
  0x10A4, 0x10A4, 0x10A4, 0x10A4, 0x10A4, 0x10A4, 0x10A4, 0x10A4, 0x10A4, 0x10A4, 0x10A4, 0x10A4, 0x10A4, 0x10A4, 0x10A4, 0x10A4,
  0x10A4, 0x10A4, 0x10A4, 0x10A4, 0x10A4, 0x10A4, 0x10A4, 0x10A4, 0x10A4, 0x10A4, 0x10A4, 0x10A4, 0x10A4, 0x10A4, 0x10A4, 0x10A4,
  0x10A4, 0x10A4, 0x10A4, 0x10A4, 0x10A4, 0x10A4, 0x10A4, 0x10A4, 0x10A4, 0x10A4, 0x10A4, 0x10A4, 0x10A4, 0x10A4, 0x10A4, 0x10A4,
  0x10A4, 0x10A4, 0x10A4, 0x10A4, 0x10A4, 0x10A4, 0x10A4, 0x10A4, 0x10A4, 0x10A4, 0x10A4, 0x10A4, 0x10A4, 0x10A4, 0x10A4, 0x10A4,
  0x10A4, 0x10A4, 0x10A4, 0x10A4, 0x10A4, 0x10A4, 0x10A4, 0x10A4, 0x10A4, 0x10A4, 0x10A4, 0x10A4, 0x10A4, 0x10A4, 0x10A4, 0x10A4,
  0x10A4, 0x10A4, 0x10A4, 0x10A4, 0x10A4, 0x10A4, 0x10A4, 0x10C4, 0x0843, 0x422A, 0xFFFF, 0xCE7A, 0x6B4E, 0x8411, 0xF79E, 0xFFFF,
  0x8411, 0x0843, 0xD6DB, 0xF7BE, 0x73D0, 0x9CD4, 0xFFFF, 0x8411, 0x2146, 0xFFFF, 0x8C92, 0x2967, 0x2967, 0x73AF, 0xFFFF, 0x422A,
  0x4A8B, 0xFFFF, 0x422A, 0x10A4, 0xFFDF, 0xBDF8, 0x0001, 0x73D0, 0xFFFF, 0x9493, 0x8451, 0xE71C, 0xFFDF, 0x422A, 0x0022, 0xE71C,
  0xBDF8, 0x0022, 0xEF5D, 0xC659, 0x2967, 0x31A8, 0x4A6B, 0xFFFF, 0x7C11, 0x2126, 0xFFFF, 0x8411, 0x0022, 0x2126, 0xDF1C, 0xFFFF,
  0x6B4E, 0x0022, 0x10C4, 0x10A4, 0x10A4, 0x10A4, 0x10A4, 0x10A4, 0x10A4, 0x10A4, 0x10A4, 0x10A4, 0x10A4, 0x10A4, 0x10A4, 0x10A4,
  0x10A4, 0x10A4, 0x10A4, 0x10A4, 0x10A4, 0x10A4, 0x10A4, 0x10A4, 0x10A4, 0x10A4, 0x10A4, 0x10A4, 0x10A4, 0x10A4, 0x10A4, 0x10A4,
  0x10A4, 0x10A4, 0x10A4, 0x10A4, 0x10A4, 0x10A4, 0x10A4, 0x10C4, 0x10C4, 0x10C4, 0x10C4, 0x10C4, 0x10C4, 0x10C4, 0x10C4, 0x10C4,
  0x10C4, 0x10C4, 0x10C4, 0x10C4, 0x10E5, 0x10E5, 0x10E5, 0x10E5, 0x10E5, 0x10E5, 0x10E5, 0x10E5, 0x10E5, 0x10E5, 0x10E5, 0x1105,
  0x1105, 0x1105, 0x1105, 0x1105, 0x1105, 0x1105, 0x1105, 0x1105, 0x1125, 0x1125, 0x1126, 0x1126, 0x1126, 0x1126, 0x1126, 0x1146,
  0x1146, 0x1146, 0x1146, 0x1146, 0x1146, 0x1146, 0x1166, 0x1166, 0x1166, 0x1166, 0x1166, 0x1167, 0x1167, 0x1167, 0x1167, 0x1167,
  0x1167, 0x1167, 0x1167, 0x1167, 0x1167, 0x1167, 0x1166, 0x1166, 0x1166, 0x1166, 0x1146, 0x1146, 0x1146, 0x1146, 0x1146, 0x1146,
  0x1146, 0x1126, 0x1126, 0x1126, 0x1126, 0x1126, 0x1125, 0x1125, 0x1105, 0x1105, 0x1105, 0x1105, 0x1105, 0x1105, 0x1105, 0x1105,
  0x1105, 0x1105, 0x10E5, 0x10E5, 0x10E5, 0x10E5, 0x10E5, 0x10E5, 0x10E5, 0x10E5, 0x10E5, 0x10E5, 0x10C5, 0x10C4, 0x10C4, 0x10C4,
  0x10C4, 0x10C4, 0x10C4, 0x10C4, 0x10C4, 0x10C4, 0x10C4, 0x10C4, 0x10C4, 0x10A4, 0x10A4, 0x10A4, 0x10A4, 0x10A4, 0x10A4, 0x10A4,
  0x10A4, 0x10A4, 0x10A4, 0x10A4, 0x10A4, 0x10A4, 0x10A4, 0x10A4, 0x10A4, 0x10A4, 0x10A4, 0x10A4, 0x10A4, 0x10A4, 0x10A4, 0x10A4,
  0x10A4, 0x10A4, 0x10A4, 0x10A4, 0x10A4, 0x10A4, 0x10A4, 0x10A4, 0x10A4, 0x10A4, 0x10A4, 0x10A4, 0x10A4, 0x10A4, 0x10A4, 0x10A4,
  0x10A4, 0x10A4, 0x10A4, 0x10A4, 0x10A4, 0x10A4, 0x10A4, 0x10A4, 0x10A4, 0x10A4, 0x10A4, 0x10A4, 0x10A4, 0x10A4, 0x10A4, 0x10A4,
  0x10A4, 0x10A4, 0x10A4, 0x10A4, 0x10A4, 0x10A4, 0x10A4, 0x10A4, 0x10A4, 0x10A4, 0x10A4, 0x10A4, 0x10A4, 0x10A4, 0x10A4, 0x10A4,
  0x10A4, 0x10A4, 0x10A4, 0x10A4, 0x10A4, 0x10A4, 0x10A4, 0x10A4, 0x10A4, 0x10A4, 0x10A4, 0x10A4, 0x10A4, 0x10A4, 0x10A4, 0x10A4,
  0x10A4, 0x10A4, 0x10A4, 0x10A4, 0x10A4, 0x10A4, 0x10A4, 0x10A4, 0x10A4, 0x10A4, 0x10A4, 0x10A4, 0x10A4, 0x10A4, 0x10A4, 0x10A4,
  0x10A4, 0x10A4, 0x10A4, 0x10A4, 0x10A4, 0x10A4, 0x10A4, 0x10A4, 0x10A4, 0x0863, 0x52AB, 0xCE9A, 0xFFDF, 0xEF5D, 0x7C11, 0xC639,
  0x73AF, 0x0002, 0x31C8, 0xC618, 0xF7BF, 0xEF5D, 0x9CD4, 0x0863, 0x5B0D, 0xD6BB, 0x2987, 0x0022, 0x0043, 0x18E5, 0xD69A, 0x738F,
  0x3A09, 0xD6DB, 0x3A09, 0x0022, 0x8431, 0xDEDB, 0x2106, 0x5ACC, 0xDEDB, 0xE71C, 0xE71C, 0xB5B7, 0x422A, 0x0863, 0x0883, 0xB5B7,
  0x94B3, 0x2967, 0xDEDB, 0x5AED, 0x0002, 0x0883, 0x0022, 0xB5B7, 0xA535, 0x2126, 0xD6BB, 0x6B4E, 0x0863, 0x0843, 0x52CC, 0xDEDB,
  0x5ACC, 0x0043, 0x10A4, 0x10A4, 0x10A4, 0x10A4, 0x10A4, 0x10A4, 0x10A4, 0x10A4, 0x10A4, 0x10A4, 0x10A4, 0x10A4, 0x10A4, 0x10A4,
  0x10A4, 0x10A4, 0x10A4, 0x10A4, 0x10A4, 0x10A4, 0x10A4, 0x10A4, 0x10A4, 0x10A4, 0x10A4, 0x10A4, 0x10A4, 0x10A4, 0x10A4, 0x10A4,
  0x10A4, 0x10A4, 0x10A4, 0x10A4, 0x10A4, 0x10A4, 0x10A4, 0x10C4, 0x10A4, 0x10C4, 0x10C4, 0x10C4, 0x10C4, 0x10C4, 0x10C4, 0x10C4,
  0x10C4, 0x10C4, 0x10C4, 0x10C4, 0x10C5, 0x10E5, 0x10E5, 0x10E5, 0x10E5, 0x10E5, 0x10E5, 0x10E5, 0x10E5, 0x10E5, 0x10E5, 0x1105,
  0x1105, 0x1105, 0x1105, 0x1105, 0x1105, 0x1105, 0x1105, 0x1105, 0x1125, 0x1126, 0x1126, 0x1126, 0x1126, 0x1126, 0x1126, 0x1146,
  0x1146, 0x1146, 0x1146, 0x1146, 0x1146, 0x1146, 0x1166, 0x1166, 0x1166, 0x1166, 0x1166, 0x1167, 0x1167, 0x1167, 0x1167, 0x1167,
  0x1167, 0x1167, 0x1167, 0x1167, 0x1167, 0x1166, 0x1166, 0x1166, 0x1166, 0x1166, 0x1146, 0x1146, 0x1146, 0x1146, 0x1146, 0x1146,
  0x1146, 0x1126, 0x1126, 0x1126, 0x1126, 0x1126, 0x1126, 0x1125, 0x1125, 0x1105, 0x1105, 0x1105, 0x1105, 0x1105, 0x1105, 0x1105,
  0x1105, 0x10E5, 0x10E5, 0x10E5, 0x10E5, 0x10E5, 0x10E5, 0x10E5, 0x10E5, 0x10E5, 0x10E5, 0x10E5, 0x10C4, 0x10C4, 0x10C4, 0x10C4,
  0x10C4, 0x10C4, 0x10C4, 0x10C4, 0x10C4, 0x10C4, 0x10C4, 0x10C4, 0x10C4, 0x10A4, 0x10A4, 0x10A4, 0x10A4, 0x10A4, 0x10A4, 0x10A4,
  0x10A4, 0x10A4, 0x10A4, 0x10A4, 0x10A4, 0x10A4, 0x10A4, 0x10A4, 0x10A4, 0x10A4, 0x10A4, 0x10A4, 0x10A4, 0x10A4, 0x10A4, 0x10A4,
  0x10A4, 0x10A4, 0x10A4, 0x10A4, 0x10A4, 0x10A4, 0x10A4, 0x10A4, 0x10A4, 0x10A4, 0x10A4, 0x10A4, 0x10A4, 0x10A4, 0x10A4, 0x10A4,
  0x10A4, 0x10A4, 0x10A4, 0x10A4, 0x10A4, 0x10A4, 0x10A4, 0x10A4, 0x10A4, 0x10A4, 0x10A4, 0x10A4, 0x10A4, 0x10A4, 0x10A4, 0x10A4,
  0x10A4, 0x10A4, 0x10A4, 0x10A4, 0x10A4, 0x10A4, 0x10A4, 0x10A4, 0x10A4, 0x10A4, 0x10A4, 0x10A4, 0x10A4, 0x10A4, 0x10A4, 0x10A4,
  0x10A4, 0x10A4, 0x10A4, 0x10A4, 0x10A4, 0x10A4, 0x10A4, 0x10A4, 0x10A4, 0x10A4, 0x10A4, 0x10A4, 0x10A4, 0x10A4, 0x10A4, 0x10A4,
  0x10A4, 0x10A4, 0x10A4, 0x10A4, 0x10A4, 0x10A4, 0x10A4, 0x10A4, 0x10A4, 0x10A4, 0x10A4, 0x10A4, 0x10A4, 0x10A4, 0x10A4, 0x10A4,
  0x10A4, 0x10A4, 0x10A4, 0x10A4, 0x10A4, 0x10A4, 0x10A4, 0x10A4, 0x10A4, 0x10A4, 0x0043, 0x0883, 0x2146, 0x18E5, 0x0043, 0x18C5,
  0x10C4, 0x10A4, 0x0863, 0x0863, 0x2126, 0x1905, 0x0043, 0x0884, 0x18E5, 0x10A4, 0x10A4, 0x10A4, 0x10A4, 0x10A4, 0x10A4, 0x10A4,
  0x10A4, 0x10A4, 0x10A4, 0x10A4, 0x10A4, 0x10A4, 0x10A4, 0x10A4, 0x10A4, 0x10A4, 0x10A4, 0x10A4, 0x10A4, 0x10A4, 0x10A4, 0x10A4,
  0x10A4, 0x10A4, 0x18E5, 0x10A4, 0x10A4, 0x10A4, 0x10A4, 0x10A4, 0x18E5, 0x10C4, 0x18E5, 0x10C4, 0x10A4, 0x10A4, 0x0883, 0x18E5,
  0x10C4, 0x10A4, 0x10A4, 0x10A4, 0x10A4, 0x10A4, 0x10A4, 0x10A4, 0x10A4, 0x10A4, 0x10A4, 0x10A4, 0x10A4, 0x10A4, 0x10A4, 0x10A4,
  0x10A4, 0x10A4, 0x10A4, 0x10A4, 0x10A4, 0x10A4, 0x10A4, 0x10A4, 0x10A4, 0x10A4, 0x10A4, 0x10A4, 0x10A4, 0x10A4, 0x10A4, 0x10A4,
  0x10A4, 0x10A4, 0x10A4, 0x10A4, 0x10A4, 0x10A4, 0x10A4, 0x10C4, 0x10C4, 0x10C4, 0x10C4, 0x10C4, 0x10C4, 0x10C4, 0x10C4, 0x10C4,
  0x10C4, 0x10C4, 0x10C4, 0x10C4, 0x10C5, 0x10E5, 0x10E5, 0x10E5, 0x10E5, 0x10E5, 0x10E5, 0x10E5, 0x10E5, 0x10E5, 0x10E5, 0x1105,
  0x1105, 0x1105, 0x1105, 0x1105, 0x1105, 0x1105, 0x1105, 0x1125, 0x1125, 0x1125, 0x1126, 0x1126, 0x1126, 0x1126, 0x1126, 0x1146,
  0x1146, 0x1146, 0x1146, 0x1146, 0x1146, 0x1146, 0x1166, 0x1166, 0x1166, 0x1166, 0x1166, 0x1166, 0x1167, 0x1167, 0x1167, 0x1167,
  0x1167, 0x1167, 0x1167, 0x1167, 0x1167, 0x1166, 0x1166, 0x1166, 0x1166, 0x1166, 0x1146, 0x1146, 0x1146, 0x1146, 0x1146, 0x1146,
  0x1146, 0x1126, 0x1126, 0x1126, 0x1126, 0x1126, 0x1125, 0x1125, 0x1125, 0x1105, 0x1105, 0x1105, 0x1105, 0x1105, 0x1105, 0x1105,
  0x1105, 0x10E5, 0x10E5, 0x10E5, 0x10E5, 0x10E5, 0x10E5, 0x10E5, 0x10E5, 0x10E5, 0x10C5, 0x10C5, 0x10C4, 0x10C4, 0x10C4, 0x10C4,
  0x10C4, 0x10C4, 0x10C4, 0x10C4, 0x10C4, 0x10C4, 0x10C4, 0x10C4, 0x10A4, 0x10A4, 0x10A4, 0x10A4, 0x10A4, 0x10A4, 0x10A4, 0x10A4,
  0x10A4, 0x10A4, 0x10A4, 0x10A4, 0x10A4, 0x10A4, 0x10A4, 0x10A4, 0x10A4, 0x10A4, 0x10A4, 0x10A4, 0x10A4, 0x10A4, 0x10A4, 0x10A4,
  0x10A4, 0x10A4, 0x10A4, 0x10A4, 0x10A4, 0x10A4, 0x10A4, 0x10A4, 0x10A4, 0x10A4, 0x10A4, 0x10A4, 0x10A4, 0x10A4, 0x10A4, 0x10A4,
  0x10A4, 0x10A4, 0x10A4, 0x10A4, 0x10A4, 0x10A4, 0x10A4, 0x10A4, 0x10A4, 0x10A4, 0x10A4, 0x10A4, 0x10A4, 0x10A4, 0x10A4, 0x10A4,
  0x10A4, 0x10A4, 0x10A4, 0x10A4, 0x10A4, 0x10A4, 0x10A4, 0x10A4, 0x10A4, 0x10A4, 0x10A4, 0x10A4, 0x10A4, 0x10A4, 0x10A4, 0x10A4,
  0x10A4, 0x10A4, 0x10A4, 0x10A4, 0x10A4, 0x10A4, 0x10A4, 0x10A4, 0x10A4, 0x10A4, 0x10A4, 0x10A4, 0x10A4, 0x10A4, 0x10A4, 0x10A4,
  0x10A4, 0x10A4, 0x10A4, 0x10A4, 0x10A4, 0x10A4, 0x10A4, 0x10A4, 0x10A4, 0x10A4, 0x10A4, 0x10A4, 0x10A4, 0x10A4, 0x10A4, 0x10A4,
  0x10A4, 0x10A4, 0x10A4, 0x10A4, 0x10A4, 0x10A4, 0x10A4, 0x10A4, 0x10A4, 0x10A4, 0x10C4, 0x10A4, 0x0883, 0x0884, 0x10A4, 0x10A4,
  0x10A4, 0x10A4, 0x10A4, 0x10A4, 0x0883, 0x0884, 0x10C4, 0x10A4, 0x1084, 0x10A4, 0x10A4, 0x10A4, 0x23ED, 0x4672, 0x56D2, 0x5ED1,
  0x6ED0, 0x76CF, 0x86AE, 0x8EAD, 0x9EAC, 0xA6AB, 0xB6AA, 0xBEA8, 0xCEA7, 0xD6A6, 0xD645, 0x83C4, 0x10A4, 0x10A4, 0x10A4, 0x10A4,
  0x10A4, 0x10A4, 0x1084, 0x10A4, 0x10A4, 0x10A4, 0x10A4, 0x10A4, 0x1084, 0x10A4, 0x1084, 0x10A4, 0x10A4, 0x10A4, 0x10A4, 0x1084,
  0x10A4, 0x10A4, 0x10A4, 0x10A4, 0x10A4, 0x10A4, 0x10A4, 0x10A4, 0x10A4, 0x10A4, 0x10A4, 0x10A4, 0x10A4, 0x10A4, 0x10A4, 0x10A4,
  0x10A4, 0x10A4, 0x10A4, 0x10A4, 0x10A4, 0x10A4, 0x10A4, 0x10A4, 0x10A4, 0x10A4, 0x10A4, 0x10A4, 0x10A4, 0x10A4, 0x10A4, 0x10A4,
  0x10A4, 0x10A4, 0x10A4, 0x10A4, 0x10A4, 0x10A4, 0x10A4, 0x10A4, 0x10C4, 0x10C4, 0x10C4, 0x10C4, 0x10C4, 0x10C4, 0x10C4, 0x10C4,
  0x10C4, 0x10C4, 0x10C4, 0x10C4, 0x10C5, 0x10E5, 0x10E5, 0x10E5, 0x10E5, 0x10E5, 0x10E5, 0x10E5, 0x10E5, 0x10E5, 0x10E5, 0x1105,
  0x10E5, 0x1105, 0x1105, 0x1105, 0x1105, 0x1105, 0x1105, 0x1105, 0x1125, 0x1125, 0x1126, 0x1126, 0x1126, 0x1126, 0x1126, 0x1126,
  0x1146, 0x1146, 0x1146, 0x1146, 0x1146, 0x1146, 0x1146, 0x1166, 0x1166, 0x1166, 0x1166, 0x1166, 0x1166, 0x1166, 0x1167, 0x1167,
  0x1167, 0x1167, 0x1166, 0x1167, 0x1166, 0x1166, 0x1166, 0x1166, 0x1166, 0x1146, 0x1146, 0x1146, 0x1146, 0x1146, 0x1146, 0x1146,
  0x1146, 0x1126, 0x1126, 0x1126, 0x1126, 0x1125, 0x1125, 0x1125, 0x1105, 0x1105, 0x1105, 0x1105, 0x1105, 0x1105, 0x1105, 0x1105,
  0x1105, 0x10E5, 0x10E5, 0x10E5, 0x10E5, 0x10E5, 0x10E5, 0x10E5, 0x10E5, 0x10E5, 0x10E5, 0x10C5, 0x10C4, 0x10C4, 0x10C4, 0x10C4,
  0x10C4, 0x10C4, 0x10C4, 0x10C4, 0x10C4, 0x10C4, 0x10C4, 0x10C4, 0x10C4, 0x10A4, 0x10A4, 0x10A4, 0x10A4, 0x10A4, 0x10A4, 0x10A4,
  0x10A4, 0x10A4, 0x10A4, 0x10A4, 0x10A4, 0x10A4, 0x10A4, 0x10A4, 0x10A4, 0x10A4, 0x10A4, 0x10A4, 0x10A4, 0x10A4, 0x10A4, 0x10A4,
  0x10A4, 0x10A4, 0x10A4, 0x10A4, 0x10A4, 0x10A4, 0x10A4, 0x10A4, 0x10A4, 0x10A4, 0x10A4, 0x10A4, 0x10A4, 0x10A4, 0x10A4, 0x10A4,
  0x10A4, 0x10A4, 0x10A4, 0x10A4, 0x10A4, 0x10A4, 0x10A4, 0x10A4, 0x10A4, 0x10A4, 0x10A4, 0x10A4, 0x10A4, 0x10A4, 0x10A4, 0x10A4,
  0x10A4, 0x10A4, 0x10A4, 0x10A4, 0x10A4, 0x10A4, 0x10A4, 0x10A4, 0x10A4, 0x10A4, 0x10A4, 0x10A4, 0x10A4, 0x10A4, 0x10A4, 0x10A4,
  0x10A4, 0x10A4, 0x10A4, 0x10A4, 0x10A4, 0x10A4, 0x10A4, 0x10A4, 0x10A4, 0x10A4, 0x10A4, 0x10A4, 0x10A4, 0x10A4, 0x10A4, 0x10A4,
  0x10A4, 0x10A4, 0x10A4, 0x10A4, 0x10A4, 0x10A4, 0x10A4, 0x10A4, 0x10A4, 0x10A4, 0x10A4, 0x10A4, 0x10A4, 0x10A4, 0x10A4, 0x10A4,
  0x10A4, 0x10A4, 0x10A4, 0x10A4, 0x10A4, 0x10A4, 0x10A4, 0x10A4, 0x10A4, 0x10A4, 0x10A4, 0x10A4, 0x10A4, 0x10A4, 0x10A4, 0x10A4,
  0x10A4, 0x10A4, 0x10A4, 0x10A4, 0x10A4, 0x10A4, 0x10A4, 0x10A4, 0x10A4, 0x10A4, 0x10A4, 0x23ED, 0x3ED5, 0x46D3, 0x56D2, 0x5ED1,
  0x6ED0, 0x76CF, 0x86AE, 0x8EAD, 0x9EAC, 0xA6AB, 0xB6AA, 0xBEA8, 0xCEA7, 0xD6A6, 0xE6A5, 0xEE84, 0x8BC3, 0x10A4, 0x10A4, 0x10A4,
  0x10A4, 0x10A4, 0x10A4, 0x10A4, 0x10A4, 0x10A4, 0x10A4, 0x10A4, 0x10A4, 0x10A4, 0x10A4, 0x10A4, 0x10A4, 0x10A4, 0x10A4, 0x10A4,
  0x10A4, 0x10A4, 0x10A4, 0x10A4, 0x10A4, 0x10A4, 0x10A4, 0x10A4, 0x10A4, 0x10A4, 0x10A4, 0x10A4, 0x10A4, 0x10A4, 0x10A4, 0x10A4,
  0x10A4, 0x10A4, 0x10A4, 0x10A4, 0x10A4, 0x10A4, 0x10A4, 0x10A4, 0x10A4, 0x10A4, 0x10A4, 0x10A4, 0x10A4, 0x10A4, 0x10A4, 0x10A4,
  0x10A4, 0x10A4, 0x10A4, 0x10A4, 0x10A4, 0x10A4, 0x10A4, 0x10C4, 0x10C4, 0x10C4, 0x10C4, 0x10C4, 0x10C4, 0x10C4, 0x10C4, 0x10C4,
  0x10C4, 0x10C4, 0x10C4, 0x10C4, 0x10C5, 0x10E5, 0x10E5, 0x10E5, 0x10E5, 0x10E5, 0x10E5, 0x10E5, 0x10E5, 0x10E5, 0x10E5, 0x1105,
  0x1105, 0x1105, 0x1105, 0x1105, 0x1105, 0x1105, 0x1105, 0x1105, 0x1125, 0x1125, 0x1125, 0x1125, 0x1126, 0x1126, 0x1126, 0x1126,
  0x1146, 0x1146, 0x1146, 0x1146, 0x1146, 0x1146, 0x1146, 0x1166, 0x1166, 0x1166, 0x1166, 0x1166, 0x1166, 0x1166, 0x1167, 0x1166,
  0x1167, 0x1166, 0x1167, 0x1166, 0x1166, 0x1166, 0x1166, 0x1166, 0x1146, 0x1146, 0x1146, 0x1146, 0x1146, 0x1146, 0x1146, 0x1146,
  0x1146, 0x1126, 0x1126, 0x1126, 0x1126, 0x1126, 0x1125, 0x1125, 0x1105, 0x1105, 0x1105, 0x1105, 0x1105, 0x1105, 0x1105, 0x1105,
  0x1105, 0x10E5, 0x10E5, 0x10E5, 0x10E5, 0x10E5, 0x10E5, 0x10E5, 0x10E5, 0x10E5, 0x10E5, 0x10C4, 0x10C4, 0x10C4, 0x10C4, 0x10C4,
  0x10C4, 0x10C4, 0x10C4, 0x10C4, 0x10C4, 0x10C4, 0x10C4, 0x10A4, 0x10C4, 0x10A4, 0x10A4, 0x10A4, 0x10A4, 0x10A4, 0x10A4, 0x10A4,
  0x10A4, 0x10A4, 0x10A4, 0x10A4, 0x10A4, 0x10A4, 0x10A4, 0x10A4, 0x10A4, 0x10A4, 0x10A4, 0x10A4, 0x10A4, 0x10A4, 0x10A4, 0x10A4,
  0x10A4, 0x10A4, 0x10A4, 0x10A4, 0x10A4, 0x10A4, 0x10A4, 0x10A4, 0x10A4, 0x10A4, 0x10A4, 0x10A4, 0x10A4, 0x10A4, 0x10A4, 0x10A4,
  0x10A4, 0x10A4, 0x10A4, 0x10A4, 0x10A4, 0x10A4, 0x10A4, 0x10A4, 0x10A4, 0x10A4, 0x10A4, 0x10A4, 0x10A4, 0x10A4, 0x10A4, 0x10A4,
  0x10A4, 0x10A4, 0x10A4, 0x10A4, 0x10A4, 0x10A4, 0x10A4, 0x10A4, 0x10A4, 0x10A4, 0x10A4, 0x10A4, 0x10A4, 0x10A4, 0x10A4, 0x10A4,
  0x10A4, 0x10A4, 0x10A4, 0x10A4, 0x10A4, 0x10A4, 0x10A4, 0x10A4, 0x10A4, 0x10A4, 0x10A4, 0x10A4, 0x10A4, 0x10A4, 0x10A4, 0x10A4,
  0x10A4, 0x10A4, 0x10A4, 0x10A4, 0x10A4, 0x10A4, 0x10A4, 0x10A4, 0x10A4, 0x10A4, 0x10A4, 0x10A4, 0x10A4, 0x10A4, 0x10A4, 0x10A4,
  0x10A4, 0x10A4, 0x10A4, 0x10A4, 0x10A4, 0x10A4, 0x10A4, 0x10A4, 0x10A4, 0x10A4, 0x10A4, 0x10A4, 0x10A4, 0x10A4, 0x10A4, 0x10A4,
  0x10A4, 0x10A4, 0x10A4, 0x10A4, 0x10A4, 0x10A4, 0x10A4, 0x10A4, 0x10A4, 0x10A4, 0x10A4, 0x2E75, 0x3612, 0x3DB1, 0x56D2, 0x5ED1,
  0x660F, 0x65AD, 0x86AE, 0x8EAD, 0x7D6A, 0x9E2A, 0xB6AA, 0xADE8, 0xADA7, 0xD6A6, 0xCDE5, 0xCDA4, 0xEE23, 0x10A4, 0x10A4, 0x10A4,
  0x10A4, 0x10A4, 0x10A4, 0x10A4, 0x10A4, 0x10A4, 0x10A4, 0x10A4, 0x10A4, 0x10A4, 0x10A4, 0x10A4, 0x10A4, 0x10A4, 0x10A4, 0x10A4,
  0x10A4, 0x10A4, 0x10A4, 0x10A4, 0x10A4, 0x10A4, 0x10A4, 0x10A4, 0x10A4, 0x10A4, 0x10A4, 0x10A4, 0x10A4, 0x10A4, 0x10A4, 0x10A4,
  0x10A4, 0x10A4, 0x10A4, 0x10A4, 0x10A4, 0x10A4, 0x10A4, 0x10A4, 0x10A4, 0x10A4, 0x10A4, 0x10A4, 0x10A4, 0x10A4, 0x10A4, 0x10A4,
  0x10A4, 0x10A4, 0x10A4, 0x10A4, 0x10A4, 0x10A4, 0x10A4, 0x10C4, 0x10C4, 0x10C4, 0x10C4, 0x10C4, 0x10C4, 0x10C4, 0x10C4, 0x10C4,
  0x10C4, 0x10C4, 0x10C4, 0x10C4, 0x10E5, 0x10E5, 0x10C5, 0x10E5, 0x10E5, 0x10E5, 0x10E5, 0x10E5, 0x10E5, 0x10E5, 0x10E5, 0x10E5,
  0x1105, 0x1105, 0x1105, 0x1105, 0x1105, 0x1105, 0x1105, 0x1105, 0x1125, 0x1125, 0x1125, 0x1126, 0x1126, 0x1126, 0x1126, 0x1146,
  0x1146, 0x1146, 0x1146, 0x1146, 0x1146, 0x1146, 0x1146, 0x1146, 0x1166, 0x1166, 0x1166, 0x1166, 0x1166, 0x1166, 0x1166, 0x1166,
  0x1166, 0x1166, 0x1166, 0x1166, 0x1166, 0x1166, 0x1166, 0x1166, 0x1146, 0x1146, 0x1146, 0x1146, 0x1146, 0x1146, 0x1146, 0x1146,
  0x1126, 0x1126, 0x1126, 0x1126, 0x1126, 0x1126, 0x1125, 0x1125, 0x1105, 0x1105, 0x1105, 0x1105, 0x1105, 0x1105, 0x1105, 0x1105,
  0x10E5, 0x10E5, 0x10E5, 0x10E5, 0x10E5, 0x10E5, 0x10E5, 0x10E5, 0x10E5, 0x10E5, 0x10E5, 0x10C4, 0x10C4, 0x10C4, 0x10C4, 0x10C4,
  0x10C4, 0x10C4, 0x10C4, 0x10C4, 0x10C4, 0x10C4, 0x10C4, 0x10C4, 0x10A4, 0x10A4, 0x10A4, 0x10A4, 0x10A4, 0x10A4, 0x10A4, 0x10A4,
  0x10A4, 0x10A4, 0x10A4, 0x10A4, 0x10A4, 0x10A4, 0x10A4, 0x10A4, 0x10A4, 0x10A4, 0x10A4, 0x10A4, 0x10A4, 0x10A4, 0x10A4, 0x10A4,
  0x10A4, 0x10A4, 0x10A4, 0x10A4, 0x10A4, 0x10A4, 0x10A4, 0x10A4, 0x10A4, 0x10A4, 0x10A4, 0x10A4, 0x10A4, 0x10A4, 0x10A4, 0x10A4,
  0x10A4, 0x10A4, 0x10A4, 0x10A4, 0x10A4, 0x10A4, 0x10A4, 0x10A4, 0x10A4, 0x10A4, 0x10A4, 0x10A4, 0x10A4, 0x10A4, 0x10A4, 0x10A4,
  0x10A4, 0x10A4, 0x10A4, 0x10A4, 0x10A4, 0x10A4, 0x10A4, 0x10A4, 0x10A4, 0x10A4, 0x10A4, 0x10A4, 0x10A4, 0x10A4, 0x10A4, 0x10A4,
  0x10A4, 0x10A4, 0x10A4, 0x10A4, 0x10A4, 0x10A4, 0x10A4, 0x10A4, 0x10A4, 0x10A4, 0x10A4, 0x10A4, 0x10A4, 0x10A4, 0x10A4, 0x10A4,
  0x10A4, 0x10A4, 0x10A4, 0x10A4, 0x10A4, 0x10A4, 0x10A4, 0x10A4, 0x10A4, 0x10A4, 0x10A4, 0x10A4, 0x10A4, 0x10A4, 0x10A4, 0x10A4,
  0x10A4, 0x10A4, 0x10A4, 0x10A4, 0x10A4, 0x10A4, 0x10A4, 0x10A4, 0x10A4, 0x10A4, 0x10A4, 0x10A4, 0x10A4, 0x10A4, 0x10A4, 0x10A4,
  0x10A4, 0x10A4, 0x10A4, 0x10A4, 0x10A4, 0x10A4, 0x10A4, 0x10A4, 0x10A4, 0x10A4, 0x10A4, 0x2ED6, 0x23CC, 0x1104, 0x4E71, 0x5ED1,
  0x2A27, 0x2A46, 0x86AE, 0x862C, 0x18E4, 0x5B67, 0xB6AA, 0xAE08, 0x2964, 0xC5E6, 0x39E4, 0xBD44, 0xFE83, 0x10A4, 0x10A4, 0x10A4,
  0x10A4, 0x10A4, 0x10A4, 0x10A4, 0x10A4, 0x10A4, 0x10A4, 0x10A4, 0x10A4, 0x10A4, 0x10A4, 0x10A4, 0x10A4, 0x10A4, 0x10A4, 0x10A4,
  0x10A4, 0x10A4, 0x10A4, 0x10A4, 0x10A4, 0x10A4, 0x10A4, 0x10A4, 0x10A4, 0x10A4, 0x10A4, 0x10A4, 0x10A4, 0x10A4, 0x10A4, 0x10A4,
  0x10A4, 0x10A4, 0x10A4, 0x10A4, 0x10A4, 0x10A4, 0x10A4, 0x10A4, 0x10A4, 0x10A4, 0x10A4, 0x10A4, 0x10A4, 0x10A4, 0x10A4, 0x10A4,
  0x10A4, 0x10A4, 0x10A4, 0x10A4, 0x10A4, 0x10A4, 0x10C4, 0x10A4, 0x10C4, 0x10C4, 0x10C4, 0x10C4, 0x10C4, 0x10C4, 0x10C4, 0x10C4,
  0x10C4, 0x10C4, 0x10C4, 0x10C4, 0x10C5, 0x10E5, 0x10E5, 0x10E5, 0x10E5, 0x10E5, 0x10E5, 0x10E5, 0x10E5, 0x10E5, 0x10E5, 0x10E5,
  0x1105, 0x1105, 0x1105, 0x1105, 0x1105, 0x1105, 0x1105, 0x1105, 0x1105, 0x1125, 0x1125, 0x1126, 0x1126, 0x1126, 0x1126, 0x1126,
  0x1126, 0x1146, 0x1146, 0x1146, 0x1146, 0x1146, 0x1146, 0x1146, 0x1146, 0x1166, 0x1166, 0x1166, 0x1166, 0x1166, 0x1166, 0x1166,
  0x1166, 0x1166, 0x1166, 0x1166, 0x1166, 0x1166, 0x1166, 0x1166, 0x1166, 0x1146, 0x1146, 0x1146, 0x1146, 0x1146, 0x1146, 0x1146,
  0x1126, 0x1126, 0x1126, 0x1126, 0x1126, 0x1126, 0x1125, 0x1125, 0x1105, 0x1105, 0x1105, 0x1105, 0x1105, 0x1105, 0x1105, 0x1105,
  0x1105, 0x10E5, 0x10E5, 0x10E5, 0x10E5, 0x10E5, 0x10E5, 0x10E5, 0x10E5, 0x10E5, 0x10E5, 0x10C4, 0x10C4, 0x10C4, 0x10C4, 0x10C4,
  0x10C4, 0x10C4, 0x10C4, 0x10C4, 0x10C4, 0x10C4, 0x10C4, 0x10C4, 0x10A4, 0x10A4, 0x10A4, 0x10A4, 0x10A4, 0x10A4, 0x10A4, 0x10A4,
  0x10A4, 0x10A4, 0x10A4, 0x10A4, 0x10A4, 0x10A4, 0x10A4, 0x10A4, 0x10A4, 0x10A4, 0x10A4, 0x10A4, 0x10A4, 0x10A4, 0x10A4, 0x10A4,
  0x10A4, 0x10A4, 0x10A4, 0x10A4, 0x10A4, 0x10A4, 0x10A4, 0x10A4, 0x10A4, 0x10A4, 0x10A4, 0x10A4, 0x10A4, 0x10A4, 0x10A4, 0x10A4,
  0x10A4, 0x10A4, 0x10A4, 0x10A4, 0x10A4, 0x10A4, 0x10A4, 0x10A4, 0x10A4, 0x10A4, 0x10A4, 0x10A4, 0x10A4, 0x10A4, 0x10A4, 0x10A4,
  0x10A4, 0x10A4, 0x10A4, 0x10A4, 0x10A4, 0x10A4, 0x10A4, 0x10A4, 0x10A4, 0x10A4, 0x10A4, 0x10A4, 0x10A4, 0x10A4, 0x10A4, 0x10A4,
  0x10A4, 0x10A4, 0x10A4, 0x10A4, 0x10A4, 0x10A4, 0x10A4, 0x10A4, 0x10A4, 0x10A4, 0x10A4, 0x10A4, 0x10A4, 0x10A4, 0x10A4, 0x10A4,
  0x10A4, 0x10A4, 0x10A4, 0x10A4, 0x10A4, 0x10A4, 0x10A4, 0x10A4, 0x10A4, 0x10A4, 0x10A4, 0x10A4, 0x10A4, 0x10A4, 0x10A4, 0x10A4,
  0x10A4, 0x10A4, 0x10A4, 0x10A4, 0x10A4, 0x10A4, 0x10A4, 0x10A4, 0x10A4, 0x10A4, 0x10A4, 0x10A4, 0x10A4, 0x10A4, 0x10A4, 0x10A4,
  0x10A4, 0x10A4, 0x10A4, 0x10A4, 0x10A4, 0x10A4, 0x10A4, 0x10A4, 0x10A4, 0x10A4, 0x10A4, 0x2ED6, 0x23CC, 0x1965, 0x33CB, 0x4D4E,
  0x1965, 0x2A46, 0x86AE, 0x5409, 0x5367, 0x2984, 0xB689, 0xBEA8, 0x8446, 0x2964, 0x6B24, 0xEE84, 0xFE83, 0x10A4, 0x10A4, 0x10A4,
  0x10A4, 0x10A4, 0x10A4, 0x10A4, 0x10A4, 0x10A4, 0x10A4, 0x10A4, 0x10A4, 0x10A4, 0x10A4, 0x10A4, 0x10A4, 0x10A4, 0x10A4, 0x10A4,
  0x10A4, 0x10A4, 0x10A4, 0x10A4, 0x10A4, 0x10A4, 0x10A4, 0x10A4, 0x10A4, 0x10A4, 0x10A4, 0x10A4, 0x10A4, 0x10A4, 0x10A4, 0x10A4,
  0x10A4, 0x10A4, 0x10A4, 0x10A4, 0x10A4, 0x10A4, 0x10A4, 0x10A4, 0x10A4, 0x10A4, 0x10A4, 0x10A4, 0x10A4, 0x10A4, 0x10A4, 0x10A4,
  0x10A4, 0x10A4, 0x10A4, 0x10A4, 0x10A4, 0x10A4, 0x10A4, 0x10A4, 0x10A4, 0x10C4, 0x10C4, 0x10C4, 0x10C4, 0x10C4, 0x10C4, 0x10C4,
  0x10C4, 0x10C4, 0x10C4, 0x10C4, 0x10C4, 0x10C5, 0x10E5, 0x10E5, 0x10E5, 0x10E5, 0x10E5, 0x10E5, 0x10E5, 0x10E5, 0x10E5, 0x10E5,
  0x10E5, 0x1105, 0x1105, 0x1105, 0x1105, 0x1105, 0x1105, 0x1105, 0x1105, 0x1125, 0x1126, 0x1125, 0x1126, 0x1126, 0x1126, 0x1126,
  0x1146, 0x1146, 0x1146, 0x1146, 0x1146, 0x1146, 0x1146, 0x1146, 0x1166, 0x1166, 0x1166, 0x1166, 0x1166, 0x1166, 0x1166, 0x1166,
  0x1166, 0x1166, 0x1166, 0x1166, 0x1166, 0x1166, 0x1166, 0x1166, 0x1166, 0x1146, 0x1146, 0x1146, 0x1146, 0x1146, 0x1146, 0x1146,
  0x1126, 0x1126, 0x1126, 0x1126, 0x1126, 0x1125, 0x1125, 0x1125, 0x1105, 0x1105, 0x1105, 0x1105, 0x1105, 0x1105, 0x1105, 0x1105,
  0x1105, 0x10E5, 0x10E5, 0x10E5, 0x10E5, 0x10E5, 0x10E5, 0x10E5, 0x10E5, 0x10E5, 0x10E5, 0x10E5, 0x10E5, 0x10E4, 0x10C4, 0x10C4,
  0x10C4, 0x10C4, 0x10C4, 0x10C4, 0x10C4, 0x10C4, 0x10C4, 0x10C4, 0x10C4, 0x10C4, 0x10C4, 0x10C4, 0x10C4, 0x10C4, 0x10A4, 0x10A4,
  0x10A4, 0x10A4, 0x10A4, 0x10A4, 0x10A4, 0x10A4, 0x10A4, 0x10A4, 0x10A4, 0x10A4, 0x10A4, 0x10A4, 0x10A4, 0x10A4, 0x10A4, 0x10A4,
  0x10A4, 0x10A4, 0x10A4, 0x10A4, 0x10A4, 0x10A4, 0x10A4, 0x10A4, 0x10A4, 0x10A4, 0x10A4, 0x10A4, 0x10A4, 0x10A4, 0x10A4, 0x10A4,
  0x10A4, 0x10A4, 0x10A4, 0x10A4, 0x10A4, 0x10A4, 0x10A4, 0x10A4, 0x10A4, 0x10A4, 0x10A4, 0x10A4, 0x10A4, 0x10A4, 0x10A4, 0x10A4,
  0x10A4, 0x10A4, 0x10A4, 0x10A4, 0x10A4, 0x10A4, 0x10A4, 0x10A4, 0x10A4, 0x10A4, 0x10A4, 0x10A4, 0x10A4, 0x10A4, 0x10A4, 0x10A4,
  0x10A4, 0x10A4, 0x10A4, 0x10A4, 0x10A4, 0x10A4, 0x10A4, 0x10A4, 0x10A4, 0x10A4, 0x10A4, 0x10A4, 0x10A4, 0x10A4, 0x10A4, 0x10A4,
  0x10A4, 0x10A4, 0x10A4, 0x10A4, 0x10A4, 0x10A4, 0x10A4, 0x10A4, 0x10A4, 0x10A4, 0x10A4, 0x10A4, 0x10A4, 0x10A4, 0x10A4, 0x10A4,
  0x10A4, 0x10A4, 0x10A4, 0x10A4, 0x10A4, 0x10A4, 0x10A4, 0x10A4, 0x10A4, 0x10A4, 0x10A4, 0x10A4, 0x10A4, 0x10A4, 0x10A4, 0x10A4,
  0x10A4, 0x10A4, 0x10A4, 0x10A4, 0x10A4, 0x10A4, 0x10A4, 0x10A4, 0x10A4, 0x10A4, 0x10A4, 0x2ED6, 0x23CC, 0x2BAB, 0x19A6, 0x2227,
  0x442B, 0x2A46, 0x86AE, 0x29C5, 0x6469, 0x31E5, 0x8508, 0xBEA8, 0xA567, 0x10C4, 0x9464, 0xEE84, 0xFE83, 0x10A4, 0x10A4, 0x10A4,
  0x10A4, 0x10A4, 0x10A4, 0x10A4, 0x10A4, 0x10A4, 0x10A4, 0x10A4, 0x10A4, 0x10A4, 0x10A4, 0x10A4, 0x10A4, 0x10A4, 0x10A4, 0x10A4,
  0x10A4, 0x10A4, 0x10A4, 0x10A4, 0x10A4, 0x10A4, 0x10A4, 0x10A4, 0x10A4, 0x10A4, 0x10A4, 0x10A4, 0x10A4, 0x10A4, 0x10A4, 0x10A4,
  0x10A4, 0x10A4, 0x10A4, 0x10A4, 0x10A4, 0x10A4, 0x10A4, 0x10A4, 0x10A4, 0x10A4, 0x10A4, 0x10A4, 0x10A4, 0x10A4, 0x10A4, 0x10A4,
  0x10A4, 0x10A4, 0x10A4, 0x10A4, 0x10A4, 0x10A4, 0x10A4, 0x10A4, 0x10A4, 0x10A4, 0x10C4, 0x10C4, 0x10C4, 0x10C4, 0x10C4, 0x10C4,
  0x10C4, 0x10C4, 0x10C4, 0x10C4, 0x10C4, 0x10C5, 0x10E5, 0x10E5, 0x10E5, 0x10E5, 0x10E5, 0x10E5, 0x10E5, 0x10E5, 0x10E5, 0x10E5,
  0x1105, 0x1105, 0x1105, 0x1105, 0x1105, 0x1105, 0x1105, 0x1105, 0x1105, 0x1105, 0x1125, 0x1126, 0x1126, 0x1126, 0x1126, 0x1126,
  0x1126, 0x1146, 0x1146, 0x1146, 0x1146, 0x1146, 0x1146, 0x1146, 0x1166, 0x1166, 0x1166, 0x1166, 0x1166, 0x1166, 0x1166, 0x1166,
  0x1166, 0x1166, 0x1166, 0x1166, 0x1166, 0x1166, 0x1166, 0x1166, 0x1146, 0x1146, 0x1146, 0x1146, 0x1146, 0x1146, 0x1146, 0x1146,
  0x1126, 0x1126, 0x1126, 0x1126, 0x1126, 0x1125, 0x1125, 0x1105, 0x1105, 0x1105, 0x1105, 0x1105, 0x1105, 0x1105, 0x1105, 0x1105,
  0x10E5, 0x10E5, 0x10E5, 0x10E5, 0x10E5, 0x10E5, 0x10E5, 0x10E5, 0x10E5, 0x08A4, 0x08A4, 0x08A4, 0x08A4, 0x0884, 0x0884, 0x0884,
  0x0884, 0x0884, 0x0884, 0x0884, 0x0884, 0x0884, 0x0884, 0x0884, 0x0884, 0x0884, 0x0884, 0x0884, 0x0884, 0x0884, 0x0864, 0x0884,
  0x0864, 0x0864, 0x0864, 0x0864, 0x0864, 0x0864, 0x0864, 0x0864, 0x0864, 0x0864, 0x0864, 0x0864, 0x0864, 0x0864, 0x0864, 0x0864,
  0x0864, 0x0864, 0x0864, 0x0864, 0x0864, 0x0864, 0x0864, 0x0864, 0x0864, 0x0864, 0x0864, 0x0864, 0x0864, 0x0864, 0x0864, 0x0864,
  0x0864, 0x0864, 0x0864, 0x0864, 0x0864, 0x0864, 0x0864, 0x0864, 0x0864, 0x0864, 0x0864, 0x0864, 0x0864, 0x0864, 0x0864, 0x0864,
  0x0864, 0x0864, 0x0864, 0x0864, 0x0864, 0x0864, 0x0864, 0x0864, 0x0864, 0x0864, 0x0864, 0x0864, 0x0864, 0x0864, 0x0864, 0x0864,
  0x0864, 0x0864, 0x0864, 0x0864, 0x0864, 0x0864, 0x0864, 0x0864, 0x0864, 0x0864, 0x0864, 0x0864, 0x0864, 0x0864, 0x0864, 0x0864,
  0x0864, 0x0864, 0x0864, 0x0864, 0x0864, 0x0864, 0x0864, 0x0864, 0x0864, 0x0864, 0x0864, 0x0864, 0x0864, 0x0864, 0x0864, 0x0864,
  0x10A4, 0x10A4, 0x10A4, 0x10A4, 0x10A4, 0x10A4, 0x10A4, 0x10A4, 0x10A4, 0x10A4, 0x10A4, 0x10A4, 0x10A4, 0x10A4, 0x10A4, 0x10A4,
  0x10A4, 0x10A4, 0x10A4, 0x10A4, 0x10A4, 0x10A4, 0x10A4, 0x10A4, 0x10A4, 0x10A4, 0x10A4, 0x2ED6, 0x23CC, 0x33EC, 0x340C, 0x2A88,
  0x556E, 0x2A46, 0x6DAC, 0x21A5, 0x53A8, 0x4AE6, 0x4AE6, 0xBE88, 0x39E4, 0x9485, 0x2984, 0xDE24, 0xFE83, 0x10A4, 0x10A4, 0x10A4,
  0x10A4, 0x10A4, 0x10A4, 0x10A4, 0x10A4, 0x10A4, 0x10A4, 0x10A4, 0x10A4, 0x10A4, 0x10A4, 0x10A4, 0x10A4, 0x10A4, 0x10A4, 0x10A4,
  0x10A4, 0x10A4, 0x10A4, 0x10A4, 0x10A4, 0x10A4, 0x10A4, 0x10A4, 0x10A4, 0x10A4, 0x10A4, 0x10A4, 0x10A4, 0x10A4, 0x10A4, 0x10A4,
  0x10A4, 0x10A4, 0x10A4, 0x10A4, 0x10A4, 0x10A4, 0x10A4, 0x10A4, 0x10A4, 0x10A4, 0x10A4, 0x10A4, 0x10A4, 0x10A4, 0x10A4, 0x10A4,
  0x10A4, 0x10A4, 0x10A4, 0x10A4, 0x10A4, 0x10A4, 0x10A4, 0x10C4, 0x10C4, 0x10C4, 0x10C4, 0x10C4, 0x10C4, 0x10C4, 0x10C4, 0x10C4,
  0x10C4, 0x10C4, 0x10C4, 0x10C4, 0x10C4, 0x10C4, 0x10E5, 0x10E5, 0x10E5, 0x10E5, 0x10E5, 0x10E5, 0x10E5, 0x10E5, 0x10E5, 0x10E5,
  0x10E5, 0x1105, 0x1105, 0x1105, 0x1105, 0x1105, 0x1105, 0x1105, 0x1105, 0x1125, 0x1125, 0x1125, 0x1126, 0x1126, 0x1126, 0x1126,
  0x1126, 0x1146, 0x1146, 0x1146, 0x1146, 0x1146, 0x1146, 0x1146, 0x1146, 0x1146, 0x1166, 0x1166, 0x1166, 0x1166, 0x1166, 0x1166,
  0x1166, 0x1166, 0x1166, 0x1166, 0x1166, 0x1166, 0x1166, 0x1146, 0x1146, 0x1146, 0x1146, 0x1146, 0x1146, 0x1146, 0x1146, 0x1146,
  0x1126, 0x1126, 0x1126, 0x1126, 0x1125, 0x1125, 0x1125, 0x1125, 0x1105, 0x1105, 0x1105, 0x1105, 0x1105, 0x1105, 0x1105, 0x1105,
  0x10E5, 0x10E5, 0x10E5, 0x10E5, 0x10E5, 0x10E5, 0x10E5, 0x10E5, 0x08C5, 0x21A5, 0x29A5, 0x29A5, 0x29A5, 0x29A5, 0x29A5, 0x29A5,
  0x29A5, 0x29A5, 0x29A5, 0x29A5, 0x29A5, 0x29A4, 0x29A4, 0x2984, 0x2984, 0x2984, 0x2984, 0x3184, 0x3184, 0x3184, 0x3184, 0x3184,
  0x3184, 0x3184, 0x3184, 0x3184, 0x3184, 0x3184, 0x3184, 0x3184, 0x3184, 0x3184, 0x3184, 0x3184, 0x3183, 0x3183, 0x3183, 0x3183,
  0x3183, 0x3183, 0x3183, 0x3183, 0x3183, 0x3983, 0x3983, 0x3983, 0x3983, 0x3963, 0x3983, 0x3963, 0x3983, 0x3983, 0x3983, 0x3983,
  0x3983, 0x3983, 0x3983, 0x3983, 0x3983, 0x3983, 0x3983, 0x3983, 0x3983, 0x3983, 0x3983, 0x3983, 0x3983, 0x3983, 0x3983, 0x3983,
  0x3983, 0x3983, 0x3983, 0x3983, 0x3983, 0x3983, 0x3983, 0x3983, 0x3983, 0x3983, 0x3983, 0x3983, 0x3983, 0x3983, 0x3963, 0x3983,
  0x3983, 0x3983, 0x3983, 0x3983, 0x3983, 0x3983, 0x3983, 0x3983, 0x3983, 0x3983, 0x3983, 0x3983, 0x3983, 0x3983, 0x3983, 0x3983,
  0x3983, 0x3983, 0x3983, 0x3983, 0x3983, 0x3983, 0x3983, 0x3983, 0x3983, 0x3983, 0x3983, 0x3983, 0x3983, 0x3983, 0x3983, 0x3983,
  0x10A4, 0x10A4, 0x10A4, 0x10A4, 0x10A4, 0x10A4, 0x10A4, 0x10A4, 0x10A4, 0x10A4, 0x10A4, 0x10A4, 0x10A4, 0x10A4, 0x10A4, 0x10A4,
  0x10A4, 0x10A4, 0x10A4, 0x10A4, 0x10A4, 0x10A4, 0x10A4, 0x10A4, 0x10A4, 0x10A4, 0x10A4, 0x2ED6, 0x2CEF, 0x3D0F, 0x56D2, 0x5ED1,
  0x5DEF, 0x4BEA, 0x64EB, 0x6CCA, 0x9EAC, 0xA66A, 0x5346, 0x9D68, 0x73E6, 0xD6A6, 0x9C85, 0xACA4, 0xFE83, 0x10A4, 0x10A4, 0x10A4,
  0x10A4, 0x10A4, 0x10A4, 0x10A4, 0x10A4, 0x10A4, 0x10A4, 0x10A4, 0x10A4, 0x10A4, 0x10A4, 0x10A4, 0x10A4, 0x10A4, 0x10A4, 0x10A4,
  0x10A4, 0x10A4, 0x10A4, 0x10A4, 0x10A4, 0x10A4, 0x10A4, 0x10A4, 0x10A4, 0x10A4, 0x10A4, 0x10A4, 0x10A4, 0x10A4, 0x10A4, 0x10A4,
  0x10A4, 0x10A4, 0x10A4, 0x10A4, 0x10A4, 0x10A4, 0x10A4, 0x10A4, 0x10A4, 0x10A4, 0x10A4, 0x10A4, 0x10A4, 0x10A4, 0x10A4, 0x10A4,
  0x10A4, 0x10A4, 0x10A4, 0x10A4, 0x10A4, 0x10A4, 0x10A4, 0x10C4, 0x10C4, 0x10C4, 0x10C4, 0x10C4, 0x10C4, 0x10C4, 0x10C4, 0x10C4,
  0x10C4, 0x10C4, 0x10C4, 0x10C4, 0x10C4, 0x10C5, 0x10E5, 0x10E5, 0x10E5, 0x10E5, 0x10E5, 0x10E5, 0x10E5, 0x10E5, 0x10E5, 0x10E5,
  0x10E5, 0x1105, 0x1105, 0x1105, 0x1105, 0x1105, 0x1105, 0x1105, 0x1105, 0x1125, 0x1125, 0x1125, 0x1126, 0x1126, 0x1126, 0x1126,
  0x1126, 0x1146, 0x1146, 0x1146, 0x1146, 0x1146, 0x1146, 0x1146, 0x1146, 0x1146, 0x1146, 0x1166, 0x1166, 0x1166, 0x1166, 0x1166,
  0x1166, 0x1166, 0x1166, 0x1166, 0x1166, 0x1146, 0x1146, 0x1146, 0x1146, 0x1146, 0x1146, 0x1146, 0x1146, 0x1146, 0x1146, 0x1126,
  0x1126, 0x1126, 0x1126, 0x1126, 0x1126, 0x1125, 0x1125, 0x1105, 0x1105, 0x1105, 0x1105, 0x1105, 0x1105, 0x1105, 0x1105, 0x1105,
  0x10E5, 0x10E5, 0x10E5, 0x10E5, 0x10E5, 0x10E5, 0x10E5, 0x08A4, 0x6C27, 0xA649, 0x95C8, 0x9DE8, 0x9DE8, 0x9DE8, 0x9DE8, 0x9DC8,
  0xA5C7, 0xA5C7, 0xA5C7, 0xA5C7, 0xADC7, 0xADC7, 0xADC6, 0xADC6, 0xB5C6, 0xB5C6, 0xB5C6, 0xB5C5, 0xB5C5, 0xBDA5, 0xBDA5, 0xBDA5,
  0xBDA5, 0xBDA4, 0xC5A4, 0xC5A4, 0xC5A4, 0xC5A4, 0xC5A3, 0xCDA3, 0xCDA3, 0xCDA3, 0xCDA3, 0xD5A3, 0xD582, 0xD582, 0xD582, 0xD582,
  0xDD82, 0xDD81, 0xDD81, 0xDD81, 0xE581, 0xE581, 0xE581, 0xE581, 0xE581, 0xE581, 0xE581, 0xE580, 0xE580, 0xE580, 0xE581, 0xE580,
  0xE581, 0xE580, 0xE580, 0xE580, 0xE580, 0xE580, 0xE580, 0xE580, 0xE580, 0xE581, 0xE581, 0xE581, 0xE581, 0xE580, 0xE580, 0xE580,
  0xE580, 0xE580, 0xE580, 0xE580, 0xE581, 0xE580, 0xE580, 0xE581, 0xE581, 0xE581, 0xE580, 0xE580, 0xE580, 0xE581, 0xE580, 0xE580,
  0xE580, 0xE580, 0xE580, 0xE580, 0xE580, 0xE581, 0xE580, 0xE581, 0xE580, 0xE580, 0xE580, 0xE580, 0xE581, 0xE581, 0xE581, 0xE580,
  0xE580, 0xE580, 0xE581, 0xE580, 0xE581, 0xE581, 0xE580, 0xE580, 0xE581, 0xE581, 0xE581, 0xE580, 0xE580, 0xE580, 0xE580, 0xE581,
  0x10A4, 0x10A4, 0x10A4, 0x10A4, 0x10A4, 0x10A4, 0x10A4, 0x10A4, 0x10A4, 0x10A4, 0x10A4, 0x10A4, 0x10A4, 0x10A4, 0x10A4, 0x10A4,
  0x10A4, 0x10A4, 0x10A4, 0x10A4, 0x10A4, 0x10A4, 0x10A4, 0x10A4, 0x10A4, 0x10A4, 0x10A4, 0x2E75, 0x3ED5, 0x46D3, 0x56D2, 0x5ED1,
  0x6ED0, 0x76CF, 0x86AE, 0x8EAD, 0x9EAC, 0xA6AB, 0xB6AA, 0xBEA8, 0xCEA7, 0xD6A6, 0xE6A5, 0xEE84, 0xEE23, 0x10A4, 0x10A4, 0x10A4,
  0x10A4, 0x10A4, 0x10A4, 0x10A4, 0x10A4, 0x10A4, 0x10A4, 0x10A4, 0x10A4, 0x10A4, 0x10A4, 0x10A4, 0x10A4, 0x10A4, 0x10A4, 0x10A4,
  0x10A4, 0x10A4, 0x10A4, 0x10A4, 0x10A4, 0x10A4, 0x10A4, 0x10A4, 0x10A4, 0x10A4, 0x10A4, 0x10A4, 0x10A4, 0x10A4, 0x10A4, 0x10A4,
  0x10A4, 0x10A4, 0x10A4, 0x10A4, 0x10A4, 0x10A4, 0x10A4, 0x10A4, 0x10A4, 0x10A4, 0x10A4, 0x10A4, 0x10A4, 0x10A4, 0x10A4, 0x10A4,
  0x10A4, 0x10A4, 0x10A4, 0x10A4, 0x10A4, 0x10A4, 0x10A4, 0x10A4, 0x10C4, 0x10C4, 0x10C4, 0x10C4, 0x10C4, 0x10C4, 0x10C4, 0x10C4,
  0x10C4, 0x10C4, 0x10C4, 0x10C5, 0x10C4, 0x10E5, 0x10E5, 0x10E5, 0x10E5, 0x10E5, 0x10E5, 0x10E5, 0x10E5, 0x10E5, 0x10E5, 0x10E5,
  0x1105, 0x1105, 0x1105, 0x1105, 0x1105, 0x1105, 0x1105, 0x1105, 0x1105, 0x1125, 0x1125, 0x1125, 0x1126, 0x1126, 0x1126, 0x1126,
  0x1126, 0x1146, 0x1146, 0x1146, 0x1146, 0x1146, 0x1146, 0x1146, 0x1146, 0x1146, 0x1146, 0x1146, 0x1166, 0x1166, 0x1166, 0x1166,
  0x1166, 0x1166, 0x1166, 0x1166, 0x1146, 0x1146, 0x1146, 0x1146, 0x1146, 0x1146, 0x1146, 0x1146, 0x1146, 0x1146, 0x1146, 0x1126,
  0x1126, 0x1126, 0x1126, 0x1126, 0x1126, 0x1125, 0x1125, 0x1125, 0x1105, 0x1105, 0x1105, 0x1105, 0x1105, 0x1105, 0x1105, 0x1105,
  0x10E5, 0x10E5, 0x10E5, 0x10E5, 0x10E5, 0x10E5, 0x0884, 0x6C47, 0x95C9, 0x1A07, 0x09C8, 0x11C8, 0x11C8, 0x11C8, 0x09C7, 0x11C8,
  0x09C8, 0x11C7, 0x11A7, 0x11A7, 0x11A7, 0x11A7, 0x11A7, 0x11A7, 0x11A7, 0x11A7, 0x11A7, 0x11A7, 0x11A7, 0x11A7, 0x11A7, 0x11A7,
  0x11A7, 0x11A7, 0x11A7, 0x11A7, 0x11A7, 0x11A7, 0x11A7, 0x11A7, 0x11A7, 0x11A7, 0x11A7, 0x11A7, 0x11A7, 0x11A7, 0x11A7, 0x11A7,
  0x11A7, 0x11A7, 0x11A7, 0x11A7, 0x11A7, 0x11A7, 0x11A7, 0x11A7, 0x11A7, 0x11A7, 0x11A7, 0x11A7, 0x11A7, 0x11A7, 0x11A7, 0x11A7,
  0x11A7, 0x11A7, 0x11A7, 0x11A7, 0x11A7, 0x11A7, 0x11A7, 0x11A7, 0x11A7, 0x11A7, 0x11A7, 0x11A7, 0x11A7, 0x11A7, 0x11A7, 0x11A7,
  0x11A7, 0x11A7, 0x11A7, 0x11A7, 0x11A7, 0x11A7, 0x11A7, 0x11A7, 0x11A7, 0x11A7, 0x11A7, 0x11A7, 0x11A7, 0x11A7, 0x11A7, 0x11A7,
  0x11A7, 0x11A7, 0x11A7, 0x11A7, 0x11A7, 0x11A7, 0x11A7, 0x11A7, 0x11A7, 0x11A7, 0x11A7, 0x11A7, 0x11A7, 0x11A7, 0x11A7, 0x11A7,
  0x11A7, 0x11A7, 0x11A7, 0x11A7, 0x11A7, 0x11A7, 0x11A7, 0x11A7, 0x11A7, 0x11A7, 0x11A7, 0x11A7, 0x11A7, 0x11A7, 0x11A7, 0x11A7,
  0x10A4, 0x10A4, 0x10A4, 0x10A4, 0x10A4, 0x10A4, 0x10A4, 0x10A4, 0x10A4, 0x10A4, 0x10A4, 0x10A4, 0x10A4, 0x10A4, 0x10A4, 0x10A4,
  0x10A4, 0x10A4, 0x10A4, 0x10A4, 0x10A4, 0x10A4, 0x10A4, 0x10A4, 0x10A4, 0x10A4, 0x10A4, 0x23ED, 0x3ED5, 0x46D3, 0x56D2, 0x5ED1,
  0x6ED0, 0x76CF, 0x86AE, 0x8EAD, 0x9EAC, 0xA6AB, 0xB6AA, 0xBEA8, 0xCEA7, 0xD6A6, 0xE6A5, 0xEE84, 0x8BC3, 0x10A4, 0x10A4, 0x10A4,
  0x10A4, 0x10A4, 0x10A4, 0x10A4, 0x10A4, 0x10A4, 0x10A4, 0x10A4, 0x10A4, 0x10A4, 0x10A4, 0x10A4, 0x10A4, 0x10A4, 0x10A4, 0x10A4,
  0x10A4, 0x10A4, 0x10A4, 0x10A4, 0x10A4, 0x10A4, 0x10A4, 0x10A4, 0x10A4, 0x10A4, 0x10A4, 0x10A4, 0x10A4, 0x10A4, 0x10A4, 0x10A4,
  0x10A4, 0x10A4, 0x10A4, 0x10A4, 0x10A4, 0x10A4, 0x10A4, 0x10A4, 0x10A4, 0x10A4, 0x10A4, 0x10A4, 0x10A4, 0x10A4, 0x10A4, 0x10A4,
  0x10A4, 0x10A4, 0x10A4, 0x10A4, 0x10A4, 0x10A4, 0x10A4, 0x10A4, 0x10C4, 0x10C4, 0x10C4, 0x10C4, 0x10C4, 0x10C4, 0x10C4, 0x10C4,
  0x10C5, 0x10C4, 0x10E5, 0x10E5, 0x10E5, 0x10E5, 0x10E5, 0x10E5, 0x10E5, 0x10E5, 0x10E5, 0x10E5, 0x10E5, 0x10E5, 0x1105, 0x10E5,
  0x1105, 0x1105, 0x1105, 0x1105, 0x1105, 0x1105, 0x1105, 0x1105, 0x1105, 0x1125, 0x1125, 0x1125, 0x1126, 0x1126, 0x1126, 0x1126,
  0x1126, 0x1126, 0x1146, 0x1146, 0x1146, 0x1146, 0x1146, 0x1146, 0x1146, 0x1146, 0x1146, 0x1146, 0x1166, 0x1146, 0x1166, 0x1166,
  0x1166, 0x1166, 0x1146, 0x1166, 0x1146, 0x1146, 0x1146, 0x1146, 0x1146, 0x1146, 0x1146, 0x1146, 0x1146, 0x1146, 0x1146, 0x1126,
  0x1126, 0x1126, 0x1126, 0x1126, 0x1125, 0x1125, 0x1105, 0x1105, 0x1105, 0x1105, 0x1105, 0x1105, 0x1105, 0x1105, 0x1105, 0x1105,
  0x10E5, 0x10E5, 0x10E5, 0x10E5, 0x10E5, 0x0084, 0x63E7, 0x95E9, 0x1A07, 0x09A8, 0x11C8, 0x09C8, 0x09A7, 0x09A8, 0x09A7, 0x09A7,
  0x09A7, 0x09A7, 0x09A7, 0x09A7, 0x09A7, 0x09A7, 0x09A7, 0x09A7, 0x09A7, 0x09A7, 0x09A7, 0x09A7, 0x09A7, 0x09A7, 0x09A7, 0x09A7,
  0x09A7, 0x09A7, 0x0987, 0x09A7, 0x0987, 0x0987, 0x0987, 0x09A7, 0x1187, 0x09A7, 0x1187, 0x1187, 0x0987, 0x0987, 0x0987, 0x1187,
  0x1187, 0x0987, 0x0987, 0x0987, 0x0987, 0x0987, 0x0987, 0x0987, 0x0987, 0x09A7, 0x0987, 0x0987, 0x0987, 0x0987, 0x0987, 0x0987,
  0x0987, 0x0987, 0x0987, 0x0987, 0x09A7, 0x0987, 0x0987, 0x0987, 0x0987, 0x0987, 0x0987, 0x0987, 0x0987, 0x0987, 0x0987, 0x0987,
  0x0987, 0x0987, 0x0987, 0x0987, 0x0987, 0x0987, 0x09A7, 0x0987, 0x0987, 0x0987, 0x0987, 0x0987, 0x0987, 0x0987, 0x0987, 0x0987,
  0x0987, 0x0987, 0x0987, 0x0987, 0x0987, 0x0987, 0x0987, 0x0987, 0x0987, 0x0987, 0x0987, 0x0987, 0x0987, 0x0987, 0x0987, 0x0987,
  0x0987, 0x09A7, 0x0987, 0x0987, 0x0987, 0x09A7, 0x0987, 0x0987, 0x0987, 0x0987, 0x0987, 0x0987, 0x0987, 0x0987, 0x09A7, 0x0987,
  0x10A4, 0x10A4, 0x10A4, 0x10A4, 0x10A4, 0x10A4, 0x10A4, 0x10A4, 0x10A4, 0x10A4, 0x10A4, 0x10A4, 0x10A4, 0x10A4, 0x10A4, 0x10A4,
  0x10A4, 0x10A4, 0x10A4, 0x10A4, 0x10A4, 0x10A4, 0x10A4, 0x10A4, 0x10A4, 0x10A4, 0x10A4, 0x10A4, 0x23ED, 0x4672, 0x56D2, 0x5ED1,
  0x6ED0, 0x76CF, 0x86AE, 0x8EAD, 0x9EAC, 0xA6AB, 0xB6AA, 0xBEA8, 0xCEA7, 0xD6A6, 0xD645, 0x83C4, 0x10A4, 0x10A4, 0x10A4, 0x10A4,
  0x10A4, 0x10A4, 0x10A4, 0x10A4, 0x10A4, 0x10A4, 0x10A4, 0x10A4, 0x10A4, 0x10A4, 0x10A4, 0x10A4, 0x10A4, 0x10A4, 0x10A4, 0x10A4,
  0x10A4, 0x10A4, 0x10A4, 0x10A4, 0x10A4, 0x10A4, 0x10A4, 0x10A4, 0x10A4, 0x10A4, 0x10A4, 0x10A4, 0x10A4, 0x10A4, 0x10A4, 0x10A4,
  0x10A4, 0x10A4, 0x10A4, 0x10A4, 0x10A4, 0x10A4, 0x10A4, 0x10A4, 0x10A4, 0x10A4, 0x10A4, 0x10A4, 0x10A4, 0x10A4, 0x10A4, 0x10A4,
  0x10A4, 0x10A4, 0x10A4, 0x10A4, 0x10A4, 0x10A4, 0x10A4, 0x10A4, 0x10C4, 0x10C4, 0x10C4, 0x10C4, 0x10C4, 0x10C4, 0x10C4, 0x10E5,
  0x10E5, 0x10E5, 0x10E5, 0x10E5, 0x10E5, 0x10E5, 0x10E5, 0x10E5, 0x10E5, 0x1105, 0x1105, 0x1105, 0x1105, 0x1105, 0x1105, 0x1105,
  0x1105, 0x1105, 0x1105, 0x1105, 0x1105, 0x1105, 0x1105, 0x1105, 0x1105, 0x1105, 0x1125, 0x1125, 0x1125, 0x1126, 0x1126, 0x1126,
  0x1126, 0x1126, 0x1126, 0x1146, 0x1146, 0x1146, 0x1146, 0x1146, 0x1146, 0x1146, 0x1146, 0x1146, 0x1146, 0x1146, 0x1146, 0x1146,
  0x1146, 0x1146, 0x1146, 0x1146, 0x1146, 0x1146, 0x1146, 0x1146, 0x1146, 0x1146, 0x1146, 0x1146, 0x1146, 0x1146, 0x1126, 0x1126,
  0x1126, 0x1126, 0x1126, 0x1126, 0x1125, 0x1125, 0x1105, 0x1105, 0x1105, 0x1105, 0x1105, 0x1105, 0x1105, 0x1105, 0x1105, 0x1105,
  0x10E5, 0x10E5, 0x10E5, 0x1105, 0x0084, 0x5BC7, 0x9609, 0x1A27, 0x0988, 0x11C8, 0x09C8, 0x11C8, 0x09C8, 0x11C8, 0x09C7, 0x09C7,
  0x11A7, 0x11C7, 0x11A7, 0x11A7, 0x11A7, 0x11A7, 0x11A7, 0x11A7, 0x11A7, 0x11A7, 0x11A7, 0x11A7, 0x11A7, 0x11A7, 0x11A7, 0x11A7,
  0x11A7, 0x11A7, 0x11A7, 0x11A7, 0x11A7, 0x11A7, 0x11A7, 0x11A7, 0x11A7, 0x11A7, 0x11A7, 0x11A7, 0x11A7, 0x11A7, 0x11A7, 0x11A7,
  0x11A7, 0x11A7, 0x11A7, 0x11A7, 0x11A7, 0x11A7, 0x11A7, 0x11A7, 0x11A7, 0x11A7, 0x11A7, 0x11A7, 0x11A7, 0x11A7, 0x11A7, 0x11A7,
  0x11A7, 0x11A7, 0x11A7, 0x11A7, 0x11A7, 0x11A7, 0x11A7, 0x11A7, 0x11A7, 0x11A7, 0x11A7, 0x11A7, 0x11A7, 0x11A7, 0x11A7, 0x11A7,
  0x11A7, 0x11A7, 0x11A7, 0x11A7, 0x11A7, 0x11A7, 0x11A7, 0x11A7, 0x11A7, 0x1187, 0x11A7, 0x11A7, 0x11A7, 0x11A7, 0x11A7, 0x11A7,
  0x11A7, 0x11A7, 0x11A7, 0x11A7, 0x11A7, 0x11A7, 0x11A7, 0x11A7, 0x11A7, 0x11A7, 0x1187, 0x11A7, 0x11A7, 0x11A7, 0x11A7, 0x11A7,
  0x11A7, 0x11A7, 0x11A7, 0x11A7, 0x11A7, 0x11A7, 0x11A7, 0x1187, 0x11A7, 0x11A7, 0x11A7, 0x11A7, 0x11A7, 0x11A7, 0x11A7, 0x11A7,
  0x10A4, 0x10A4, 0x10A4, 0x10A4, 0x10A4, 0x10A4, 0x10A4, 0x10A4, 0x10A4, 0x10A4, 0x10A4, 0x10A4, 0x10A4, 0x10A4, 0x10A4, 0x10A4,
  0x10A4, 0x10A4, 0x10A4, 0x10A4, 0x10A4, 0x10A4, 0x10A4, 0x10A4, 0x10A4, 0x10A4, 0x10A4, 0x10A4, 0x10A4, 0x10A4, 0x10A4, 0x10A4,
  0x10A4, 0x10A4, 0x10A4, 0x10A4, 0x10A4, 0x10A4, 0x10A4, 0x10A4, 0x10A4, 0x10A4, 0x10A4, 0x10A4, 0x10A4, 0x10A4, 0x10A4, 0x10A4,
  0x10A4, 0x10A4, 0x10A4, 0x10A4, 0x10A4, 0x10A4, 0x10A4, 0x10A4, 0x10A4, 0x10A4, 0x10A4, 0x10A4, 0x10A4, 0x10A4, 0x10A4, 0x10A4,
  0x10A4, 0x10A4, 0x10A4, 0x10A4, 0x10A4, 0x10A4, 0x10A4, 0x10A4, 0x10A4, 0x10A4, 0x10A4, 0x10A4, 0x10A4, 0x10A4, 0x10A4, 0x10A4,
  0x10A4, 0x10A4, 0x10A4, 0x10A4, 0x10A4, 0x10A4, 0x10A4, 0x10A4, 0x10A4, 0x10A4, 0x10A4, 0x10A4, 0x10A4, 0x10A4, 0x10A4, 0x10A4,
  0x10A4, 0x10A4, 0x10A4, 0x10A4, 0x10A4, 0x10A4, 0x10A4, 0x10C4, 0x10C4, 0x10C4, 0x10C4, 0x10C4, 0x10C5, 0x10C4, 0x10E5, 0x10E5,
  0x10E5, 0x10E5, 0x10E5, 0x10E5, 0x10E5, 0x10E5, 0x1105, 0x1105, 0x1105, 0x1105, 0x1105, 0x1105, 0x1105, 0x1105, 0x1105, 0x1105,
  0x1105, 0x1105, 0x1105, 0x1105, 0x1105, 0x1105, 0x1105, 0x1105, 0x1105, 0x1105, 0x1125, 0x1125, 0x1125, 0x1126, 0x1126, 0x1126,
  0x1126, 0x1126, 0x1146, 0x1146, 0x1146, 0x1146, 0x1146, 0x1146, 0x1146, 0x1146, 0x1146, 0x1146, 0x1146, 0x1146, 0x1146, 0x1146,
  0x1146, 0x1146, 0x1146, 0x1146, 0x1146, 0x1146, 0x1146, 0x1146, 0x1146, 0x1146, 0x1146, 0x1146, 0x1146, 0x1146, 0x1126, 0x1126,
  0x1126, 0x1126, 0x1126, 0x1126, 0x1125, 0x1125, 0x1125, 0x1105, 0x1105, 0x1105, 0x1105, 0x1105, 0x1105, 0x1105, 0x1105, 0x10E5,
  0x10E5, 0x10E5, 0x1105, 0x0084, 0x4B47, 0x9609, 0x1A48, 0x0988, 0x11C8, 0x09C8, 0x09C8, 0x09C8, 0x09C8, 0x09C7, 0x09C7, 0x09C7,
  0x09A7, 0x11A7, 0x11A7, 0x11A7, 0x11A7, 0x11A7, 0x11A7, 0x11A7, 0x11A7, 0x11A7, 0x11A7, 0x11A7, 0x11A7, 0x11A7, 0x11A7, 0x11A7,
  0x11A7, 0x11A7, 0x11A7, 0x1187, 0x11A7, 0x11A7, 0x11A7, 0x11A7, 0x11A7, 0x11A7, 0x1187, 0x11A7, 0x11A7, 0x11A7, 0x11A7, 0x11A7,
  0x11A7, 0x11A7, 0x1187, 0x1187, 0x1187, 0x11A7, 0x1187, 0x1187, 0x1187, 0x1187, 0x1187, 0x1187, 0x11A7, 0x11A7, 0x1187, 0x11A7,
  0x11A7, 0x11A7, 0x1187, 0x11A7, 0x1187, 0x1187, 0x11A7, 0x1187, 0x1187, 0x1187, 0x11A7, 0x11A7, 0x11A7, 0x11A7, 0x11A7, 0x11A7,
  0x11A7, 0x1187, 0x1187, 0x11A7, 0x11A7, 0x11A7, 0x11A7, 0x11A7, 0x1187, 0x1187, 0x11A7, 0x1187, 0x11A7, 0x1187, 0x11A7, 0x11A7,
  0x1187, 0x1187, 0x11A7, 0x1187, 0x1187, 0x11A7, 0x1187, 0x1187, 0x11A7, 0x1187, 0x1187, 0x1187, 0x1187, 0x1187, 0x11A7, 0x1187,
  0x1187, 0x1187, 0x11A7, 0x1187, 0x11A7, 0x1187, 0x1187, 0x1187, 0x11A7, 0x1187, 0x11A7, 0x11A7, 0x11A7, 0x1187, 0x11A7, 0x11A7,
  0x10A4, 0x10A4, 0x10A4, 0x10A4, 0x10A4, 0x10A4, 0x10A4, 0x10A4, 0x10A4, 0x10A4, 0x10A4, 0x10A4, 0x10A4, 0x10A4, 0x10A4, 0x10A4,
  0x10A4, 0x10A4, 0x10A4, 0x10A4, 0x10A4, 0x10A4, 0x10A4, 0x10A4, 0x10A4, 0x10A4, 0x10A4, 0x10A4, 0x10A4, 0x10A4, 0x10A4, 0x10A4,
  0x10A4, 0x10A4, 0x10A4, 0x10A4, 0x10A4, 0x10A4, 0x10A4, 0x10A4, 0x10A4, 0x10A4, 0x10A4, 0x10A4, 0x10A4, 0x10A4, 0x10A4, 0x10A4,
  0x10A4, 0x10A4, 0x10A4, 0x10A4, 0x10A4, 0x10A4, 0x10A4, 0x10A4, 0x10A4, 0x10A4, 0x10A4, 0x10A4, 0x10A4, 0x10A4, 0x10A4, 0x10A4,
  0x10A4, 0x10A4, 0x10A4, 0x10A4, 0x10A4, 0x10A4, 0x10A4, 0x10A4, 0x10A4, 0x10A4, 0x10A4, 0x10A4, 0x10A4, 0x10A4, 0x10A4, 0x10A4,
  0x10A4, 0x10A4, 0x10A4, 0x10A4, 0x10A4, 0x10A4, 0x10A4, 0x10A4, 0x10A4, 0x10A4, 0x10A4, 0x10A4, 0x10A4, 0x10A4, 0x10A4, 0x10A4,
  0x10A4, 0x10A4, 0x10A4, 0x10A4, 0x10A4, 0x10A4, 0x10C4, 0x10C4, 0x10C4, 0x10C4, 0x10C4, 0x10C4, 0x10E5, 0x10E5, 0x10E5, 0x10E5,
  0x10E5, 0x10E5, 0x1105, 0x1105, 0x1105, 0x1105, 0x1125, 0x1125, 0x1125, 0x1125, 0x1125, 0x1125, 0x1105, 0x1105, 0x1105, 0x1105,
  0x1105, 0x1105, 0x1105, 0x1105, 0x1105, 0x1105, 0x1105, 0x1105, 0x1105, 0x1105, 0x1125, 0x1125, 0x1125, 0x1125, 0x1126, 0x1126,
  0x1126, 0x1126, 0x1126, 0x1146, 0x1146, 0x1146, 0x1146, 0x1146, 0x1146, 0x1146, 0x1146, 0x1146, 0x1146, 0x1146, 0x1146, 0x1146,
  0x1146, 0x1146, 0x1146, 0x1146, 0x1146, 0x1146, 0x1146, 0x1146, 0x1146, 0x1146, 0x1146, 0x1146, 0x1146, 0x1146, 0x1126, 0x1126,
  0x1126, 0x1126, 0x1126, 0x1125, 0x1125, 0x1125, 0x1125, 0x1105, 0x1105, 0x1105, 0x1105, 0x1105, 0x1105, 0x1105, 0x10E5, 0x10E5,
  0x10E5, 0x1105, 0x0084, 0x4B27, 0x962A, 0x2248, 0x0988, 0x11C8, 0x09C8, 0x09C8, 0x09C7, 0x09C7, 0x09C8, 0x09A7, 0x09A7, 0x11C7,
  0x09A7, 0x11A7, 0x11A7, 0x11A7, 0x11A7, 0x11A7, 0x11A7, 0x11A7, 0x11A7, 0x11A7, 0x11A7, 0x11A7, 0x11A7, 0x11A7, 0x11A7, 0x11A7,
  0x11A7, 0x1187, 0x11A7, 0x1187, 0x11A7, 0x1187, 0x11A7, 0x11A7, 0x11A7, 0x11A7, 0x1187, 0x1187, 0x11A7, 0x11A7, 0x11A7, 0x1187,
  0x11A7, 0x11A7, 0x1187, 0x1187, 0x1187, 0x1187, 0x1187, 0x1187, 0x1187, 0x1187, 0x1187, 0x1187, 0x1187, 0x1187, 0x1187, 0x1187,
  0x1187, 0x1187, 0x1187, 0x1187, 0x1187, 0x1187, 0x11A7, 0x1187, 0x1187, 0x1187, 0x1187, 0x1187, 0x1187, 0x1187, 0x1187, 0x1187,
  0x1187, 0x11A7, 0x1187, 0x1187, 0x11A7, 0x1187, 0x1187, 0x1187, 0x11A7, 0x1187, 0x1187, 0x1187, 0x11A7, 0x1187, 0x1187, 0x11A7,
  0x1187, 0x1187, 0x1187, 0x1187, 0x1187, 0x1187, 0x1187, 0x1187, 0x1187, 0x1187, 0x1187, 0x1187, 0x1187, 0x1187, 0x1187, 0x1187,
  0x1187, 0x1187, 0x11A7, 0x1187, 0x1187, 0x11A7, 0x1187, 0x1187, 0x1187, 0x1187, 0x11A7, 0x1187, 0x1187, 0x1187, 0x11A7, 0x1187,
  0x10A4, 0x10A4, 0x10A4, 0x10A4, 0x10A4, 0x10A4, 0x10A4, 0x10A4, 0x10A4, 0x10A4, 0x10A4, 0x10A4, 0x10A4, 0x10A4, 0x10A4, 0x10A4,
  0x10A4, 0x10A4, 0x10A4, 0x10A4, 0x10A4, 0x10A4, 0x10A4, 0x10A4, 0x10A4, 0x10A4, 0x10A4, 0x10A4, 0x10A4, 0x10A4, 0x10A4, 0x10A4,
  0x10A4, 0x10A4, 0x10A4, 0x10A4, 0x10A4, 0x10A4, 0x10A4, 0x10A4, 0x10A4, 0x10A4, 0x10A4, 0x10A4, 0x10A4, 0x10A4, 0x10A4, 0x10A4,
  0x10A4, 0x10A4, 0x10A4, 0x10A4, 0x10A4, 0x10A4, 0x10A4, 0x10A4, 0x10A4, 0x10A4, 0x10A4, 0x10A4, 0x10A4, 0x10A4, 0x10A4, 0x10A4,
  0x10A4, 0x10A4, 0x10A4, 0x10A4, 0x10A4, 0x10A4, 0x10A4, 0x10A4, 0x10A4, 0x10A4, 0x10A4, 0x10A4, 0x10A4, 0x10A4, 0x10A4, 0x10A4,
  0x10A4, 0x10A4, 0x10A4, 0x10A4, 0x10A4, 0x10A4, 0x10A4, 0x10A4, 0x10A4, 0x10A4, 0x10A4, 0x10A4, 0x10A4, 0x10A4, 0x10A4, 0x10A4,
  0x10A4, 0x10A4, 0x10A4, 0x10A4, 0x10A4, 0x10C4, 0x10C4, 0x10C4, 0x10C4, 0x10C4, 0x10E5, 0x10E5, 0x10E5, 0x10E5, 0x10E5, 0x1105,
  0x1105, 0x1105, 0x1125, 0x1126, 0x1126, 0x1126, 0x1126, 0x1126, 0x1126, 0x1126, 0x1126, 0x1126, 0x1126, 0x1126, 0x1126, 0x1125,
  0x1126, 0x1125, 0x1125, 0x1105, 0x1105, 0x1105, 0x1105, 0x1105, 0x1125, 0x1105, 0x1105, 0x1125, 0x1125, 0x1125, 0x1126, 0x1126,
  0x1126, 0x1126, 0x1126, 0x1146, 0x1146, 0x1146, 0x1146, 0x1146, 0x1146, 0x1146, 0x1146, 0x1146, 0x1146, 0x1146, 0x1146, 0x1146,
  0x1146, 0x1146, 0x1146, 0x1146, 0x1146, 0x1146, 0x1146, 0x1146, 0x1146, 0x1146, 0x1146, 0x1146, 0x1146, 0x1126, 0x1126, 0x1126,
  0x1126, 0x1126, 0x1126, 0x1125, 0x1125, 0x1105, 0x1105, 0x1105, 0x1105, 0x1105, 0x1105, 0x1105, 0x1105, 0x1105, 0x1105, 0x10E5,
  0x1105, 0x0084, 0x42C6, 0x8E0A, 0x2288, 0x0188, 0x11E8, 0x09C8, 0x09C8, 0x09C8, 0x09C8, 0x09C7, 0x09C7, 0x11A7, 0x11A7, 0x09A7,
  0x11A7, 0x09A7, 0x11A7, 0x11A7, 0x11A7, 0x11A7, 0x11A7, 0x11A7, 0x11A7, 0x11A7, 0x11A7, 0x11A7, 0x11A7, 0x11A7, 0x11A7, 0x1187,
  0x11A7, 0x11A7, 0x11A7, 0x1187, 0x11A7, 0x11A7, 0x1187, 0x11A7, 0x11A7, 0x1187, 0x1187, 0x1187, 0x11A7, 0x1187, 0x1187, 0x1187,
  0x11A7, 0x11A7, 0x1187, 0x1187, 0x11A7, 0x1187, 0x1187, 0x1187, 0x1187, 0x1187, 0x1187, 0x1187, 0x1187, 0x1187, 0x1187, 0x1187,
  0x1187, 0x1187, 0x11A7, 0x1187, 0x11A7, 0x1187, 0x1187, 0x1187, 0x1187, 0x1187, 0x1187, 0x1187, 0x1187, 0x1187, 0x1187, 0x1187,
  0x11A7, 0x11A7, 0x11A7, 0x1187, 0x1187, 0x1187, 0x1187, 0x1187, 0x11A7, 0x1187, 0x1187, 0x1187, 0x1187, 0x1187, 0x1187, 0x1187,
  0x1187, 0x1187, 0x1187, 0x1187, 0x1187, 0x1187, 0x11A7, 0x1187, 0x1187, 0x1187, 0x1187, 0x1187, 0x1187, 0x1187, 0x1187, 0x1187,
  0x1187, 0x1187, 0x1187, 0x1187, 0x1187, 0x1187, 0x1187, 0x1187, 0x1187, 0x1187, 0x1187, 0x1187, 0x1187, 0x1187, 0x1187, 0x1187,
  0x10A4, 0x10A4, 0x10A4, 0x10A4, 0x10A4, 0x10A4, 0x10A4, 0x10A4, 0x10A4, 0x10A4, 0x10A4, 0x10A4, 0x10A4, 0x10A4, 0x10A4, 0x10A4,
  0x10A4, 0x10A4, 0x10A4, 0x10A4, 0x10A4, 0x10A4, 0x10A4, 0x10A4, 0x10A4, 0x10A4, 0x10A4, 0x10A4, 0x10A4, 0x10A4, 0x10A4, 0x10A4,
  0x10A4, 0x10A4, 0x10A4, 0x10A4, 0x10A4, 0x10A4, 0x10A4, 0x10A4, 0x10A4, 0x10A4, 0x10A4, 0x10A4, 0x10A4, 0x10A4, 0x10A4, 0x10A4,
  0x10A4, 0x10A4, 0x10A4, 0x10A4, 0x10A4, 0x10A4, 0x10A4, 0x10A4, 0x10A4, 0x10A4, 0x10A4, 0x10A4, 0x10A4, 0x10A4, 0x10A4, 0x10A4,
  0x10A4, 0x10A4, 0x10A4, 0x10A4, 0x10A4, 0x10A4, 0x10A4, 0x10A4, 0x10A4, 0x10A4, 0x10A4, 0x10A4, 0x10A4, 0x10A4, 0x10A4, 0x10A4,
  0x10A4, 0x10A4, 0x10A4, 0x10A4, 0x10A4, 0x10A4, 0x10A4, 0x10A4, 0x10A4, 0x10A4, 0x10A4, 0x10A4, 0x10A4, 0x10A4, 0x10A4, 0x10A4,
  0x10A4, 0x10A4, 0x10A4, 0x10A4, 0x10A4, 0x10C4, 0x10C4, 0x10C4, 0x10C4, 0x10C4, 0x10E5, 0x10E5, 0x10E5, 0x1105, 0x1105, 0x1125,
  0x1125, 0x1126, 0x1146, 0x1146, 0x1146, 0x1146, 0x1146, 0x1146, 0x1146, 0x1146, 0x1146, 0x1146, 0x1146, 0x1146, 0x1146, 0x1146,
  0x1126, 0x1126, 0x1126, 0x1125, 0x1105, 0x1125, 0x1125, 0x1125, 0x1125, 0x1125, 0x1105, 0x1125, 0x1126, 0x1126, 0x1126, 0x1126,
  0x1126, 0x1126, 0x1126, 0x1126, 0x1126, 0x1146, 0x1146, 0x1146, 0x1146, 0x1146, 0x1146, 0x1146, 0x1146, 0x1146, 0x1146, 0x1146,
  0x1146, 0x1146, 0x1146, 0x1146, 0x1146, 0x1146, 0x1146, 0x1146, 0x1146, 0x1146, 0x1146, 0x1146, 0x1146, 0x1126, 0x1126, 0x1126,
  0x1126, 0x1126, 0x1126, 0x1125, 0x1125, 0x1105, 0x1105, 0x1105, 0x1105, 0x1105, 0x1105, 0x1105, 0x1105, 0x1105, 0x1105, 0x1105,
  0x0084, 0x3AC7, 0x964A, 0x2AA8, 0x0188, 0x11E8, 0x09C8, 0x09C8, 0x09C8, 0x09C8, 0x09C8, 0x09C7, 0x11A7, 0x09A7, 0x11A7, 0x09A7,
  0x11A7, 0x09A7, 0x11A7, 0x11A7, 0x11A7, 0x09A7, 0x11A7, 0x11A7, 0x11A7, 0x11A7, 0x11A7, 0x11A7, 0x11A7, 0x11A7, 0x11A7, 0x11A7,
  0x11A7, 0x11A7, 0x11A7, 0x11A7, 0x11A7, 0x11A7, 0x11A7, 0x11A7, 0x11A7, 0x11A7, 0x11A7, 0x11A7, 0x11A7, 0x11A7, 0x11A7, 0x11A7,
  0x11A7, 0x11A7, 0x11A7, 0x11A7, 0x11A7, 0x11A7, 0x11A7, 0x11A7, 0x11A7, 0x11A7, 0x11A7, 0x11A7, 0x11A7, 0x11A7, 0x11A7, 0x11A7,
  0x11A7, 0x11A7, 0x11A7, 0x11A7, 0x11A7, 0x11A7, 0x11A7, 0x11A7, 0x11A7, 0x11A7, 0x11A7, 0x11A7, 0x11A7, 0x11A7, 0x11A7, 0x11A7,
  0x11A7, 0x11A7, 0x11A7, 0x11A7, 0x11A7, 0x11A7, 0x11A7, 0x11A7, 0x11A7, 0x11A7, 0x11A7, 0x11A7, 0x11A7, 0x11A7, 0x11A7, 0x11A7,
  0x11A7, 0x11A7, 0x11A7, 0x11A7, 0x11A7, 0x11A7, 0x11A7, 0x11A7, 0x11A7, 0x11A7, 0x11A7, 0x11A7, 0x11A7, 0x11A7, 0x11A7, 0x11A7,
  0x11A7, 0x11A7, 0x11A7, 0x11A7, 0x11A7, 0x1187, 0x1187, 0x1187, 0x1187, 0x1187, 0x1187, 0x1187, 0x1187, 0x1187, 0x1187, 0x1187,
  0x10A4, 0x10A4, 0x10A4, 0x10A4, 0x10A4, 0x10A4, 0x10A4, 0x10A4, 0x10A4, 0x10A4, 0x10A4, 0x10A4, 0x10A4, 0x10A4, 0x10A4, 0x10A4,
  0x10A4, 0x10A4, 0x10A4, 0x10A4, 0x10A4, 0x10A4, 0x10A4, 0x10A4, 0x10A4, 0x10A4, 0x10A4, 0x10A4, 0x10A4, 0x10A4, 0x10A4, 0x10A4,
  0x10A4, 0x10A4, 0x10A4, 0x10A4, 0x10A4, 0x10A4, 0x10A4, 0x10A4, 0x10A4, 0x10A4, 0x10A4, 0x10A4, 0x10A4, 0x10A4, 0x10A4, 0x10A4,
  0x10A4, 0x10A4, 0x10A4, 0x10A4, 0x10A4, 0x10A4, 0x10A4, 0x10A4, 0x10A4, 0x10A4, 0x10A4, 0x10A4, 0x10A4, 0x10A4, 0x10A4, 0x10A4,
  0x10A4, 0x10A4, 0x10A4, 0x10A4, 0x10A4, 0x10A4, 0x10A4, 0x10A4, 0x10A4, 0x10A4, 0x10A4, 0x10A4, 0x10A4, 0x10A4, 0x10A4, 0x10A4,
  0x10A4, 0x10A4, 0x10A4, 0x10A4, 0x10A4, 0x10A4, 0x10A4, 0x10A4, 0x10A4, 0x10A4, 0x10A4, 0x10A4, 0x10A4, 0x10A4, 0x10A4, 0x10A4,
  0x10A4, 0x10A4, 0x10A4, 0x10A4, 0x10C4, 0x10C4, 0x10C4, 0x10C4, 0x10E5, 0x10E5, 0x10E5, 0x1105, 0x1105, 0x1125, 0x1126, 0x1146,
  0x1146, 0x1166, 0x1166, 0x1167, 0x1166, 0x1167, 0x1167, 0x1167, 0x1187, 0x1187, 0x1187, 0x1187, 0x1167, 0x1166, 0x1166, 0x1146,
  0x1146, 0x1146, 0x1146, 0x1126, 0x1126, 0x1126, 0x1125, 0x1125, 0x1125, 0x1125, 0x1125, 0x1125, 0x1125, 0x1126, 0x1126, 0x1126,
  0x1126, 0x1126, 0x1126, 0x1126, 0x1126, 0x1146, 0x1146, 0x1146, 0x1146, 0x1146, 0x1146, 0x1146, 0x1146, 0x1146, 0x1146, 0x1146,
  0x1146, 0x1146, 0x1146, 0x1146, 0x1146, 0x1146, 0x1146, 0x1146, 0x1146, 0x1146, 0x1146, 0x1146, 0x1126, 0x1126, 0x1126, 0x1126,
  0x1126, 0x1125, 0x1125, 0x1125, 0x1125, 0x1105, 0x1105, 0x1105, 0x1105, 0x1105, 0x1105, 0x1105, 0x1105, 0x1105, 0x1105, 0x0885,
  0x3AA7, 0x966A, 0x3328, 0x0188, 0x11E8, 0x09C8, 0x09C8, 0x09C7, 0x09C8, 0x09C8, 0x09C7, 0x09A7, 0x09A7, 0x09A7, 0x11A7, 0x11A7,
  0x11A7, 0x11A7, 0x11A7, 0x11A7, 0x09A7, 0x11A7, 0x11A7, 0x11A7, 0x11A7, 0x11A7, 0x11A7, 0x11A7, 0x11A7, 0x11A7, 0x11A7, 0x1146,
  0x1105, 0x1105, 0x1105, 0x1105, 0x1105, 0x1105, 0x1105, 0x1105, 0x1105, 0x1105, 0x1105, 0x1105, 0x1105, 0x1106, 0x1106, 0x1106,
  0x1106, 0x1106, 0x0906, 0x0906, 0x0906, 0x0905, 0x0905, 0x0906, 0x0906, 0x0906, 0x0906, 0x0906, 0x0906, 0x0906, 0x0906, 0x0906,
  0x0906, 0x0906, 0x0906, 0x0906, 0x0906, 0x0906, 0x0906, 0x0906, 0x0906, 0x0906, 0x0906, 0x0906, 0x0906, 0x0906, 0x0906, 0x0906,
  0x0906, 0x0906, 0x0906, 0x0906, 0x0906, 0x0906, 0x0906, 0x0906, 0x0906, 0x0906, 0x0906, 0x0906, 0x0926, 0x0906, 0x0906, 0x0906,
  0x0906, 0x0926, 0x0906, 0x0906, 0x0926, 0x0926, 0x0926, 0x0906, 0x0926, 0x0926, 0x0926, 0x0926, 0x0926, 0x0926, 0x0926, 0x0926,
  0x0926, 0x0926, 0x0906, 0x0926, 0x0967, 0x11A7, 0x1187, 0x1187, 0x1187, 0x1187, 0x1187, 0x1187, 0x1187, 0x1187, 0x1187, 0x1187,
  0x10A4, 0x10A4, 0x10A4, 0x10A4, 0x10A4, 0x10A4, 0x10A4, 0x10A4, 0x10A4, 0x10A4, 0x10A4, 0x10A4, 0x10A4, 0x10A4, 0x10A4, 0x10A4,
  0x10A4, 0x10A4, 0x10A4, 0x10A4, 0x10A4, 0x10A4, 0x10A4, 0x10A4, 0x10A4, 0x10A4, 0x10A4, 0x10A4, 0x10A4, 0x10A4, 0x10A4, 0x10A4,
  0x10A4, 0x10A4, 0x10A4, 0x10A4, 0x10A4, 0x10A4, 0x10A4, 0x10A4, 0x10A4, 0x10A4, 0x10A4, 0x10A4, 0x10A4, 0x10A4, 0x10A4, 0x10A4,
  0x10A4, 0x10A4, 0x10A4, 0x10A4, 0x10A4, 0x10A4, 0x10A4, 0x10A4, 0x10A4, 0x10A4, 0x10A4, 0x10A4, 0x10A4, 0x10A4, 0x10A4, 0x10A4,
  0x10A4, 0x10A4, 0x10A4, 0x10A4, 0x10A4, 0x10A4, 0x10A4, 0x10A4, 0x10A4, 0x10A4, 0x10A4, 0x10A4, 0x10A4, 0x10A4, 0x10A4, 0x10A4,
  0x10A4, 0x10A4, 0x10A4, 0x10A4, 0x10A4, 0x10A4, 0x10A4, 0x10A4, 0x10A4, 0x10A4, 0x10A4, 0x10A4, 0x10A4, 0x10A4, 0x10A4, 0x10A4,
  0x10A4, 0x10A4, 0x10A4, 0x10A4, 0x10C4, 0x10C4, 0x10C4, 0x10E5, 0x10E5, 0x10E5, 0x1105, 0x1105, 0x1126, 0x1126, 0x1146, 0x1166,
  0x1166, 0x1146, 0x1105, 0x1126, 0x1166, 0x1167, 0x1187, 0x1187, 0x1187, 0x1166, 0x1146, 0x1125, 0x1146, 0x1187, 0x1187, 0x1187,
  0x1166, 0x1166, 0x1146, 0x1146, 0x1146, 0x1126, 0x1126, 0x1125, 0x1125, 0x1125, 0x1125, 0x1125, 0x1126, 0x1125, 0x1126, 0x1126,
  0x1126, 0x1126, 0x1126, 0x1126, 0x1126, 0x1146, 0x1126, 0x1146, 0x1146, 0x1146, 0x1146, 0x1146, 0x1146, 0x1146, 0x1146, 0x1146,
  0x1146, 0x1146, 0x1146, 0x1146, 0x1146, 0x1146, 0x1146, 0x1146, 0x1146, 0x1146, 0x1146, 0x1126, 0x1126, 0x1126, 0x1126, 0x1126,
  0x1126, 0x1126, 0x1125, 0x1125, 0x1105, 0x1105, 0x1105, 0x1105, 0x1105, 0x1105, 0x1105, 0x1105, 0x1105, 0x1105, 0x08A5, 0x3287,
  0x966B, 0x3329, 0x0167, 0x11E8, 0x09C8, 0x09C8, 0x09C8, 0x09C7, 0x09C7, 0x09C7, 0x09A7, 0x09A7, 0x09A7, 0x11A7, 0x09A7, 0x09A7,
  0x11A7, 0x09A7, 0x11A7, 0x11A7, 0x11A7, 0x11A7, 0x11A7, 0x11A7, 0x11A7, 0x11A7, 0x11A7, 0x1187, 0x11A7, 0x1187, 0x1166, 0x0B0C,
  0x0C30, 0x0C30, 0x0C30, 0x0C2F, 0x0C2F, 0x0C2F, 0x0C2F, 0x0C2F, 0x0C2F, 0x0C2F, 0x0C2F, 0x0C2F, 0x142F, 0x142F, 0x142F, 0x142F,
  0x142F, 0x142F, 0x142F, 0x140E, 0x140E, 0x142E, 0x142E, 0x140E, 0x142E, 0x1C0E, 0x1C2E, 0x1C0E, 0x1C0E, 0x1C0E, 0x1C0E, 0x1C0E,
  0x1C0E, 0x1C0E, 0x1C0E, 0x1C0D, 0x1C0D, 0x1C0D, 0x1C0D, 0x240D, 0x240D, 0x240D, 0x240D, 0x240D, 0x240D, 0x240D, 0x240D, 0x240D,
  0x240D, 0x240D, 0x240C, 0x240C, 0x2C0C, 0x2C0C, 0x2C0C, 0x2C0C, 0x2C0C, 0x2C0C, 0x2C0C, 0x2C0C, 0x2C0C, 0x2C0C, 0x2C0C, 0x2C0C,
  0x2C0C, 0x340C, 0x33EB, 0x33EC, 0x33EB, 0x340B, 0x33EB, 0x33EB, 0x33EB, 0x33EB, 0x33EB, 0x33EB, 0x33EB, 0x33EB, 0x3BEB, 0x3BEB,
  0x3BEB, 0x3BEB, 0x3BEB, 0x33AA, 0x1A48, 0x0947, 0x1187, 0x1187, 0x1187, 0x1187, 0x1187, 0x1187, 0x1187, 0x1187, 0x1187, 0x1187,
  0x10A4, 0x10A4, 0x10A4, 0x10A4, 0x10A4, 0x10A4, 0x10A4, 0x10A4, 0x10A4, 0x10A4, 0x10A4, 0x10A4, 0x10A4, 0x10A4, 0x10A4, 0x10A4,
  0x10A4, 0x10A4, 0x10A4, 0x10A4, 0x10A4, 0x10A4, 0x10A4, 0x10A4, 0x10A4, 0x10A4, 0x10A4, 0x10A4, 0x10A4, 0x10A4, 0x10A4, 0x10A4,
  0x10A4, 0x10A4, 0x10A4, 0x10A4, 0x10A4, 0x10A4, 0x10A4, 0x10A4, 0x10A4, 0x10A4, 0x10A4, 0x10A4, 0x10A4, 0x10A4, 0x10A4, 0x10A4,
  0x10A4, 0x10A4, 0x10A4, 0x10A4, 0x10A4, 0x10A4, 0x10A4, 0x10A4, 0x10A4, 0x10A4, 0x10A4, 0x10A4, 0x10A4, 0x10A4, 0x10A4, 0x10A4,
  0x10A4, 0x10A4, 0x10A4, 0x10A4, 0x10A4, 0x10A4, 0x10A4, 0x10A4, 0x10A4, 0x10A4, 0x10A4, 0x10A4, 0x10A4, 0x10A4, 0x10A4, 0x10A4,
  0x10A4, 0x10A4, 0x10A4, 0x10A4, 0x10A4, 0x10A4, 0x10A4, 0x10A4, 0x10A4, 0x10A4, 0x10A4, 0x10A4, 0x10A4, 0x10A4, 0x10A4, 0x10A4,
  0x10A4, 0x10A4, 0x10C4, 0x10C4, 0x10C4, 0x10C4, 0x10E5, 0x10E5, 0x1105, 0x1105, 0x1125, 0x1126, 0x1146, 0x1167, 0x1146, 0x1105,
  0x1166, 0x0AAA, 0x0C0F, 0x0512, 0x05D5, 0x0636, 0x0677, 0x0697, 0x0636, 0x05D5, 0x0512, 0x0C0F, 0x0ACB, 0x1187, 0x1146, 0x1167,
  0x1187, 0x1187, 0x1166, 0x1166, 0x1146, 0x1146, 0x1146, 0x1126, 0x1126, 0x1125, 0x1125, 0x1125, 0x1126, 0x1125, 0x1125, 0x1126,
  0x1126, 0x1126, 0x1126, 0x1126, 0x1126, 0x1146, 0x1146, 0x1146, 0x1146, 0x1146, 0x1146, 0x1146, 0x1146, 0x1146, 0x1146, 0x1146,
  0x1146, 0x1146, 0x1146, 0x1146, 0x1146, 0x1146, 0x1146, 0x1146, 0x1146, 0x1146, 0x1146, 0x1146, 0x1126, 0x1126, 0x1126, 0x1126,
  0x1126, 0x1126, 0x1126, 0x1125, 0x1125, 0x1105, 0x1105, 0x1105, 0x1105, 0x1105, 0x1105, 0x1105, 0x1105, 0x0885, 0x3266, 0x966B,
  0x3B69, 0x0168, 0x11E8, 0x09C8, 0x09C8, 0x09C8, 0x09C8, 0x09C8, 0x09C7, 0x09C8, 0x09C7, 0x09A7, 0x11A7, 0x09A7, 0x09A7, 0x11A7,
  0x11A7, 0x11A7, 0x11A7, 0x11A7, 0x11A7, 0x11A7, 0x11A7, 0x11A7, 0x11A7, 0x11A7, 0x11A7, 0x11A7, 0x1167, 0x09E8, 0x05D5, 0x0656,
  0x0533, 0x0553, 0x0553, 0x0D53, 0x0D53, 0x0D53, 0x0D33, 0x0D53, 0x0D53, 0x0D32, 0x0D32, 0x1532, 0x1532, 0x1532, 0x1532, 0x1532,
  0x1532, 0x1532, 0x1532, 0x1531, 0x1D31, 0x1D31, 0x1D31, 0x1D31, 0x1D31, 0x1D31, 0x1D31, 0x1D31, 0x2531, 0x2530, 0x2530, 0x2530,
  0x2530, 0x2530, 0x2530, 0x2530, 0x2D30, 0x2D10, 0x2D0F, 0x2D0F, 0x2D0F, 0x2D0F, 0x2D0F, 0x2D0F, 0x350F, 0x350F, 0x350F, 0x350F,
  0x350F, 0x350E, 0x350E, 0x350E, 0x350E, 0x3D0E, 0x3D0E, 0x3D0E, 0x3D0E, 0x3D0E, 0x3D0E, 0x3D0D, 0x3D0D, 0x450D, 0x450D, 0x450D,
  0x450D, 0x44ED, 0x450D, 0x44ED, 0x44ED, 0x4CEC, 0x4CEC, 0x4CEC, 0x4CEC, 0x4CEC, 0x4CEC, 0x4CEC, 0x4CEC, 0x4CEC, 0x54EC, 0x54EB,
  0x54EB, 0x54EB, 0x54EB, 0x54EB, 0x6E0D, 0x444B, 0x0947, 0x1187, 0x1187, 0x1187, 0x1187, 0x1187, 0x1187, 0x1187, 0x1187, 0x1187,
  0x10A4, 0x10A4, 0x10A4, 0x10A4, 0x10A4, 0x10A4, 0x10A4, 0x10A4, 0x10A4, 0x10A4, 0x10A4, 0x10A4, 0x10A4, 0x10A4, 0x10A4, 0x10A4,
  0x10A4, 0x10A4, 0x10A4, 0x10A4, 0x10A4, 0x10A4, 0x10A4, 0x10A4, 0x10A4, 0x10A4, 0x10A4, 0x10A4, 0x10A4, 0x10A4, 0x10A4, 0x10A4,
  0x10A4, 0x10A4, 0x10A4, 0x10A4, 0x10A4, 0x10A4, 0x10A4, 0x10A4, 0x10A4, 0x10A4, 0x10A4, 0x10A4, 0x10A4, 0x10A4, 0x10A4, 0x10A4,
  0x10A4, 0x10A4, 0x10A4, 0x10A4, 0x10A4, 0x10A4, 0x10A4, 0x10A4, 0x10A4, 0x10A4, 0x10A4, 0x10A4, 0x10A4, 0x10A4, 0x10A4, 0x10A4,
  0x10A4, 0x10A4, 0x10A4, 0x10A4, 0x10A4, 0x10A4, 0x10A4, 0x10A4, 0x10A4, 0x10A4, 0x10A4, 0x10A4, 0x10A4, 0x10A4, 0x10A4, 0x10A4,
  0x10A4, 0x10A4, 0x10A4, 0x10A4, 0x10A4, 0x10A4, 0x10A4, 0x10A4, 0x10A4, 0x10A4, 0x10A4, 0x10A4, 0x10A4, 0x10A4, 0x10A4, 0x10A4,
  0x10A4, 0x10C4, 0x10C4, 0x10C4, 0x10C4, 0x10E5, 0x10E5, 0x1105, 0x1105, 0x1126, 0x1126, 0x1166, 0x1146, 0x1125, 0x0A29, 0x0C50,
  0x0636, 0x0636, 0x0574, 0x0C0F, 0x0B0C, 0x0A49, 0x09E8, 0x09E8, 0x0A49, 0x0B0C, 0x0C2F, 0x0553, 0x0636, 0x0636, 0x0C50, 0x0A29,
  0x1146, 0x1187, 0x11A7, 0x1187, 0x1166, 0x1146, 0x1146, 0x1146, 0x1126, 0x1126, 0x1125, 0x1126, 0x1126, 0x1126, 0x1126, 0x1126,
  0x1126, 0x1126, 0x1126, 0x1126, 0x1126, 0x1126, 0x1146, 0x1126, 0x1146, 0x1146, 0x1146, 0x1146, 0x1146, 0x1146, 0x1146, 0x1146,
  0x1146, 0x1146, 0x1146, 0x1146, 0x1146, 0x1146, 0x1146, 0x1126, 0x1146, 0x1146, 0x1126, 0x1146, 0x1126, 0x1126, 0x1126, 0x1126,
  0x1125, 0x1126, 0x1125, 0x1125, 0x1125, 0x1105, 0x1105, 0x1105, 0x1105, 0x1105, 0x1105, 0x1125, 0x08A5, 0x2A46, 0x8E4B, 0x3B89,
  0x0168, 0x11E8, 0x09C8, 0x09C8, 0x09C8, 0x09C8, 0x09C8, 0x09C7, 0x09C7, 0x11A7, 0x09A7, 0x09A7, 0x09A7, 0x09A7, 0x11A7, 0x09A7,
  0x09A7, 0x11A7, 0x09A7, 0x11A7, 0x11A7, 0x11A7, 0x11A7, 0x11A7, 0x11A7, 0x11A7, 0x11A7, 0x1187, 0x09C7, 0x0636, 0x0C91, 0x10C4,
  0x1002, 0x1002, 0x1002, 0x1002, 0x1002, 0x1002, 0x1002, 0x1002, 0x1002, 0x1002, 0x1002, 0x1002, 0x1002, 0x1002, 0x1002, 0x1002,
  0x1002, 0x1002, 0x1002, 0x1002, 0x1002, 0x1002, 0x1002, 0x1002, 0x1002, 0x1002, 0x1002, 0x1002, 0x1002, 0x1002, 0x1002, 0x1002,
  0x1002, 0x1002, 0x0802, 0x0802, 0x0802, 0x0802, 0x0802, 0x0802, 0x0802, 0x0802, 0x0802, 0x0803, 0x0803, 0x0803, 0x0803, 0x0803,
  0x0803, 0x0803, 0x0803, 0x0803, 0x0803, 0x0803, 0x0803, 0x0803, 0x0803, 0x0803, 0x0803, 0x0803, 0x0803, 0x0803, 0x0803, 0x0803,
  0x0803, 0x0803, 0x0803, 0x0803, 0x0803, 0x0803, 0x0803, 0x0803, 0x0803, 0x0803, 0x0803, 0x0803, 0x0803, 0x0803, 0x0803, 0x0803,
  0x0803, 0x0823, 0x0803, 0x0843, 0x1965, 0x65AC, 0x442A, 0x0926, 0x11A7, 0x1187, 0x1187, 0x1187, 0x1187, 0x1187, 0x1187, 0x1187,
  0x10A4, 0x10A4, 0x10A4, 0x10A4, 0x10A4, 0x10A4, 0x10A4, 0x10A4, 0x10A4, 0x10A4, 0x10A4, 0x10A4, 0x10A4, 0x10A4, 0x10A4, 0x10A4,
  0x10A4, 0x10A4, 0x10A4, 0x10A4, 0x10A4, 0x10A4, 0x10A4, 0x10A4, 0x10A4, 0x10A4, 0x10A4, 0x10A4, 0x10A4, 0x10A4, 0x10A4, 0x10A4,
  0x10A4, 0x10A4, 0x10A4, 0x10A4, 0x10A4, 0x10A4, 0x10A4, 0x10A4, 0x10A4, 0x10A4, 0x10A4, 0x10A4, 0x10A4, 0x10A4, 0x10A4, 0x10A4,
  0x10A4, 0x10A4, 0x10A4, 0x10A4, 0x10A4, 0x10A4, 0x10A4, 0x10A4, 0x10A4, 0x10A4, 0x10A4, 0x10A4, 0x10A4, 0x10A4, 0x10A4, 0x10A4,
  0x10A4, 0x10A4, 0x10A4, 0x10A4, 0x10A4, 0x10A4, 0x10A4, 0x10A4, 0x10A4, 0x10A4, 0x10A4, 0x10A4, 0x10A4, 0x10A4, 0x10A4, 0x10A4,
  0x10A4, 0x10A4, 0x10A4, 0x10A4, 0x10A4, 0x10A4, 0x10A4, 0x10A4, 0x10A4, 0x10A4, 0x10A4, 0x10A4, 0x10A4, 0x10A4, 0x10A4, 0x10A4,
  0x10A4, 0x10C4, 0x10C4, 0x10C4, 0x10C5, 0x10E5, 0x1105, 0x1125, 0x1126, 0x1146, 0x1166, 0x1125, 0x11C8, 0x0CB1, 0x0698, 0x0573,
  0x0ACB, 0x1105, 0x1022, 0x1022, 0x1043, 0x1043, 0x1063, 0x1063, 0x1043, 0x1043, 0x1022, 0x1022, 0x1125, 0x0ACB, 0x0554, 0x0697,
  0x0CB1, 0x11E8, 0x1146, 0x11A7, 0x1187, 0x1166, 0x1166, 0x1146, 0x1146, 0x1126, 0x1126, 0x1125, 0x1126, 0x1126, 0x1126, 0x1126,
  0x1126, 0x1126, 0x1126, 0x1126, 0x1126, 0x1126, 0x1146, 0x1146, 0x1146, 0x1146, 0x1146, 0x1146, 0x1146, 0x1146, 0x1146, 0x1146,
  0x1146, 0x1146, 0x1146, 0x1146, 0x1146, 0x1146, 0x1146, 0x1146, 0x1146, 0x1146, 0x1146, 0x1126, 0x1126, 0x1126, 0x1126, 0x1126,
  0x1125, 0x1125, 0x1125, 0x1125, 0x1105, 0x1105, 0x1105, 0x1105, 0x1105, 0x1105, 0x1125, 0x08A5, 0x21C6, 0x8E4B, 0x3B89, 0x0167,
  0x11E8, 0x09C8, 0x09C8, 0x09C8, 0x09C8, 0x09C8, 0x09C8, 0x09C7, 0x09C7, 0x09A7, 0x09A7, 0x09A7, 0x11A7, 0x11A7, 0x11A7, 0x09A7,
  0x11A7, 0x11A7, 0x09A7, 0x09A7, 0x11A7, 0x11A7, 0x11A7, 0x11A7, 0x11A7, 0x09A7, 0x11A7, 0x1126, 0x0C30, 0x0594, 0x1022, 0x1084,
  0x10C4, 0x10C4, 0x10C4, 0x10C4, 0x10C4, 0x10C4, 0x10C4, 0x10C4, 0x10C4, 0x10C4, 0x10C4, 0x10C4, 0x10C4, 0x10C4, 0x10C4, 0x10C4,
  0x10C4, 0x10C4, 0x10C4, 0x10C4, 0x10C4, 0x10C4, 0x10C4, 0x10C4, 0x10C4, 0x10C4, 0x10C4, 0x10C4, 0x10C4, 0x10C4, 0x10C4, 0x10C4,
  0x10C4, 0x10C4, 0x10C4, 0x10C4, 0x10C4, 0x10C4, 0x10C4, 0x10C4, 0x10C4, 0x10C4, 0x10C4, 0x10C4, 0x10C4, 0x10C4, 0x10C4, 0x10C4,
  0x10C4, 0x10C4, 0x10C4, 0x10C4, 0x10C4, 0x10C4, 0x10C4, 0x10C4, 0x10C4, 0x10C4, 0x10C4, 0x10C4, 0x10C4, 0x10C4, 0x10C4, 0x10C4,
  0x10C4, 0x10C4, 0x10C4, 0x10C4, 0x10C4, 0x10C4, 0x10C4, 0x10C4, 0x10C4, 0x10C4, 0x10C4, 0x10C4, 0x10C4, 0x10C4, 0x10C4, 0x10C4,
  0x10C4, 0x10C4, 0x10C4, 0x10C4, 0x0823, 0x2185, 0x6E0D, 0x1A28, 0x0967, 0x1187, 0x1187, 0x1187, 0x1187, 0x1187, 0x1187, 0x1187,
  0x10A4, 0x10A4, 0x10A4, 0x10A4, 0x10A4, 0x10A4, 0x10A4, 0x10A4, 0x10A4, 0x10A4, 0x10A4, 0x10A4, 0x10A4, 0x10A4, 0x10A4, 0x10A4,
  0x10A4, 0x10A4, 0x10A4, 0x10A4, 0x10A4, 0x10A4, 0x10A4, 0x10A4, 0x10A4, 0x10A4, 0x10A4, 0x10A4, 0x10A4, 0x10A4, 0x10A4, 0x10A4,
  0x10A4, 0x10A4, 0x10A4, 0x10A4, 0x10A4, 0x10A4, 0x10A4, 0x10A4, 0x10A4, 0x10A4, 0x10A4, 0x10A4, 0x10A4, 0x10A4, 0x10A4, 0x10A4,
  0x10A4, 0x10A4, 0x10A4, 0x10A4, 0x10A4, 0x10A4, 0x10A4, 0x10A4, 0x10A4, 0x10A4, 0x10A4, 0x10A4, 0x10A4, 0x10A4, 0x10A4, 0x10A4,
  0x10A4, 0x10A4, 0x10A4, 0x10A4, 0x10A4, 0x10A4, 0x10A4, 0x10A4, 0x10A4, 0x10A4, 0x10A4, 0x10A4, 0x10A4, 0x10A4, 0x10A4, 0x10A4,
  0x10A4, 0x10A4, 0x10A4, 0x10A4, 0x10A4, 0x10A4, 0x10A4, 0x10A4, 0x10A4, 0x10A4, 0x10A4, 0x10A4, 0x10A4, 0x10A4, 0x10A4, 0x10A4,
  0x10C4, 0x10C4, 0x10C4, 0x10E5, 0x10E5, 0x1105, 0x1105, 0x1126, 0x1146, 0x1166, 0x1125, 0x0B4D, 0x06B8, 0x0553, 0x09E8, 0x1022,
  0x1043, 0x1084, 0x18E5, 0x1905, 0x1905, 0x1905, 0x1906, 0x1906, 0x1905, 0x1905, 0x1905, 0x18E5, 0x10A4, 0x1043, 0x1043, 0x0A09,
  0x0594, 0x0677, 0x0B4D, 0x1146, 0x11A7, 0x1187, 0x1166, 0x1166, 0x1146, 0x1146, 0x1126, 0x1126, 0x1126, 0x1126, 0x1126, 0x1126,
  0x1126, 0x1126, 0x1126, 0x1126, 0x1126, 0x1126, 0x1126, 0x1146, 0x1146, 0x1146, 0x1146, 0x1146, 0x1146, 0x1146, 0x1146, 0x1146,
  0x1146, 0x1146, 0x1146, 0x1146, 0x1146, 0x1146, 0x1146, 0x1146, 0x1146, 0x1126, 0x1126, 0x1126, 0x1126, 0x1126, 0x1126, 0x1126,
  0x1125, 0x1125, 0x1125, 0x1125, 0x1105, 0x1105, 0x1105, 0x1105, 0x1105, 0x1125, 0x08C5, 0x21A6, 0x860B, 0x3BA9, 0x0167, 0x11E8,
  0x09C8, 0x09C8, 0x09C8, 0x09C8, 0x09C7, 0x09C8, 0x09C7, 0x09A7, 0x09A7, 0x09A7, 0x11A7, 0x09A7, 0x11A7, 0x09A7, 0x09A7, 0x11A7,
  0x11A7, 0x09A7, 0x11A7, 0x11A7, 0x11A7, 0x11A7, 0x11A7, 0x11A7, 0x11A7, 0x1187, 0x11A7, 0x1126, 0x05D5, 0x0B0C, 0x1043, 0x10C4,
  0x10A4, 0x10A4, 0x10A4, 0x10A4, 0x10A4, 0x10A4, 0x10A4, 0x10A4, 0x10A4, 0x10A4, 0x10A4, 0x10A4, 0x10A4, 0x10A4, 0x10A4, 0x10A4,
  0x10A4, 0x10A4, 0x10A4, 0x10A4, 0x10A4, 0x10A4, 0x10A4, 0x10A4, 0x10A4, 0x10A4, 0x10A4, 0x10A4, 0x10A4, 0x10A4, 0x10A4, 0x10A4,
  0x10A4, 0x10A4, 0x10A4, 0x10A4, 0x10A4, 0x10A4, 0x10A4, 0x10A4, 0x10A4, 0x10A4, 0x10A4, 0x10A4, 0x10A4, 0x10A4, 0x10A4, 0x10A4,
  0x10A4, 0x10A4, 0x10A4, 0x10A4, 0x10A4, 0x10A4, 0x10A4, 0x10A4, 0x10A4, 0x10A4, 0x10A4, 0x10A4, 0x10A4, 0x10A4, 0x10A4, 0x10A4,
  0x10A4, 0x10A4, 0x10A4, 0x10A4, 0x10A4, 0x10A4, 0x10A4, 0x10A4, 0x10A4, 0x10A4, 0x10A4, 0x10A4, 0x10A4, 0x10A4, 0x10A4, 0x10A4,
  0x10A4, 0x10A4, 0x10A4, 0x10A4, 0x10C4, 0x0843, 0x5CEB, 0x3BAA, 0x0126, 0x11A7, 0x1187, 0x1187, 0x1187, 0x1187, 0x1187, 0x1187,
  0x10A4, 0x10A4, 0x10A4, 0x10A4, 0x10A4, 0x10A4, 0x10A4, 0x10A4, 0x10A4, 0x10A4, 0x10A4, 0x10A4, 0x10A4, 0x10A4, 0x10A4, 0x10A4,
  0x10A4, 0x10A4, 0x10A4, 0x10A4, 0x10A4, 0x10A4, 0x10A4, 0x10A4, 0x10A4, 0x10A4, 0x10A4, 0x10A4, 0x10A4, 0x10A4, 0x10A4, 0x10A4,
  0x10A4, 0x10A4, 0x10A4, 0x10A4, 0x10A4, 0x10A4, 0x10A4, 0x10A4, 0x10A4, 0x10A4, 0x10A4, 0x10A4, 0x10A4, 0x10A4, 0x10A4, 0x10A4,
  0x10A4, 0x10A4, 0x10A4, 0x10A4, 0x10A4, 0x10A4, 0x10A4, 0x10A4, 0x10A4, 0x10A4, 0x10A4, 0x10A4, 0x10A4, 0x10A4, 0x10A4, 0x10A4,
  0x10A4, 0x10A4, 0x10A4, 0x10A4, 0x10A4, 0x10A4, 0x10A4, 0x10A4, 0x10A4, 0x10A4, 0x10A4, 0x10A4, 0x10A4, 0x10A4, 0x10A4, 0x10A4,
  0x10A4, 0x10A4, 0x10A4, 0x10A4, 0x10A4, 0x10A4, 0x10A4, 0x10A4, 0x10A4, 0x10A4, 0x10A4, 0x10A4, 0x10A4, 0x10A4, 0x10A4, 0x10A4,
  0x10C4, 0x10C4, 0x10C4, 0x10E5, 0x10E5, 0x1105, 0x1126, 0x1146, 0x1166, 0x1146, 0x0CB1, 0x06D8, 0x0AEB, 0x1043, 0x1043, 0x10E5,
  0x1905, 0x1905, 0x18E5, 0x10C4, 0x10A4, 0x10A4, 0x10A4, 0x10A4, 0x10A4, 0x10A4, 0x10C4, 0x18E5, 0x1905, 0x1905, 0x10E5, 0x1043,
  0x1043, 0x0AEC, 0x06B8, 0x0CB1, 0x1187, 0x11A7, 0x1187, 0x1166, 0x1166, 0x1146, 0x1146, 0x1146, 0x1126, 0x1126, 0x1126, 0x1126,
  0x1126, 0x1126, 0x1126, 0x1126, 0x1126, 0x1126, 0x1126, 0x1146, 0x1146, 0x1146, 0x1146, 0x1146, 0x1146, 0x1146, 0x1146, 0x1146,
  0x1146, 0x1146, 0x1146, 0x1146, 0x1146, 0x1146, 0x1146, 0x1126, 0x1126, 0x1126, 0x1126, 0x1126, 0x1126, 0x1126, 0x1126, 0x1125,
  0x1125, 0x1125, 0x1105, 0x1105, 0x1105, 0x1105, 0x1105, 0x1105, 0x1125, 0x08C5, 0x1986, 0x7DEB, 0x4C0A, 0x0167, 0x11E8, 0x09C8,
  0x09C8, 0x09C8, 0x09C8, 0x09C7, 0x09C7, 0x09C7, 0x09C7, 0x09C7, 0x09A7, 0x11A7, 0x09A7, 0x11A7, 0x09A7, 0x09A7, 0x09A7, 0x09A7,
  0x11A7, 0x11A7, 0x11A7, 0x11A7, 0x11A7, 0x11A7, 0x11A7, 0x11A7, 0x1187, 0x1187, 0x11A7, 0x1126, 0x0636, 0x0AAA, 0x1022, 0x10C4,
  0x10A4, 0x10A4, 0x10A4, 0x10A4, 0x10C4, 0x10C4, 0x10C4, 0x10C4, 0x10C4, 0x10C4, 0x10C4, 0x10C4, 0x10C4, 0x10C4, 0x10C4, 0x10C4,
  0x10C4, 0x10C4, 0x10C4, 0x10A4, 0x10A4, 0x10A4, 0x10A4, 0x10A4, 0x10A4, 0x10C4, 0x10A4, 0x10A4, 0x10A4, 0x10A4, 0x10A4, 0x10A4,
  0x10A4, 0x10A4, 0x10A4, 0x10A4, 0x10A4, 0x10C4, 0x10A4, 0x10A4, 0x10A4, 0x10A4, 0x10A4, 0x10A4, 0x10A4, 0x10A4, 0x10C4, 0x10C4,
  0x10C4, 0x10A4, 0x10A4, 0x10A4, 0x10A4, 0x10A4, 0x10A4, 0x10C4, 0x10C4, 0x10C4, 0x10C4, 0x10C4, 0x10C4, 0x10A4, 0x10A4, 0x10A4,
  0x10A4, 0x10C4, 0x10C4, 0x10C4, 0x10C4, 0x10C4, 0x10C4, 0x10C4, 0x10C4, 0x10C4, 0x10C4, 0x10C4, 0x10C4, 0x10C4, 0x10C4, 0x10C4,
  0x10A4, 0x10A4, 0x10A4, 0x10A4, 0x10C4, 0x0803, 0x5CAA, 0x43EA, 0x0106, 0x11A7, 0x1187, 0x1187, 0x1187, 0x1187, 0x1187, 0x1187,
  0x10A4, 0x10A4, 0x10A4, 0x10A4, 0x10A4, 0x10A4, 0x10A4, 0x10A4, 0x10A4, 0x10A4, 0x10A4, 0x10A4, 0x10A4, 0x10A4, 0x10A4, 0x10A4,
  0x10A4, 0x10A4, 0x10A4, 0x10A4, 0x10A4, 0x10A4, 0x10A4, 0x10A4, 0x10A4, 0x10A4, 0x10A4, 0x10A4, 0x10A4, 0x10A4, 0x10A4, 0x10A4,
  0x10A4, 0x10A4, 0x10A4, 0x10A4, 0x10A4, 0x10A4, 0x10A4, 0x10A4, 0x10A4, 0x10A4, 0x10A4, 0x10A4, 0x10A4, 0x10A4, 0x10A4, 0x10A4,
  0x10A4, 0x10A4, 0x10A4, 0x10A4, 0x10A4, 0x10A4, 0x10A4, 0x10A4, 0x10A4, 0x10A4, 0x10A4, 0x10A4, 0x10A4, 0x10A4, 0x10A4, 0x10A4,
  0x10A4, 0x10A4, 0x10A4, 0x10A4, 0x10A4, 0x10A4, 0x10A4, 0x10A4, 0x10A4, 0x10A4, 0x10A4, 0x10A4, 0x10A4, 0x10A4, 0x10A4, 0x10A4,
  0x10A4, 0x10A4, 0x10A4, 0x10A4, 0x10A4, 0x10A4, 0x10A4, 0x10A4, 0x10A4, 0x10A4, 0x10A4, 0x10A4, 0x10A4, 0x10A4, 0x10C4, 0x10C4,
  0x10C4, 0x10C4, 0x10E5, 0x10E5, 0x1105, 0x1126, 0x1146, 0x1166, 0x1146, 0x0594, 0x0616, 0x1126, 0x1022, 0x10C4, 0x1905, 0x1905,
  0x10C4, 0x10A4, 0x10A4, 0x10A4, 0x10A4, 0x10A4, 0x10A4, 0x10A4, 0x10A4, 0x10A4, 0x10A4, 0x10A4, 0x10A4, 0x10C4, 0x1905, 0x1905,
  0x10C4, 0x1022, 0x1146, 0x0636, 0x0594, 0x1187, 0x11A7, 0x0987, 0x1167, 0x1166, 0x1146, 0x1146, 0x1146, 0x1126, 0x1126, 0x1126,
  0x1126, 0x1126, 0x1126, 0x1126, 0x1126, 0x1126, 0x1126, 0x1126, 0x1126, 0x1126, 0x1146, 0x1146, 0x1146, 0x1146, 0x1146, 0x1146,
  0x1146, 0x1146, 0x1146, 0x1146, 0x1146, 0x1126, 0x1146, 0x1126, 0x1126, 0x1126, 0x1126, 0x1126, 0x1126, 0x1126, 0x1126, 0x1125,
  0x1125, 0x1125, 0x1125, 0x1105, 0x1105, 0x1105, 0x1105, 0x1125, 0x08C5, 0x1966, 0x7DCB, 0x4C0A, 0x0167, 0x11E8, 0x09C8, 0x09C8,
  0x11C8, 0x09C8, 0x09C8, 0x09C7, 0x11C7, 0x09A7, 0x09A7, 0x09A7, 0x09A7, 0x09A7, 0x09A7, 0x09A7, 0x11A7, 0x11A7, 0x09A7, 0x11A7,
  0x09A7, 0x11A7, 0x11A7, 0x11A7, 0x11A7, 0x11A7, 0x11A7, 0x1187, 0x1187, 0x1187, 0x11A7, 0x1126, 0x0636, 0x0AAB, 0x1022, 0x10C4,
  0x10A4, 0x10A4, 0x10A4, 0x0863, 0x0043, 0x0043, 0x0043, 0x0043, 0x0043, 0x0043, 0x0043, 0x0043, 0x0043, 0x0043, 0x0043, 0x0043,
  0x0043, 0x0043, 0x0043, 0x0863, 0x10A4, 0x10A4, 0x10A4, 0x10A4, 0x0863, 0x0043, 0x0863, 0x10A4, 0x10A4, 0x10A4, 0x10A4, 0x10A4,
  0x10A4, 0x10A4, 0x10A4, 0x1084, 0x0043, 0x0043, 0x0883, 0x10A4, 0x10A4, 0x10A4, 0x10A4, 0x10A4, 0x10A4, 0x0863, 0x0043, 0x0043,
  0x0043, 0x0043, 0x10A4, 0x10A4, 0x10A4, 0x10A4, 0x0883, 0x0043, 0x0043, 0x0043, 0x0043, 0x0043, 0x0043, 0x0863, 0x10A4, 0x1084,
  0x0043, 0x0043, 0x0043, 0x0043, 0x0043, 0x0043, 0x0043, 0x0043, 0x0043, 0x0043, 0x0043, 0x0043, 0x0043, 0x0043, 0x0043, 0x0043,
  0x0884, 0x10A4, 0x10A4, 0x10A4, 0x10C4, 0x0803, 0x5CCA, 0x43EA, 0x0106, 0x11A7, 0x1187, 0x1187, 0x1187, 0x1187, 0x1187, 0x1187,
  0x10A4, 0x10A4, 0x10A4, 0x10A4, 0x10A4, 0x10A4, 0x10A4, 0x10A4, 0x10A4, 0x10A4, 0x10A4, 0x10A4, 0x10A4, 0x10A4, 0x10A4, 0x10A4,
  0x10A4, 0x10A4, 0x10A4, 0x10A4, 0x10A4, 0x10A4, 0x10A4, 0x10A4, 0x10A4, 0x10A4, 0x10A4, 0x10A4, 0x10A4, 0x10A4, 0x10A4, 0x10A4,
  0x10A4, 0x10A4, 0x10A4, 0x10A4, 0x10A4, 0x10A4, 0x10A4, 0x10A4, 0x10A4, 0x10A4, 0x10A4, 0x10A4, 0x10A4, 0x10A4, 0x10A4, 0x10A4,
  0x10A4, 0x10A4, 0x10A4, 0x10A4, 0x10A4, 0x10A4, 0x10A4, 0x10A4, 0x10A4, 0x10A4, 0x10A4, 0x10A4, 0x10A4, 0x10A4, 0x10A4, 0x10A4,
  0x10A4, 0x10A4, 0x10A4, 0x10A4, 0x10A4, 0x10A4, 0x10A4, 0x10A4, 0x10A4, 0x10A4, 0x10A4, 0x10A4, 0x10A4, 0x10A4, 0x10A4, 0x10A4,
  0x10A4, 0x10A4, 0x10A4, 0x10A4, 0x10A4, 0x10A4, 0x10A4, 0x10A4, 0x10A4, 0x10A4, 0x10A4, 0x10A4, 0x10A4, 0x10A4, 0x10A4, 0x10C4,
  0x10C4, 0x10E5, 0x10E5, 0x1105, 0x1125, 0x1146, 0x1166, 0x1146, 0x0594, 0x05D5, 0x10A4, 0x1063, 0x1905, 0x2105, 0x10C4, 0x10A4,
  0x10A4, 0x10A4, 0x10A4, 0x10A4, 0x10A4, 0x10A4, 0x10A4, 0x10A4, 0x10A4, 0x10A4, 0x10A4, 0x10A4, 0x10A4, 0x10A4, 0x10A4, 0x10C4,
  0x2105, 0x18E5, 0x1063, 0x10C4, 0x05F5, 0x0574, 0x1187, 0x11A7, 0x1187, 0x1167, 0x1166, 0x1146, 0x1146, 0x1126, 0x1126, 0x1125,
  0x1125, 0x1126, 0x1126, 0x1126, 0x1126, 0x1126, 0x1126, 0x1126, 0x1126, 0x1126, 0x1146, 0x1146, 0x1126, 0x1146, 0x1146, 0x1146,
  0x1146, 0x1146, 0x1146, 0x1126, 0x1146, 0x1126, 0x1126, 0x1126, 0x1126, 0x1126, 0x1126, 0x1126, 0x1126, 0x1126, 0x1126, 0x1126,
  0x1125, 0x1125, 0x1105, 0x1105, 0x1105, 0x1105, 0x1125, 0x08C5, 0x1966, 0x7DCB, 0x548A, 0x0167, 0x11E8, 0x09C8, 0x09C8, 0x09C8,
  0x09C8, 0x11C8, 0x09C8, 0x11C7, 0x11C8, 0x09A7, 0x09A7, 0x11A7, 0x09A7, 0x09A7, 0x09A7, 0x09A7, 0x09A7, 0x11A7, 0x11A7, 0x11A7,
  0x09A7, 0x11A7, 0x09A7, 0x1187, 0x11A7, 0x0987, 0x1187, 0x1187, 0x1187, 0x1187, 0x11A7, 0x1126, 0x0616, 0x0AAB, 0x1022, 0x10C4,
  0x10A4, 0x10A4, 0x0883, 0x31A8, 0x424A, 0x422A, 0x422A, 0x422A, 0x422A, 0x422A, 0x422A, 0x422A, 0x422A, 0x422A, 0x422A, 0x422A,
  0x422A, 0x422A, 0x424A, 0x31A8, 0x1084, 0x10A4, 0x10A4, 0x1084, 0x31A8, 0x424A, 0x31A8, 0x1084, 0x10A4, 0x10A4, 0x10A4, 0x10A4,
  0x10A4, 0x10A4, 0x1084, 0x18E5, 0x4229, 0x424A, 0x2126, 0x0884, 0x10A4, 0x10A4, 0x10A4, 0x10A4, 0x1084, 0x31C8, 0x424A, 0x422A,
  0x424A, 0x4229, 0x10C4, 0x10A4, 0x10A4, 0x0884, 0x2146, 0x424A, 0x424A, 0x424A, 0x424A, 0x422A, 0x424A, 0x31A8, 0x0883, 0x18E5,
  0x422A, 0x424A, 0x422A, 0x422A, 0x422A, 0x422A, 0x422A, 0x422A, 0x422A, 0x422A, 0x422A, 0x422A, 0x422A, 0x424A, 0x424A, 0x424A,
  0x1905, 0x0884, 0x10A4, 0x10A4, 0x10C4, 0x0803, 0x5CCA, 0x43EA, 0x0106, 0x11A7, 0x1187, 0x1187, 0x1187, 0x1187, 0x1187, 0x1187,
  0x10A4, 0x10A4, 0x10A4, 0x10A4, 0x10A4, 0x10A4, 0x10A4, 0x10A4, 0x10A4, 0x10A4, 0x10A4, 0x10A4, 0x10A4, 0x10A4, 0x10A4, 0x10A4,
  0x10A4, 0x10A4, 0x10A4, 0x10A4, 0x10A4, 0x10A4, 0x10A4, 0x10A4, 0x10A4, 0x10A4, 0x10A4, 0x10A4, 0x10A4, 0x10A4, 0x10A4, 0x10A4,
  0x10A4, 0x10A4, 0x10A4, 0x10A4, 0x10A4, 0x10A4, 0x10A4, 0x10A4, 0x10A4, 0x10A4, 0x10A4, 0x10A4, 0x10A4, 0x10A4, 0x10A4, 0x10A4,
  0x10A4, 0x10A4, 0x10A4, 0x10A4, 0x10A4, 0x10A4, 0x10A4, 0x10A4, 0x10A4, 0x10A4, 0x10A4, 0x10A4, 0x10A4, 0x10A4, 0x10A4, 0x10A4,
  0x10A4, 0x10A4, 0x10A4, 0x10A4, 0x10A4, 0x10A4, 0x10A4, 0x10A4, 0x10A4, 0x10A4, 0x10A4, 0x10A4, 0x10A4, 0x10A4, 0x10A4, 0x10A4,
  0x10A4, 0x10A4, 0x10A4, 0x10A4, 0x10A4, 0x10A4, 0x10A4, 0x10A4, 0x10A4, 0x10A4, 0x10A4, 0x10A4, 0x10A4, 0x10A4, 0x10A4, 0x10C4,
  0x10C4, 0x10E5, 0x1105, 0x1105, 0x1126, 0x1166, 0x1105, 0x0512, 0x0616, 0x10A4, 0x1063, 0x1905, 0x1905, 0x10A4, 0x10A4, 0x10A4,
  0x10A4, 0x10A4, 0x10A4, 0x10A4, 0x10A4, 0x10A4, 0x10A4, 0x10A4, 0x10A4, 0x10A4, 0x10A4, 0x10A4, 0x10A4, 0x10A4, 0x10A4, 0x10A4,
  0x10A4, 0x1905, 0x1905, 0x1063, 0x10C4, 0x0616, 0x0513, 0x1166, 0x09A7, 0x1187, 0x1167, 0x1146, 0x1146, 0x1126, 0x1126, 0x1126,
  0x1126, 0x1126, 0x1125, 0x1126, 0x1126, 0x1126, 0x1126, 0x1126, 0x1126, 0x1126, 0x1146, 0x1126, 0x1126, 0x1146, 0x1146, 0x1146,
  0x1146, 0x1146, 0x1126, 0x1126, 0x1126, 0x1126, 0x1126, 0x1126, 0x1126, 0x1126, 0x1126, 0x1126, 0x1126, 0x1126, 0x1125, 0x1125,
  0x1125, 0x1125, 0x1105, 0x1105, 0x1105, 0x1125, 0x08E5, 0x1166, 0x75CB, 0x54CB, 0x0987, 0x11C8, 0x11C8, 0x09C8, 0x09C8, 0x09C8,
  0x09C8, 0x09C7, 0x11A7, 0x09A7, 0x09A7, 0x09A7, 0x11A7, 0x09A7, 0x09A7, 0x09A7, 0x11A7, 0x11A7, 0x09A7, 0x11A7, 0x09A7, 0x09A7,
  0x11A7, 0x11A7, 0x11A7, 0x11A7, 0x09A7, 0x1187, 0x1187, 0x1187, 0x1187, 0x1187, 0x11A7, 0x1126, 0x0636, 0x0AAA, 0x1023, 0x10C4,
  0x10A4, 0x10C4, 0x0002, 0xB5B7, 0xFFFF, 0xFFFF, 0xFFFF, 0xFFFF, 0xFFFF, 0xFFFF, 0xFFFF, 0xFFFF, 0xFFFF, 0xFFFF, 0xFFFF, 0xFFFF,
  0xFFFF, 0xFFFF, 0xFFFF, 0xB5B7, 0x0863, 0x10A4, 0x10A4, 0x0863, 0xBDD8, 0xFFFF, 0xBDD7, 0x0043, 0x10C4, 0x10A4, 0x10A4, 0x10A4,
  0x10A4, 0x10A4, 0x0863, 0x31A8, 0xFFDF, 0xFFFF, 0x632E, 0x0022, 0x10C4, 0x10A4, 0x10A4, 0x10C4, 0x0043, 0xBDF8, 0xFFFF, 0xFFFF,
  0xFFFF, 0xF7BE, 0x2106, 0x0883, 0x10C4, 0x0002, 0x73D0, 0xFFFF, 0xFFFF, 0xFFFF, 0xFFFF, 0xFFFF, 0xFFFF, 0xAD96, 0x0001, 0x39E9,
  0xFFFF, 0xFFFF, 0xFFFF, 0xFFFF, 0xFFFF, 0xFFFF, 0xFFFF, 0xFFFF, 0xFFFF, 0xFFFF, 0xFFFF, 0xFFFF, 0xFFFF, 0xFFFF, 0xFFFF, 0xFFFF,
  0x52AB, 0x0022, 0x10C4, 0x10A4, 0x10C4, 0x0003, 0x5CCA, 0x43EA, 0x0106, 0x11A7, 0x1187, 0x1187, 0x1187, 0x1187, 0x1187, 0x1187,
  0x10A4, 0x10A4, 0x10A4, 0x10A4, 0x10A4, 0x10A4, 0x10A4, 0x10A4, 0x10A4, 0x10A4, 0x10A4, 0x10A4, 0x10A4, 0x10A4, 0x10A4, 0x10A4,
  0x10A4, 0x10A4, 0x10A4, 0x10A4, 0x10A4, 0x10A4, 0x10A4, 0x10A4, 0x10A4, 0x10A4, 0x10A4, 0x10A4, 0x10A4, 0x10A4, 0x10A4, 0x10A4,
  0x10A4, 0x10A4, 0x10A4, 0x10A4, 0x10A4, 0x10A4, 0x10A4, 0x10A4, 0x10A4, 0x10A4, 0x10A4, 0x10A4, 0x10A4, 0x10A4, 0x10A4, 0x10A4,
  0x10A4, 0x10A4, 0x10A4, 0x10A4, 0x10A4, 0x10A4, 0x10A4, 0x10A4, 0x10A4, 0x10A4, 0x10A4, 0x10A4, 0x10A4, 0x10A4, 0x10A4, 0x10A4,
  0x10A4, 0x10A4, 0x10A4, 0x10A4, 0x10A4, 0x10A4, 0x10A4, 0x10A4, 0x10A4, 0x10A4, 0x10A4, 0x10A4, 0x10A4, 0x10A4, 0x10A4, 0x10A4,
  0x10A4, 0x10A4, 0x10A4, 0x10A4, 0x10A4, 0x10A4, 0x10A4, 0x10A4, 0x10A4, 0x10A4, 0x10A4, 0x10A4, 0x10A4, 0x10A4, 0x10C4, 0x10C4,
  0x10E5, 0x10E5, 0x1105, 0x1126, 0x1166, 0x1105, 0x0BCE, 0x0677, 0x10E5, 0x1063, 0x1905, 0x18E5, 0x10A4, 0x10A4, 0x10A4, 0x10A4,
  0x10A4, 0x10A4, 0x10A4, 0x10A4, 0x10A4, 0x10A4, 0x10A4, 0x10A4, 0x10A4, 0x10A4, 0x10A4, 0x10A4, 0x10A4, 0x10A4, 0x10A4, 0x10A4,
  0x10A4, 0x10A4, 0x1905, 0x1905, 0x1063, 0x1105, 0x0697, 0x0BEE, 0x1146, 0x11A7, 0x1187, 0x1166, 0x1146, 0x1146, 0x1126, 0x1126,
  0x1126, 0x1125, 0x1126, 0x1125, 0x1126, 0x1126, 0x1126, 0x1126, 0x1126, 0x1126, 0x1126, 0x1126, 0x1126, 0x1126, 0x1126, 0x1126,
  0x1146, 0x1126, 0x1126, 0x1126, 0x1126, 0x1126, 0x1126, 0x1126, 0x1126, 0x1126, 0x1126, 0x1126, 0x1126, 0x1126, 0x1126, 0x1125,
  0x1125, 0x1125, 0x1105, 0x1105, 0x1125, 0x08E5, 0x1125, 0x75AB, 0x5D0B, 0x0987, 0x11C8, 0x11C8, 0x09C8, 0x11C8, 0x09C8, 0x09C8,
  0x11C7, 0x09C7, 0x09C7, 0x09A7, 0x09A7, 0x09A7, 0x09A7, 0x09A7, 0x09A7, 0x11A7, 0x11A7, 0x11A7, 0x11A7, 0x09A7, 0x09A7, 0x11A7,
  0x11A7, 0x11A7, 0x11A7, 0x1187, 0x1187, 0x1187, 0x1187, 0x11A7, 0x0987, 0x1187, 0x11A7, 0x1126, 0x0E15, 0x0AAA, 0x1023, 0x10C4,
  0x10A4, 0x10C4, 0x0022, 0xAD76, 0xFFFF, 0xFFDF, 0xF7DF, 0xFFDF, 0xFFDF, 0xFFDF, 0xFFDF, 0xFFDF, 0xFFDF, 0xFFDF, 0xFFDF, 0xFFDF,
  0xF7DF, 0xFFBF, 0xFFFF, 0xAD76, 0x0863, 0x10A4, 0x10A4, 0x0863, 0xB5B7, 0xFFFF, 0xB596, 0x0043, 0x10C4, 0x10C4, 0x10C5, 0x10C4,
  0x18C5, 0x10C5, 0x0863, 0x31A8, 0xEF7E, 0xFFFF, 0x630D, 0x0022, 0x10C4, 0x10A4, 0x10A4, 0x10C4, 0x0043, 0xB597, 0xFFFF, 0xFFDF,
  0xFFFF, 0xEF5D, 0x2126, 0x10A4, 0x18E5, 0x0043, 0x73AF, 0xFFFF, 0xFFDF, 0xFFFF, 0xFFFF, 0xFFDF, 0xFFFF, 0xA555, 0x0002, 0x39C8,
  0xF79E, 0xFFFF, 0xF7BF, 0xF7DF, 0xFFDF, 0xFFDF, 0xFFDF, 0xFFDF, 0xFFDF, 0xFFDF, 0xFFDF, 0xFFDF, 0xF7DF, 0xFFDF, 0xFFDF, 0xFFFF,
  0x4A8B, 0x0042, 0x10C4, 0x10A4, 0x10C4, 0x0003, 0x64CA, 0x43EA, 0x0106, 0x1187, 0x1187, 0x1187, 0x1187, 0x1187, 0x1187, 0x1187,
  0x10A4, 0x10A4, 0x10A4, 0x10A4, 0x10A4, 0x10A4, 0x10A4, 0x10A4, 0x10A4, 0x10A4, 0x10A4, 0x10A4, 0x10A4, 0x10A4, 0x10A4, 0x10A4,
  0x10A4, 0x10A4, 0x10A4, 0x10A4, 0x10A4, 0x10A4, 0x10A4, 0x10A4, 0x10A4, 0x10A4, 0x10A4, 0x10A4, 0x10A4, 0x10A4, 0x10A4, 0x10A4,
  0x10A4, 0x10A4, 0x10A4, 0x10A4, 0x10A4, 0x10A4, 0x10A4, 0x10A4, 0x10A4, 0x10A4, 0x10A4, 0x10A4, 0x10A4, 0x10A4, 0x10A4, 0x10A4,
  0x10A4, 0x10A4, 0x10A4, 0x10A4, 0x10A4, 0x10A4, 0x10A4, 0x10A4, 0x10A4, 0x10A4, 0x10A4, 0x10A4, 0x10A4, 0x10A4, 0x10A4, 0x10A4,
  0x10A4, 0x10A4, 0x10A4, 0x10A4, 0x10A4, 0x10A4, 0x10A4, 0x10A4, 0x10A4, 0x10A4, 0x10A4, 0x10A4, 0x10A4, 0x10A4, 0x10A4, 0x10A4,
  0x10A4, 0x10A4, 0x10A4, 0x10A4, 0x10A4, 0x10A4, 0x10A4, 0x10A4, 0x10A4, 0x10A4, 0x10A4, 0x10A4, 0x10A4, 0x10A4, 0x10C4, 0x10C4,
  0x10E5, 0x1105, 0x1105, 0x1146, 0x1146, 0x0A09, 0x06B8, 0x0A49, 0x1043, 0x1905, 0x18E5, 0x10A4, 0x10A4, 0x10A4, 0x10A4, 0x10A4,
  0x10A4, 0x10A4, 0x10A4, 0x10A4, 0x10A4, 0x10A4, 0x10A4, 0x10A4, 0x10A4, 0x10A4, 0x10A4, 0x10A4, 0x10A4, 0x10A4, 0x10A4, 0x10A4,
  0x10A4, 0x10A4, 0x10A4, 0x1905, 0x1905, 0x1022, 0x0A8A, 0x06D8, 0x0A49, 0x1187, 0x1187, 0x1167, 0x1166, 0x1146, 0x1146, 0x1126,
  0x1126, 0x1126, 0x1126, 0x1126, 0x1126, 0x1126, 0x1126, 0x1126, 0x1126, 0x1126, 0x1126, 0x1126, 0x1126, 0x1126, 0x1126, 0x1126,
  0x1126, 0x1126, 0x1126, 0x1126, 0x1126, 0x1126, 0x1126, 0x1126, 0x1126, 0x1126, 0x1126, 0x1126, 0x1126, 0x1125, 0x1125, 0x1125,
  0x1125, 0x1105, 0x1105, 0x1125, 0x08E5, 0x1125, 0x6D8B, 0x5D0B, 0x09A8, 0x09C8, 0x11C8, 0x09C8, 0x09C8, 0x09C8, 0x09C8, 0x09C8,
  0x09C8, 0x11C7, 0x09C7, 0x09A7, 0x11A7, 0x11A7, 0x11A7, 0x11A7, 0x09A7, 0x11A7, 0x11A7, 0x11A7, 0x09A7, 0x09A7, 0x11A7, 0x11A7,
  0x11A7, 0x11A7, 0x11A7, 0x1187, 0x1187, 0x1187, 0x1187, 0x1187, 0x1187, 0x1187, 0x11A7, 0x1126, 0x0E15, 0x0AAA, 0x1023, 0x10C4,
  0x10A4, 0x10C4, 0x0022, 0xAD76, 0xFFFF, 0xBDF8, 0x39E9, 0x422A, 0x422A, 0x422A, 0x422A, 0x422A, 0x422A, 0x422A, 0x422A, 0x422A,
  0x39E9, 0xBDD7, 0xFFFF, 0xAD76, 0x0863, 0x10A4, 0x10C4, 0x10A4, 0x3A09, 0x52CC, 0x39E9, 0x0863, 0x2146, 0xC618, 0xD69A, 0xCE59,
  0xCE7A, 0x9CD4, 0x0022, 0x1905, 0x4A6B, 0x52AC, 0x2946, 0x10A4, 0x10C4, 0x10C4, 0x10C4, 0x10C4, 0x0043, 0xB597, 0xFFFF, 0xFFDF,
  0xFFFF, 0xFFDF, 0xD69A, 0xCE9A, 0xCE7A, 0xCE59, 0xE71C, 0xFFFF, 0xFFFF, 0xFFFF, 0xFFFF, 0xFFDF, 0xFFFF, 0xAD55, 0x0002, 0x39C8,
  0xF79E, 0xFFFF, 0x73AF, 0x39C8, 0x422A, 0x424A, 0x422A, 0x422A, 0x422A, 0x422A, 0x422A, 0x422A, 0x39E9, 0x5B0D, 0xFFDF, 0xFFFF,
  0x4A8B, 0x0042, 0x10C4, 0x10A4, 0x10C4, 0x0003, 0x64CA, 0x43EA, 0x0106, 0x11A7, 0x1187, 0x1187, 0x1187, 0x1187, 0x1187, 0x1187,
  0x10A4, 0x10A4, 0x10A4, 0x10A4, 0x10A4, 0x10A4, 0x10A4, 0x10A4, 0x10A4, 0x10A4, 0x10A4, 0x10A4, 0x10A4, 0x10A4, 0x10A4, 0x10A4,
  0x10A4, 0x10A4, 0x10A4, 0x10A4, 0x10A4, 0x10A4, 0x10A4, 0x10A4, 0x10A4, 0x10A4, 0x10A4, 0x10A4, 0x10A4, 0x10A4, 0x10A4, 0x10A4,
  0x10A4, 0x10A4, 0x10A4, 0x10A4, 0x10A4, 0x10A4, 0x10A4, 0x10A4, 0x10A4, 0x10A4, 0x10A4, 0x10A4, 0x10A4, 0x10A4, 0x10A4, 0x10A4,
  0x10A4, 0x10A4, 0x10A4, 0x10A4, 0x10A4, 0x10A4, 0x10A4, 0x10A4, 0x10A4, 0x10A4, 0x10A4, 0x10A4, 0x10A4, 0x10A4, 0x10A4, 0x10A4,
  0x10A4, 0x10A4, 0x10A4, 0x10A4, 0x10A4, 0x10A4, 0x10A4, 0x10A4, 0x10A4, 0x10A4, 0x10A4, 0x10A4, 0x10A4, 0x10A4, 0x10A4, 0x10A4,
  0x10A4, 0x10A4, 0x10A4, 0x10A4, 0x10A4, 0x10A4, 0x10A4, 0x10A4, 0x10A4, 0x10A4, 0x10A4, 0x10A4, 0x10A4, 0x10C4, 0x10C4, 0x10E5,
  0x10E5, 0x1105, 0x1126, 0x1166, 0x1105, 0x0574, 0x0C91, 0x1022, 0x10E5, 0x1905, 0x10A4, 0x10A4, 0x10A4, 0x10A4, 0x10A4, 0x10A4,
  0x10A4, 0x10A4, 0x10A4, 0x10A4, 0x10A4, 0x10A4, 0x10A4, 0x0064, 0x0864, 0x0884, 0x10A4, 0x10A4, 0x10A4, 0x10A4, 0x10A4, 0x10A4,
  0x10A4, 0x10A4, 0x10A4, 0x10A4, 0x1905, 0x10E5, 0x1022, 0x0CD2, 0x0574, 0x1166, 0x09A7, 0x1187, 0x1166, 0x1146, 0x1146, 0x1126,
  0x1126, 0x1126, 0x1125, 0x1125, 0x1126, 0x1126, 0x1126, 0x1126, 0x1126, 0x1126, 0x1126, 0x1126, 0x1126, 0x1126, 0x1126, 0x1126,
  0x1126, 0x1126, 0x1126, 0x1126, 0x1126, 0x1126, 0x1126, 0x1126, 0x1126, 0x1126, 0x1126, 0x1126, 0x1126, 0x1125, 0x1125, 0x1125,
  0x1105, 0x1105, 0x1125, 0x1105, 0x08E5, 0x6D4B, 0x5D2B, 0x09A8, 0x09C8, 0x11C8, 0x09C8, 0x09C8, 0x11C8, 0x09C8, 0x11C8, 0x11C7,
  0x09C7, 0x09A7, 0x09A7, 0x09A7, 0x09A7, 0x11A7, 0x11A7, 0x09A7, 0x09A7, 0x09A7, 0x11A7, 0x09A7, 0x09A7, 0x11A7, 0x0987, 0x1187,
  0x09A7, 0x1187, 0x1187, 0x1187, 0x1187, 0x1187, 0x0987, 0x1187, 0x1187, 0x1187, 0x1187, 0x1126, 0x0E15, 0x12AA, 0x1023, 0x10C4,
  0x10A4, 0x10C4, 0x0022, 0xAD76, 0xFFFF, 0xAD56, 0x0002, 0x0863, 0x0001, 0x0001, 0x0001, 0x0001, 0x0001, 0x0001, 0x0001, 0x0863,
  0x0002, 0xA535, 0xFFFF, 0xAD56, 0x0863, 0x10A4, 0x0022, 0x0022, 0x0001, 0x0000, 0x0002, 0x0883, 0x2967, 0xF7BE, 0xFFFF, 0xFFFF,
  0xFFFF, 0xCE7A, 0x0022, 0x10A4, 0x0001, 0x0001, 0x0002, 0x0022, 0x0022, 0x0022, 0x0022, 0x10A4, 0x0043, 0xBDF8, 0xFFFF, 0xFFFF,
  0xFFFF, 0xFFFF, 0xFFFF, 0xFFFF, 0xFFFF, 0xFFFF, 0xFFFF, 0xFFFF, 0xFFFF, 0xFFFF, 0xFFFF, 0xFFFF, 0xFFFF, 0xAD55, 0x0002, 0x39C8,
  0xF79E, 0xFFFF, 0x4A6A, 0x0002, 0x0022, 0x0001, 0x0001, 0x0001, 0x0001, 0x0001, 0x0001, 0x0022, 0x0022, 0x2987, 0xF7BE, 0xFFFF,
  0x4A8B, 0x0042, 0x10C4, 0x10A4, 0x10C4, 0x0003, 0x64A9, 0x43E9, 0x0106, 0x1187, 0x1187, 0x1187, 0x1187, 0x1187, 0x1187, 0x1187,
  0x10A4, 0x10A4, 0x10A4, 0x10A4, 0x10A4, 0x10A4, 0x10A4, 0x10A4, 0x10A4, 0x10A4, 0x10A4, 0x10A4, 0x10A4, 0x10A4, 0x10A4, 0x10A4,
  0x10A4, 0x10A4, 0x10A4, 0x10A4, 0x10A4, 0x10A4, 0x10A4, 0x10A4, 0x10A4, 0x10A4, 0x10A4, 0x10A4, 0x10A4, 0x10A4, 0x10A4, 0x10A4,
  0x10A4, 0x10A4, 0x10A4, 0x10A4, 0x10A4, 0x10A4, 0x10A4, 0x10A4, 0x10A4, 0x10A4, 0x10A4, 0x10A4, 0x10A4, 0x10A4, 0x10A4, 0x10A4,
  0x10A4, 0x10A4, 0x10A4, 0x10A4, 0x10A4, 0x10A4, 0x10A4, 0x10A4, 0x10A4, 0x10A4, 0x10A4, 0x10A4, 0x10A4, 0x10A4, 0x10A4, 0x10A4,
  0x10A4, 0x10A4, 0x10A4, 0x10A4, 0x10A4, 0x10A4, 0x10A4, 0x10A4, 0x10A4, 0x10A4, 0x10A4, 0x10A4, 0x10A4, 0x10A4, 0x10A4, 0x10A4,
  0x10A4, 0x10A4, 0x10A4, 0x10A4, 0x10A4, 0x10A4, 0x10A4, 0x10A4, 0x10A4, 0x10A4, 0x10A4, 0x10A4, 0x10A4, 0x10C4, 0x10C4, 0x10E5,
  0x10E5, 0x1125, 0x1146, 0x1126, 0x0ACB, 0x0697, 0x1126, 0x1083, 0x1905, 0x10C4, 0x10A4, 0x10A4, 0x10A4, 0x10A4, 0x10A4, 0x10A4,
  0x10A4, 0x10A4, 0x10A4, 0x10A4, 0x10A4, 0x10A4, 0x0044, 0x72C2, 0xB481, 0x2943, 0x0884, 0x10A4, 0x10A4, 0x10A4, 0x10A4, 0x10A4,
  0x10A4, 0x10A4, 0x10A4, 0x10A4, 0x10C4, 0x1906, 0x1083, 0x1126, 0x0697, 0x0AEB, 0x1167, 0x11A7, 0x1166, 0x1166, 0x1146, 0x1126,
  0x1126, 0x1126, 0x1126, 0x1125, 0x1126, 0x1126, 0x1126, 0x1126, 0x1126, 0x1126, 0x1126, 0x1126, 0x1126, 0x1126, 0x1126, 0x1126,
  0x1126, 0x1126, 0x1126, 0x1126, 0x1126, 0x1126, 0x1126, 0x1126, 0x1126, 0x1126, 0x1126, 0x1126, 0x1125, 0x1125, 0x1125, 0x1125,
  0x1105, 0x1125, 0x1105, 0x08E5, 0x5CEA, 0x5D2B, 0x09A8, 0x09C8, 0x11C8, 0x09C8, 0x09C8, 0x11C8, 0x11C8, 0x09C8, 0x09C8, 0x09C7,
  0x09A7, 0x09C7, 0x11A7, 0x09A7, 0x09A7, 0x09A7, 0x09A7, 0x09A7, 0x11A7, 0x11A7, 0x11A7, 0x11A7, 0x11A7, 0x11A7, 0x11A7, 0x1187,
  0x1187, 0x1187, 0x1187, 0x1187, 0x1187, 0x1187, 0x1187, 0x1187, 0x1187, 0x1187, 0x1187, 0x1126, 0x0E15, 0x12AA, 0x1023, 0x10C4,
  0x10A4, 0x10C4, 0x0022, 0xAD76, 0xFFFF, 0xAD96, 0x0863, 0x1905, 0x7BF0, 0x8C72, 0x8C52, 0x8C52, 0x8C52, 0x8C52, 0x8411, 0x18E5,
  0x0863, 0xAD56, 0xFFFF, 0xAD76, 0x0043, 0x18E5, 0x7BF0, 0x8C52, 0x8431, 0x8C72, 0x634E, 0x0863, 0x2987, 0xEF5D, 0xFFFF, 0xBDF8,
  0x94B3, 0x73AF, 0x0043, 0x2126, 0x7C11, 0x8C52, 0x8451, 0x8451, 0x8431, 0x8451, 0x7BF0, 0x2126, 0x0863, 0x73AF, 0x9D14, 0x9CF4,
  0x9CD4, 0xA535, 0xFFDF, 0xFFDF, 0xBDF8, 0x8C72, 0xC639, 0xFFFF, 0xFFDF, 0xA514, 0x94B3, 0xDEDB, 0xFFFF, 0xA535, 0x0002, 0x39C8,
  0xF79E, 0xFFFF, 0x52AC, 0x0022, 0x422A, 0x8C92, 0x8451, 0x8C52, 0x8C52, 0x8451, 0x8C72, 0x5ACC, 0x0042, 0x39E9, 0xF7BE, 0xFFFF,
  0x4A8B, 0x0042, 0x10C4, 0x10A4, 0x10C4, 0x0003, 0x64A9, 0x43E9, 0x0106, 0x1187, 0x1187, 0x1187, 0x1187, 0x1187, 0x1187, 0x1187,
  0x10A4, 0x10A4, 0x10A4, 0x10A4, 0x10A4, 0x10A4, 0x10A4, 0x10A4, 0x10A4, 0x10A4, 0x10A4, 0x10A4, 0x10A4, 0x10A4, 0x10A4, 0x10A4,
  0x10A4, 0x10A4, 0x10A4, 0x10A4, 0x10A4, 0x10A4, 0x10A4, 0x10A4, 0x10A4, 0x10A4, 0x10A4, 0x10A4, 0x10A4, 0x10A4, 0x10A4, 0x10A4,
  0x10A4, 0x10A4, 0x10A4, 0x10A4, 0x10A4, 0x10A4, 0x10A4, 0x10A4, 0x10A4, 0x10A4, 0x10A4, 0x10A4, 0x10A4, 0x10A4, 0x10A4, 0x10A4,
  0x10A4, 0x10A4, 0x10A4, 0x10A4, 0x10A4, 0x10A4, 0x10A4, 0x10A4, 0x10A4, 0x10A4, 0x10A4, 0x10A4, 0x10A4, 0x10A4, 0x10A4, 0x10A4,
  0x10A4, 0x10A4, 0x10A4, 0x10A4, 0x10A4, 0x10A4, 0x10A4, 0x10A4, 0x10A4, 0x10A4, 0x10A4, 0x10A4, 0x10A4, 0x10A4, 0x10A4, 0x10A4,
  0x10A4, 0x10A4, 0x10A4, 0x10A4, 0x10A4, 0x10A4, 0x10A4, 0x10A4, 0x10A4, 0x10A4, 0x10A4, 0x10A4, 0x10A4, 0x10C4, 0x10C4, 0x10E5,
  0x1105, 0x1126, 0x1166, 0x1105, 0x0553, 0x0C30, 0x1022, 0x1905, 0x18E5, 0x10A4, 0x10A4, 0x10A4, 0x10A4, 0x10A4, 0x10A4, 0x10A4,
  0x10A4, 0x10A4, 0x10A4, 0x10A4, 0x10C4, 0x0044, 0x72C2, 0xFE20, 0xFE80, 0x6AA2, 0x0044, 0x10C4, 0x10A4, 0x10A4, 0x10A4, 0x10A4,
  0x10A4, 0x10A4, 0x10A4, 0x10A4, 0x10A4, 0x18E5, 0x1905, 0x1022, 0x0C50, 0x0594, 0x1146, 0x09A7, 0x1187, 0x1166, 0x1146, 0x1146,
  0x1126, 0x1126, 0x1126, 0x1125, 0x1125, 0x1126, 0x1126, 0x1126, 0x1126, 0x1126, 0x1126, 0x1126, 0x1126, 0x1126, 0x1126, 0x1126,
  0x1126, 0x1126, 0x1126, 0x1126, 0x1126, 0x1126, 0x1126, 0x1126, 0x1126, 0x1125, 0x1126, 0x1126, 0x1125, 0x1125, 0x1125, 0x1105,
  0x1125, 0x1105, 0x08C5, 0x5CCB, 0x656C, 0x09A8, 0x09C8, 0x11C8, 0x09C8, 0x09C8, 0x09C8, 0x11C8, 0x09C8, 0x11C8, 0x09C7, 0x09A7,
  0x09A7, 0x09A7, 0x09A7, 0x11A7, 0x11A7, 0x09A7, 0x11A7, 0x09A7, 0x09A7, 0x11A7, 0x11A7, 0x11A7, 0x11A7, 0x1187, 0x1187, 0x1187,
  0x1187, 0x1187, 0x1187, 0x1187, 0x1187, 0x1187, 0x1187, 0x1187, 0x1187, 0x1187, 0x11A7, 0x1126, 0x0E15, 0x12AA, 0x1023, 0x10C4,
  0x10A4, 0x10C4, 0x0022, 0xAD76, 0xFFFF, 0xAD96, 0x0042, 0x2146, 0xF7BE, 0xFFFF, 0xFFFF, 0xFFFF, 0xFFFF, 0xFFFF, 0xFFFF, 0x1905,
  0x0043, 0xAD56, 0xFFFF, 0xAD76, 0x0042, 0x2126, 0xFFDF, 0xFFFF, 0xFFFF, 0xFFFF, 0xC618, 0x0001, 0x2146, 0xEF7D, 0xFFFF, 0x634E,
  0x0001, 0x0884, 0x0863, 0x31A8, 0xFFFF, 0xFFFF, 0xFFFF, 0xFFFF, 0xFFFF, 0xFFFF, 0xFFFF, 0x2987, 0x0883, 0x0043, 0x0002, 0x0002,
  0x0001, 0x18E5, 0xFFFF, 0xFFFF, 0x5AEC, 0x0000, 0x6B6E, 0xFFFF, 0xF7BE, 0x10C5, 0x0001, 0xB597, 0xFFFF, 0xAD55, 0x0002, 0x39C8,
  0xF79E, 0xFFFF, 0x52AC, 0x0001, 0x7BD0, 0xFFFF, 0xFFFF, 0xFFFF, 0xFFFF, 0xFFFF, 0xFFFF, 0xA514, 0x0001, 0x39E9, 0xF7BE, 0xFFFF,
  0x4A8B, 0x0042, 0x10C4, 0x10A4, 0x10C4, 0x0003, 0x64A9, 0x43E9, 0x0106, 0x1187, 0x1187, 0x1187, 0x1187, 0x1187, 0x1187, 0x1187,
  0x10A4, 0x10A4, 0x10A4, 0x10A4, 0x10A4, 0x10A4, 0x10A4, 0x10A4, 0x10A4, 0x10A4, 0x10A4, 0x10A4, 0x10A4, 0x10A4, 0x10A4, 0x10A4,
  0x10A4, 0x10A4, 0x10A4, 0x10A4, 0x10A4, 0x10A4, 0x10A4, 0x10A4, 0x10A4, 0x10A4, 0x10A4, 0x10A4, 0x10A4, 0x10A4, 0x10A4, 0x10A4,
  0x10A4, 0x10A4, 0x10A4, 0x10A4, 0x10A4, 0x10A4, 0x10A4, 0x10A4, 0x10A4, 0x10A4, 0x10A4, 0x10A4, 0x10A4, 0x10A4, 0x10A4, 0x10A4,
  0x10A4, 0x10A4, 0x10A4, 0x10A4, 0x10A4, 0x10A4, 0x10A4, 0x10A4, 0x10A4, 0x10A4, 0x10A4, 0x10A4, 0x10A4, 0x10A4, 0x10A4, 0x10A4,
  0x10A4, 0x10A4, 0x10A4, 0x10A4, 0x10A4, 0x10A4, 0x10A4, 0x10A4, 0x10A4, 0x10A4, 0x10A4, 0x10A4, 0x10A4, 0x10A4, 0x10A4, 0x10A4,
  0x10A4, 0x10A4, 0x10A4, 0x10A4, 0x10A4, 0x10A4, 0x10A4, 0x10A4, 0x10A4, 0x10A4, 0x10A4, 0x10A4, 0x10A4, 0x10C4, 0x10E5, 0x10E5,
  0x1105, 0x1126, 0x1126, 0x0A29, 0x0677, 0x1187, 0x1063, 0x1906, 0x10A4, 0x10A4, 0x10A4, 0x10A4, 0x10A4, 0x10A4, 0x10A4, 0x10A4,
  0x10A4, 0x10A4, 0x10A4, 0x10C4, 0x0044, 0x6A82, 0xFE00, 0xFE00, 0xF5C0, 0x3163, 0x0884, 0x10A4, 0x10A4, 0x10A4, 0x10A4, 0x10A4,
  0x10A4, 0x10A4, 0x10A4, 0x10A4, 0x10A4, 0x10A4, 0x1906, 0x1063, 0x09C8, 0x0677, 0x0A49, 0x1187, 0x1187, 0x1166, 0x1146, 0x1146,
  0x1126, 0x1125, 0x1125, 0x1125, 0x1125, 0x1126, 0x1125, 0x1126, 0x1126, 0x1126, 0x1126, 0x1126, 0x1126, 0x1126, 0x1126, 0x1126,
  0x1126, 0x1126, 0x1126, 0x1126, 0x1126, 0x1126, 0x1126, 0x1126, 0x1126, 0x1126, 0x1126, 0x1125, 0x1125, 0x1125, 0x1125, 0x1125,
  0x1105, 0x08C5, 0x548A, 0x658C, 0x09C8, 0x09C8, 0x11C8, 0x09C8, 0x09C8, 0x09C8, 0x09C8, 0x11C8, 0x09C8, 0x09C7, 0x09C7, 0x11A7,
  0x09A7, 0x09A7, 0x09A7, 0x11A7, 0x11A7, 0x11A7, 0x11A7, 0x11A7, 0x09A7, 0x09A7, 0x09A7, 0x11A7, 0x09A7, 0x1187, 0x1187, 0x1187,
  0x1187, 0x1187, 0x0987, 0x1187, 0x1187, 0x1187, 0x1187, 0x1187, 0x1187, 0x1187, 0x11A7, 0x1125, 0x0E15, 0x12AA, 0x1023, 0x10C4,
  0x10A4, 0x10C4, 0x0022, 0xAD76, 0xFFFF, 0xAD96, 0x0042, 0x2146, 0xE73C, 0xFFFF, 0xFFDF, 0xFFFF, 0xFFDF, 0xFFFF, 0xEF7E, 0x1905,
  0x0043, 0xAD56, 0xFFFF, 0xAD76, 0x0042, 0x2126, 0xEF5D, 0xFFFF, 0xEF7D, 0xE73C, 0xB5B7, 0x31A8, 0x5ACC, 0xDEFC, 0xEF5D, 0x634E,
  0x0863, 0x18E5, 0x0863, 0x2987, 0xDEFB, 0xE75D, 0xF7BE, 0xFFFF, 0xF7BE, 0xEF5D, 0xDEDB, 0x2967, 0x0863, 0x31A8, 0x424A, 0x422A,
  0x3A09, 0x52CC, 0xEF5D, 0xEF5D, 0x8411, 0x31A7, 0x8C72, 0xEF5D, 0xE71C, 0x2126, 0x0863, 0xA535, 0xEF7D, 0x9CD4, 0x0002, 0x39C8,
  0xF79E, 0xFFFF, 0x52AC, 0x0001, 0x73AF, 0xFFFF, 0xFFDF, 0xFFFF, 0xFFFF, 0xFFDF, 0xFFFF, 0x94B3, 0x0001, 0x39E9, 0xF7BE, 0xFFFF,
  0x4A8B, 0x0042, 0x10C4, 0x10A4, 0x10C4, 0x0003, 0x64A9, 0x43E9, 0x0106, 0x1187, 0x1187, 0x1187, 0x1167, 0x1187, 0x1167, 0x1187,
  0x10A4, 0x10A4, 0x10A4, 0x10A4, 0x10A4, 0x10A4, 0x10A4, 0x10A4, 0x10A4, 0x10A4, 0x10A4, 0x10A4, 0x10A4, 0x10A4, 0x10A4, 0x10A4,
  0x10A4, 0x10A4, 0x10A4, 0x10A4, 0x10A4, 0x10A4, 0x10A4, 0x10A4, 0x10A4, 0x10A4, 0x10A4, 0x10A4, 0x10A4, 0x10A4, 0x10A4, 0x10A4,
  0x10A4, 0x10A4, 0x10A4, 0x10A4, 0x10A4, 0x10A4, 0x10A4, 0x10A4, 0x10A4, 0x10A4, 0x10A4, 0x10A4, 0x10A4, 0x10A4, 0x10A4, 0x10A4,
  0x10A4, 0x10A4, 0x10A4, 0x10A4, 0x10A4, 0x10A4, 0x10A4, 0x10A4, 0x10A4, 0x10A4, 0x10A4, 0x10A4, 0x10A4, 0x10A4, 0x10A4, 0x10A4,
  0x10A4, 0x10A4, 0x10A4, 0x10A4, 0x10A4, 0x10A4, 0x10A4, 0x10A4, 0x10A4, 0x10A4, 0x10A4, 0x10A4, 0x10A4, 0x10A4, 0x10A4, 0x10A4,
  0x10A4, 0x10A4, 0x10A4, 0x10A4, 0x10A4, 0x10A4, 0x10A4, 0x10A4, 0x10A4, 0x10A4, 0x10A4, 0x10A4, 0x10C4, 0x10C4, 0x10E5, 0x10E5,
  0x1105, 0x1146, 0x1105, 0x0BEF, 0x0594, 0x1043, 0x18E5, 0x18E5, 0x10A4, 0x10A4, 0x10A4, 0x10A4, 0x10A4, 0x10A4, 0x10A4, 0x10A4,
  0x10A4, 0x10A4, 0x10C4, 0x0044, 0x6282, 0xFE00, 0xFDE0, 0xFE20, 0xC4A1, 0x0884, 0x10A4, 0x10A4, 0x10A4, 0x10A4, 0x10A4, 0x10A4,
  0x10A4, 0x10A4, 0x10A4, 0x10A4, 0x10A4, 0x10A4, 0x18E5, 0x18E5, 0x1043, 0x0594, 0x0BEE, 0x1166, 0x11A7, 0x1167, 0x1146, 0x1146,
  0x1126, 0x1126, 0x1126, 0x1125, 0x1105, 0x1125, 0x1125, 0x1126, 0x1126, 0x1126, 0x1126, 0x1126, 0x1126, 0x1126, 0x1126, 0x1126,
  0x1126, 0x1126, 0x1126, 0x1126, 0x1126, 0x1126, 0x1126, 0x1126, 0x1126, 0x1126, 0x1125, 0x1125, 0x1125, 0x1125, 0x1125, 0x1105,
  0x08C5, 0x4C8B, 0x6DED, 0x11E8, 0x09A8, 0x11E8, 0x09C8, 0x09C8, 0x11C8, 0x09C8, 0x09C8, 0x09C8, 0x09C8, 0x09C7, 0x09A7, 0x11A7,
  0x09A7, 0x11A7, 0x11A7, 0x09A7, 0x11A7, 0x11A7, 0x11A7, 0x11A7, 0x11A7, 0x09A7, 0x09A7, 0x11A7, 0x09A7, 0x11A7, 0x1187, 0x1187,
  0x0987, 0x0987, 0x0987, 0x1187, 0x1187, 0x1187, 0x1187, 0x1187, 0x1187, 0x1187, 0x11A7, 0x1125, 0x0E15, 0x12AA, 0x1023, 0x10C4,
  0x10A4, 0x10C4, 0x0022, 0xAD76, 0xFFFF, 0xAD96, 0x0042, 0x2146, 0xEF5D, 0xFFFF, 0xFFFF, 0xFFFF, 0xFFFF, 0xFFFF, 0xF79E, 0x1905,
  0x0043, 0xAD56, 0xFFFF, 0xAD76, 0x0042, 0x2126, 0xEF5D, 0xFFFF, 0x6B8F, 0x0021, 0x6B6F, 0xFFFF, 0xEF7D, 0x31A8, 0x10A4, 0x10C4,
  0x10A4, 0x10A4, 0x10A4, 0x10A4, 0x18E5, 0x0843, 0xBDF8, 0xFFFF, 0xB596, 0x0883, 0x18E5, 0x10C4, 0x0043, 0xB5B7, 0xFFFF, 0xFFDF,
  0xFFFF, 0xEF7D, 0x2146, 0x0884, 0xBDD7, 0xFFFF, 0xAD76, 0x0884, 0x18E5, 0x10A4, 0x10A4, 0x10C4, 0x10C4, 0x10C5, 0x0863, 0x31C8,
  0xF79E, 0xFFFF, 0x52AC, 0x0001, 0x73AF, 0xFFFF, 0xFFDF, 0xFFFF, 0xFFFF, 0xFFFF, 0xFFFF, 0x9CD4, 0x0001, 0x39E9, 0xF7BE, 0xFFFF,
  0x4A8B, 0x0042, 0x10C4, 0x10A4, 0x10C4, 0x0003, 0x64A9, 0x43E9, 0x0106, 0x1187, 0x1187, 0x1187, 0x1187, 0x1187, 0x1187, 0x1187,
  0x10A4, 0x10A4, 0x10A4, 0x10A4, 0x10A4, 0x10A4, 0x10A4, 0x10A4, 0x10A4, 0x10A4, 0x10A4, 0x10A4, 0x10A4, 0x10A4, 0x10A4, 0x10A4,
  0x10A4, 0x10A4, 0x10A4, 0x10A4, 0x10A4, 0x10A4, 0x10A4, 0x10A4, 0x10A4, 0x10A4, 0x10A4, 0x10A4, 0x10A4, 0x10A4, 0x10A4, 0x10A4,
  0x10A4, 0x10A4, 0x10A4, 0x10A4, 0x10A4, 0x10A4, 0x10A4, 0x10A4, 0x10A4, 0x10A4, 0x10A4, 0x10A4, 0x10A4, 0x10A4, 0x10A4, 0x10A4,
  0x10A4, 0x10A4, 0x10A4, 0x10A4, 0x10A4, 0x10A4, 0x10A4, 0x10A4, 0x10A4, 0x10A4, 0x10A4, 0x10A4, 0x10A4, 0x10A4, 0x10A4, 0x10A4,
  0x10A4, 0x10A4, 0x10A4, 0x10A4, 0x10A4, 0x10A4, 0x10A4, 0x10A4, 0x10A4, 0x10A4, 0x10A4, 0x10A4, 0x10A4, 0x10A4, 0x10A4, 0x10A4,
  0x10A4, 0x10A4, 0x10A4, 0x10A4, 0x10A4, 0x10A4, 0x10A4, 0x10A4, 0x10A4, 0x10A4, 0x10A4, 0x10A4, 0x10C4, 0x10C4, 0x10E5, 0x1105,
  0x1125, 0x1146, 0x1105, 0x0594, 0x0B8E, 0x1022, 0x1905, 0x10C5, 0x10A4, 0x10A4, 0x10A4, 0x10A4, 0x10A4, 0x10A4, 0x10A4, 0x10A4,
  0x10A4, 0x10C4, 0x0044, 0x6262, 0xFE00, 0xFE00, 0xFDC0, 0xFE40, 0x8322, 0x0044, 0x10C4, 0x10A4, 0x10A4, 0x10A4, 0x10A4, 0x10A4,
  0x10A4, 0x10A4, 0x10A4, 0x10A4, 0x10A4, 0x10A4, 0x10C5, 0x1905, 0x1022, 0x0BCE, 0x0574, 0x1146, 0x11A7, 0x1167, 0x1146, 0x1146,
  0x1126, 0x1126, 0x1126, 0x1125, 0x1125, 0x1125, 0x1125, 0x1125, 0x1126, 0x1126, 0x1126, 0x1126, 0x1126, 0x1126, 0x1126, 0x1126,
  0x1126, 0x1126, 0x1126, 0x1126, 0x1126, 0x1126, 0x1126, 0x1126, 0x1126, 0x1126, 0x1125, 0x1125, 0x1105, 0x1125, 0x1105, 0x08C5,
  0x4C8B, 0x6E0D, 0x1208, 0x09A8, 0x11E8, 0x09C8, 0x09C8, 0x09C8, 0x09C8, 0x09C8, 0x09C8, 0x09C7, 0x09C7, 0x09A7, 0x09A7, 0x11A7,
  0x11A7, 0x09A7, 0x11A7, 0x11A7, 0x11A7, 0x11A7, 0x11A7, 0x11A7, 0x11A7, 0x09A7, 0x11A7, 0x11A7, 0x11A7, 0x1187, 0x1187, 0x1187,
  0x1187, 0x0987, 0x1187, 0x1187, 0x1187, 0x1187, 0x1187, 0x1187, 0x1187, 0x1187, 0x1187, 0x1125, 0x1615, 0x12AA, 0x1023, 0x10C4,
  0x10A4, 0x10C4, 0x0022, 0xAD76, 0xFFFF, 0xAD96, 0x0042, 0x2146, 0xEF5D, 0xFFFF, 0xFFFF, 0xFFFF, 0xFFFF, 0xFFFF, 0xF79E, 0x1905,
  0x0043, 0xAD56, 0xFFFF, 0xAD76, 0x0042, 0x2126, 0xEF5D, 0xFFFF, 0x6B6E, 0x0000, 0x6B6E, 0xFFFF, 0xF79E, 0x2967, 0x0863, 0x10A4,
  0x10A4, 0x10A4, 0x10A4, 0x10A4, 0x10A4, 0x0022, 0xBDF8, 0xFFFF, 0xAD96, 0x0043, 0x10A4, 0x10C4, 0x0863, 0xBDD7, 0xFFFF, 0xFFFF,
  0xFFFF, 0xEF9E, 0x2106, 0x0843, 0xB5D7, 0xFFFF, 0xAD56, 0x0863, 0x10A4, 0x10A4, 0x10A4, 0x10A4, 0x10A4, 0x10A4, 0x0863, 0x31C8,
  0xF79E, 0xFFFF, 0x52AC, 0x0001, 0x73AF, 0xFFFF, 0xFFDF, 0xFFFF, 0xFFFF, 0xFFFF, 0xFFFF, 0x9CD4, 0x0001, 0x39E9, 0xF7BE, 0xFFFF,
  0x4A8B, 0x0042, 0x10C4, 0x10A4, 0x10C4, 0x0003, 0x64A9, 0x4BE9, 0x0106, 0x1187, 0x1167, 0x1167, 0x1167, 0x1187, 0x1187, 0x1187,
  0x10A4, 0x10A4, 0x10A4, 0x10A4, 0x10A4, 0x10A4, 0x10A4, 0x10A4, 0x10A4, 0x10A4, 0x10A4, 0x10A4, 0x10A4, 0x10A4, 0x10A4, 0x10A4,
  0x10A4, 0x10A4, 0x10A4, 0x10A4, 0x10A4, 0x10A4, 0x10A4, 0x10A4, 0x10A4, 0x10A4, 0x10A4, 0x10A4, 0x10A4, 0x10A4, 0x10A4, 0x10A4,
  0x10A4, 0x10A4, 0x10A4, 0x10A4, 0x10A4, 0x10A4, 0x10A4, 0x10A4, 0x10A4, 0x10A4, 0x10A4, 0x10A4, 0x10A4, 0x10A4, 0x10A4, 0x10A4,
  0x10A4, 0x10A4, 0x10A4, 0x10A4, 0x10A4, 0x10A4, 0x10A4, 0x10A4, 0x10A4, 0x10A4, 0x10A4, 0x10A4, 0x10A4, 0x10A4, 0x10A4, 0x10A4,
  0x10A4, 0x10A4, 0x10A4, 0x10A4, 0x10A4, 0x10A4, 0x10A4, 0x10A4, 0x10A4, 0x10A4, 0x10A4, 0x10A4, 0x10A4, 0x10A4, 0x10A4, 0x10A4,
  0x10A4, 0x10A4, 0x10A4, 0x10A4, 0x10A4, 0x10A4, 0x10A4, 0x10A4, 0x10A4, 0x10A4, 0x10A4, 0x10C4, 0x10C4, 0x10C5, 0x10E5, 0x1105,
  0x1126, 0x1146, 0x1166, 0x0636, 0x0A29, 0x1043, 0x1906, 0x10A4, 0x10A4, 0x10A4, 0x10A4, 0x10A4, 0x10A4, 0x10A4, 0x10A4, 0x10A4,
  0x10C4, 0x0044, 0x6262, 0xFE00, 0xFE00, 0xFDE0, 0xFE00, 0xFDE0, 0x3963, 0x0864, 0x10A4, 0x10A4, 0x10A4, 0x10A4, 0x10A4, 0x10A4,
  0x10A4, 0x10A4, 0x10A4, 0x10A4, 0x10A4, 0x10A4, 0x10A4, 0x1906, 0x1043, 0x0A6A, 0x0636, 0x11A7, 0x11A7, 0x1187, 0x1166, 0x1146,
  0x1146, 0x1126, 0x1125, 0x1125, 0x1125, 0x1125, 0x1125, 0x1125, 0x1125, 0x1126, 0x1126, 0x1126, 0x1126, 0x1126, 0x1126, 0x1126,
  0x1126, 0x1126, 0x1126, 0x1126, 0x1126, 0x1126, 0x1126, 0x1126, 0x1126, 0x1125, 0x1125, 0x1125, 0x1125, 0x1105, 0x08C5, 0x4C6B,
  0x6E4D, 0x1228, 0x09A8, 0x11E8, 0x09C8, 0x09C8, 0x09C8, 0x09C8, 0x09C8, 0x09C8, 0x09C7, 0x09C7, 0x09C7, 0x11A7, 0x11A7, 0x11A7,
  0x11A7, 0x11A7, 0x09A7, 0x11A7, 0x11A7, 0x11A7, 0x11A7, 0x11A7, 0x11A7, 0x11A7, 0x11A7, 0x11A7, 0x0987, 0x1187, 0x1187, 0x1187,
  0x1187, 0x1187, 0x1187, 0x1187, 0x1187, 0x1187, 0x1187, 0x1187, 0x1187, 0x1187, 0x1187, 0x1106, 0x1615, 0x12AA, 0x1023, 0x10C4,
  0x10A4, 0x10C4, 0x0022, 0xAD76, 0xFFFF, 0xAD96, 0x0042, 0x2146, 0xE73C, 0xFFDF, 0xFFDF, 0xFFDF, 0xFFDF, 0xFFDF, 0xEF7D, 0x1905,
  0x0043, 0xAD56, 0xFFFF, 0xAD76, 0x0042, 0x2126, 0xEF5D, 0xFFFF, 0x6B4E, 0x0022, 0x2987, 0x5AEC, 0x634E, 0xC639, 0xCE59, 0xC639,
  0xCE59, 0x94B3, 0x0022, 0x2967, 0xBDF8, 0xC639, 0xEF5D, 0xFFDF, 0xEF5D, 0xC639, 0xC659, 0xC639, 0xCE59, 0x8431, 0x4A8B, 0x5AEC,
  0x52CC, 0x634E, 0xCE59, 0xC639, 0xEF5D, 0xFFDF, 0xEF5D, 0xCE59, 0xC618, 0x1905, 0x0863, 0x8C72, 0xCE7A, 0x8411, 0x0002, 0x31C8,
  0xF79E, 0xFFFF, 0x52AC, 0x0001, 0x738F, 0xFFDF, 0xF7BE, 0xFFDF, 0xFFDF, 0xFFDF, 0xFFDF, 0x94B3, 0x0001, 0x39E9, 0xF7BE, 0xFFFF,
  0x4A8B, 0x0042, 0x10C4, 0x10A4, 0x10C4, 0x0003, 0x6CA9, 0x4BE9, 0x0106, 0x1187, 0x1167, 0x1167, 0x1167, 0x1167, 0x1167, 0x1167,
  0x10A4, 0x10A4, 0x10A4, 0x10A4, 0x10A4, 0x10A4, 0x10A4, 0x10A4, 0x10A4, 0x10A4, 0x10A4, 0x10A4, 0x10A4, 0x10A4, 0x10A4, 0x10A4,
  0x10A4, 0x10A4, 0x10A4, 0x10A4, 0x10A4, 0x10A4, 0x10A4, 0x10A4, 0x10A4, 0x10A4, 0x10A4, 0x10A4, 0x10A4, 0x10A4, 0x10A4, 0x10A4,
  0x10A4, 0x10A4, 0x10A4, 0x10A4, 0x10A4, 0x10A4, 0x10A4, 0x10A4, 0x10A4, 0x10A4, 0x10A4, 0x10A4, 0x10A4, 0x10A4, 0x10A4, 0x10A4,
  0x10A4, 0x10A4, 0x10A4, 0x10A4, 0x10A4, 0x10A4, 0x10A4, 0x10A4, 0x10A4, 0x10A4, 0x10A4, 0x10A4, 0x10A4, 0x10A4, 0x10A4, 0x10A4,
  0x10A4, 0x10A4, 0x10A4, 0x10A4, 0x10A4, 0x10A4, 0x10A4, 0x10A4, 0x10A4, 0x10A4, 0x10A4, 0x10A4, 0x10A4, 0x10A4, 0x10A4, 0x10A4,
  0x10A4, 0x10A4, 0x10A4, 0x10A4, 0x10A4, 0x10A4, 0x10A4, 0x10A4, 0x10A4, 0x10A4, 0x10A4, 0x10C4, 0x10C4, 0x10C5, 0x10E5, 0x1105,
  0x1126, 0x1126, 0x0A49, 0x0616, 0x0966, 0x1084, 0x1905, 0x10A4, 0x10A4, 0x10A4, 0x10A4, 0x10A4, 0x10A4, 0x10A4, 0x10A4, 0x10C4,
  0x0044, 0x6262, 0xFE00, 0xFE00, 0xFDE0, 0xFDE0, 0xFE20, 0xCCC0, 0x0883, 0x1083, 0x10A4, 0x10A4, 0x10A4, 0x10A4, 0x0864, 0x0884,
  0x10A4, 0x10A4, 0x10A4, 0x10A4, 0x10A4, 0x10A4, 0x10A4, 0x1905, 0x1084, 0x0967, 0x0616, 0x0A6A, 0x1187, 0x1187, 0x1166, 0x1146,
  0x1126, 0x1126, 0x1125, 0x1125, 0x1105, 0x1125, 0x1125, 0x1125, 0x1125, 0x1125, 0x1125, 0x1126, 0x1126, 0x1126, 0x1126, 0x1126,
  0x1126, 0x1126, 0x1126, 0x1126, 0x1126, 0x1126, 0x1126, 0x1125, 0x1125, 0x1125, 0x1125, 0x1125, 0x1125, 0x08C5, 0x442B, 0x6E4E,
  0x1A48, 0x09A8, 0x11E8, 0x09C8, 0x09C8, 0x09C8, 0x11C8, 0x09C8, 0x11C8, 0x11C8, 0x11A7, 0x11A7, 0x09A7, 0x09A7, 0x11A7, 0x09A7,
  0x09A7, 0x11A7, 0x11A7, 0x09A7, 0x09A7, 0x11A7, 0x11A7, 0x09A7, 0x11A7, 0x11A7, 0x1187, 0x1187, 0x0987, 0x0987, 0x1187, 0x1187,
  0x1187, 0x1187, 0x1187, 0x1187, 0x1187, 0x1187, 0x1187, 0x1187, 0x1187, 0x1187, 0x1187, 0x1105, 0x1614, 0x12AA, 0x1023, 0x10C4,
  0x10A4, 0x10C4, 0x0022, 0xAD76, 0xFFFF, 0xAD96, 0x0042, 0x2146, 0xFFDF, 0xFFFF, 0xFFFF, 0xFFFF, 0xFFFF, 0xFFFF, 0xFFFF, 0x1905,
  0x0043, 0xAD56, 0xFFFF, 0xAD76, 0x0042, 0x2126, 0xEF5D, 0xFFFF, 0x6B4E, 0x0043, 0x0863, 0x0000, 0x10A4, 0xF79E, 0xFFFF, 0xFFFF,
  0xFFFF, 0xD69A, 0x0001, 0x39E9, 0xFFFF, 0xFFFF, 0xFFFF, 0xFFFF, 0xFFFF, 0xFFFF, 0xFFFF, 0xFFFF, 0xFFFF, 0x5AED, 0x0000, 0x0001,
  0x0000, 0x10A4, 0xFFFF, 0xFFFF, 0xFFFF, 0xFFFF, 0xFFFF, 0xFFFF, 0xFFFF, 0x2126, 0x0043, 0xC639, 0xFFFF, 0xB5B7, 0x0001, 0x39C8,
  0xF79E, 0xFFFF, 0x52AC, 0x0001, 0x7BF0, 0xFFFF, 0xFFFF, 0xFFFF, 0xFFFF, 0xFFFF, 0xFFFF, 0xA515, 0x0001, 0x39E9, 0xF7BE, 0xFFFF,
  0x4A8B, 0x0042, 0x10C4, 0x10A4, 0x10C4, 0x0003, 0x6CA9, 0x4BC9, 0x00E6, 0x1187, 0x1167, 0x1167, 0x1167, 0x1167, 0x1167, 0x1167,
  0x10C4, 0x10C4, 0x10C4, 0x10C4, 0x10C4, 0x10C4, 0x10C4, 0x10C4, 0x10C4, 0x10C4, 0x10C4, 0x10C4, 0x10C4, 0x10C4, 0x10C4, 0x10C4,
  0x10C4, 0x10C4, 0x10C4, 0x10C4, 0x10C4, 0x10C4, 0x10C4, 0x10C4, 0x10C4, 0x10C4, 0x10C4, 0x10C4, 0x10C4, 0x10C4, 0x10C4, 0x10C4,
  0x10C4, 0x10C4, 0x10C4, 0x10C4, 0x10C4, 0x10C4, 0x10C4, 0x10C4, 0x10C4, 0x10C4, 0x10C4, 0x10C4, 0x10C4, 0x10C4, 0x10C4, 0x10C4,
  0x10C4, 0x10C4, 0x10C4, 0x10C4, 0x10C4, 0x10C4, 0x10C4, 0x10C4, 0x10C4, 0x10C4, 0x10C4, 0x10C4, 0x10C4, 0x10C4, 0x10C4, 0x10C4,
  0x10C4, 0x10C4, 0x10C4, 0x10C4, 0x10C4, 0x10C4, 0x10C4, 0x10C4, 0x10C4, 0x10C4, 0x10C4, 0x10C4, 0x10C4, 0x10C4, 0x10C4, 0x10C4,
  0x10C4, 0x10C4, 0x10C4, 0x10C4, 0x10C4, 0x10C4, 0x10C4, 0x10C4, 0x10C4, 0x10C4, 0x10C4, 0x10C5, 0x10E5, 0x10E5, 0x1105, 0x1125,
  0x1146, 0x1126, 0x0AEB, 0x05F5, 0x10C4, 0x18C4, 0x18E5, 0x10A4, 0x10A4, 0x10A4, 0x10A4, 0x10A4, 0x10A4, 0x10A4, 0x10C4, 0x0044,
  0x5A42, 0xFE00, 0xFE00, 0xFDE0, 0xFDE0, 0xFDE0, 0xFE00, 0xED80, 0xCCC0, 0xCCE0, 0xCCE0, 0xCCE0, 0xCCE0, 0xD4E0, 0xAC21, 0x2124,
  0x10A4, 0x10A4, 0x10A4, 0x10A4, 0x10A4, 0x10A4, 0x10A4, 0x18E5, 0x10C4, 0x10C4, 0x0616, 0x0B0C, 0x1167, 0x11A7, 0x1167, 0x1166,
  0x1146, 0x1146, 0x1126, 0x1126, 0x1126, 0x1126, 0x1126, 0x1126, 0x1126, 0x1126, 0x1146, 0x1126, 0x1146, 0x1146, 0x1126, 0x1126,
  0x1146, 0x1146, 0x1146, 0x1146, 0x1146, 0x1126, 0x1126, 0x1126, 0x1126, 0x1126, 0x1126, 0x1125, 0x08C5, 0x442B, 0x6E4E, 0x1A48,
  0x09A8, 0x11E8, 0x09C8, 0x09C8, 0x11C8, 0x09C8, 0x11C8, 0x11C8, 0x11C8, 0x11C8, 0x11A7, 0x09A7, 0x09A7, 0x09A7, 0x11A7, 0x09A7,
  0x09A7, 0x11A7, 0x11A7, 0x11A7, 0x11A7, 0x11A7, 0x11A7, 0x11A7, 0x11A7, 0x1187, 0x1187, 0x1187, 0x1187, 0x1187, 0x1187, 0x1187,
  0x1187, 0x1187, 0x1187, 0x1187, 0x1187, 0x1187, 0x1187, 0x1187, 0x1187, 0x1187, 0x1187, 0x1106, 0x1614, 0x12AA, 0x1023, 0x10C4,
  0x10A4, 0x10C4, 0x0022, 0xAD76, 0xFFFF, 0xAD96, 0x0863, 0x1905, 0x8C72, 0x9CD4, 0x9CD4, 0x9CD4, 0x9CD4, 0x9CD4, 0x9493, 0x18E5,
  0x0863, 0xAD56, 0xFFFF, 0xAD76, 0x0042, 0x2126, 0xEF5D, 0xFFFF, 0x6B4E, 0x0022, 0x39E9, 0x7BD0, 0x8C52, 0xF79E, 0xFFFF, 0xC618,
  0xA514, 0x7BF0, 0x0042, 0x2146, 0x9CD4, 0xA535, 0xA535, 0xA535, 0xA535, 0xA535, 0xA535, 0xA515, 0x9CF4, 0x8C92, 0x73AF, 0x7BF0,
  0x7BD0, 0x8411, 0xAD55, 0xA515, 0xA535, 0x9CF4, 0xCE59, 0xFFFF, 0xF79E, 0x2106, 0x0863, 0x73AF, 0xA535, 0x6B6E, 0x0022, 0x31C8,
  0xF79E, 0xFFFF, 0x52AC, 0x0022, 0x4A6B, 0x9CD4, 0x94D3, 0x9CD4, 0x9CD4, 0x94D3, 0x9CD4, 0x630D, 0x0022, 0x39E9, 0xF7BE, 0xFFFF,
  0x4A8B, 0x0042, 0x10C4, 0x10A4, 0x10C4, 0x0003, 0x6CA9, 0x4BC9, 0x0106, 0x1187, 0x1167, 0x1167, 0x1167, 0x1167, 0x1167, 0x1167,
  0x10C4, 0x10C4, 0x10C5, 0x10C5, 0x10C4, 0x10C4, 0x10C5, 0x10C5, 0x10C4, 0x10C5, 0x10C5, 0x10C4, 0x10C4, 0x10C4, 0x10C5, 0x10C5,
  0x10C4, 0x10C4, 0x10C4, 0x10C4, 0x10C4, 0x10C5, 0x10C4, 0x10C5, 0x10C4, 0x10C4, 0x10C4, 0x10C4, 0x10C4, 0x10C4, 0x10C4, 0x10C4,
  0x10C5, 0x10C4, 0x10C4, 0x10C5, 0x10C5, 0x10C5, 0x10C4, 0x10C4, 0x10C4, 0x10C4, 0x10C4, 0x10C5, 0x10C4, 0x10C4, 0x10C4, 0x10C4,
  0x10C4, 0x10C4, 0x10C4, 0x10C4, 0x10C4, 0x10C4, 0x10C4, 0x10C4, 0x10C4, 0x10C4, 0x10C5, 0x10C4, 0x10C4, 0x10C4, 0x10C5, 0x10C4,
  0x10C4, 0x10C4, 0x10C4, 0x10C4, 0x10C5, 0x10C4, 0x10C4, 0x10C4, 0x10C4, 0x10C4, 0x10C5, 0x10C5, 0x10C5, 0x10C5, 0x10C4, 0x10C4,
  0x10C4, 0x10C4, 0x10C5, 0x10C5, 0x10C4, 0x10C4, 0x10C4, 0x10C5, 0x10C4, 0x10C5, 0x10C5, 0x10E5, 0x10E5, 0x1105, 0x1125, 0x1126,
  0x1166, 0x1105, 0x0B6D, 0x05F5, 0x1043, 0x18E5, 0x18E5, 0x10A4, 0x10A4, 0x10A4, 0x10A4, 0x10A4, 0x10A4, 0x10C4, 0x0064, 0x5A43,
  0xFE00, 0xFE00, 0xFDE0, 0xFDE0, 0xFDE0, 0xFDE0, 0xFDE0, 0xFE00, 0xFE20, 0xFE20, 0xFE20, 0xFE20, 0xFE20, 0xFE00, 0xFE80, 0x8342,
  0x0044, 0x10C4, 0x10A4, 0x10A4, 0x10A4, 0x10A4, 0x10A4, 0x18E5, 0x18E5, 0x1063, 0x05F6, 0x0B6D, 0x0987, 0x09C8, 0x0987, 0x0967,
  0x0967, 0x0947, 0x0946, 0x0947, 0x0946, 0x0946, 0x0946, 0x0947, 0x0947, 0x0947, 0x0947, 0x0947, 0x0947, 0x0947, 0x0947, 0x0947,
  0x0947, 0x0947, 0x0947, 0x0947, 0x0947, 0x0947, 0x0947, 0x0947, 0x0147, 0x0947, 0x0947, 0x0127, 0x33AA, 0x664E, 0x1A68, 0x0987,
  0x11E8, 0x09C8, 0x09C8, 0x09C8, 0x09C8, 0x09C8, 0x09C8, 0x11C8, 0x11C8, 0x09A7, 0x11A7, 0x11A7, 0x09A7, 0x11A7, 0x11A7, 0x09A7,
  0x11A7, 0x11A7, 0x11A7, 0x11A7, 0x11A7, 0x11A7, 0x11A7, 0x11A7, 0x1187, 0x0987, 0x1187, 0x1187, 0x1187, 0x1187, 0x1187, 0x0987,
  0x1187, 0x1187, 0x1187, 0x1187, 0x1187, 0x1187, 0x1187, 0x1187, 0x1187, 0x1187, 0x1187, 0x1105, 0x1614, 0x12AA, 0x1023, 0x10C4,
  0x10A4, 0x10C4, 0x0022, 0xAD76, 0xFFFF, 0xAD76, 0x0022, 0x0863, 0x0001, 0x0001, 0x0001, 0x0001, 0x0001, 0x0001, 0x0001, 0x0883,
  0x0022, 0xA555, 0xFFFF, 0xAD76, 0x0042, 0x2126, 0xEF5D, 0xFFFF, 0x6B6E, 0x0000, 0x73AF, 0xFFFF, 0xFFFF, 0xFFFF, 0xFFFF, 0x632D,
  0x0000, 0x0043, 0x10A4, 0x0884, 0x0002, 0x0002, 0x0022, 0x0042, 0x0022, 0x0001, 0x0002, 0x0043, 0x0001, 0xBDF8, 0xFFFF, 0xFFFF,
  0xFFFF, 0xFFFF, 0x0884, 0x0001, 0x0043, 0x0000, 0x6B4E, 0xFFFF, 0xF79E, 0x2106, 0x0884, 0x0042, 0x0002, 0x0043, 0x0863, 0x31C8,
  0xF79E, 0xFFFF, 0x4A6B, 0x0022, 0x0043, 0x0001, 0x0001, 0x0001, 0x0001, 0x0001, 0x0001, 0x0022, 0x0022, 0x3188, 0xF7BE, 0xFFFF,
  0x4A8B, 0x0042, 0x10C4, 0x10A4, 0x10C4, 0x0003, 0x6CA9, 0x4BC9, 0x0106, 0x1187, 0x1167, 0x1167, 0x1167, 0x1167, 0x1167, 0x1167,
  0x0C0F, 0x0C0F, 0x0C2F, 0x0C2F, 0x0C2F, 0x0C2F, 0x0C2F, 0x0C0F, 0x0C0F, 0x0C2F, 0x0C2F, 0x0C0F, 0x0C0F, 0x0C2F, 0x0C0F, 0x0C2F,
  0x0C0F, 0x0C0F, 0x0C2F, 0x0C2F, 0x0C0F, 0x0C0F, 0x0C2F, 0x0C2F, 0x0C0F, 0x0C0F, 0x0C0F, 0x0C2F, 0x0C2F, 0x0C0F, 0x0C2F, 0x0C0F,
  0x0C0F, 0x0C0F, 0x0C0F, 0x0C0F, 0x0C2F, 0x0C2F, 0x0C2F, 0x0C2F, 0x0C0F, 0x0C2F, 0x0C2F, 0x0C2F, 0x0C2F, 0x0C0F, 0x0C0F, 0x0C2F,
  0x0C2F, 0x0C0F, 0x0C2F, 0x0C0F, 0x0C2F, 0x0C2F, 0x0C2F, 0x0C0F, 0x0C0F, 0x0C2F, 0x0C2F, 0x0C0F, 0x0C0F, 0x0C2F, 0x0C0F, 0x0C2F,
  0x0C0F, 0x0C2F, 0x0C2F, 0x0C2F, 0x0C0F, 0x0C2F, 0x0C2F, 0x0C2F, 0x0C0F, 0x0C0F, 0x0C0F, 0x0C2F, 0x0C2F, 0x0C0F, 0x0C2F, 0x0C0F,
  0x0C0F, 0x0C2F, 0x0C2F, 0x0C2F, 0x0C2F, 0x0C0F, 0x0C0F, 0x0C2F, 0x0C2F, 0x0C0F, 0x0C2F, 0x0C30, 0x0C30, 0x0C30, 0x0C50, 0x0C50,
  0x0C70, 0x0C30, 0x05B4, 0x05B5, 0x1022, 0x18E5, 0x18E5, 0x10A4, 0x10A4, 0x10A4, 0x10A4, 0x10A4, 0x10A4, 0x0884, 0x49E3, 0xF5E0,
  0xFE00, 0xFDE0, 0xFDE0, 0xFDE0, 0xFDE0, 0xFDE0, 0xFDE0, 0xFDE0, 0xFDE0, 0xFDE0, 0xFDE0, 0xFDE0, 0xFDE0, 0xFDE0, 0xFE20, 0x5A63,
  0x0064, 0x10C4, 0x10A4, 0x10A4, 0x10A4, 0x10A4, 0x10A4, 0x18E5, 0x18E5, 0x1023, 0x05D5, 0x1593, 0x1C4E, 0x1C6F, 0x1C6E, 0x1C4E,
  0x244E, 0x244E, 0x242D, 0x242D, 0x242D, 0x242D, 0x242D, 0x242D, 0x2C2D, 0x2C2D, 0x2C2D, 0x2C2C, 0x2C2C, 0x2C2C, 0x2C2C, 0x2C2C,
  0x2C2C, 0x342C, 0x342C, 0x342C, 0x342C, 0x342C, 0x342C, 0x340B, 0x340B, 0x3C2B, 0x33EB, 0x44AC, 0x662E, 0x1A89, 0x0987, 0x11E8,
  0x09C8, 0x09C8, 0x11C8, 0x09C8, 0x09C8, 0x11C8, 0x11C8, 0x11A7, 0x09C7, 0x09C7, 0x11A7, 0x09A7, 0x11A7, 0x11A7, 0x11A7, 0x11A7,
  0x11A7, 0x09A7, 0x11A7, 0x11A7, 0x1187, 0x1187, 0x1187, 0x1187, 0x1187, 0x1187, 0x1187, 0x1187, 0x1187, 0x1187, 0x1187, 0x1187,
  0x1187, 0x1187, 0x1187, 0x1187, 0x1187, 0x1187, 0x1187, 0x1187, 0x1187, 0x1187, 0x1187, 0x1105, 0x1614, 0x12AA, 0x1023, 0x10C4,
  0x10A4, 0x10C4, 0x0022, 0xAD76, 0xFFFF, 0xBDD7, 0x2967, 0x31A8, 0x31C8, 0x31C8, 0x31C8, 0x31C8, 0x31C8, 0x31C8, 0x31C8, 0x31A8,
  0x2967, 0xB5B7, 0xFFFF, 0xAD76, 0x0042, 0x2126, 0xEF5D, 0xFFFF, 0x6B6E, 0x0000, 0x6B4E, 0xFFDF, 0xF7BE, 0xEF5D, 0xEF7D, 0x7BF0,
  0x2987, 0x2987, 0x0884, 0x18C5, 0x31A8, 0x39C8, 0x2126, 0x10A4, 0x2126, 0x39C8, 0x31A8, 0x18E5, 0x0863, 0xB597, 0xFFDF, 0xF79E,
  0xE73C, 0xDEDB, 0x4229, 0x31A8, 0x2126, 0x0022, 0x73AF, 0xFFFF, 0xF79E, 0x2106, 0x0883, 0x2967, 0x39E9, 0x2967, 0x0863, 0x31C8,
  0xF79E, 0xFFFF, 0x6B6E, 0x2967, 0x31C8, 0x31C8, 0x31C8, 0x31C8, 0x31C8, 0x31C8, 0x31C8, 0x31C8, 0x2967, 0x528B, 0xF7BE, 0xFFFF,
  0x4A8B, 0x0042, 0x10C4, 0x10A4, 0x10C4, 0x0003, 0x6CA8, 0x4BC9, 0x0106, 0x1187, 0x1167, 0x1167, 0x1167, 0x1167, 0x1167, 0x1167,
  0x0594, 0x0594, 0x0594, 0x0594, 0x0594, 0x0594, 0x0594, 0x0594, 0x0594, 0x0594, 0x0594, 0x0594, 0x0594, 0x0594, 0x0594, 0x0594,
  0x0594, 0x0594, 0x0594, 0x0594, 0x0594, 0x0594, 0x0594, 0x0594, 0x0594, 0x0594, 0x0594, 0x0594, 0x0594, 0x0594, 0x0594, 0x0594,
  0x0594, 0x0594, 0x0594, 0x0594, 0x0594, 0x0594, 0x0594, 0x0594, 0x0594, 0x0594, 0x0594, 0x0594, 0x0594, 0x0594, 0x0594, 0x0594,
  0x0594, 0x0594, 0x0594, 0x0594, 0x0594, 0x0594, 0x0594, 0x0594, 0x0594, 0x0594, 0x0594, 0x0594, 0x0594, 0x0594, 0x0594, 0x0594,
  0x0594, 0x0594, 0x0594, 0x0594, 0x0594, 0x0594, 0x0594, 0x0594, 0x0594, 0x0594, 0x0594, 0x0594, 0x0594, 0x0594, 0x0594, 0x0594,
  0x0594, 0x0594, 0x0594, 0x0594, 0x0594, 0x0594, 0x0594, 0x0594, 0x0594, 0x0594, 0x0594, 0x0594, 0x0594, 0x0594, 0x0594, 0x05B4,
  0x05B5, 0x0594, 0x0677, 0x05B4, 0x1043, 0x18E5, 0x18E5, 0x10A4, 0x10A4, 0x10A4, 0x10A4, 0x10A4, 0x18C4, 0x0044, 0x9382, 0xFE80,
  0xFDE0, 0xFE00, 0xFE00, 0xFE00, 0xFE00, 0xFE00, 0xFE00, 0xFDE0, 0xFDE0, 0xFDE0, 0xFDE0, 0xFDE0, 0xFDE0, 0xFE40, 0x8302, 0x0864,
  0x10C4, 0x10A4, 0x10A4, 0x10A4, 0x10A4, 0x10A4, 0x10A4, 0x18E5, 0x18E5, 0x1043, 0x05D5, 0x1E55, 0x2591, 0x25B2, 0x2591, 0x2D91,
  0x2D91, 0x2D70, 0x2D70, 0x3570, 0x3570, 0x3570, 0x3570, 0x3570, 0x356F, 0x356F, 0x3D6F, 0x3D6F, 0x3D6F, 0x3D6F, 0x3D6F, 0x454E,
  0x454E, 0x454E, 0x454E, 0x454E, 0x454E, 0x4D4E, 0x4D4D, 0x4D4D, 0x4D4D, 0x4D4D, 0x4D4D, 0x554D, 0x22C9, 0x0987, 0x11E8, 0x09C8,
  0x11C8, 0x09C8, 0x11C8, 0x09C8, 0x09C8, 0x09C7, 0x11C7, 0x11A7, 0x11A7, 0x09A7, 0x11A7, 0x11A7, 0x11A7, 0x11A7, 0x11A7, 0x11A7,
  0x11A7, 0x11A7, 0x11A7, 0x11A7, 0x09A7, 0x1187, 0x1187, 0x11A7, 0x1187, 0x1187, 0x1187, 0x1187, 0x1187, 0x1187, 0x1187, 0x1187,
  0x1187, 0x1187, 0x1187, 0x1187, 0x1187, 0x1187, 0x1187, 0x1187, 0x1187, 0x1187, 0x1187, 0x1105, 0x1614, 0x12AA, 0x1023, 0x10C4,
  0x10A4, 0x10C4, 0x0022, 0xAD76, 0xFFFF, 0xF7BE, 0xEF9E, 0xF79E, 0xF79E, 0xF79E, 0xF79E, 0xF79E, 0xF79E, 0xF79E, 0xF79E, 0xF79E,
  0xEF9E, 0xF7BE, 0xFFFF, 0xAD76, 0x0042, 0x2126, 0xEF5D, 0xFFFF, 0x6B6E, 0x0000, 0x6B4E, 0xFFFF, 0xEF5D, 0x4209, 0x18C5, 0xAD96,
  0xF79E, 0xB5B7, 0x0002, 0x31C8, 0xE71C, 0xF79E, 0x5B0D, 0x0001, 0x6B6E, 0xF79E, 0xDEFC, 0x2967, 0x0022, 0xB5B7, 0xFFFF, 0xBDF8,
  0x18E5, 0x3A09, 0xEF7D, 0xF79E, 0x632D, 0x0001, 0x73D0, 0xFFFF, 0xF79E, 0x2126, 0x0863, 0xAD55, 0xF79E, 0x9CF4, 0x0002, 0x31C8,
  0xF79E, 0xFFFF, 0xF79E, 0xEF7E, 0xF79E, 0xF79E, 0xF79E, 0xF79E, 0xF79E, 0xF79E, 0xF79E, 0xF79E, 0xEF9E, 0xF79E, 0xFFDF, 0xFFFF,
  0x4A8B, 0x0042, 0x10C4, 0x10A4, 0x10C4, 0x0003, 0x6CA8, 0x4BC9, 0x00E6, 0x1187, 0x1167, 0x1167, 0x1167, 0x1167, 0x1167, 0x1167,
  0x10E5, 0x10E5, 0x10E5, 0x10E5, 0x10E5, 0x10E5, 0x10E5, 0x10E5, 0x10E5, 0x10E5, 0x10E5, 0x10E5, 0x10E5, 0x10E5, 0x10E5, 0x10E5,
  0x10E5, 0x10E5, 0x10E5, 0x10E5, 0x10E5, 0x10E5, 0x10E5, 0x10E5, 0x10E5, 0x10E5, 0x10E5, 0x10E5, 0x10E5, 0x10E5, 0x10E5, 0x10E5,
  0x10E5, 0x10E5, 0x10E5, 0x10E5, 0x10E5, 0x10E5, 0x10E5, 0x10E5, 0x10E5, 0x10E5, 0x10E5, 0x10E5, 0x10E5, 0x10E5, 0x10E5, 0x10E5,
  0x10E5, 0x10E5, 0x10E5, 0x10E5, 0x10E5, 0x10E5, 0x10E5, 0x10E5, 0x10E5, 0x10E5, 0x10E5, 0x10E5, 0x10E5, 0x10E5, 0x10E5, 0x10E5,
  0x10E5, 0x10E5, 0x10E5, 0x10E5, 0x10E5, 0x10E5, 0x10E5, 0x10E5, 0x10E5, 0x10E5, 0x10E5, 0x10E5, 0x10E5, 0x10E5, 0x10E5, 0x10E5,
  0x10E5, 0x10E5, 0x10E5, 0x10E5, 0x10E5, 0x10E5, 0x10E5, 0x10E5, 0x10E5, 0x10E5, 0x10E5, 0x10E5, 0x1105, 0x1105, 0x1126, 0x1146,
  0x1167, 0x1126, 0x0B2C, 0x05F6, 0x1084, 0x18C5, 0x18E5, 0x10A4, 0x10A4, 0x10A4, 0x10A4, 0x10A4, 0x10C4, 0x0884, 0x39A3, 0xD520,
  0xF5A0, 0xEDA0, 0xF5A0, 0xF5A0, 0xF5A0, 0xF5A0, 0xFDC0, 0xFE00, 0xFDE0, 0xFDE0, 0xFDE0, 0xFDE0, 0xFE40, 0x8322, 0x0064, 0x10A4,
  0x10A4, 0x10A4, 0x10A4, 0x10A4, 0x10A4, 0x10A4, 0x10A4, 0x18E5, 0x18C4, 0x10A4, 0x0616, 0x0B2D, 0x0987, 0x09C8, 0x09A7, 0x0987,
  0x0967, 0x0967, 0x0967, 0x0967, 0x0947, 0x0947, 0x0947, 0x0947, 0x0947, 0x0967, 0x0967, 0x0967, 0x0967, 0x0967, 0x0967, 0x0967,
  0x0967, 0x0967, 0x0967, 0x0967, 0x0967, 0x0167, 0x0967, 0x0167, 0x0167, 0x0167, 0x0147, 0x0147, 0x09A8, 0x11C8, 0x09C8, 0x09C8,
  0x09C8, 0x11C8, 0x09C8, 0x09C8, 0x09C7, 0x09C7, 0x11A7, 0x09A7, 0x11A7, 0x11A7, 0x09A7, 0x11A7, 0x11A7, 0x11A7, 0x09A7, 0x11A7,
  0x11A7, 0x11A7, 0x11A7, 0x11A7, 0x09A7, 0x1187, 0x1187, 0x1187, 0x1187, 0x1187, 0x1187, 0x1187, 0x1187, 0x1187, 0x0987, 0x1187,
  0x1187, 0x1187, 0x1187, 0x1187, 0x1187, 0x1187, 0x1187, 0x1187, 0x1167, 0x1167, 0x1187, 0x0905, 0x1E14, 0x12AA, 0x1023, 0x10C4,
  0x10A4, 0x10C4, 0x0002, 0xB5B7, 0xFFFF, 0xFFFF, 0xFFFF, 0xFFFF, 0xFFFF, 0xFFFF, 0xFFFF, 0xFFFF, 0xFFFF, 0xFFFF, 0xFFFF, 0xFFFF,
  0xFFFF, 0xFFFF, 0xFFFF, 0xB5B7, 0x0042, 0x2126, 0xEF5D, 0xFFFF, 0x6B6E, 0x0000, 0x6B8F, 0xFFFF, 0xF7BE, 0x2967, 0x0001, 0xBDD7,
  0xFFFF, 0xC639, 0x0000, 0x2987, 0xFFDF, 0xFFFF, 0x6B4E, 0x0001, 0x738F, 0xFFFF, 0xEF7D, 0x2987, 0x0022, 0xB5B7, 0xFFFF, 0xAD96,
  0x0001, 0x2105, 0xFFFF, 0xFFFF, 0x632D, 0x0000, 0x738F, 0xFFFF, 0xF79E, 0x18C5, 0x0002, 0xBDD7, 0xFFFF, 0xAD76, 0x0001, 0x39E9,
  0xFFFF, 0xFFFF, 0xFFFF, 0xFFFF, 0xFFFF, 0xFFFF, 0xFFFF, 0xFFFF, 0xFFFF, 0xFFFF, 0xFFFF, 0xFFFF, 0xFFFF, 0xFFFF, 0xFFFF, 0xFFFF,
  0x528B, 0x0022, 0x10C4, 0x10A4, 0x10C4, 0x0003, 0x6CA8, 0x4BC9, 0x00E6, 0x1187, 0x1167, 0x1167, 0x1167, 0x1167, 0x1167, 0x1166,
  0x1187, 0x1187, 0x1187, 0x1187, 0x1187, 0x1187, 0x1187, 0x1187, 0x1187, 0x1187, 0x1187, 0x1187, 0x1187, 0x1187, 0x1187, 0x1187,
  0x1187, 0x1187, 0x1187, 0x1187, 0x1187, 0x1187, 0x1187, 0x1187, 0x1187, 0x1187, 0x1187, 0x1187, 0x1187, 0x1187, 0x1187, 0x1187,
  0x1187, 0x1187, 0x1187, 0x1187, 0x1187, 0x1187, 0x1187, 0x1187, 0x1187, 0x1187, 0x1187, 0x1187, 0x1187, 0x1187, 0x1187, 0x1187,
  0x1187, 0x1187, 0x1187, 0x1187, 0x1187, 0x1187, 0x1187, 0x1187, 0x1187, 0x1187, 0x1187, 0x1187, 0x1187, 0x1187, 0x1187, 0x1187,
  0x1187, 0x1187, 0x1187, 0x1187, 0x1187, 0x1187, 0x1187, 0x1187, 0x1187, 0x1187, 0x1187, 0x1187, 0x1187, 0x1187, 0x1187, 0x1187,
  0x1187, 0x1187, 0x1187, 0x1187, 0x1187, 0x1187, 0x1187, 0x1187, 0x1187, 0x1187, 0x1187, 0x1187, 0x11A7, 0x11A7, 0x11C8, 0x09C8,
  0x0A08, 0x09E8, 0x0B0C, 0x0616, 0x1126, 0x10A4, 0x1905, 0x10A4, 0x10A4, 0x10A4, 0x10A4, 0x10A4, 0x10A4, 0x10C4, 0x0864, 0x18C4,
  0x2943, 0x2923, 0x2923, 0x2923, 0x2923, 0x2923, 0xCCC0, 0xFE20, 0xFDE0, 0xFDE0, 0xFDE0, 0xFE40, 0x8322, 0x0044, 0x10A4, 0x10A4,
  0x10A4, 0x10A4, 0x10A4, 0x10A4, 0x10A4, 0x10A4, 0x10A4, 0x1905, 0x10A4, 0x1146, 0x0636, 0x0B4C, 0x0A29, 0x1249, 0x1229, 0x1209,
  0x1208, 0x11E8, 0x11E8, 0x11E8, 0x11E8, 0x11E8, 0x11E8, 0x11E8, 0x11E8, 0x11E8, 0x11E8, 0x11E8, 0x11E8, 0x11E8, 0x11E8, 0x11E8,
  0x11E8, 0x11E8, 0x11E8, 0x11E8, 0x11E8, 0x11E8, 0x11E8, 0x11E8, 0x11E8, 0x11E8, 0x11E8, 0x11E8, 0x11C8, 0x09C8, 0x09C8, 0x09C8,
  0x09C8, 0x09C8, 0x09C8, 0x11C7, 0x09C7, 0x09C7, 0x11A7, 0x09A7, 0x11A7, 0x11A7, 0x11A7, 0x09A7, 0x09A7, 0x09A7, 0x09A7, 0x11A7,
  0x11A7, 0x11A7, 0x11A7, 0x11A7, 0x11A7, 0x11A7, 0x1187, 0x1187, 0x1187, 0x1187, 0x1187, 0x1187, 0x1187, 0x1187, 0x1187, 0x1187,
  0x1187, 0x1187, 0x1187, 0x1187, 0x1187, 0x1187, 0x1187, 0x1167, 0x1167, 0x1167, 0x1187, 0x1105, 0x1E14, 0x12AA, 0x1023, 0x10C4,
  0x10A4, 0x10A4, 0x0883, 0x422A, 0x5B0D, 0x5AEC, 0x5ACC, 0x5AEC, 0x5AEC, 0x5AED, 0x5AED, 0x5AED, 0x5AED, 0x5AED, 0x5AED, 0x5AED,
  0x5AED, 0x5AEC, 0x5B0D, 0x422A, 0x0863, 0x2126, 0xE73D, 0xFFFF, 0x6B4E, 0x0022, 0x31A8, 0x6B6E, 0x632D, 0x2126, 0x1084, 0x528B,
  0x634E, 0x8452, 0xB5B7, 0xB5D7, 0x7BD0, 0x634E, 0x31A8, 0x0022, 0x6B6E, 0xFFFF, 0xEF5D, 0x2987, 0x0022, 0xB5B7, 0xFFFF, 0xE73C,
  0xB5B7, 0xC618, 0xFFFF, 0xFFFF, 0xD69A, 0xB596, 0xD6BA, 0xFFFF, 0xFFDF, 0xBDD7, 0xB5B7, 0x8451, 0x632D, 0x4A6A, 0x0863, 0x2106,
  0x5AEC, 0x5AED, 0x5AED, 0x5AED, 0x5AED, 0x5AED, 0x5AED, 0x5AED, 0x5AED, 0x5AED, 0x5AED, 0x5AEC, 0x5ACC, 0x5ACC, 0x5AEC, 0x5AEC,
  0x2126, 0x0883, 0x10A4, 0x10A4, 0x10C4, 0x0003, 0x6CA8, 0x4BC8, 0x00E6, 0x1187, 0x1167, 0x1167, 0x1167, 0x1167, 0x1166, 0x1167,
  0x1167, 0x1167, 0x1167, 0x1167, 0x1167, 0x1167, 0x1167, 0x1166, 0x1166, 0x1167, 0x1167, 0x1167, 0x1167, 0x1167, 0x1167, 0x1167,
  0x1167, 0x1166, 0x1167, 0x1166, 0x1167, 0x1166, 0x1166, 0x1167, 0x1167, 0x1167, 0x1167, 0x1166, 0x1166, 0x1167, 0x1167, 0x1166,
  0x1167, 0x1166, 0x1167, 0x1167, 0x1166, 0x1167, 0x1167, 0x1167, 0x1166, 0x1167, 0x1167, 0x1167, 0x1166, 0x1167, 0x1166, 0x1167,
  0x1167, 0x1166, 0x1167, 0x1167, 0x1167, 0x1167, 0x1167, 0x1167, 0x1167, 0x1166, 0x1167, 0x1166, 0x1167, 0x1167, 0x1166, 0x1167,
  0x1167, 0x1166, 0x1167, 0x1167, 0x1167, 0x1167, 0x1167, 0x1167, 0x1167, 0x1167, 0x1166, 0x1167, 0x1167, 0x1167, 0x1167, 0x1167,
  0x1166, 0x1166, 0x1167, 0x1167, 0x1167, 0x1167, 0x1167, 0x1167, 0x1167, 0x1167, 0x1167, 0x1167, 0x1187, 0x1187, 0x11A7, 0x11C8,
  0x11E8, 0x09E8, 0x0A49, 0x0657, 0x09E8, 0x1063, 0x1906, 0x10A4, 0x10A4, 0x10A4, 0x10A4, 0x10A4, 0x10A4, 0x10A4, 0x10C4, 0x1084,
  0x0864, 0x0864, 0x0863, 0x0883, 0x0043, 0x2923, 0xF5C0, 0xFE00, 0xFDE0, 0xFDE0, 0xFE40, 0x8B42, 0x0044, 0x10A4, 0x10A4, 0x10A4,
  0x10A4, 0x10A4, 0x10A4, 0x10A4, 0x10A4, 0x10A4, 0x10A4, 0x1906, 0x1063, 0x0A29, 0x0657, 0x0A6A, 0x0A29, 0x0A29, 0x0A09, 0x09E8,
  0x11E8, 0x11E8, 0x11C8, 0x11C8, 0x09C8, 0x11C8, 0x09C8, 0x09C8, 0x09C8, 0x11C8, 0x09C8, 0x09C8, 0x09C8, 0x11C8, 0x09C8, 0x09C8,
  0x09C8, 0x09C8, 0x09C8, 0x11C8, 0x09C8, 0x09C8, 0x09C8, 0x11C8, 0x09C8, 0x09C8, 0x09C8, 0x09C8, 0x11C8, 0x09C8, 0x09C8, 0x11C8,
  0x11C8, 0x09C8, 0x09A7, 0x09C7, 0x11A7, 0x11A7, 0x11A7, 0x09A7, 0x11A7, 0x11A7, 0x11A7, 0x11A7, 0x11A7, 0x11A7, 0x11A7, 0x09A7,
  0x11A7, 0x11A7, 0x1187, 0x1187, 0x1187, 0x0987, 0x1187, 0x1187, 0x1187, 0x1187, 0x1187, 0x1187, 0x1187, 0x1187, 0x1187, 0x1187,
  0x1187, 0x1187, 0x1187, 0x1167, 0x1167, 0x1187, 0x1167, 0x1167, 0x1167, 0x1167, 0x1187, 0x1105, 0x1DF4, 0x12AA, 0x1023, 0x10C4,
  0x10A4, 0x10A4, 0x10A4, 0x0022, 0x0001, 0x0001, 0x0043, 0x0042, 0x0001, 0x0001, 0x0001, 0x0001, 0x0001, 0x0001, 0x0001, 0x0001,
  0x0001, 0x0001, 0x0001, 0x0022, 0x1084, 0x2126, 0xF7BF, 0xFFFF, 0x6B6F, 0x0042, 0x10A4, 0x0042, 0x0042, 0x0022, 0x0042, 0x0002,
  0x0000, 0x52AC, 0xFFFF, 0xF7BE, 0x2947, 0x0002, 0x10A4, 0x0043, 0x6B6E, 0xFFFF, 0xEF5D, 0x2987, 0x0022, 0xB5B7, 0xFFFF, 0xFFFF,
  0xFFFF, 0xFFFF, 0xFFFF, 0xFFFF, 0xFFFF, 0xFFFF, 0xFFFF, 0xFFFF, 0xFFFF, 0xFFFF, 0xFFFF, 0x6B6E, 0x0001, 0x0883, 0x10A4, 0x0883,
  0x0001, 0x0001, 0x0001, 0x0001, 0x0001, 0x0001, 0x0001, 0x0001, 0x0001, 0x0001, 0x0001, 0x0002, 0x0043, 0x0043, 0x0043, 0x0043,
  0x0884, 0x10A4, 0x10A4, 0x10A4, 0x10C4, 0x0023, 0x74A8, 0x4BC8, 0x00E6, 0x1187, 0x1167, 0x1167, 0x1166, 0x1166, 0x1167, 0x1166,
  0x1166, 0x1166, 0x1166, 0x1167, 0x1167, 0x1166, 0x1167, 0x1166, 0x1166, 0x1166, 0x1166, 0x1166, 0x1166, 0x1166, 0x1167, 0x1166,
  0x1166, 0x1167, 0x1167, 0x1167, 0x1166, 0x1166, 0x1167, 0x1166, 0x1166, 0x1166, 0x1167, 0x1167, 0x1167, 0x1166, 0x1166, 0x1166,
  0x1166, 0x1167, 0x1167, 0x1167, 0x1166, 0x1166, 0x1166, 0x1166, 0x1166, 0x1166, 0x1166, 0x1166, 0x1166, 0x1166, 0x1166, 0x1166,
  0x1166, 0x1166, 0x1166, 0x1167, 0x1167, 0x1167, 0x1167, 0x1166, 0x1167, 0x1166, 0x1166, 0x1167, 0x1167, 0x1166, 0x1167, 0x1166,
  0x1166, 0x1166, 0x1166, 0x1166, 0x1167, 0x1166, 0x1166, 0x1166, 0x1166, 0x1167, 0x1167, 0x1166, 0x1166, 0x1167, 0x1167, 0x1166,
  0x1167, 0x1167, 0x1167, 0x1167, 0x1167, 0x1166, 0x1167, 0x1166, 0x1167, 0x1166, 0x1167, 0x1187, 0x1187, 0x1187, 0x11A7, 0x11A7,
  0x11C8, 0x1209, 0x11C8, 0x05F5, 0x0B4D, 0x1043, 0x1905, 0x10C4, 0x10A4, 0x10A4, 0x10A4, 0x10A4, 0x10A4, 0x10A4, 0x10A4, 0x10A4,
  0x10A4, 0x10A4, 0x10A3, 0x18C3, 0x0044, 0x7AE2, 0xFE40, 0xFDE0, 0xFDE0, 0xFE40, 0x8B41, 0x0044, 0x10A3, 0x10A4, 0x10A4, 0x10A4,
  0x10A4, 0x10A4, 0x10A4, 0x10A4, 0x10A4, 0x10A4, 0x10C4, 0x1906, 0x1022, 0x0B6D, 0x05F5, 0x11E8, 0x0A49, 0x0A09, 0x0A08, 0x09E8,
  0x09E8, 0x11C8, 0x11C8, 0x11C8, 0x11C8, 0x09C8, 0x09C8, 0x09C8, 0x09C8, 0x11C8, 0x09C8, 0x09C8, 0x09C8, 0x09C8, 0x11C8, 0x09C8,
  0x11C8, 0x11C8, 0x09C8, 0x11C8, 0x09C8, 0x09C8, 0x09C8, 0x09C8, 0x09C8, 0x09C8, 0x09C8, 0x09C8, 0x09C8, 0x11C8, 0x11C8, 0x09C8,
  0x09A8, 0x09C7, 0x09A7, 0x09A7, 0x11A7, 0x09A7, 0x11A7, 0x11A7, 0x11A7, 0x11A7, 0x11A7, 0x11A7, 0x11A7, 0x11A7, 0x11A7, 0x11A7,
  0x1187, 0x11A7, 0x0987, 0x1187, 0x1187, 0x0987, 0x1187, 0x1187, 0x1187, 0x1187, 0x1187, 0x1187, 0x1187, 0x1187, 0x1187, 0x1187,
  0x1187, 0x1187, 0x1187, 0x1187, 0x1187, 0x1187, 0x1167, 0x1167, 0x1167, 0x1167, 0x1187, 0x0905, 0x1DF3, 0x12AA, 0x1023, 0x10C4,
  0x10A4, 0x10A4, 0x0863, 0x424A, 0x632E, 0x4A6B, 0x10A4, 0x1905, 0x5AED, 0x632D, 0x632D, 0x632D, 0x632D, 0x632D, 0x632D, 0x632D,
  0x632D, 0x630D, 0x632D, 0x4A6B, 0x1084, 0x1905, 0xB596, 0xBE18, 0x52AB, 0x0863, 0x10C4, 0x10A4, 0x1905, 0x5AEC, 0x630D, 0x632E,
  0x5AEC, 0x94D3, 0xFFFF, 0xEF7D, 0x31C8, 0x1084, 0x18C5, 0x0042, 0x6B6E, 0xFFFF, 0xEF5D, 0x2987, 0x0022, 0xB5B7, 0xFFFF, 0xFFDF,
  0xFFDF, 0xFFDF, 0xFFFF, 0xFFFF, 0xFFDF, 0xFFDF, 0xE73D, 0xBE18, 0xC618, 0xBDF8, 0xBDF8, 0x52AC, 0x0863, 0x18C5, 0x10A4, 0x2106,
  0x630D, 0x632D, 0x632D, 0x632D, 0x632D, 0x632D, 0x632D, 0x632D, 0x632D, 0x632D, 0x632E, 0x422A, 0x10A4, 0x10C5, 0x10C4, 0x10C4,
  0x10A4, 0x10A4, 0x10A4, 0x10A4, 0x10C4, 0x0023, 0x74A8, 0x53C8, 0x00E6, 0x1187, 0x1166, 0x1166, 0x1167, 0x1166, 0x1167, 0x1167,
  0x1166, 0x1166, 0x1166, 0x1166, 0x1167, 0x1167, 0x1166, 0x1166, 0x1166, 0x1166, 0x1166, 0x1166, 0x1166, 0x1166, 0x1167, 0x1166,
  0x1166, 0x1167, 0x1166, 0x1166, 0x1166, 0x1167, 0x1166, 0x1166, 0x1166, 0x1166, 0x1167, 0x1166, 0x1166, 0x1166, 0x1166, 0x1166,
  0x1167, 0x1167, 0x1166, 0x1167, 0x1166, 0x1166, 0x1166, 0x1166, 0x1166, 0x1166, 0x1166, 0x1166, 0x1167, 0x1166, 0x1166, 0x1166,
  0x1166, 0x1166, 0x1166, 0x1166, 0x1166, 0x1166, 0x1166, 0x1166, 0x1166, 0x1166, 0x1167, 0x1166, 0x1167, 0x1167, 0x1166, 0x1166,
  0x1166, 0x1166, 0x1167, 0x1166, 0x1166, 0x1166, 0x1166, 0x1166, 0x1166, 0x1166, 0x1166, 0x1166, 0x1166, 0x1166, 0x1167, 0x1166,
  0x1166, 0x1167, 0x1166, 0x1166, 0x1167, 0x1167, 0x1166, 0x1166, 0x1166, 0x1166, 0x1167, 0x1167, 0x1187, 0x1187, 0x11A7, 0x11A7,
  0x11C8, 0x1208, 0x11C7, 0x0C91, 0x0512, 0x1022, 0x1905, 0x18E5, 0x10A4, 0x10A4, 0x10A4, 0x10A4, 0x10A4, 0x10A4, 0x10A4, 0x10A4,
  0x10A4, 0x10A4, 0x10A4, 0x10A4, 0x0883, 0xBC61, 0xFE40, 0xFDE0, 0xFE40, 0x8B41, 0x0044, 0x10A3, 0x10A4, 0x10A4, 0x10A4, 0x10A4,
  0x10A4, 0x10A4, 0x10A4, 0x10A4, 0x10A4, 0x10A4, 0x18E5, 0x18E5, 0x1043, 0x0553, 0x0CB1, 0x1208, 0x1249, 0x0A09, 0x0A08, 0x09E8,
  0x11C8, 0x11C8, 0x11C8, 0x11C8, 0x11C8, 0x09C8, 0x11C8, 0x09C8, 0x09C8, 0x11C8, 0x09C8, 0x11C8, 0x11C8, 0x11C8, 0x09C8, 0x09C8,
  0x09C8, 0x11C8, 0x11C8, 0x09C8, 0x09C8, 0x09C8, 0x11C8, 0x11C8, 0x09C8, 0x09C8, 0x11C8, 0x09C8, 0x09C7, 0x11C8, 0x11C8, 0x09C7,
  0x11C7, 0x09A7, 0x09A7, 0x11A7, 0x09A7, 0x09A7, 0x09A7, 0x11A7, 0x11A7, 0x11A7, 0x11A7, 0x11A7, 0x09A7, 0x11A7, 0x09A7, 0x11A7,
  0x1187, 0x1187, 0x1187, 0x1187, 0x1187, 0x1187, 0x1187, 0x1187, 0x0987, 0x0987, 0x1187, 0x1187, 0x1187, 0x1187, 0x1187, 0x1187,
  0x1187, 0x1167, 0x1187, 0x1167, 0x1167, 0x1167, 0x1167, 0x1167, 0x1166, 0x1167, 0x1187, 0x0905, 0x1E13, 0x12AA, 0x1023, 0x10C4,
  0x10A4, 0x10C4, 0x0002, 0xB5B7, 0xFFFF, 0xC639, 0x0002, 0x1906, 0xF7BE, 0xFFFF, 0xFFFF, 0xFFFF, 0xFFFF, 0xFFFF, 0xFFFF, 0xFFFF,
  0xFFFF, 0xFFFF, 0xFFFF, 0xC639, 0x0043, 0x0863, 0x0022, 0x0022, 0x0863, 0x0863, 0x0884, 0x0883, 0x2967, 0xFFDF, 0xFFFF, 0xFFFF,
  0xFFFF, 0xFFFF, 0xFFFF, 0xF79E, 0x2987, 0x0022, 0x10C4, 0x0042, 0x6B8E, 0xFFFF, 0xEF7D, 0x2967, 0x0001, 0xB5D7, 0xFFFF, 0xFFFF,
  0xFFFF, 0xFFFF, 0xFFFF, 0xFFFF, 0xFFFF, 0xFFFF, 0xAD55, 0x0001, 0x0002, 0x0002, 0x0002, 0x0043, 0x0883, 0x0883, 0x0022, 0x31A8,
  0xFFFF, 0xFFFF, 0xFFFF, 0xFFFF, 0xFFFF, 0xFFFF, 0xFFFF, 0xFFFF, 0xFFFF, 0xFFFF, 0xFFFF, 0xAD76, 0x0002, 0x0884, 0x0863, 0x0863,
  0x1084, 0x10A4, 0x10A4, 0x10A4, 0x10C4, 0x0023, 0x74A8, 0x53C8, 0x00E6, 0x1186, 0x1166, 0x1166, 0x1166, 0x1166, 0x1167, 0x1167,
  0x1166, 0x1166, 0x1166, 0x1166, 0x1166, 0x1167, 0x1166, 0x1166, 0x1166, 0x1166, 0x1166, 0x1166, 0x1166, 0x1166, 0x1166, 0x1166,
  0x1166, 0x1166, 0x1166, 0x1166, 0x1166, 0x1166, 0x1166, 0x1166, 0x1167, 0x1166, 0x1167, 0x1166, 0x1166, 0x1166, 0x1166, 0x1166,
  0x1166, 0x1166, 0x1166, 0x1166, 0x1166, 0x1166, 0x1166, 0x1166, 0x1166, 0x1166, 0x1166, 0x1166, 0x1166, 0x1166, 0x1166, 0x1166,
  0x1166, 0x1166, 0x1166, 0x1166, 0x1166, 0x1166, 0x1166, 0x1166, 0x1166, 0x1166, 0x1166, 0x1166, 0x1166, 0x1166, 0x1166, 0x1166,
  0x1166, 0x1166, 0x1166, 0x1166, 0x1166, 0x1166, 0x1166, 0x1166, 0x1166, 0x1166, 0x1166, 0x1166, 0x1166, 0x1166, 0x1166, 0x1166,
  0x1166, 0x1166, 0x1166, 0x1166, 0x1166, 0x1166, 0x1167, 0x1166, 0x1166, 0x1166, 0x1167, 0x1167, 0x1187, 0x1187, 0x1187, 0x11A7,
  0x11C8, 0x11E8, 0x11C8, 0x0B0C, 0x0677, 0x1126, 0x1084, 0x1906, 0x10A4, 0x10A4, 0x10A4, 0x10A4, 0x10A4, 0x10A4, 0x10A4, 0x10A4,
  0x10A4, 0x10A4, 0x10A4, 0x0884, 0x2943, 0xF5A0, 0xFDE0, 0xFE40, 0x8B61, 0x0043, 0x10A3, 0x10A4, 0x10A4, 0x10A4, 0x10A4, 0x10A4,
  0x10A4, 0x10A4, 0x10A4, 0x10A4, 0x10A4, 0x10A4, 0x1905, 0x1084, 0x1146, 0x0677, 0x0B2C, 0x0A09, 0x1229, 0x1208, 0x09E8, 0x11E8,
  0x11C8, 0x11C8, 0x11C8, 0x09C8, 0x09C7, 0x11C8, 0x09C8, 0x09C8, 0x09C8, 0x09C8, 0x09C8, 0x09C8, 0x09C8, 0x11C8, 0x09C8, 0x09C8,
  0x11C8, 0x09C8, 0x09C8, 0x09C8, 0x11C8, 0x11C8, 0x11C8, 0x09C8, 0x11C8, 0x09C8, 0x09C8, 0x09C8, 0x09C8, 0x09C7, 0x09C7, 0x11C7,
  0x11A7, 0x11A7, 0x09A7, 0x09A7, 0x11A7, 0x11A7, 0x09A7, 0x11A7, 0x11A7, 0x11A7, 0x11A7, 0x11A7, 0x11A7, 0x11A7, 0x11A7, 0x11A7,
  0x11A7, 0x1187, 0x1187, 0x1187, 0x0987, 0x0987, 0x1187, 0x0987, 0x1187, 0x1187, 0x1187, 0x1187, 0x1187, 0x1187, 0x1187, 0x1187,
  0x1167, 0x1187, 0x1167, 0x1167, 0x1167, 0x1167, 0x1167, 0x1167, 0x1166, 0x1166, 0x1187, 0x1105, 0x1E13, 0x12AA, 0x1023, 0x10C4,
  0x10A4, 0x10C4, 0x0022, 0xAD76, 0xFFFF, 0xC638, 0x2126, 0x39E9, 0xE73D, 0xFFFF, 0xFFDF, 0xFFFF, 0xFFFF, 0xFFFF, 0xFFDF, 0xEF5D,
  0xEF5D, 0xE73D, 0xEF5D, 0xB5B7, 0x2967, 0x2987, 0x18C5, 0x10A4, 0x2146, 0x31A8, 0x2146, 0x0863, 0x2967, 0xEF5D, 0xFFFF, 0xFFDF,
  0xFFFF, 0xFFFF, 0xFFFF, 0xF79E, 0x4A6A, 0x2967, 0x1905, 0x0022, 0x632E, 0xEF7D, 0xDEFB, 0x422A, 0x2126, 0xB5B7, 0xEF7D, 0xEF5D,
  0xEF7D, 0xEF7D, 0xEF7D, 0xEF7D, 0xEF5D, 0xEF7D, 0xAD76, 0x2967, 0x31A8, 0x3188, 0x3188, 0x2987, 0x2987, 0x2987, 0x2146, 0x4A6B,
  0xF79E, 0xFFFF, 0xFFDF, 0xFFFF, 0xFFFF, 0xFFFF, 0xFFFF, 0xFFFF, 0xFFFF, 0xFFDF, 0xFFFF, 0xAD96, 0x2126, 0x3187, 0x2987, 0x3187,
  0x18E5, 0x1084, 0x10A4, 0x10A4, 0x10C4, 0x0023, 0x74A8, 0x53C8, 0x00E6, 0x1186, 0x1166, 0x1166, 0x1166, 0x1166, 0x1166, 0x1166,
  0x1166, 0x1166, 0x1166, 0x1166, 0x1166, 0x1166, 0x1166, 0x1166, 0x1166, 0x1166, 0x1166, 0x1166, 0x1166, 0x1166, 0x1166, 0x1166,
  0x1166, 0x1166, 0x1166, 0x1166, 0x1166, 0x1166, 0x1166, 0x1166, 0x1166, 0x1166, 0x1166, 0x1166, 0x1166, 0x1166, 0x1166, 0x1166,
  0x1166, 0x1166, 0x1166, 0x1166, 0x1166, 0x1166, 0x1166, 0x1166, 0x1166, 0x1166, 0x1166, 0x1166, 0x1166, 0x1166, 0x1166, 0x1166,
  0x1166, 0x1166, 0x1166, 0x1166, 0x1166, 0x1166, 0x1166, 0x1166, 0x1166, 0x1166, 0x1166, 0x1166, 0x1166, 0x1166, 0x1166, 0x1166,
  0x1166, 0x1166, 0x1166, 0x1166, 0x1166, 0x1166, 0x1166, 0x1166, 0x1166, 0x1166, 0x1166, 0x1166, 0x1166, 0x1166, 0x1166, 0x1166,
  0x1166, 0x1166, 0x1166, 0x1167, 0x1166, 0x1166, 0x1166, 0x1166, 0x1166, 0x1166, 0x1166, 0x1167, 0x1167, 0x1187, 0x1187, 0x11A7,
  0x11C7, 0x11E8, 0x1208, 0x11C8, 0x0636, 0x0B8D, 0x1022, 0x1905, 0x18E5, 0x10A4, 0x10A4, 0x10A4, 0x10A4, 0x10A4, 0x10A4, 0x10A4,
  0x10A4, 0x10A4, 0x18C4, 0x0064, 0x72C2, 0xFE40, 0xFE40, 0x9381, 0x0043, 0x10A3, 0x10A3, 0x10A4, 0x10A4, 0x10A4, 0x10A4, 0x10A4,
  0x10A4, 0x10A4, 0x10A4, 0x10A4, 0x10A4, 0x18E5, 0x1905, 0x1022, 0x0BAE, 0x05F5, 0x0A08, 0x1249, 0x1229, 0x1208, 0x09E8, 0x11C8,
  0x11C8, 0x11C8, 0x11C8, 0x11C7, 0x11C7, 0x11C7, 0x09C7, 0x11C7, 0x11C8, 0x09C8, 0x09C8, 0x11C8, 0x09C8, 0x09C8, 0x09C8, 0x11C8,
  0x11C8, 0x09C8, 0x09C8, 0x11C8, 0x11C8, 0x09C8, 0x09C8, 0x09C7, 0x11C8, 0x11C7, 0x11C7, 0x11C8, 0x09C7, 0x11A7, 0x09C7, 0x11A7,
  0x11A7, 0x11A7, 0x09A7, 0x09A7, 0x09A7, 0x11A7, 0x09A7, 0x11A7, 0x11A7, 0x11A7, 0x11A7, 0x11A7, 0x11A7, 0x1187, 0x1187, 0x11A7,
  0x1187, 0x1187, 0x1187, 0x1187, 0x1187, 0x1187, 0x1187, 0x1187, 0x1187, 0x0987, 0x1187, 0x1187, 0x1187, 0x1187, 0x1187, 0x1187,
  0x1187, 0x1167, 0x1187, 0x1167, 0x1167, 0x1167, 0x1167, 0x1166, 0x1166, 0x1166, 0x1187, 0x0905, 0x25F3, 0x1AA9, 0x1023, 0x10C4,
  0x10A4, 0x10C4, 0x0022, 0xAD96, 0xFFFF, 0xF7BE, 0xEF5D, 0xEF5D, 0xFFDF, 0xFFDF, 0xFFFF, 0xFFFF, 0xFFFF, 0xFFFF, 0xF7BE, 0x424A,
  0x2987, 0x31C8, 0x2146, 0x73AF, 0xEF7D, 0xEF5D, 0x2987, 0x0863, 0xAD55, 0xF79E, 0xAD55, 0x0043, 0x31A8, 0xEF7D, 0xFFFF, 0xFFFF,
  0xFFDF, 0xFFFF, 0xFFFF, 0xFFFF, 0xEF7D, 0xEF7E, 0x5B0D, 0x0843, 0x2126, 0x2967, 0x422A, 0xDEFC, 0xF79E, 0x73AF, 0x2126, 0x31A8,
  0x31A8, 0x31A8, 0x2987, 0x2987, 0x31A8, 0x2146, 0x7C11, 0xEF7D, 0xEF5D, 0xEF7D, 0xEF7D, 0xEF7D, 0xEF7D, 0xEF7D, 0xEF7D, 0xEF7E,
  0xFFDF, 0xFFDF, 0xFFDF, 0xFFDF, 0xFFFF, 0xFFFF, 0xFFFF, 0xFFFF, 0xFFFF, 0xFFFF, 0xFFFF, 0xFFDF, 0xEF5D, 0xEF5D, 0xEF5D, 0xF79E,
  0x52AC, 0x0022, 0x10C4, 0x10A4, 0x10C4, 0x0023, 0x74A8, 0x53C8, 0x00E6, 0x1186, 0x1166, 0x1166, 0x1166, 0x1166, 0x1166, 0x1166,
  0x1166, 0x1166, 0x1166, 0x1166, 0x1166, 0x1166, 0x1166, 0x1166, 0x1166, 0x1166, 0x1166, 0x1166, 0x1166, 0x1166, 0x1166, 0x1166,
  0x1166, 0x1166, 0x1166, 0x1166, 0x1166, 0x1166, 0x1166, 0x1166, 0x1166, 0x1166, 0x1166, 0x1166, 0x1166, 0x1166, 0x1166, 0x1166,
  0x1166, 0x1166, 0x1166, 0x1166, 0x1166, 0x1166, 0x1166, 0x1166, 0x1166, 0x1166, 0x1166, 0x1166, 0x1166, 0x1166, 0x1166, 0x1166,
  0x1166, 0x1166, 0x1166, 0x1166, 0x1166, 0x1166, 0x1166, 0x1166, 0x1166, 0x1166, 0x1166, 0x1166, 0x1166, 0x1166, 0x1166, 0x1166,
  0x1166, 0x1166, 0x1166, 0x1166, 0x1166, 0x1166, 0x1166, 0x1166, 0x1166, 0x1166, 0x1166, 0x1166, 0x1166, 0x1166, 0x1166, 0x1166,
  0x1166, 0x1166, 0x1166, 0x1166, 0x1166, 0x1166, 0x1166, 0x1166, 0x1166, 0x1166, 0x1166, 0x1167, 0x1166, 0x1187, 0x1187, 0x11A7,
  0x11A7, 0x11C8, 0x1208, 0x11C7, 0x0BEF, 0x0636, 0x10A4, 0x10A4, 0x2106, 0x10A4, 0x10A4, 0x10A4, 0x10C4, 0x10A4, 0x10A4, 0x10A4,
  0x10A4, 0x10A4, 0x10C4, 0x0884, 0x49C3, 0xE580, 0x9BA1, 0x0863, 0x10A3, 0x10A3, 0x10A4, 0x10A4, 0x10A4, 0x10A4, 0x10A4, 0x10A4,
  0x10A4, 0x10C4, 0x10A4, 0x10A4, 0x10A4, 0x2105, 0x10A4, 0x10E5, 0x0656, 0x0BCE, 0x1208, 0x1229, 0x1208, 0x11E8, 0x11E8, 0x11C8,
  0x11C8, 0x11C7, 0x11C7, 0x11A7, 0x11C7, 0x09C8, 0x11C7, 0x11C7, 0x11C7, 0x09C8, 0x09C8, 0x11C7, 0x11C7, 0x09C7, 0x09C8, 0x09C8,
  0x11C8, 0x11C8, 0x11C8, 0x09C8, 0x09C8, 0x09C8, 0x09C8, 0x09C8, 0x09C7, 0x09C8, 0x09C8, 0x09C7, 0x11A7, 0x11A7, 0x11A7, 0x09A7,
  0x11A7, 0x11A7, 0x11A7, 0x09A7, 0x09A7, 0x11A7, 0x11A7, 0x09A7, 0x11A7, 0x11A7, 0x11A7, 0x11A7, 0x11A7, 0x11A7, 0x1187, 0x1187,
  0x1187, 0x1187, 0x1187, 0x1187, 0x1187, 0x1187, 0x1187, 0x1187, 0x1187, 0x1187, 0x1187, 0x1187, 0x1187, 0x1187, 0x1187, 0x1187,
  0x1167, 0x1187, 0x1167, 0x1166, 0x1167, 0x1166, 0x1166, 0x1167, 0x1166, 0x1166, 0x1187, 0x0905, 0x25F3, 0x1AA9, 0x1023, 0x10C4,
  0x10A4, 0x10C4, 0x0022, 0xAD96, 0xFFFF, 0xFFFF, 0xFFFF, 0xFFFF, 0xFFFF, 0xFFFF, 0xFFFF, 0xFFFF, 0xFFFF, 0xFFFF, 0xF7BE, 0x10C4,
  0x0001, 0x0002, 0x0000, 0x52CC, 0xFFFF, 0xFFFF, 0x18E5, 0x0000, 0xB597, 0xFFFF, 0xB596, 0x0000, 0x1905, 0xEF5D, 0xFFFF, 0xFFFF,
  0xFFFF, 0xFFFF, 0xFFFF, 0xFFFF, 0xFFFF, 0xFFFF, 0x5ACC, 0x0000, 0x0863, 0x0042, 0x2946, 0xEF7E, 0xFFFF, 0x632D, 0x0001, 0x0863,
  0x0001, 0x0001, 0x0863, 0x0883, 0x0022, 0x0000, 0x634E, 0xFFFF, 0xFFFF, 0xFFFF, 0xFFFF, 0xFFFF, 0xFFFF, 0xFFFF, 0xFFFF, 0xFFFF,
  0xFFFF, 0xFFFF, 0xFFFF, 0xFFFF, 0xFFFF, 0xFFFF, 0xFFFF, 0xFFFF, 0xFFFF, 0xFFFF, 0xFFFF, 0xFFFF, 0xFFFF, 0xFFFF, 0xFFFF, 0xFFFF,
  0x5AEC, 0x0022, 0x10C4, 0x10A4, 0x10C4, 0x0023, 0x74A8, 0x53C8, 0x00E6, 0x1186, 0x1166, 0x1166, 0x1166, 0x1166, 0x1166, 0x1166,
  0x1166, 0x1166, 0x1166, 0x1166, 0x1166, 0x1166, 0x1166, 0x1166, 0x1166, 0x1166, 0x1166, 0x1166, 0x1166, 0x1166, 0x1166, 0x1166,
  0x1166, 0x1166, 0x1166, 0x1166, 0x1166, 0x1166, 0x1166, 0x1166, 0x1166, 0x1166, 0x1166, 0x1166, 0x1166, 0x1166, 0x1166, 0x1166,
  0x1166, 0x1166, 0x1166, 0x1166, 0x1166, 0x1166, 0x1166, 0x1166, 0x1166, 0x1166, 0x1166, 0x1166, 0x1166, 0x1166, 0x1166, 0x1166,
  0x1166, 0x1166, 0x1166, 0x1166, 0x1166, 0x1166, 0x1166, 0x1166, 0x1166, 0x1166, 0x1166, 0x1166, 0x1166, 0x1166, 0x1166, 0x1166,
  0x1166, 0x1166, 0x1166, 0x1166, 0x1166, 0x1166, 0x1166, 0x1166, 0x1166, 0x1166, 0x1166, 0x1166, 0x1166, 0x1166, 0x1166, 0x1166,
  0x1166, 0x1166, 0x1166, 0x1166, 0x1166, 0x1166, 0x1166, 0x1166, 0x1166, 0x1166, 0x1166, 0x1167, 0x1166, 0x1167, 0x1187, 0x1187,
  0x11A7, 0x11C8, 0x11E8, 0x1208, 0x11E8, 0x0636, 0x0BAE, 0x1022, 0x1905, 0x1905, 0x10A4, 0x10C4, 0x10A4, 0x10C4, 0x10C4, 0x10A4,
  0x10A4, 0x10C4, 0x10A4, 0x10C4, 0x0884, 0x18E3, 0x0883, 0x10A3, 0x10A3, 0x10A4, 0x10A4, 0x10A4, 0x10A4, 0x10A4, 0x10A4, 0x10A4,
  0x10A4, 0x10A4, 0x10A4, 0x10A4, 0x1905, 0x18E5, 0x1022, 0x0BEF, 0x0636, 0x1209, 0x1249, 0x1209, 0x1208, 0x11E8, 0x11C8, 0x11C8,
  0x11C8, 0x11C8, 0x09A8, 0x11A7, 0x11A7, 0x09A7, 0x09C7, 0x11C7, 0x09C7, 0x09C7, 0x09C7, 0x11C7, 0x09C7, 0x09C8, 0x11C8, 0x11C8,
  0x11C8, 0x11C7, 0x09C7, 0x09C7, 0x11C7, 0x09C8, 0x11C7, 0x11C8, 0x09C7, 0x09C7, 0x11A7, 0x09A7, 0x09C7, 0x11A7, 0x11A7, 0x11A7,
  0x09A7, 0x09A7, 0x11A7, 0x09A7, 0x09A7, 0x11A7, 0x11A7, 0x11A7, 0x11A7, 0x11A7, 0x11A7, 0x11A7, 0x1187, 0x1187, 0x11A7, 0x1187,
  0x1187, 0x1187, 0x1187, 0x1187, 0x1187, 0x1187, 0x1187, 0x1187, 0x1187, 0x1187, 0x1187, 0x1187, 0x1187, 0x1167, 0x1167, 0x1187,
  0x1166, 0x1167, 0x1166, 0x1167, 0x1167, 0x1166, 0x1166, 0x1167, 0x1166, 0x1166, 0x1187, 0x0905, 0x25F3, 0x1AA9, 0x1023, 0x10C4,
  0x10A4, 0x10C4, 0x0022, 0xAD76, 0xFFFF, 0xD69A, 0x6B6E, 0x6B8F, 0x738F, 0x6B6E, 0xD69A, 0xFFFF, 0xFFDF, 0xFFFF, 0xFFFF, 0xBDD7,
  0xAD76, 0xB596, 0xAD76, 0xCE59, 0xFFFF, 0xFFDF, 0xB5B7, 0xAD56, 0xE71C, 0xFFFF, 0xE71C, 0xAD55, 0xB5D7, 0xF7BF, 0xFFFF, 0xAD56,
  0x632D, 0xA535, 0xFFFF, 0xFFFF, 0xFFDF, 0xFFFF, 0xC639, 0xAD55, 0x7C11, 0x0043, 0x3187, 0xEF5D, 0xFFFF, 0x6B6E, 0x0021, 0x5AEC,
  0xAD96, 0xA515, 0x1905, 0x0884, 0x8431, 0xAD56, 0xCE7A, 0xFFFF, 0xFFFF, 0xFFFF, 0xFFDF, 0xFFFF, 0xFFDF, 0xFFFF, 0xFFFF, 0xEF7D,
  0x7BD0, 0x6B6F, 0x73AF, 0x6B4E, 0xAD76, 0xFFFF, 0xFFDF, 0xFFFF, 0xFFFF, 0xFFFF, 0xFFFF, 0xCE59, 0x632E, 0x8C72, 0xF7BF, 0xFFFF,
  0x5ACC, 0x0022, 0x10C4, 0x10A4, 0x10C4, 0x0023, 0x74A8, 0x53C8, 0x00E6, 0x1167, 0x1166, 0x1166, 0x1166, 0x1166, 0x1166, 0x1166,
  0x1166, 0x1166, 0x1166, 0x1166, 0x1166, 0x1166, 0x1166, 0x1166, 0x1166, 0x1166, 0x1166, 0x1166, 0x1166, 0x1166, 0x1166, 0x1166,
  0x1166, 0x1166, 0x1166, 0x1166, 0x1166, 0x1166, 0x1166, 0x1166, 0x1166, 0x1166, 0x1166, 0x1166, 0x1166, 0x1166, 0x1166, 0x1166,
  0x1166, 0x1166, 0x1166, 0x1166, 0x1166, 0x1166, 0x1166, 0x1166, 0x1166, 0x1166, 0x1166, 0x1166, 0x1166, 0x1166, 0x1166, 0x1166,
  0x1166, 0x1166, 0x1166, 0x1166, 0x1166, 0x1166, 0x1166, 0x1166, 0x1166, 0x1166, 0x1166, 0x1166, 0x1166, 0x1166, 0x1166, 0x1166,
  0x1166, 0x1166, 0x1166, 0x1166, 0x1166, 0x1166, 0x1166, 0x1166, 0x1166, 0x1166, 0x1166, 0x1166, 0x1166, 0x1166, 0x1166, 0x1166,
  0x1166, 0x1166, 0x1166, 0x1166, 0x1166, 0x1166, 0x1166, 0x1166, 0x1166, 0x1166, 0x1166, 0x1166, 0x1167, 0x1167, 0x1187, 0x1187,
  0x11A7, 0x11A7, 0x11C8, 0x11E8, 0x11C8, 0x0B4D, 0x06D8, 0x1187, 0x1063, 0x1925, 0x18E5, 0x10A4, 0x10C4, 0x10A4, 0x10A4, 0x10C4,
  0x10C4, 0x10C4, 0x10C4, 0x10A4, 0x10C4, 0x10A4, 0x10A3, 0x10A4, 0x10A4, 0x10A4, 0x10C4, 0x10A4, 0x10A4, 0x10A4, 0x10A4, 0x10C4,
  0x10A4, 0x10A4, 0x10A4, 0x18E5, 0x1925, 0x1063, 0x11A7, 0x0698, 0x0B4D, 0x1208, 0x1229, 0x1208, 0x11E8, 0x11E8, 0x11C8, 0x11C8,
  0x11C7, 0x11C7, 0x11A7, 0x11A7, 0x11A7, 0x11A7, 0x11A7, 0x09A7, 0x11A7, 0x09A7, 0x09C7, 0x11A7, 0x09C7, 0x09C8, 0x11C7, 0x11C8,
  0x09A7, 0x09A7, 0x09A7, 0x11A7, 0x09A7, 0x09C7, 0x11C7, 0x09A7, 0x09C7, 0x11C7, 0x11A7, 0x09A7, 0x09A7, 0x09A7, 0x09A7, 0x11A7,
  0x09A7, 0x11A7, 0x11A7, 0x11A7, 0x09A7, 0x11A7, 0x11A7, 0x11A7, 0x11A7, 0x11A7, 0x11A7, 0x1187, 0x1187, 0x0987, 0x1187, 0x1187,
  0x1187, 0x1187, 0x1187, 0x1187, 0x1187, 0x1187, 0x1187, 0x1187, 0x1187, 0x1187, 0x1187, 0x1187, 0x1187, 0x1167, 0x1187, 0x1167,
  0x1166, 0x1166, 0x1166, 0x1166, 0x1166, 0x1166, 0x1166, 0x1166, 0x1166, 0x1166, 0x1187, 0x0905, 0x25F3, 0x1AA9, 0x1023, 0x10C4,
  0x10A4, 0x10C4, 0x0022, 0xAD76, 0xFFFF, 0xBDD7, 0x0001, 0x0022, 0x0042, 0x0001, 0xB5B7, 0xFFFF, 0xFFFF, 0xFFFF, 0xFFFF, 0xFFFF,
  0xFFFF, 0xFFFF, 0xFFFF, 0xFFFF, 0xFFFF, 0xFFFF, 0xFFFF, 0xFFFF, 0xFFFF, 0xFFFF, 0xFFFF, 0xFFFF, 0xFFFF, 0xFFFF, 0xFFFF, 0x630D,
  0x0000, 0x52AC, 0xFFFF, 0xFFFF, 0xFFFF, 0xFFFF, 0xFFFF, 0xFFFF, 0xC659, 0x0002, 0x2987, 0xEF7D, 0xFFFF, 0x632D, 0x0000, 0x7BF0,
  0xFFFF, 0xFFFF, 0x2126, 0x0863, 0xCE7A, 0xFFFF, 0xFFFF, 0xFFFF, 0xFFFF, 0xFFFF, 0xFFFF, 0xFFFF, 0xFFFF, 0xFFFF, 0xFFFF, 0xE73D,
  0x10C4, 0x0002, 0x0002, 0x0000, 0x632E, 0xFFFF, 0xFFFF, 0xFFFF, 0xFFFF, 0xFFFF, 0xFFFF, 0x9CF4, 0x0000, 0x2126, 0xF79E, 0xFFFF,
  0x5ACC, 0x0022, 0x10C4, 0x10A4, 0x10C4, 0x0023, 0x74A7, 0x53C8, 0x00E6, 0x1166, 0x1166, 0x1166, 0x1166, 0x1166, 0x1166, 0x1166,
  0x1166, 0x1166, 0x1166, 0x1166, 0x1166, 0x1166, 0x1166, 0x1166, 0x1166, 0x1166, 0x1166, 0x1166, 0x1166, 0x1166, 0x1166, 0x1166,
  0x1166, 0x1166, 0x1166, 0x1166, 0x1166, 0x1166, 0x1166, 0x1166, 0x1166, 0x1166, 0x1166, 0x1166, 0x1166, 0x1166, 0x1166, 0x1166,
  0x1166, 0x1166, 0x1166, 0x1166, 0x1166, 0x1166, 0x1166, 0x1166, 0x1166, 0x1166, 0x1166, 0x1166, 0x1166, 0x1166, 0x1166, 0x1166,
  0x1166, 0x1166, 0x1166, 0x1166, 0x1166, 0x1166, 0x1166, 0x1166, 0x1166, 0x1166, 0x1166, 0x1166, 0x1166, 0x1166, 0x1166, 0x1166,
  0x1166, 0x1166, 0x1166, 0x1166, 0x1166, 0x1166, 0x1166, 0x1166, 0x1166, 0x1166, 0x1166, 0x1166, 0x1166, 0x1166, 0x1166, 0x1166,
  0x1166, 0x1166, 0x1166, 0x1166, 0x1166, 0x1166, 0x1166, 0x1166, 0x1166, 0x1166, 0x1166, 0x1166, 0x1167, 0x1166, 0x1167, 0x1187,
  0x1187, 0x11A7, 0x11C8, 0x11C8, 0x1208, 0x11A7, 0x0D12, 0x05D5, 0x1063, 0x10A4, 0x2125, 0x18E5, 0x10A4, 0x10C4, 0x10C4, 0x10C4,
  0x10C4, 0x10C4, 0x10C4, 0x10A4, 0x10A4, 0x10C4, 0x10A4, 0x10A4, 0x10C4, 0x10A4, 0x10A4, 0x10A4, 0x10C4, 0x10C4, 0x10C4, 0x10C4,
  0x10A4, 0x10A4, 0x18E5, 0x2125, 0x10A4, 0x1083, 0x05F5, 0x0CF2, 0x11E8, 0x1229, 0x1208, 0x11E8, 0x11E8, 0x11C8, 0x11C8, 0x11C7,
  0x11A7, 0x09A7, 0x11A7, 0x11A7, 0x09A7, 0x09A7, 0x09A7, 0x09A7, 0x11A7, 0x09A7, 0x09C7, 0x09A7, 0x11A7, 0x11A7, 0x11C7, 0x11A7,
  0x09C7, 0x11C7, 0x11C7, 0x09C7, 0x09C7, 0x11A7, 0x11A7, 0x09A7, 0x09C7, 0x09A7, 0x09A7, 0x11A7, 0x09A7, 0x11A7, 0x11A7, 0x11A7,
  0x11A7, 0x11A7, 0x11A7, 0x11A7, 0x11A7, 0x11A7, 0x11A7, 0x11A7, 0x11A7, 0x11A7, 0x11A7, 0x1187, 0x1187, 0x1187, 0x1187, 0x1187,
  0x1187, 0x1187, 0x1187, 0x1187, 0x1187, 0x1187, 0x1187, 0x1187, 0x1187, 0x1187, 0x1187, 0x1187, 0x1187, 0x1167, 0x1166, 0x1167,
  0x1167, 0x1166, 0x1166, 0x1166, 0x1166, 0x1167, 0x1167, 0x1166, 0x1166, 0x1166, 0x1187, 0x0905, 0x25F3, 0x1AA9, 0x1023, 0x10C4,
  0x10A4, 0x10C4, 0x0022, 0xAD76, 0xFFFF, 0xBDF8, 0x0884, 0x10C5, 0x10C4, 0x0884, 0x8C72, 0xC659, 0xD6BB, 0xFFFF, 0xFFFF, 0xCE59,
  0xC618, 0xC618, 0xC618, 0xC638, 0xC639, 0xC639, 0xC618, 0xC618, 0xC639, 0xC639, 0xC639, 0xBE18, 0xC639, 0xF7BF, 0xFFFF, 0x9CF4,
  0x4A8B, 0x94B3, 0xFFFF, 0xFFDF, 0xCE7A, 0xC639, 0xC618, 0xC639, 0x8C72, 0x0042, 0x2987, 0xEF7D, 0xFFFF, 0x94D3, 0x4A6A, 0x9493,
  0xC639, 0xB596, 0x18E5, 0x0883, 0x9493, 0xC618, 0xDEDB, 0xFFFF, 0xFFDF, 0xCE59, 0xC639, 0xC639, 0xBE18, 0xDEFB, 0xFFFF, 0xE73D,
  0x2146, 0x1084, 0x4A8B, 0x52CC, 0x8C52, 0xC639, 0xCE79, 0xFFDF, 0xFFFF, 0xFFFF, 0xFFFF, 0xC639, 0x528B, 0x7BD0, 0xF7BE, 0xFFFF,
  0x5ACC, 0x0022, 0x10C4, 0x10A4, 0x10C4, 0x0023, 0x7CA7, 0x53C8, 0x00E6, 0x1166, 0x1166, 0x1166, 0x1166, 0x1166, 0x1166, 0x1166,
  0x1166, 0x1166, 0x1166, 0x1166, 0x1166, 0x1166, 0x1166, 0x1166, 0x1166, 0x1166, 0x1166, 0x1166, 0x1166, 0x1166, 0x1166, 0x1166,
  0x1166, 0x1166, 0x1166, 0x1166, 0x1166, 0x1166, 0x1166, 0x1166, 0x1166, 0x1166, 0x1166, 0x1166, 0x1166, 0x1166, 0x1166, 0x1166,
  0x1166, 0x1166, 0x1166, 0x1166, 0x1166, 0x1166, 0x1166, 0x1166, 0x1166, 0x1166, 0x1166, 0x1166, 0x1166, 0x1166, 0x1166, 0x1166,
  0x1166, 0x1166, 0x1166, 0x1166, 0x1166, 0x1166, 0x1166, 0x1166, 0x1166, 0x1166, 0x1166, 0x1166, 0x1166, 0x1166, 0x1166, 0x1166,
  0x1166, 0x1166, 0x1166, 0x1166, 0x1166, 0x1166, 0x1166, 0x1166, 0x1166, 0x1166, 0x1166, 0x1166, 0x1166, 0x1166, 0x1166, 0x1166,
  0x1166, 0x1166, 0x1166, 0x1166, 0x1166, 0x1166, 0x1166, 0x1166, 0x1166, 0x1166, 0x1166, 0x1166, 0x1166, 0x1167, 0x1167, 0x1187,
  0x1187, 0x11A7, 0x11A7, 0x11C8, 0x11E8, 0x1208, 0x11E8, 0x0636, 0x0CF2, 0x1043, 0x10A4, 0x2126, 0x18E5, 0x10C4, 0x10C4, 0x10C4,
  0x10C4, 0x10C4, 0x10C4, 0x10C4, 0x10C4, 0x10C4, 0x10C4, 0x10E4, 0x10C4, 0x10C4, 0x10C4, 0x10C4, 0x10C4, 0x10C4, 0x10C4, 0x10C4,
  0x10C4, 0x1905, 0x2125, 0x10A4, 0x1043, 0x0D12, 0x0616, 0x1229, 0x1229, 0x1209, 0x11E8, 0x11E8, 0x11C8, 0x11C8, 0x11C7, 0x11C7,
  0x11A7, 0x11A7, 0x11A7, 0x11A7, 0x11A7, 0x11A7, 0x11A7, 0x11A7, 0x11A7, 0x11A7, 0x09A7, 0x11A7, 0x11A7, 0x09A7, 0x09A7, 0x11A7,
  0x11A7, 0x11A7, 0x09C7, 0x09A7, 0x11A7, 0x09A7, 0x09A7, 0x11A7, 0x11A7, 0x09A7, 0x11A7, 0x09A7, 0x11A7, 0x11A7, 0x11A7, 0x11A7,
  0x09A7, 0x11A7, 0x11A7, 0x09A7, 0x11A7, 0x09A7, 0x11A7, 0x11A7, 0x09A7, 0x11A7, 0x11A7, 0x1187, 0x1187, 0x1187, 0x1187, 0x1187,
  0x1187, 0x1187, 0x1187, 0x1187, 0x1187, 0x1187, 0x1187, 0x1187, 0x1187, 0x1167, 0x1187, 0x1167, 0x1167, 0x1166, 0x1167, 0x1167,
  0x1166, 0x1167, 0x1166, 0x1166, 0x1166, 0x1166, 0x1166, 0x1166, 0x1166, 0x1166, 0x1166, 0x0905, 0x25F2, 0x1AA9, 0x1023, 0x10C4,
  0x10A4, 0x10C4, 0x0022, 0xAD76, 0xFFFF, 0xBDF8, 0x0843, 0x1084, 0x10A4, 0x10A4, 0x1084, 0x0001, 0x632D, 0xFFFF, 0xF79E, 0x2126,
  0x0042, 0x0863, 0x0863, 0x0863, 0x0863, 0x0863, 0x0883, 0x0883, 0x0863, 0x0863, 0x0863, 0x0843, 0x2946, 0xEF7D, 0xFFFF, 0xFFFF,
  0xFFFF, 0xFFFF, 0xFFFF, 0xF79E, 0x2967, 0x0022, 0x0863, 0x0863, 0x0883, 0x0863, 0x2967, 0xF79E, 0xFFFF, 0xFFFF, 0xFFFF, 0xBDD7,
  0x0043, 0x0883, 0x0884, 0x0884, 0x1084, 0x0001, 0x6B6E, 0xFFFF, 0xF79E, 0x18E5, 0x0863, 0x10A4, 0x0001, 0x73AF, 0xFFFF, 0xE73C,
  0x2126, 0x0022, 0xC638, 0xFFFF, 0xB596, 0x0000, 0x3187, 0xF79E, 0xFFFF, 0xFFFF, 0xFFFF, 0xFFFF, 0xFFFF, 0xFFFF, 0xFFFF, 0xFFFF,
  0x5AEC, 0x0022, 0x10C4, 0x10A4, 0x10C4, 0x0024, 0x7CA7, 0x53C8, 0x00E6, 0x1166, 0x1166, 0x1166, 0x1166, 0x1166, 0x1166, 0x1166,
  0x1166, 0x1166, 0x1166, 0x1166, 0x1166, 0x1166, 0x1166, 0x1166, 0x1166, 0x1166, 0x1166, 0x1166, 0x1166, 0x1166, 0x1166, 0x1166,
  0x1166, 0x1146, 0x1166, 0x1166, 0x1166, 0x1166, 0x1166, 0x1166, 0x1166, 0x1166, 0x1166, 0x1166, 0x1166, 0x1166, 0x1166, 0x1166,
  0x1166, 0x1166, 0x1166, 0x1166, 0x1166, 0x1166, 0x1166, 0x1166, 0x1146, 0x1166, 0x1166, 0x1166, 0x1166, 0x1166, 0x1166, 0x1166,
  0x1166, 0x1166, 0x1166, 0x1166, 0x1166, 0x1166, 0x1166, 0x1166, 0x1166, 0x1166, 0x1166, 0x1166, 0x1166, 0x1166, 0x1166, 0x1166,
  0x1166, 0x1146, 0x1166, 0x1166, 0x1166, 0x1166, 0x1166, 0x1166, 0x1166, 0x1166, 0x1166, 0x1166, 0x1166, 0x1166, 0x1166, 0x1166,
  0x1166, 0x1166, 0x1166, 0x1166, 0x1166, 0x1166, 0x1166, 0x1166, 0x1166, 0x1166, 0x1166, 0x1166, 0x1166, 0x1166, 0x1166, 0x1187,
  0x1187, 0x1187, 0x11A7, 0x11A7, 0x11C8, 0x11E8, 0x11E8, 0x126A, 0x0697, 0x0CB1, 0x1043, 0x10A4, 0x1905, 0x20C4, 0x1863, 0x1043,
  0x1843, 0x1843, 0x1863, 0x1863, 0x1842, 0x1842, 0x1842, 0x1862, 0x1842, 0x1862, 0x1862, 0x1843, 0x1843, 0x1843, 0x1043, 0x1863,
  0x20C4, 0x1905, 0x10A4, 0x1043, 0x0CD1, 0x0697, 0x126A, 0x1229, 0x1229, 0x1208, 0x11E8, 0x11E8, 0x11C8, 0x11C7, 0x11A7, 0x11A7,
  0x11A7, 0x11A7, 0x09A7, 0x11A7, 0x11A7, 0x11A7, 0x11A7, 0x09A7, 0x11A7, 0x11A7, 0x09A7, 0x11A7, 0x11A7, 0x11A7, 0x09A7, 0x11A7,
  0x09A7, 0x11A7, 0x11A7, 0x09A7, 0x09A7, 0x11A7, 0x09A7, 0x09A7, 0x11A7, 0x09A7, 0x11A7, 0x09A7, 0x09A7, 0x11A7, 0x09A7, 0x09A7,
  0x11A7, 0x11A7, 0x09A7, 0x11A7, 0x11A7, 0x11A7, 0x11A7, 0x11A7, 0x0987, 0x1187, 0x1187, 0x1187, 0x1187, 0x1187, 0x1187, 0x1187,
  0x1187, 0x1187, 0x1187, 0x1187, 0x1187, 0x1187, 0x1187, 0x1167, 0x1187, 0x1167, 0x1167, 0x1167, 0x1167, 0x1167, 0x1167, 0x1167,
  0x1166, 0x1166, 0x1166, 0x1166, 0x1166, 0x1166, 0x1166, 0x1166, 0x1166, 0x1166, 0x1167, 0x0905, 0x25F2, 0x1AA9, 0x1023, 0x10C4,
  0x10A4, 0x10C4, 0x0022, 0xAD76, 0xFFFF, 0xBE18, 0x10C5, 0x1905, 0x10A4, 0x10A4, 0x1905, 0x10A4, 0x738F, 0xFFFF, 0xF79E, 0x31A8,
  0x18E5, 0x1905, 0x1905, 0x1905, 0x1905, 0x1905, 0x10A4, 0x10A4, 0x18E5, 0x2126, 0x18E5, 0x0883, 0x2967, 0xE73D, 0xFFDF, 0xF7DF,
  0xFFDF, 0xFFDF, 0xFFDF, 0xEF7D, 0x39E9, 0x10C5, 0x1906, 0x1905, 0x1905, 0x18C5, 0x31C8, 0xEF7D, 0xFFDF, 0xF7BE, 0xFFDF, 0xB597,
  0x0863, 0x10C4, 0x1905, 0x1905, 0x2126, 0x1084, 0x73D0, 0xFFDF, 0xEF7D, 0x2126, 0x0884, 0x18C5, 0x0022, 0x73AF, 0xFFDF, 0xE71C,
  0x2987, 0x10A4, 0xBDF8, 0xFFDF, 0xAD76, 0x0863, 0x3A09, 0xEF5D, 0xFFDF, 0xFFDF, 0xFFDF, 0xFFFF, 0xFFFF, 0xFFFF, 0xF7BE, 0xFFDF,
  0x52CC, 0x0022, 0x10C4, 0x10A4, 0x10C4, 0x0024, 0x7CA7, 0x53C8, 0x00E6, 0x1166, 0x1166, 0x1166, 0x1166, 0x1166, 0x1166, 0x1166,
  0x1166, 0x1146, 0x1166, 0x1166, 0x1166, 0x1166, 0x1166, 0x1166, 0x1166, 0x1166, 0x1146, 0x1166, 0x1166, 0x1166, 0x1146, 0x1146,
  0x1146, 0x1166, 0x1166, 0x1166, 0x1146, 0x1166, 0x1166, 0x1166, 0x1166, 0x1166, 0x1166, 0x1166, 0x1166, 0x1166, 0x1166, 0x1166,
  0x1166, 0x1166, 0x1166, 0x1166, 0x1166, 0x1166, 0x1166, 0x1166, 0x1166, 0x1166, 0x1166, 0x1166, 0x1166, 0x1166, 0x1166, 0x1166,
  0x1166, 0x1166, 0x1166, 0x1166, 0x1166, 0x1166, 0x1146, 0x1166, 0x1166, 0x1146, 0x1166, 0x1166, 0x1166, 0x1166, 0x1166, 0x1166,
  0x1166, 0x1146, 0x1166, 0x1166, 0x1166, 0x1146, 0x1166, 0x1166, 0x1166, 0x1166, 0x1166, 0x1166, 0x1166, 0x1166, 0x1166, 0x1166,
  0x1166, 0x1166, 0x1166, 0x1166, 0x1166, 0x1166, 0x1166, 0x1166, 0x1166, 0x1166, 0x1166, 0x1166, 0x1166, 0x1166, 0x1166, 0x1166,
  0x1187, 0x1187, 0x1187, 0x11A7, 0x11C7, 0x11C8, 0x1208, 0x11E8, 0x126A, 0x0697, 0x0CF2, 0x1083, 0x10A4, 0x12AA, 0x13CE, 0x0BCE,
  0x0BCE, 0x0BCE, 0x0BCE, 0x0BCE, 0x0BCE, 0x0BCE, 0x0BCE, 0x0BCE, 0x0BCE, 0x0BCE, 0x0BCE, 0x0BCE, 0x0BCE, 0x0BCE, 0x0BCE, 0x13CE,
  0x128A, 0x10A4, 0x1083, 0x0D12, 0x0697, 0x128A, 0x1208, 0x1229, 0x1208, 0x11E8, 0x11E8, 0x11C8, 0x11C7, 0x11C7, 0x11A7, 0x11A7,
  0x11A7, 0x11A7, 0x11A7, 0x11A7, 0x09A7, 0x11A7, 0x09A7, 0x11A7, 0x11A7, 0x11A7, 0x11A7, 0x09A7, 0x09A7, 0x11A7, 0x11A7, 0x11A7,
  0x09A7, 0x09A7, 0x11A7, 0x09A7, 0x09A7, 0x09A7, 0x11A7, 0x11A7, 0x11A7, 0x11A7, 0x11A7, 0x11A7, 0x11A7, 0x11A7, 0x11A7, 0x11A7,
  0x11A7, 0x11A7, 0x09A7, 0x11A7, 0x11A7, 0x1187, 0x11A7, 0x1187, 0x1187, 0x1187, 0x1187, 0x1187, 0x1187, 0x1187, 0x1187, 0x1187,
  0x1187, 0x1187, 0x1187, 0x1187, 0x1187, 0x1187, 0x1187, 0x1167, 0x1187, 0x1167, 0x1167, 0x1167, 0x1166, 0x1167, 0x1167, 0x1166,
  0x1167, 0x1166, 0x1166, 0x1166, 0x1166, 0x1166, 0x1166, 0x1166, 0x1166, 0x1166, 0x1166, 0x08E5, 0x2DF2, 0x1AA9, 0x1023, 0x10C4,
  0x10A4, 0x10C4, 0x0022, 0xAD96, 0xFFFF, 0xF79E, 0xDEFB, 0xD6BA, 0x31A8, 0x0042, 0xA514, 0xE73C, 0xEF5D, 0xFFFF, 0xFFFF, 0xDEFC,
  0xDEFB, 0xDEFB, 0xDEFB, 0xDEFC, 0xE71C, 0xDEFC, 0x2967, 0x0863, 0x9CF4, 0xE73C, 0x9CF4, 0x0843, 0x18E5, 0x39E9, 0x4229, 0x3A09,
  0x3A09, 0x3A09, 0x39C8, 0x52AC, 0xD6BA, 0xDEFB, 0xDEFC, 0xE71C, 0xDEFC, 0xDEFB, 0xD69A, 0x52AC, 0x3A09, 0x4229, 0x422A, 0x31A8,
  0x0863, 0x2946, 0xDEDB, 0xDEFB, 0xDEDB, 0xDEFC, 0xAD55, 0x39C9, 0x3A09, 0x18C5, 0x10C4, 0x10C4, 0x10A4, 0x2967, 0x3A09, 0x5AEC,
  0xDEDB, 0xE71C, 0x7BD0, 0x31A7, 0x8431, 0xE73C, 0xCE9A, 0x4A8B, 0x39E9, 0x422A, 0x31C8, 0x94B3, 0xFFDF, 0xE71C, 0x4A8B, 0x4209,
  0x2126, 0x0884, 0x10A4, 0x10A4, 0x10C4, 0x0024, 0x7CA7, 0x53C7, 0x00E6, 0x1166, 0x1166, 0x1166, 0x1146, 0x1166, 0x1166, 0x1166,
  0x1166, 0x1146, 0x1166, 0x1166, 0x1166, 0x1166, 0x1166, 0x1146, 0x1166, 0x1146, 0x1146, 0x1166, 0x1166, 0x1166, 0x1166, 0x1146,
  0x1166, 0x1166, 0x1166, 0x1146, 0x1166, 0x1166, 0x1166, 0x1166, 0x1166, 0x1146, 0x1146, 0x1146, 0x1146, 0x1146, 0x1166, 0x1166,
  0x1166, 0x1166, 0x1166, 0x1166, 0x1166, 0x1166, 0x1146, 0x1146, 0x1146, 0x1146, 0x1166, 0x1166, 0x1166, 0x1166, 0x1146, 0x1166,
  0x1166, 0x1146, 0x1146, 0x1166, 0x1166, 0x1166, 0x1166, 0x1146, 0x1146, 0x1146, 0x1166, 0x1166, 0x1146, 0x1166, 0x1166, 0x1166,
  0x1166, 0x1166, 0x1146, 0x1166, 0x1166, 0x1166, 0x1166, 0x1166, 0x1166, 0x1166, 0x1166, 0x1166, 0x1146, 0x1166, 0x1166, 0x1146,
  0x1146, 0x1166, 0x1166, 0x1166, 0x1166, 0x1166, 0x1166, 0x1166, 0x1166, 0x1146, 0x1166, 0x1146, 0x1146, 0x1166, 0x1166, 0x1166,
  0x1166, 0x1187, 0x1187, 0x1187, 0x11A7, 0x11C7, 0x11E8, 0x1208, 0x11E8, 0x1269, 0x05F5, 0x0DB4, 0x0BEF, 0x0B0C, 0x09C8, 0x1166,
  0x0966, 0x0967, 0x1166, 0x0966, 0x0967, 0x1167, 0x1166, 0x0967, 0x0967, 0x0967, 0x1166, 0x1166, 0x0967, 0x0967, 0x1167, 0x0987,
  0x0B0C, 0x0C0F, 0x0DD5, 0x0615, 0x128A, 0x1208, 0x1229, 0x1208, 0x11E8, 0x11C8, 0x11C8, 0x11A7, 0x11A7, 0x11A7, 0x11A7, 0x11A7,
  0x11A7, 0x11A7, 0x09A7, 0x11A7, 0x09A7, 0x09A7, 0x11A7, 0x11A7, 0x11A7, 0x11A7, 0x11A7, 0x09A7, 0x09A7, 0x09A7, 0x11A7, 0x11A7,
  0x11A7, 0x11A7, 0x09A7, 0x11A7, 0x11A7, 0x11A7, 0x09A7, 0x09A7, 0x11A7, 0x09A7, 0x11A7, 0x11A7, 0x11A7, 0x11A7, 0x11A7, 0x11A7,
  0x11A7, 0x11A7, 0x11A7, 0x1187, 0x11A7, 0x11A7, 0x1187, 0x1187, 0x1187, 0x1187, 0x1187, 0x1187, 0x1187, 0x1187, 0x1187, 0x1187,
  0x1187, 0x1187, 0x1187, 0x1187, 0x1187, 0x1187, 0x1187, 0x1187, 0x1167, 0x1167, 0x1167, 0x1167, 0x1166, 0x1167, 0x1166, 0x1166,
  0x1166, 0x1166, 0x1166, 0x1166, 0x1166, 0x1166, 0x1166, 0x1166, 0x1166, 0x1166, 0x1166, 0x08E5, 0x2DF2, 0x1AA9, 0x1023, 0x10C4,
  0x10A4, 0x10C4, 0x0022, 0xAD96, 0xFFFF, 0xFFFF, 0xFFFF, 0xFFFF, 0x39E9, 0x0022, 0xBDD7, 0xFFFF, 0xFFFF, 0xFFFF, 0xFFFF, 0xFFFF,
  0xFFFF, 0xFFFF, 0xFFFF, 0xFFFF, 0xFFFF, 0xFFFF, 0x1905, 0x0001, 0xC618, 0xFFFF, 0xC638, 0x0043, 0x10A4, 0x0001, 0x0001, 0x0022,
  0x0863, 0x0863, 0x0022, 0x2987, 0xFFFF, 0xFFFF, 0xFFFF, 0xFFFF, 0xFFFF, 0xFFFF, 0xFFFF, 0x18C5, 0x0001, 0x0001, 0x0001, 0x0022,
  0x0863, 0x2987, 0xFFFF, 0xFFFF, 0xFFFF, 0xFFFF, 0xBDD7, 0x0022, 0x0863, 0x0022, 0x0022, 0x0022, 0x0022, 0x0022, 0x0000, 0x2126,
  0xF7BE, 0xFFFF, 0x52AC, 0x0000, 0x634E, 0xFFFF, 0xEF5D, 0x2126, 0x0042, 0x0022, 0x0000, 0x73AF, 0xFFFF, 0xEF7D, 0x0883, 0x0001,
  0x0863, 0x10A4, 0x10A4, 0x10A4, 0x10C4, 0x0024, 0x7CA7, 0x53A7, 0x00E6, 0x1166, 0x1166, 0x1146, 0x1146, 0x1166, 0x1166, 0x1146,
  0x1146, 0x1146, 0x1146, 0x1146, 0x1146, 0x1166, 0x1166, 0x1146, 0x1146, 0x1146, 0x1146, 0x1166, 0x1146, 0x1146, 0x1166, 0x1146,
  0x1146, 0x1166, 0x1166, 0x1146, 0x1166, 0x1166, 0x1146, 0x1166, 0x1166, 0x1146, 0x1146, 0x1166, 0x1146, 0x1146, 0x1146, 0x1166,
  0x1166, 0x1166, 0x1146, 0x1166, 0x1146, 0x1166, 0x1146, 0x1146, 0x1146, 0x1146, 0x1166, 0x1166, 0x1166, 0x1166, 0x1146, 0x1146,
  0x1166, 0x1166, 0x1146, 0x1166, 0x1166, 0x1166, 0x1166, 0x1146, 0x1166, 0x1146, 0x1146, 0x1146, 0x1166, 0x1166, 0x1166, 0x1166,
  0x1146, 0x1166, 0x1146, 0x1146, 0x1146, 0x1166, 0x1166, 0x1166, 0x1146, 0x1166, 0x1146, 0x1146, 0x1146, 0x1166, 0x1166, 0x1166,
  0x1166, 0x1166, 0x1166, 0x1166, 0x1166, 0x1166, 0x1166, 0x1166, 0x1166, 0x1166, 0x1166, 0x1166, 0x1166, 0x1166, 0x1166, 0x1166,
  0x1166, 0x1166, 0x1187, 0x1187, 0x11A7, 0x11A7, 0x11C7, 0x11C8, 0x1208, 0x11C8, 0x1249, 0x05B5, 0x09A7, 0x1022, 0x1043, 0x1043,
  0x1063, 0x1022, 0x1083, 0x1043, 0x1002, 0x1043, 0x1083, 0x1043, 0x1022, 0x1022, 0x1063, 0x1083, 0x1022, 0x1023, 0x1023, 0x1063,
  0x1022, 0x09C8, 0x05B5, 0x1269, 0x1208, 0x1229, 0x1208, 0x11E8, 0x11C8, 0x11C8, 0x11C7, 0x11A7, 0x11A7, 0x11A7, 0x11A7, 0x11A7,
  0x11A7, 0x11A7, 0x11A7, 0x11A7, 0x09A7, 0x11A7, 0x11A7, 0x09A7, 0x09A7, 0x11A7, 0x11A7, 0x11A7, 0x11A7, 0x11A7, 0x11A7, 0x11A7,
  0x09A7, 0x11A7, 0x09A7, 0x11A7, 0x11A7, 0x11A7, 0x09A7, 0x11A7, 0x11A7, 0x09A7, 0x09A7, 0x11A7, 0x11A7, 0x11A7, 0x11A7, 0x11A7,
  0x11A7, 0x1187, 0x11A7, 0x11A7, 0x1187, 0x1187, 0x1187, 0x0987, 0x0987, 0x1187, 0x1187, 0x1187, 0x1187, 0x1187, 0x1187, 0x1187,
  0x1187, 0x1187, 0x1187, 0x1187, 0x1187, 0x1187, 0x1187, 0x1187, 0x1167, 0x1166, 0x1167, 0x1167, 0x1166, 0x1166, 0x1166, 0x1167,
  0x1166, 0x1166, 0x1166, 0x1166, 0x1166, 0x1166, 0x1166, 0x1166, 0x1166, 0x1166, 0x1166, 0x0905, 0x2DF2, 0x1AA9, 0x1023, 0x10C4,
  0x10A4, 0x10C4, 0x0022, 0xAD76, 0xFFFF, 0xDEFB, 0x8431, 0x8431, 0x2947, 0x0863, 0xB5B7, 0xFFFF, 0xFFDF, 0xFFFF, 0xFFDF, 0x94D3,
  0x8C52, 0x8C72, 0x8431, 0xB5B7, 0xFFFF, 0xFFFF, 0x9CF4, 0x8C72, 0x94B3, 0x8431, 0x632E, 0x0883, 0x2126, 0x8C72, 0x94D3, 0x424A,
  0x0883, 0x10C4, 0x1084, 0x2126, 0x8431, 0x8411, 0xDEFB, 0xFFFF, 0xD6DB, 0x8431, 0x9493, 0x9CD4, 0x94B3, 0x94B3, 0x94B3, 0x6B6E,
  0x0863, 0x1905, 0x8C72, 0x8C72, 0x8C52, 0x8C72, 0x632D, 0x1084, 0x2126, 0x8C93, 0x94B3, 0x94B3, 0x94B3, 0x94B3, 0x9493, 0xA535,
  0xFFDF, 0xFFFF, 0xB5D7, 0x8C52, 0xBE18, 0xFFFF, 0xE73C, 0x2987, 0x0863, 0x7BF0, 0x8C93, 0x94B3, 0x8411, 0x8C92, 0x94B3, 0x94B3,
  0x39E8, 0x0863, 0x10A4, 0x10A4, 0x10C4, 0x0024, 0x7CA7, 0x53A7, 0x00E6, 0x1166, 0x1146, 0x1146, 0x1166, 0x1166, 0x1146, 0x1166,
  0x1146, 0x1146, 0x1146, 0x1146, 0x1146, 0x1146, 0x1146, 0x1146, 0x1146, 0x1146, 0x1146, 0x1146, 0x1166, 0x1146, 0x1146, 0x1146,
  0x1146, 0x1166, 0x1146, 0x1146, 0x1146, 0x1146, 0x1146, 0x1146, 0x1146, 0x1146, 0x1146, 0x1146, 0x1146, 0x1146, 0x1146, 0x1146,
  0x1146, 0x1146, 0x1146, 0x1146, 0x1146, 0x1166, 0x1166, 0x1146, 0x1146, 0x1146, 0x1146, 0x1146, 0x1146, 0x1146, 0x1146, 0x1146,
  0x1146, 0x1146, 0x1146, 0x1146, 0x1146, 0x1166, 0x1146, 0x1146, 0x1146, 0x1146, 0x1146, 0x1146, 0x1146, 0x1146, 0x1146, 0x1146,
  0x1146, 0x1146, 0x1166, 0x1146, 0x1146, 0x1146, 0x1146, 0x1146, 0x1146, 0x1146, 0x1166, 0x1146, 0x1146, 0x1146, 0x1146, 0x1166,
  0x1146, 0x1146, 0x1146, 0x1166, 0x1166, 0x1146, 0x1146, 0x1166, 0x1146, 0x1146, 0x1146, 0x1146, 0x1166, 0x1166, 0x1166, 0x1166,
  0x1166, 0x1166, 0x1166, 0x1187, 0x1187, 0x1187, 0x11A7, 0x11C7, 0x11E8, 0x11A7, 0x0BAE, 0x0A8A, 0x1022, 0x1083, 0x0A8A, 0x0A8A,
  0x10A4, 0x0BAE, 0x10C4, 0x1105, 0x0C0F, 0x0A29, 0x1043, 0x0987, 0x0BEF, 0x0BAE, 0x1105, 0x1063, 0x0A6A, 0x0C91, 0x0ACB, 0x1084,
  0x10C5, 0x1002, 0x0AAB, 0x0BAD, 0x11E8, 0x1208, 0x11E8, 0x11E8, 0x11C7, 0x11C7, 0x11A7, 0x11A7, 0x11A7, 0x11A7, 0x11A7, 0x11A7,
  0x11A7, 0x11A7, 0x11A7, 0x11A7, 0x11A7, 0x11A7, 0x11A7, 0x11A7, 0x09A7, 0x11A7, 0x11A7, 0x09A7, 0x11A7, 0x11A7, 0x11A7, 0x11A7,
  0x11A7, 0x11A7, 0x11A7, 0x11A7, 0x11A7, 0x11A7, 0x11A7, 0x11A7, 0x11A7, 0x11A7, 0x11A7, 0x11A7, 0x11A7, 0x11A7, 0x11A7, 0x11A7,
  0x1187, 0x1187, 0x1187, 0x11A7, 0x1187, 0x1187, 0x1187, 0x1187, 0x0987, 0x1187, 0x1187, 0x1187, 0x1187, 0x1187, 0x1187, 0x1187,
  0x1187, 0x1187, 0x1187, 0x1187, 0x1167, 0x1187, 0x1166, 0x1167, 0x1167, 0x1166, 0x1167, 0x1166, 0x1166, 0x1166, 0x1166, 0x1166,
  0x1166, 0x1166, 0x1166, 0x1166, 0x1166, 0x1166, 0x1166, 0x1166, 0x1166, 0x1166, 0x1166, 0x08E5, 0x2DF2, 0x1AA9, 0x1023, 0x10C4,
  0x10A4, 0x10C4, 0x0022, 0xAD76, 0xFFFF, 0xB5D7, 0x0001, 0x0002, 0x0043, 0x0001, 0xAD96, 0xFFFF, 0xFFDF, 0xFFFF, 0xF7BE, 0x0883,
  0x0000, 0x0001, 0x0000, 0x4A8B, 0xFFFF, 0xFFFF, 0xFFFF, 0xFFFF, 0x632E, 0x0000, 0x0042, 0x0002, 0x2126, 0xFFDF, 0xFFFF, 0x73AF,
  0x0022, 0x10C4, 0x10A4, 0x0884, 0x0022, 0x0000, 0xB5B7, 0xFFFF, 0xA555, 0x0000, 0x10C4, 0xFFFF, 0xFFFF, 0xFFFF, 0xFFFF, 0xCE59,
  0x0863, 0x1084, 0x0000, 0x0000, 0x0000, 0x0000, 0x0001, 0x0022, 0x2126, 0xFFFF, 0xFFFF, 0xFFFF, 0xFFFF, 0xFFFF, 0xFFFF, 0xFFFF,
  0xFFFF, 0xFFFF, 0xFFFF, 0xFFFF, 0xFFFF, 0xFFFF, 0xEF7E, 0x2126, 0x0000, 0xDEDB, 0xFFFF, 0xAD76, 0x0000, 0x2987, 0xFFFF, 0xFFFF,
  0x5B0D, 0x0022, 0x10C4, 0x10A4, 0x10C4, 0x0024, 0x7CA7, 0x5BA7, 0x00E6, 0x1166, 0x1146, 0x1146, 0x1146, 0x1146, 0x1146, 0x1146,
  0x1146, 0x1146, 0x1146, 0x1146, 0x1146, 0x1146, 0x1146, 0x1146, 0x1146, 0x1146, 0x1146, 0x1146, 0x1146, 0x1146, 0x1146, 0x1146,
  0x1146, 0x1146, 0x1146, 0x1146, 0x1146, 0x1146, 0x1146, 0x1146, 0x1146, 0x1146, 0x1146, 0x1146, 0x1146, 0x1146, 0x1146, 0x1146,
  0x1146, 0x1146, 0x1146, 0x1146, 0x1146, 0x1146, 0x1146, 0x1146, 0x1146, 0x1146, 0x1146, 0x1146, 0x1146, 0x1146, 0x1146, 0x1146,
  0x1146, 0x1146, 0x1146, 0x1146, 0x1146, 0x1146, 0x1146, 0x1146, 0x1146, 0x1146, 0x1146, 0x1146, 0x1146, 0x1146, 0x1146, 0x1146,
  0x1146, 0x1146, 0x1146, 0x1146, 0x1146, 0x1146, 0x1146, 0x1146, 0x1146, 0x1146, 0x1146, 0x1146, 0x1146, 0x1146, 0x1146, 0x1146,
  0x1146, 0x1146, 0x1146, 0x1146, 0x1146, 0x1146, 0x1146, 0x1146, 0x1146, 0x1146, 0x1146, 0x1146, 0x1146, 0x1166, 0x1146, 0x1166,
  0x1166, 0x1166, 0x1166, 0x1187, 0x1187, 0x1187, 0x1187, 0x11A7, 0x11C7, 0x11A7, 0x0C2F, 0x1126, 0x10A4, 0x1043, 0x0A49, 0x04F2,
  0x0A09, 0x0553, 0x1043, 0x1167, 0x0574, 0x0B6D, 0x1001, 0x0B0C, 0x04F2, 0x0533, 0x09C8, 0x1043, 0x0A8A, 0x0BAE, 0x0553, 0x10C4,
  0x10A4, 0x1083, 0x0966, 0x0C50, 0x11C7, 0x11E8, 0x11E8, 0x11C7, 0x11C7, 0x11A7, 0x11A7, 0x11A7, 0x1187, 0x11A7, 0x11A7, 0x1187,
  0x11A7, 0x11A7, 0x09A7, 0x1187, 0x09A7, 0x09A7, 0x11A7, 0x11A7, 0x11A7, 0x11A7, 0x11A7, 0x11A7, 0x11A7, 0x11A7, 0x11A7, 0x11A7,
  0x11A7, 0x11A7, 0x11A7, 0x11A7, 0x11A7, 0x11A7, 0x11A7, 0x11A7, 0x09A7, 0x11A7, 0x11A7, 0x11A7, 0x11A7, 0x11A7, 0x11A7, 0x0987,
  0x11A7, 0x1187, 0x1187, 0x1187, 0x1187, 0x1187, 0x1187, 0x1187, 0x1187, 0x1187, 0x1187, 0x1187, 0x1187, 0x1187, 0x1187, 0x1187,
  0x1187, 0x1187, 0x1187, 0x1187, 0x1167, 0x1167, 0x1167, 0x1167, 0x1167, 0x1166, 0x1166, 0x1167, 0x1167, 0x1166, 0x1166, 0x1166,
  0x1166, 0x1166, 0x1166, 0x1166, 0x1166, 0x1166, 0x1166, 0x1166, 0x1166, 0x1146, 0x1166, 0x08E5, 0x2DF2, 0x1AA9, 0x1023, 0x10C4,
  0x10A4, 0x10C4, 0x0022, 0xAD76, 0xFFFF, 0xBDF8, 0x0884, 0x1905, 0x52AB, 0x4A8B, 0xC639, 0xFFFF, 0xFFFF, 0xFFFF, 0xFFDF, 0x6B6E,
  0x52CC, 0x5AED, 0x4A8B, 0x9493, 0xFFFF, 0xFFFF, 0xD6BB, 0xD69A, 0x5AED, 0x0843, 0x3188, 0x52CC, 0x632E, 0xEF5D, 0xFFDF, 0x6B6E,
  0x0042, 0x10C4, 0x10A4, 0x10A4, 0x18E5, 0x0843, 0xBDF8, 0xFFFF, 0xCE59, 0x4A8B, 0x6B4E, 0xCE59, 0xD69A, 0xCE7A, 0xD6BB, 0x94D3,
  0x0863, 0x18E5, 0x5ACC, 0x5AEC, 0x5ACC, 0x5ACC, 0x5ACC, 0x528B, 0x634E, 0xF7BE, 0xFFDF, 0xFFDF, 0xFFDF, 0xEF7D, 0xCE7A, 0xDEDB,
  0xFFFF, 0xFFFF, 0xDF1C, 0xCE9A, 0xD6BA, 0xD6BB, 0xCE7A, 0x632D, 0x4A6B, 0xBDD7, 0xD6BB, 0x8C72, 0x0042, 0x31C8, 0xCE59, 0xD6BB,
  0x4A6B, 0x0043, 0x10A4, 0x10A4, 0x10C4, 0x0024, 0x7C87, 0x5BA7, 0x00E6, 0x1166, 0x1146, 0x1146, 0x1146, 0x1146, 0x1146, 0x1146,
  0x1146, 0x1146, 0x1146, 0x1146, 0x1146, 0x1146, 0x1146, 0x1146, 0x1146, 0x1146, 0x1146, 0x1146, 0x1146, 0x1146, 0x1146, 0x1146,
  0x1146, 0x1146, 0x1146, 0x1146, 0x1146, 0x1146, 0x1146, 0x1146, 0x1146, 0x1146, 0x1146, 0x1146, 0x1146, 0x1146, 0x1146, 0x1146,
  0x1146, 0x1146, 0x1146, 0x1146, 0x1146, 0x1146, 0x1146, 0x1146, 0x1146, 0x1146, 0x1146, 0x1146, 0x1146, 0x1146, 0x1146, 0x1146,
  0x1146, 0x1146, 0x1146, 0x1146, 0x1146, 0x1146, 0x1146, 0x1146, 0x1146, 0x1146, 0x1146, 0x1146, 0x1146, 0x1146, 0x1146, 0x1146,
  0x1146, 0x1146, 0x1146, 0x1146, 0x1146, 0x1146, 0x1146, 0x1146, 0x1146, 0x1146, 0x1146, 0x1146, 0x1146, 0x1146, 0x1146, 0x1146,
  0x1146, 0x1146, 0x1146, 0x1146, 0x1146, 0x1166, 0x1166, 0x1146, 0x1146, 0x1146, 0x1146, 0x1166, 0x1146, 0x1166, 0x1146, 0x1166,
  0x1166, 0x1166, 0x1166, 0x1166, 0x1166, 0x1187, 0x1187, 0x11A7, 0x11A7, 0x11A7, 0x0C50, 0x10E5, 0x10A4, 0x10A4, 0x10A4, 0x0491,
  0x0533, 0x0AEB, 0x1043, 0x1022, 0x0B6D, 0x0B6D, 0x1001, 0x0ACB, 0x0471, 0x04D1, 0x09E8, 0x1043, 0x1063, 0x0ACB, 0x04F2, 0x10C5,
  0x1084, 0x10A4, 0x10E5, 0x0C50, 0x11C7, 0x11E8, 0x11C7, 0x11C7, 0x11A7, 0x11A7, 0x11A7, 0x11A7, 0x11A7, 0x1187, 0x11A7, 0x1187,
  0x11A7, 0x1187, 0x0987, 0x1187, 0x09A7, 0x11A7, 0x1187, 0x11A7, 0x11A7, 0x11A7, 0x11A7, 0x1187, 0x11A7, 0x09A7, 0x11A7, 0x11A7,
  0x11A7, 0x11A7, 0x11A7, 0x11A7, 0x11A7, 0x11A7, 0x11A7, 0x11A7, 0x11A7, 0x11A7, 0x11A7, 0x09A7, 0x1187, 0x09A7, 0x1187, 0x0987,
  0x1187, 0x1187, 0x1187, 0x1187, 0x1187, 0x1187, 0x1187, 0x1187, 0x1187, 0x1187, 0x1187, 0x1187, 0x1187, 0x1187, 0x1187, 0x1187,
  0x1167, 0x1187, 0x1187, 0x1167, 0x1167, 0x1166, 0x1167, 0x1166, 0x1166, 0x1166, 0x1166, 0x1166, 0x1166, 0x1166, 0x1166, 0x1166,
  0x1166, 0x1166, 0x1166, 0x1166, 0x1166, 0x1166, 0x1166, 0x1146, 0x1166, 0x1146, 0x1166, 0x08E5, 0x2DF2, 0x1AA9, 0x1023, 0x10C4,
  0x10A4, 0x10C4, 0x0022, 0xAD76, 0xFFFF, 0xBDF8, 0x0043, 0x2126, 0xEF5D, 0xFFFF, 0xFFFF, 0xFFFF, 0xFFFF, 0xFFFF, 0xFFFF, 0xFFFF,
  0xFFFF, 0xFFFF, 0xFFFF, 0xFFFF, 0xFFFF, 0xFFFF, 0x3188, 0x10A4, 0x18E5, 0x0002, 0x6B4E, 0xFFFF, 0xFFFF, 0xFFFF, 0xFFFF, 0x6B6F,
  0x0042, 0x10C4, 0x10A4, 0x10A4, 0x10C4, 0x0022, 0xBDF8, 0xFFFF, 0xFFFF, 0xFFFF, 0xEF7E, 0x31A8, 0x10A4, 0x18E5, 0x18E5, 0x18C5,
  0x0863, 0x2967, 0xFFFF, 0xFFFF, 0xFFFF, 0xFFFF, 0xFFFF, 0xFFFF, 0xFFFF, 0xFFFF, 0xFFFF, 0xFFDF, 0xFFFF, 0xAD76, 0x0042, 0x3A09,
  0xF79E, 0xFFFF, 0x632D, 0x0883, 0x1905, 0x10A4, 0x39C8, 0xF79E, 0xFFFF, 0x634E, 0x0884, 0x18E5, 0x10A4, 0x10A4, 0x18C5, 0x18E5,
  0x10A4, 0x10A4, 0x10A4, 0x10A4, 0x10C4, 0x0024, 0x8486, 0x5BA7, 0x00E6, 0x1166, 0x1146, 0x1146, 0x1146, 0x1146, 0x1146, 0x1146,
  0x1146, 0x1146, 0x1146, 0x1146, 0x1146, 0x1146, 0x1146, 0x1146, 0x1146, 0x1146, 0x1146, 0x1146, 0x1146, 0x1146, 0x1146, 0x1146,
  0x1146, 0x1146, 0x1146, 0x1146, 0x1146, 0x1146, 0x1146, 0x1146, 0x1146, 0x1146, 0x1146, 0x1146, 0x1146, 0x1146, 0x1146, 0x1146,
  0x1146, 0x1146, 0x1146, 0x1146, 0x1146, 0x1146, 0x1146, 0x1146, 0x1146, 0x1146, 0x1146, 0x1146, 0x1146, 0x1146, 0x1146, 0x1146,
  0x1146, 0x1146, 0x1146, 0x1146, 0x1146, 0x1146, 0x1146, 0x1146, 0x1146, 0x1146, 0x1146, 0x1146, 0x1146, 0x1146, 0x1146, 0x1146,
  0x1146, 0x1146, 0x1146, 0x1146, 0x1146, 0x1146, 0x1146, 0x1146, 0x1146, 0x1146, 0x1146, 0x1146, 0x1146, 0x1146, 0x1146, 0x1146,
  0x1146, 0x1146, 0x1146, 0x1146, 0x1146, 0x1146, 0x1146, 0x1146, 0x1146, 0x1146, 0x1146, 0x1146, 0x1146, 0x1146, 0x1166, 0x1146,
  0x1146, 0x1166, 0x1166, 0x1166, 0x1166, 0x1166, 0x1187, 0x1187, 0x11A7, 0x1166, 0x0C0F, 0x1146, 0x1083, 0x10C4, 0x1022, 0x0B8E,
  0x06D8, 0x1105, 0x10A4, 0x1023, 0x0BAE, 0x0B8E, 0x0AAA, 0x0BAE, 0x04B1, 0x04B1, 0x0B6D, 0x0ACB, 0x0B8E, 0x0C91, 0x0533, 0x1105,
  0x1084, 0x1084, 0x1146, 0x0C0F, 0x1187, 0x11C7, 0x11C7, 0x11A7, 0x11A7, 0x11A7, 0x11A7, 0x11A7, 0x11A7, 0x1187, 0x1187, 0x1187,
  0x1187, 0x11A7, 0x1187, 0x1187, 0x1187, 0x11A7, 0x11A7, 0x11A7, 0x0987, 0x11A7, 0x11A7, 0x09A7, 0x11A7, 0x11A7, 0x11A7, 0x11A7,
  0x11A7, 0x11A7, 0x09A7, 0x11A7, 0x11A7, 0x11A7, 0x11A7, 0x11A7, 0x11A7, 0x11A7, 0x11A7, 0x1187, 0x1187, 0x0987, 0x1187, 0x1187,
  0x1187, 0x1187, 0x1187, 0x1187, 0x1187, 0x1187, 0x1187, 0x1187, 0x1187, 0x1187, 0x1187, 0x1187, 0x1187, 0x0987, 0x1187, 0x1187,
  0x0967, 0x1187, 0x1187, 0x1167, 0x1167, 0x1166, 0x1166, 0x1166, 0x1166, 0x1166, 0x1166, 0x1166, 0x1166, 0x1166, 0x1166, 0x1166,
  0x1166, 0x1166, 0x1166, 0x1166, 0x1166, 0x1166, 0x1166, 0x1166, 0x1166, 0x1146, 0x1166, 0x08E5, 0x35F1, 0x1AA9, 0x0823, 0x10C4,
  0x10A4, 0x10C4, 0x0022, 0xAD76, 0xFFFF, 0xBDF8, 0x0042, 0x2126, 0xEF5D, 0xFFFF, 0xFFFF, 0xFFFF, 0xFFFF, 0xFFFF, 0xFFFF, 0xFFFF,
  0xFFFF, 0xFFFF, 0xFFFF, 0xFFFF, 0xFFFF, 0xFFFF, 0x2146, 0x0843, 0x10A4, 0x0002, 0x6B4E, 0xFFFF, 0xFFFF, 0xFFFF, 0xFFFF, 0x6B8F,
  0x0042, 0x10C4, 0x10A4, 0x10A4, 0x10C4, 0x0022, 0xBDF8, 0xFFFF, 0xFFFF, 0xFFFF, 0xEF7E, 0x2967, 0x0863, 0x10A4, 0x1084, 0x10A4,
  0x0863, 0x2967, 0xFFFF, 0xFFFF, 0xFFFF, 0xFFFF, 0xFFFF, 0xFFFF, 0xFFFF, 0xFFFF, 0xFFFF, 0xFFFF, 0xFFFF, 0xAD55, 0x0001, 0x31C8,
  0xF79E, 0xFFFF, 0x5AED, 0x0022, 0x10A4, 0x0863, 0x31A8, 0xF79E, 0xFFFF, 0x630D, 0x0022, 0x10A4, 0x1084, 0x1084, 0x0883, 0x0883,
  0x10A4, 0x10A4, 0x10A4, 0x10A4, 0x10C4, 0x0024, 0x8486, 0x5BA7, 0x00E6, 0x1166, 0x1146, 0x1146, 0x1146, 0x1146, 0x1146, 0x1146,
  0x1146, 0x1146, 0x1146, 0x1146, 0x1146, 0x1146, 0x1146, 0x1146, 0x1146, 0x1146, 0x1146, 0x1146, 0x1146, 0x1146, 0x1146, 0x1146,
  0x1146, 0x1146, 0x1146, 0x1146, 0x1146, 0x1146, 0x1146, 0x1146, 0x1146, 0x1146, 0x1146, 0x1146, 0x1146, 0x1146, 0x1146, 0x1146,
  0x1146, 0x1146, 0x1146, 0x1146, 0x1146, 0x1146, 0x1146, 0x1146, 0x1146, 0x1146, 0x1146, 0x1146, 0x1146, 0x1146, 0x1146, 0x1146,
  0x1146, 0x1146, 0x1146, 0x1146, 0x1146, 0x1146, 0x1146, 0x1146, 0x1146, 0x1146, 0x1146, 0x1146, 0x1146, 0x1146, 0x1146, 0x1146,
  0x1146, 0x1146, 0x1146, 0x1146, 0x1146, 0x1146, 0x1146, 0x1146, 0x1146, 0x1146, 0x1146, 0x1146, 0x1146, 0x1146, 0x1146, 0x1146,
  0x1146, 0x1146, 0x1146, 0x1146, 0x1146, 0x1146, 0x1146, 0x1146, 0x1146, 0x1146, 0x1146, 0x1166, 0x1146, 0x1166, 0x1146, 0x1146,
  0x1166, 0x1166, 0x1166, 0x1166, 0x1166, 0x1166, 0x1166, 0x1186, 0x1187, 0x1146, 0x0B2C, 0x0B0C, 0x1002, 0x10C4, 0x10A4, 0x10E5,
  0x1166, 0x10A4, 0x10A4, 0x10A4, 0x1105, 0x1105, 0x1187, 0x10A4, 0x0A09, 0x09C8, 0x10C5, 0x1187, 0x10E5, 0x0A49, 0x1125, 0x1084,
  0x10C4, 0x1002, 0x0B2C, 0x0B4C, 0x1166, 0x11C7, 0x11A7, 0x11A7, 0x11A7, 0x11A7, 0x11A7, 0x11A7, 0x1187, 0x1187, 0x1187, 0x1187,
  0x1187, 0x1187, 0x1187, 0x1187, 0x1187, 0x1187, 0x1187, 0x11A7, 0x11A7, 0x11A7, 0x1187, 0x11A7, 0x11A7, 0x09A7, 0x11A7, 0x1187,
  0x1187, 0x11A7, 0x1187, 0x11A7, 0x11A7, 0x09A7, 0x1187, 0x11A7, 0x11A7, 0x1187, 0x1187, 0x1187, 0x1187, 0x1187, 0x1187, 0x1187,
  0x1187, 0x1187, 0x1187, 0x1187, 0x1187, 0x1187, 0x1187, 0x1187, 0x0987, 0x1187, 0x1187, 0x1187, 0x1187, 0x1187, 0x1187, 0x1167,
  0x1167, 0x1167, 0x1167, 0x1167, 0x1166, 0x1166, 0x1166, 0x1166, 0x1167, 0x1166, 0x1166, 0x1166, 0x1166, 0x1166, 0x1166, 0x1166,
  0x1166, 0x1166, 0x1146, 0x1166, 0x1166, 0x1146, 0x1166, 0x1166, 0x1146, 0x1146, 0x1166, 0x08E5, 0x35F1, 0x1AA9, 0x0823, 0x10C4,
  0x10A4, 0x10C4, 0x0022, 0xAD76, 0xFFFF, 0xEF9E, 0xDEFB, 0xD6BB, 0x5ACC, 0x39E9, 0x424A, 0x31C8, 0x8C52, 0xFFFF, 0xFFFF, 0xFFFF,
  0xFFFF, 0x8C92, 0x2987, 0x8452, 0xFFFF, 0xFFDF, 0xE71C, 0xDEFB, 0xDEFB, 0xDEFC, 0xB596, 0x39E9, 0x422A, 0x422A, 0x422A, 0x2146,
  0x0884, 0x10A4, 0x10A4, 0x10A4, 0x10C4, 0x0022, 0xBDF8, 0xFFFF, 0xBDF8, 0x39E9, 0x4209, 0x18E5, 0x10A4, 0x10C4, 0x10C4, 0x10A4,
  0x10A4, 0x10C5, 0x3A09, 0x3A09, 0x422A, 0x31A8, 0x8C72, 0xFFFF, 0xF79E, 0x4A6B, 0x39E9, 0x4209, 0x4229, 0x3187, 0x0863, 0x31C8,
  0xF7BE, 0xFFFF, 0xE73C, 0xDEFB, 0x9CD4, 0x0022, 0x18E5, 0x3A09, 0x31C8, 0xBDF8, 0xDEFB, 0xDEFB, 0xDEFB, 0xDEFC, 0xDEFC, 0xE71C,
  0x528B, 0x0042, 0x10C4, 0x10A4, 0x10C4, 0x0024, 0x8486, 0x5BA7, 0x00C6, 0x1166, 0x1146, 0x1146, 0x1146, 0x1146, 0x1146, 0x1146,
  0x1146, 0x1146, 0x1146, 0x1146, 0x1146, 0x1146, 0x1146, 0x1146, 0x1146, 0x1146, 0x1146, 0x1146, 0x1146, 0x1146, 0x1146, 0x1146,
  0x1146, 0x1146, 0x1146, 0x1146, 0x1146, 0x1146, 0x1146, 0x1146, 0x1146, 0x1146, 0x1146, 0x1146, 0x1146, 0x1146, 0x1146, 0x1146,
  0x1146, 0x1146, 0x1146, 0x1146, 0x1146, 0x1146, 0x1146, 0x1146, 0x1146, 0x1146, 0x1146, 0x1146, 0x1146, 0x1146, 0x1146, 0x1146,
  0x1146, 0x1146, 0x1146, 0x1146, 0x1146, 0x1146, 0x1146, 0x1146, 0x1146, 0x1146, 0x1146, 0x1146, 0x1146, 0x1146, 0x1146, 0x1146,
  0x1146, 0x1146, 0x1146, 0x1146, 0x1146, 0x1146, 0x1146, 0x1146, 0x1146, 0x1146, 0x1146, 0x1146, 0x1146, 0x1146, 0x1146, 0x1146,
  0x1146, 0x1146, 0x1146, 0x1146, 0x1146, 0x1146, 0x1146, 0x1146, 0x1146, 0x1146, 0x1146, 0x1146, 0x1146, 0x1166, 0x1146, 0x1146,
  0x1146, 0x1166, 0x1166, 0x1166, 0x1166, 0x1166, 0x1166, 0x1166, 0x1186, 0x1187, 0x1186, 0x0C50, 0x0A29, 0x1022, 0x1063, 0x1043,
  0x1022, 0x1063, 0x1063, 0x1063, 0x1043, 0x1043, 0x1022, 0x1063, 0x1022, 0x1022, 0x1043, 0x1022, 0x1043, 0x1002, 0x1043, 0x1063,
  0x1022, 0x0A49, 0x0C50, 0x11A7, 0x11A7, 0x11A7, 0x11A7, 0x11A7, 0x11A7, 0x1187, 0x1187, 0x1187, 0x1187, 0x1187, 0x1187, 0x1187,
  0x1187, 0x1187, 0x1187, 0x1187, 0x1187, 0x1187, 0x1187, 0x1187, 0x1187, 0x1187, 0x1187, 0x1187, 0x1187, 0x1187, 0x11A7, 0x1187,
  0x1187, 0x11A7, 0x11A7, 0x11A7, 0x11A7, 0x11A7, 0x1187, 0x1187, 0x1187, 0x1187, 0x1187, 0x1187, 0x1187, 0x1187, 0x1187, 0x1187,
  0x1187, 0x1187, 0x0987, 0x1187, 0x1187, 0x1187, 0x1187, 0x1187, 0x1187, 0x1187, 0x1187, 0x1187, 0x1187, 0x1187, 0x1187, 0x1166,
  0x1167, 0x1167, 0x1166, 0x1166, 0x1167, 0x1166, 0x1166, 0x1166, 0x1166, 0x1166, 0x1166, 0x1166, 0x1166, 0x1166, 0x1166, 0x1166,
  0x1166, 0x1166, 0x1166, 0x1146, 0x1166, 0x1146, 0x1166, 0x1146, 0x1146, 0x1146, 0x1166, 0x08E5, 0x35F1, 0x1AA9, 0x0823, 0x10C4,
  0x10A4, 0x10C4, 0x0002, 0xBDD7, 0xFFFF, 0xFFFF, 0xFFFF, 0xFFFF, 0x3187, 0x0022, 0x0043, 0x0000, 0x5AED, 0xFFFF, 0xFFFF, 0xFFFF,
  0xFFFF, 0x6B4E, 0x0000, 0x5B0D, 0xFFFF, 0xFFFF, 0xFFFF, 0xFFFF, 0xFFFF, 0xFFFF, 0xB597, 0x0000, 0x0002, 0x0001, 0x0001, 0x0863,
  0x10A4, 0x10A4, 0x10A4, 0x10A4, 0x10C4, 0x0022, 0xBDF8, 0xFFFF, 0xAD55, 0x0000, 0x0002, 0x0042, 0x0043, 0x0042, 0x0043, 0x0863,
  0x10A4, 0x10A4, 0x0863, 0x0863, 0x0883, 0x0001, 0x738F, 0xFFFF, 0xFFFF, 0x18C5, 0x0042, 0x0863, 0x0863, 0x0884, 0x0863, 0x31C8,
  0xF7BE, 0xFFFF, 0xFFFF, 0xFFFF, 0xBDF8, 0x0002, 0x10C4, 0x0863, 0x0001, 0xDEDB, 0xFFFF, 0xFFFF, 0xFFFF, 0xFFFF, 0xFFFF, 0xFFFF,
  0x5AEC, 0x0022, 0x10C4, 0x10A4, 0x10C4, 0x0024, 0x8486, 0x5BA7, 0x00C6, 0x1166, 0x1146, 0x1146, 0x1146, 0x1146, 0x1146, 0x1146,
  0x1146, 0x1146, 0x1146, 0x1146, 0x1146, 0x1146, 0x1146, 0x1146, 0x1146, 0x1146, 0x1146, 0x1146, 0x1146, 0x1146, 0x1146, 0x1146,
  0x1146, 0x1146, 0x1146, 0x1146, 0x1146, 0x1146, 0x1146, 0x1146, 0x1146, 0x1146, 0x1146, 0x1146, 0x1146, 0x1146, 0x1146, 0x1146,
  0x1146, 0x1146, 0x1146, 0x1146, 0x1146, 0x1146, 0x1146, 0x1146, 0x1146, 0x1146, 0x1146, 0x1146, 0x1146, 0x1146, 0x1146, 0x1146,
  0x1146, 0x1146, 0x1146, 0x1146, 0x1146, 0x1146, 0x1146, 0x1146, 0x1146, 0x1146, 0x1146, 0x1146, 0x1146, 0x1146, 0x1146, 0x1146,
  0x1146, 0x1146, 0x1146, 0x1146, 0x1146, 0x1146, 0x1146, 0x1146, 0x1146, 0x1146, 0x1146, 0x1146, 0x1146, 0x1146, 0x1146, 0x1146,
  0x1146, 0x1146, 0x1146, 0x1146, 0x1146, 0x1146, 0x1146, 0x1146, 0x1146, 0x1146, 0x1146, 0x1146, 0x1146, 0x1146, 0x1146, 0x1146,
  0x1146, 0x1146, 0x1166, 0x1166, 0x1166, 0x1166, 0x1166, 0x1166, 0x1166, 0x1186, 0x1166, 0x11C7, 0x0C30, 0x0B6D, 0x0A08, 0x09E8,
  0x09E8, 0x09C8, 0x09C8, 0x09C8, 0x09E8, 0x09E8, 0x09E8, 0x09C8, 0x09E8, 0x09E8, 0x09E8, 0x09E8, 0x09E8, 0x09E8, 0x09E8, 0x0A29,
  0x0B6D, 0x0C2F, 0x11E8, 0x1186, 0x11A7, 0x1187, 0x1187, 0x1187, 0x1187, 0x1187, 0x1187, 0x1187, 0x1187, 0x1187, 0x1187, 0x1187,
  0x1187, 0x1187, 0x1187, 0x1187, 0x1187, 0x1187, 0x1187, 0x1187, 0x0987, 0x1187, 0x1187, 0x1187, 0x1187, 0x11A7, 0x1187, 0x1187,
  0x1187, 0x0987, 0x11A7, 0x1187, 0x1187, 0x1187, 0x1187, 0x1187, 0x1187, 0x1187, 0x1187, 0x1187, 0x1187, 0x1187, 0x1187, 0x1187,
  0x1187, 0x1187, 0x1187, 0x1187, 0x1187, 0x1187, 0x1187, 0x1187, 0x1187, 0x1187, 0x1167, 0x1187, 0x1167, 0x1167, 0x1167, 0x1167,
  0x1166, 0x1167, 0x1167, 0x1166, 0x1166, 0x1166, 0x1166, 0x1166, 0x1166, 0x1166, 0x1166, 0x1166, 0x1166, 0x1166, 0x1166, 0x1166,
  0x1166, 0x1166, 0x1146, 0x1146, 0x1146, 0x1146, 0x1146, 0x1146, 0x1146, 0x1146, 0x1166, 0x08E5, 0x35D1, 0x1A89, 0x0823, 0x10C4,
  0x10A4, 0x10A4, 0x0843, 0x6B6E, 0x9CF4, 0x94B3, 0x94B3, 0x8C72, 0x2947, 0x1084, 0x6B6E, 0x8C52, 0xB5B7, 0xFFFF, 0xFFFF, 0xFFFF,
  0xFFFF, 0xBDF8, 0x8410, 0x94D3, 0x9CD4, 0x94D3, 0x94B3, 0x8C93, 0xDEDB, 0xFFFF, 0xDEDB, 0x8452, 0x8C92, 0x8C72, 0x8C72, 0x4209,
  0x0863, 0x10A4, 0x10A4, 0x10A4, 0x10C5, 0x0042, 0xBDF8, 0xFFFF, 0xD6DB, 0x8451, 0x8C72, 0x8C52, 0x8C52, 0x8C52, 0x8C72, 0x6B4E,
  0x10A4, 0x10C4, 0x10A4, 0x10A4, 0x18C5, 0x0883, 0x4A6A, 0x9CF4, 0x8C92, 0x1905, 0x10A4, 0x10C5, 0x10C4, 0x18C5, 0x0883, 0x31C8,
  0xF7BE, 0xFFFF, 0xB5D7, 0x94D3, 0x6B6E, 0x0843, 0x10A4, 0x10C4, 0x0883, 0x73D0, 0x94D3, 0x94B3, 0x8C92, 0xA535, 0xF7BE, 0xFFFF,
  0x5ACC, 0x0022, 0x10C4, 0x10A4, 0x10C4, 0x0024, 0x8486, 0x5BA7, 0x00C6, 0x1166, 0x1146, 0x1146, 0x1146, 0x1146, 0x1146, 0x1146,
  0x1146, 0x1146, 0x1146, 0x1146, 0x1146, 0x1146, 0x1146, 0x1146, 0x1146, 0x1146, 0x1146, 0x1146, 0x1146, 0x1146, 0x1146, 0x1146,
  0x1146, 0x1146, 0x1146, 0x1146, 0x1146, 0x1146, 0x1146, 0x1146, 0x1146, 0x1146, 0x1146, 0x1146, 0x1146, 0x1146, 0x1146, 0x1146,
  0x1146, 0x1146, 0x1146, 0x1146, 0x1146, 0x1146, 0x1146, 0x1146, 0x1146, 0x1146, 0x1146, 0x1146, 0x1146, 0x1146, 0x1146, 0x1146,
  0x1146, 0x1146, 0x1146, 0x1146, 0x1146, 0x1146, 0x1146, 0x1146, 0x1146, 0x1146, 0x1146, 0x1146, 0x1146, 0x1146, 0x1146, 0x1146,
  0x1146, 0x1146, 0x1146, 0x1146, 0x1146, 0x1146, 0x1146, 0x1146, 0x1146, 0x1146, 0x1146, 0x1146, 0x1146, 0x1146, 0x1146, 0x1146,
  0x1146, 0x1146, 0x1146, 0x1146, 0x1146, 0x1146, 0x1146, 0x1146, 0x1146, 0x1146, 0x1146, 0x1146, 0x1146, 0x1146, 0x1146, 0x1146,
  0x1146, 0x1166, 0x1166, 0x1146, 0x1166, 0x1166, 0x1166, 0x1166, 0x1166, 0x1166, 0x1186, 0x1166, 0x1166, 0x12CA, 0x0B8D, 0x0BAE,
  0x0BAE, 0x0BAE, 0x0BCE, 0x0BCE, 0x0BCE, 0x0BCE, 0x0BCE, 0x0BCE, 0x0BCE, 0x0BCE, 0x0BCE, 0x0BCE, 0x0BCE, 0x0BCE, 0x0BCE, 0x0BCE,
  0x12EB, 0x1166, 0x1186, 0x11A7, 0x1187, 0x1187, 0x1187, 0x1187, 0x1187, 0x1187, 0x1187, 0x1187, 0x1187, 0x1187, 0x1187, 0x1187,
  0x1187, 0x1187, 0x1187, 0x1187, 0x1187, 0x1187, 0x1187, 0x1187, 0x1187, 0x1187, 0x1187, 0x1187, 0x1187, 0x1187, 0x1187, 0x1187,
  0x1187, 0x1187, 0x1187, 0x1187, 0x1187, 0x1187, 0x1187, 0x1187, 0x1187, 0x1187, 0x1187, 0x1187, 0x1187, 0x1187, 0x1187, 0x1187,
  0x1187, 0x1187, 0x1187, 0x1187, 0x1187, 0x1187, 0x1187, 0x1187, 0x1187, 0x1187, 0x1187, 0x1167, 0x1167, 0x1167, 0x1167, 0x1167,
  0x1166, 0x1166, 0x1167, 0x1166, 0x1166, 0x1166, 0x1166, 0x1166, 0x1166, 0x1166, 0x1166, 0x1166, 0x1166, 0x1166, 0x1166, 0x1166,
  0x1166, 0x1146, 0x1146, 0x1146, 0x1146, 0x1146, 0x1146, 0x1146, 0x1146, 0x1146, 0x1166, 0x08E5, 0x35D1, 0x2289, 0x0823, 0x10C4,
  0x10A4, 0x10A4, 0x10A4, 0x0022, 0x0001, 0x0001, 0x0022, 0x0022, 0x0863, 0x0002, 0xBDD7, 0xFFFF, 0xFFFF, 0xFFFF, 0xFFFF, 0xFFFF,
  0xFFFF, 0xFFFF, 0xFFFF, 0xC618, 0x0000, 0x0001, 0x0022, 0x0001, 0xB597, 0xFFFF, 0xFFFF, 0xFFFF, 0xFFFF, 0xFFFF, 0xFFFF, 0x73D0,
  0x0022, 0x10C4, 0x10A4, 0x10A4, 0x0863, 0x0001, 0xC618, 0xFFFF, 0xFFFF, 0xFFFF, 0xFFFF, 0xFFFF, 0xFFFF, 0xFFFF, 0xFFFF, 0xBDF8,
  0x0002, 0x0863, 0x10A4, 0x10A4, 0x0863, 0x0843, 0x0042, 0x0022, 0x0022, 0x0843, 0x0843, 0x0843, 0x0843, 0x0863, 0x0022, 0x2967,
  0xF79E, 0xFFFF, 0x4A8B, 0x0000, 0x0042, 0x10A4, 0x10A4, 0x10A4, 0x10A4, 0x0043, 0x0022, 0x0042, 0x0001, 0x2967, 0xF7BE, 0xFFFF,
  0x5ACC, 0x0022, 0x10C4, 0x10A4, 0x10C4, 0x0024, 0x8486, 0x5BA7, 0x00C6, 0x1166, 0x1146, 0x1146, 0x1146, 0x1146, 0x1146, 0x1146,
  0x1146, 0x1146, 0x1146, 0x1146, 0x1146, 0x1146, 0x1146, 0x1146, 0x1146, 0x1146, 0x1146, 0x1146, 0x1146, 0x1146, 0x1146, 0x1146,
  0x1146, 0x1146, 0x1146, 0x1146, 0x1146, 0x1146, 0x1146, 0x1146, 0x1146, 0x1146, 0x1146, 0x1146, 0x1146, 0x1146, 0x1146, 0x1146,
  0x1146, 0x1146, 0x1146, 0x1146, 0x1146, 0x1146, 0x1146, 0x1146, 0x1146, 0x1146, 0x1146, 0x1146, 0x1146, 0x1146, 0x1146, 0x1146,
  0x1146, 0x1146, 0x1146, 0x1146, 0x1146, 0x1146, 0x1146, 0x1146, 0x1146, 0x1146, 0x1146, 0x1146, 0x1146, 0x1146, 0x1146, 0x1146,
  0x1146, 0x1146, 0x1146, 0x1146, 0x1146, 0x1146, 0x1146, 0x1146, 0x1146, 0x1146, 0x1146, 0x1146, 0x1146, 0x1146, 0x1146, 0x1146,
  0x1146, 0x1146, 0x1146, 0x1146, 0x1146, 0x1146, 0x1146, 0x1146, 0x1146, 0x1146, 0x1146, 0x1146, 0x1146, 0x1146, 0x1146, 0x1146,
  0x1146, 0x1166, 0x1146, 0x1146, 0x1166, 0x1166, 0x1166, 0x1166, 0x1166, 0x1186, 0x1166, 0x1186, 0x1186, 0x1945, 0x1945, 0x1946,
  0x1966, 0x1966, 0x1966, 0x1966, 0x1966, 0x1966, 0x1986, 0x1986, 0x1986, 0x1986, 0x1966, 0x1966, 0x1966, 0x1966, 0x1966, 0x1966,
  0x1966, 0x11A7, 0x1187, 0x11A7, 0x11A7, 0x1187, 0x1187, 0x1187, 0x1187, 0x1187, 0x1187, 0x1187, 0x1187, 0x1187, 0x1187, 0x1187,
  0x1187, 0x1187, 0x1187, 0x1187, 0x1187, 0x1187, 0x1187, 0x1187, 0x1187, 0x1187, 0x1187, 0x1187, 0x1187, 0x1187, 0x1187, 0x1187,
  0x1187, 0x0987, 0x1187, 0x1187, 0x1187, 0x1187, 0x1187, 0x1187, 0x1187, 0x1187, 0x1187, 0x1187, 0x1187, 0x1187, 0x1187, 0x1187,
  0x1187, 0x1187, 0x1187, 0x1187, 0x1187, 0x1187, 0x1187, 0x1167, 0x1187, 0x1187, 0x1187, 0x1167, 0x1167, 0x1167, 0x1167, 0x1167,
  0x1167, 0x1166, 0x1166, 0x1166, 0x1166, 0x1166, 0x1166, 0x1166, 0x1166, 0x1166, 0x1166, 0x1166, 0x1166, 0x1166, 0x1166, 0x1146,
  0x1146, 0x1146, 0x1146, 0x1146, 0x1146, 0x1146, 0x1146, 0x1146, 0x1146, 0x1146, 0x1166, 0x08E5, 0x35D1, 0x2289, 0x0823, 0x10C4,
  0x10A4, 0x10A4, 0x0884, 0x31A8, 0x4A6A, 0x31C8, 0x10A4, 0x18E5, 0x3A09, 0x39E9, 0xBE18, 0xFFFF, 0xFFDF, 0xFFFF, 0xFFFF, 0xDEFC,
  0xDEDB, 0xDEDB, 0xD6BB, 0xAD96, 0x4229, 0x422A, 0x18E5, 0x0883, 0xB5D7, 0xFFFF, 0xFFDF, 0xFFFF, 0xFFDF, 0xDEDB, 0xDEDB, 0x5B0D,
  0x0043, 0x10C4, 0x10A4, 0x18C5, 0x3A09, 0x31C8, 0xB596, 0xDEDB, 0xDEDB, 0xDEDB, 0xDEDB, 0xDEDB, 0xD6BB, 0xEF7D, 0xFFFF, 0xC618,
  0x39E9, 0x3A09, 0x10C4, 0x1084, 0x31A8, 0x424A, 0x31A8, 0x10A4, 0x18E5, 0x3A09, 0x4209, 0x3A09, 0x4209, 0x4229, 0x39E9, 0x5B0D,
  0xF7BE, 0xFFFF, 0x7C11, 0x3A09, 0x31C8, 0x0884, 0x10A4, 0x10A4, 0x10A4, 0x10C4, 0x10C4, 0x10C5, 0x0883, 0x39E9, 0xF7BE, 0xFFFF,
  0x5ACC, 0x0022, 0x10C4, 0x10A4, 0x10C4, 0x0024, 0x8486, 0x5BA7, 0x00C6, 0x1166, 0x1146, 0x1146, 0x1146, 0x1146, 0x1146, 0x1146,
  0x1146, 0x1146, 0x1146, 0x1146, 0x1146, 0x1146, 0x1146, 0x1146, 0x1146, 0x1146, 0x1146, 0x1146, 0x1146, 0x1146, 0x1146, 0x1146,
  0x1146, 0x1146, 0x1146, 0x1146, 0x1146, 0x1146, 0x1146, 0x1146, 0x1146, 0x1146, 0x1146, 0x1146, 0x1146, 0x1146, 0x1146, 0x1146,
  0x1146, 0x1146, 0x1146, 0x1146, 0x1146, 0x1146, 0x1146, 0x1146, 0x1146, 0x1146, 0x1146, 0x1146, 0x1146, 0x1146, 0x1146, 0x1146,
  0x1146, 0x1146, 0x1146, 0x1146, 0x1146, 0x1146, 0x1146, 0x1146, 0x1146, 0x1146, 0x1146, 0x1146, 0x1146, 0x1146, 0x1146, 0x1146,
  0x1146, 0x1146, 0x1146, 0x1146, 0x1146, 0x1146, 0x1146, 0x1146, 0x1146, 0x1146, 0x1146, 0x1146, 0x1146, 0x1146, 0x1146, 0x1146,
  0x1146, 0x1146, 0x1146, 0x1146, 0x1146, 0x1146, 0x1146, 0x1146, 0x1146, 0x1146, 0x1146, 0x1146, 0x1146, 0x1146, 0x1146, 0x1146,
  0x1146, 0x1146, 0x1166, 0x1166, 0x1166, 0x1166, 0x1166, 0x1166, 0x1166, 0x1166, 0x1166, 0x1166, 0x1186, 0x1186, 0x1986, 0x1986,
  0x1186, 0x1986, 0x19A6, 0x19A6, 0x19A7, 0x19A7, 0x19A7, 0x19A6, 0x19A7, 0x19A6, 0x19A7, 0x19A6, 0x19A7, 0x11A7, 0x11A7, 0x19A7,
  0x11A7, 0x1186, 0x1187, 0x1186, 0x1187, 0x1186, 0x1186, 0x1187, 0x1187, 0x1187, 0x1187, 0x1187, 0x1187, 0x1187, 0x1187, 0x1187,
  0x1187, 0x1187, 0x1187, 0x1187, 0x1187, 0x1187, 0x1187, 0x1187, 0x1187, 0x1187, 0x1187, 0x1187, 0x1187, 0x1187, 0x1187, 0x1187,
  0x1187, 0x1187, 0x1187, 0x1187, 0x1187, 0x1187, 0x1187, 0x1187, 0x1187, 0x1187, 0x1187, 0x1187, 0x1187, 0x1187, 0x1187, 0x1187,
  0x1187, 0x1187, 0x1187, 0x1187, 0x1187, 0x1187, 0x1187, 0x1167, 0x1187, 0x1187, 0x1167, 0x1167, 0x1167, 0x1167, 0x1167, 0x1166,
  0x1166, 0x1166, 0x1166, 0x1166, 0x1166, 0x1166, 0x1166, 0x1166, 0x1166, 0x1166, 0x1166, 0x1166, 0x1146, 0x1166, 0x1146, 0x1146,
  0x1146, 0x1146, 0x1146, 0x1146, 0x1146, 0x1146, 0x1146, 0x1146, 0x1146, 0x1146, 0x1166, 0x08E5, 0x35D1, 0x2289, 0x0823, 0x10C4,
  0x10A4, 0x10C4, 0x0022, 0xAD76, 0xFFFF, 0xBDF8, 0x0863, 0x2146, 0xE73C, 0xFFFF, 0xFFFF, 0xFFFF, 0xFFFF, 0xFFDF, 0xF79E, 0x31C8,
  0x18E5, 0x2126, 0x10A4, 0x6B6E, 0xFFDF, 0xF7BE, 0x2967, 0x0043, 0xB5B7, 0xFFDF, 0xFFDF, 0xFFFF, 0xF79E, 0x31C8, 0x18E5, 0x18C5,
  0x10A4, 0x10A4, 0x0863, 0x31A8, 0xEF5D, 0xFFFF, 0x6B4E, 0x10A4, 0x2126, 0x1905, 0x1905, 0x2126, 0x10A4, 0xBDD7, 0xFFFF, 0xF7DF,
  0xFFDF, 0xE73D, 0x2126, 0x0863, 0xB5B7, 0xFFFF, 0xAD56, 0x0043, 0x2967, 0xEF7E, 0xFFDF, 0xFFDF, 0xFFFF, 0xFFDF, 0xFFDF, 0xFFDF,
  0xFFFF, 0xFFDF, 0xF7BF, 0xFFFF, 0xAD76, 0x0022, 0x10C5, 0x10A4, 0x10A4, 0x10A4, 0x10A4, 0x10A4, 0x0863, 0x31C8, 0xF7BE, 0xFFFF,
  0x5ACC, 0x0022, 0x10C4, 0x10A4, 0x10C4, 0x0024, 0x8486, 0x5BA7, 0x00C6, 0x1166, 0x1146, 0x1146, 0x1146, 0x1146, 0x1146, 0x1146,
  0x1146, 0x1146, 0x1146, 0x1146, 0x1146, 0x1146, 0x1146, 0x1146, 0x1146, 0x1146, 0x1146, 0x1146, 0x1146, 0x1146, 0x1146, 0x1146,
  0x1146, 0x1146, 0x1146, 0x1146, 0x1146, 0x1146, 0x1146, 0x1146, 0x1146, 0x1146, 0x1146, 0x1146, 0x1146, 0x1146, 0x1146, 0x1146,
  0x1146, 0x1146, 0x1146, 0x1146, 0x1146, 0x1146, 0x1146, 0x1146, 0x1146, 0x1146, 0x1146, 0x1146, 0x1146, 0x1146, 0x1146, 0x1146,
  0x1146, 0x1146, 0x1146, 0x1146, 0x1146, 0x1146, 0x1146, 0x1146, 0x1146, 0x1146, 0x1146, 0x1146, 0x1146, 0x1146, 0x1146, 0x1146,
  0x1146, 0x1146, 0x1146, 0x1146, 0x1146, 0x1146, 0x1146, 0x1146, 0x1146, 0x1146, 0x1146, 0x1146, 0x1146, 0x1146, 0x1146, 0x1146,
  0x1146, 0x1146, 0x1146, 0x1146, 0x1146, 0x1146, 0x1146, 0x1146, 0x1146, 0x1146, 0x1146, 0x1146, 0x1146, 0x1146, 0x1146, 0x1146,
  0x1146, 0x1146, 0x1146, 0x1146, 0x1166, 0x1166, 0x1166, 0x1166, 0x1166, 0x1166, 0x1166, 0x1166, 0x1166, 0x1166, 0x1166, 0x1966,
  0x1986, 0x1986, 0x1986, 0x1986, 0x1986, 0x1986, 0x1986, 0x1986, 0x1986, 0x19A6, 0x1986, 0x1986, 0x1986, 0x1986, 0x1186, 0x1986,
  0x1186, 0x1186, 0x1186, 0x1186, 0x1186, 0x1186, 0x1186, 0x1187, 0x1187, 0x1187, 0x1187, 0x1187, 0x1187, 0x1187, 0x1187, 0x1187,
  0x1187, 0x1187, 0x1187, 0x1187, 0x1187, 0x1187, 0x1187, 0x1187, 0x1187, 0x1187, 0x1187, 0x1187, 0x1187, 0x1187, 0x1187, 0x1187,
  0x1187, 0x1187, 0x1187, 0x1187, 0x1187, 0x1187, 0x1187, 0x1187, 0x1187, 0x1187, 0x1187, 0x1187, 0x1187, 0x1187, 0x1187, 0x1187,
  0x1187, 0x1187, 0x1187, 0x1187, 0x1187, 0x1187, 0x1167, 0x1187, 0x1167, 0x1167, 0x1166, 0x1167, 0x1167, 0x1166, 0x1166, 0x1166,
  0x1166, 0x1166, 0x1166, 0x1166, 0x1166, 0x1166, 0x1166, 0x1166, 0x1166, 0x1166, 0x1166, 0x1166, 0x1146, 0x1146, 0x1146, 0x1146,
  0x1146, 0x1146, 0x1146, 0x1146, 0x1146, 0x1146, 0x1146, 0x1146, 0x1146, 0x1146, 0x1166, 0x08E5, 0x3DD0, 0x2289, 0x0823, 0x10C4,
  0x10A4, 0x10C4, 0x0022, 0xAD76, 0xFFFF, 0xBDF8, 0x0002, 0x1905, 0xE73D, 0xFFFF, 0xFFFF, 0xFFFF, 0xFFFF, 0xFFFF, 0xFFFF, 0x2126,
  0x0022, 0x0883, 0x0001, 0x632D, 0xFFFF, 0xFFFF, 0x2146, 0x0002, 0xC618, 0xFFFF, 0xFFFF, 0xFFFF, 0xF79E, 0x2967, 0x0863, 0x10A4,
  0x10A4, 0x10A4, 0x0863, 0x31A8, 0xEF7D, 0xFFFF, 0x5AED, 0x0001, 0x0863, 0x0863, 0x0863, 0x10A4, 0x0022, 0xB5B7, 0xFFFF, 0xFFFF,
  0xFFFF, 0xFFDF, 0x2126, 0x0863, 0xBDD7, 0xFFFF, 0xAD76, 0x0042, 0x2987, 0xFFFF, 0xFFFF, 0xFFFF, 0xFFFF, 0xFFFF, 0xFFFF, 0xFFFF,
  0xFFFF, 0xFFFF, 0xFFFF, 0xFFFF, 0xAD76, 0x0001, 0x1084, 0x0863, 0x0863, 0x0884, 0x10A4, 0x10A4, 0x0863, 0x31C8, 0xF7BE, 0xFFFF,
  0x5ACC, 0x0022, 0x10C4, 0x10A4, 0x10C4, 0x0024, 0x8C86, 0x5BA6, 0x00C6, 0x1166, 0x1146, 0x1146, 0x1146, 0x1146, 0x1146, 0x1146,
  0x1146, 0x1146, 0x1146, 0x1146, 0x1146, 0x1146, 0x1146, 0x1146, 0x1146, 0x1146, 0x1146, 0x1146, 0x1146, 0x1146, 0x1146, 0x1146,
  0x1146, 0x1146, 0x1146, 0x1146, 0x1146, 0x1146, 0x1146, 0x1146, 0x1146, 0x1146, 0x1146, 0x1146, 0x1146, 0x1146, 0x1146, 0x1146,
  0x1146, 0x1146, 0x1146, 0x1146, 0x1146, 0x1146, 0x1146, 0x1146, 0x1146, 0x1146, 0x1146, 0x1146, 0x1146, 0x1146, 0x1146, 0x1146,
  0x1146, 0x1146, 0x1146, 0x1146, 0x1146, 0x1146, 0x1146, 0x1146, 0x1146, 0x1146, 0x1146, 0x1146, 0x1146, 0x1146, 0x1146, 0x1146,
  0x1146, 0x1146, 0x1146, 0x1146, 0x1146, 0x1146, 0x1146, 0x1146, 0x1146, 0x1146, 0x1146, 0x1146, 0x1146, 0x1146, 0x1146, 0x1146,
  0x1146, 0x1146, 0x1146, 0x1146, 0x1146, 0x1146, 0x1146, 0x1146, 0x1146, 0x1146, 0x1146, 0x1146, 0x1146, 0x1146, 0x1146, 0x1146,
  0x1146, 0x1146, 0x1146, 0x1146, 0x1146, 0x1166, 0x1166, 0x1146, 0x1166, 0x1166, 0x1166, 0x1166, 0x1166, 0x1166, 0x1166, 0x1966,
  0x1966, 0x1966, 0x1986, 0x1986, 0x1986, 0x1986, 0x1986, 0x1986, 0x1986, 0x1986, 0x1986, 0x1986, 0x1186, 0x1186, 0x1186, 0x1186,
  0x1186, 0x1186, 0x1186, 0x1186, 0x1186, 0x1186, 0x1186, 0x1187, 0x1187, 0x1187, 0x1187, 0x1187, 0x1187, 0x1187, 0x1187, 0x1187,
  0x1187, 0x1187, 0x1187, 0x1187, 0x1187, 0x1187, 0x1187, 0x1187, 0x1187, 0x1187, 0x1187, 0x1187, 0x1187, 0x1187, 0x1187, 0x1187,
  0x1187, 0x1187, 0x1187, 0x1187, 0x1187, 0x1187, 0x1187, 0x1187, 0x1187, 0x1187, 0x1187, 0x1187, 0x1187, 0x1187, 0x1187, 0x1187,
  0x1187, 0x1187, 0x1187, 0x1187, 0x1187, 0x1167, 0x1167, 0x1167, 0x1167, 0x1167, 0x1167, 0x1166, 0x1166, 0x1166, 0x1166, 0x1166,
  0x1166, 0x1166, 0x1166, 0x1166, 0x1166, 0x1166, 0x1166, 0x1166, 0x1166, 0x1146, 0x1146, 0x1146, 0x1146, 0x1146, 0x1146, 0x1146,
  0x1146, 0x1146, 0x1146, 0x1146, 0x1146, 0x1146, 0x1146, 0x1146, 0x1146, 0x1146, 0x1166, 0x08E5, 0x3DD0, 0x2289, 0x0823, 0x10C4,
  0x10A4, 0x10C4, 0x0022, 0xAD76, 0xFFFF, 0xEF5D, 0xC639, 0xCE59, 0xF7BE, 0xFFDF, 0xFFDF, 0xFFFF, 0xCE59, 0x528B, 0x630D, 0xC639,
  0xC639, 0xC639, 0xC618, 0xA555, 0x4A8B, 0x5B0D, 0xBDF8, 0xC639, 0x8431, 0x4229, 0x9493, 0xFFFF, 0xEF5D, 0x3187, 0x1084, 0x18C5,
  0x10C4, 0x10C4, 0x0863, 0x31A8, 0xF79E, 0xFFFF, 0xDEDB, 0xC639, 0xC639, 0xC639, 0xB5D7, 0x2967, 0x0022, 0xB597, 0xFFFF, 0xC639,
  0x4A8B, 0x528B, 0x10C5, 0x0883, 0xB5B7, 0xFFFF, 0xAD56, 0x0863, 0x18E5, 0x52AC, 0x52AC, 0xC659, 0xFFFF, 0xBDF8, 0x4A6B, 0x5ACC,
  0x52AC, 0x4A8B, 0xD69A, 0xFFFF, 0xEF5D, 0xBE18, 0xC639, 0xC639, 0xC639, 0x4A8B, 0x0863, 0x18C5, 0x0883, 0x39E8, 0xF79E, 0xFFFF,
  0x52CC, 0x0022, 0x10C4, 0x10A4, 0x10C4, 0x0024, 0x8C86, 0x63A6, 0x00C6, 0x1166, 0x1146, 0x1146, 0x1146, 0x1146, 0x1146, 0x1146,
  0x1146, 0x1146, 0x1146, 0x1146, 0x1146, 0x1146, 0x1146, 0x1146, 0x1146, 0x1146, 0x1146, 0x1146, 0x1146, 0x1146, 0x1146, 0x1146,
  0x1146, 0x1146, 0x1146, 0x1146, 0x1146, 0x1146, 0x1146, 0x1146, 0x1146, 0x1146, 0x1146, 0x1146, 0x1146, 0x1146, 0x1146, 0x1146,
  0x1146, 0x1146, 0x1146, 0x1146, 0x1146, 0x1146, 0x1146, 0x1146, 0x1146, 0x1146, 0x1146, 0x1146, 0x1146, 0x1146, 0x1146, 0x1146,
  0x1146, 0x1146, 0x1146, 0x1146, 0x1146, 0x1146, 0x1146, 0x1146, 0x1146, 0x1146, 0x1146, 0x1146, 0x1146, 0x1146, 0x1146, 0x1146,
  0x1146, 0x1146, 0x1146, 0x1146, 0x1146, 0x1146, 0x1146, 0x1146, 0x1146, 0x1146, 0x1146, 0x1146, 0x1146, 0x1146, 0x1146, 0x1146,
  0x1146, 0x1146, 0x1146, 0x1146, 0x1146, 0x1146, 0x1146, 0x1146, 0x1146, 0x1146, 0x1146, 0x1146, 0x1146, 0x1146, 0x1146, 0x1146,
  0x1146, 0x1146, 0x1146, 0x1146, 0x1146, 0x1146, 0x1146, 0x1146, 0x1166, 0x1166, 0x1166, 0x1166, 0x1166, 0x1166, 0x1166, 0x1966,
  0x1166, 0x1966, 0x1986, 0x1986, 0x1986, 0x1986, 0x1986, 0x1986, 0x1986, 0x1986, 0x1986, 0x1986, 0x1986, 0x1186, 0x1186, 0x1186,
  0x1186, 0x1186, 0x1186, 0x1186, 0x1186, 0x1186, 0x1186, 0x1186, 0x1186, 0x1166, 0x1187, 0x1187, 0x1187, 0x1187, 0x1187, 0x1187,
  0x1187, 0x1187, 0x1187, 0x1187, 0x1187, 0x1187, 0x1187, 0x1187, 0x1187, 0x1187, 0x1187, 0x1187, 0x1187, 0x1187, 0x1187, 0x1187,
  0x1187, 0x1187, 0x1187, 0x1187, 0x1187, 0x1187, 0x1187, 0x1187, 0x1187, 0x1187, 0x1187, 0x1187, 0x1187, 0x1187, 0x1187, 0x1187,
  0x1187, 0x1187, 0x1167, 0x1167, 0x1187, 0x1167, 0x1167, 0x1167, 0x1166, 0x1166, 0x1166, 0x1166, 0x1166, 0x1166, 0x1166, 0x1166,
  0x1166, 0x1166, 0x1166, 0x1166, 0x1166, 0x1166, 0x1166, 0x1146, 0x1146, 0x1146, 0x1146, 0x1146, 0x1146, 0x1146, 0x1146, 0x1146,
  0x1146, 0x1146, 0x1146, 0x1146, 0x1146, 0x1146, 0x1146, 0x1146, 0x1146, 0x1146, 0x1146, 0x08E5, 0x3DD0, 0x2288, 0x0823, 0x10C4,
  0x10A4, 0x10C4, 0x0002, 0xB5D7, 0xFFFF, 0xFFFF, 0xFFFF, 0xFFFF, 0xFFFF, 0xFFFF, 0xFFFF, 0xFFFF, 0xB5B7, 0x0000, 0x0043, 0xFFFF,
  0xFFFF, 0xFFFF, 0xFFFF, 0xCE59, 0x0001, 0x10A4, 0xF7BE, 0xFFFF, 0x634E, 0x0000, 0x634E, 0xFFFF, 0xF7BE, 0x2106, 0x0001, 0x0043,
  0x0022, 0x0863, 0x0863, 0x31A8, 0xF79E, 0xFFFF, 0xFFFF, 0xFFFF, 0xFFFF, 0xFFFF, 0xFFFF, 0x31A7, 0x0002, 0xBDF8, 0xFFFF, 0xB5D7,
  0x0001, 0x0043, 0x10A4, 0x0883, 0xB5D7, 0xFFFF, 0xAD56, 0x0863, 0x10A4, 0x0001, 0x0000, 0xAD55, 0xFFFF, 0x9CD4, 0x0000, 0x0001,
  0x0022, 0x0002, 0xBDF8, 0xFFFF, 0xFFFF, 0xFFFF, 0xFFFF, 0xFFFF, 0xFFFF, 0x634E, 0x0042, 0x10A4, 0x0001, 0x2987, 0xFFFF, 0xFFFF,
  0x5AEC, 0x0022, 0x10C4, 0x10A4, 0x10C4, 0x0024, 0x8C85, 0x63A6, 0x00C6, 0x1146, 0x1146, 0x1146, 0x1146, 0x1146, 0x1146, 0x1146,
  0x1146, 0x1146, 0x1146, 0x1146, 0x1146, 0x1146, 0x1146, 0x1146, 0x1146, 0x1146, 0x1146, 0x1146, 0x1146, 0x1146, 0x1146, 0x1146,
  0x1146, 0x1146, 0x1146, 0x1146, 0x1146, 0x1146, 0x1146, 0x1146, 0x1146, 0x1146, 0x1146, 0x1146, 0x1146, 0x1146, 0x1146, 0x1146,
  0x1146, 0x1146, 0x1146, 0x1146, 0x1146, 0x1146, 0x1146, 0x1146, 0x1146, 0x1146, 0x1146, 0x1146, 0x1146, 0x1146, 0x1146, 0x1146,
  0x1146, 0x1146, 0x1146, 0x1146, 0x1146, 0x1146, 0x1146, 0x1146, 0x1146, 0x1146, 0x1146, 0x1146, 0x1146, 0x1146, 0x1146, 0x1146,
  0x1146, 0x1146, 0x1146, 0x1146, 0x1146, 0x1146, 0x1146, 0x1146, 0x1146, 0x1146, 0x1146, 0x1146, 0x1146, 0x1146, 0x1146, 0x1146,
  0x1146, 0x1146, 0x1146, 0x1146, 0x1146, 0x1146, 0x1146, 0x1146, 0x1146, 0x1146, 0x1146, 0x1146, 0x1146, 0x1146, 0x1146, 0x1146,
  0x1146, 0x1146, 0x1146, 0x1146, 0x1166, 0x1166, 0x1146, 0x1146, 0x1146, 0x1166, 0x1166, 0x1166, 0x1166, 0x1166, 0x1166, 0x1166,
  0x1166, 0x1966, 0x1986, 0x1986, 0x1166, 0x1986, 0x1986, 0x1986, 0x1986, 0x1986, 0x1986, 0x1986, 0x1186, 0x1186, 0x1186, 0x1186,
  0x1186, 0x1186, 0x1186, 0x1186, 0x1186, 0x1186, 0x1186, 0x1186, 0x1186, 0x1186, 0x1186, 0x1186, 0x1186, 0x1187, 0x1167, 0x1187,
  0x1187, 0x1187, 0x1187, 0x1187, 0x1187, 0x1187, 0x1187, 0x1187, 0x1187, 0x1187, 0x1187, 0x1187, 0x1187, 0x1187, 0x1187, 0x1187,
  0x1187, 0x1187, 0x1187, 0x1187, 0x1187, 0x1187, 0x1187, 0x1187, 0x1187, 0x1187, 0x1187, 0x1187, 0x1187, 0x1187, 0x1187, 0x1167,
  0x1167, 0x1167, 0x1187, 0x1166, 0x1167, 0x1167, 0x1167, 0x1167, 0x1167, 0x1166, 0x1166, 0x1166, 0x1166, 0x1166, 0x1166, 0x1166,
  0x1166, 0x1166, 0x1166, 0x1166, 0x1166, 0x1166, 0x1146, 0x1166, 0x1146, 0x1146, 0x1166, 0x1146, 0x1166, 0x1146, 0x1146, 0x1146,
  0x1146, 0x1146, 0x1146, 0x1146, 0x1146, 0x1146, 0x1146, 0x1146, 0x1146, 0x1146, 0x1166, 0x08E5, 0x3DD0, 0x2288, 0x0823, 0x10C4,
  0x10A4, 0x10C4, 0x0043, 0x7BD0, 0xAD76, 0xC618, 0xFFDF, 0xF7BE, 0xB5B7, 0xAD55, 0xAD76, 0xAD56, 0xA535, 0x8431, 0x8C52, 0xAD76,
  0xA555, 0xA555, 0xAD76, 0x8411, 0x0884, 0x2126, 0xEF5D, 0xFFFF, 0x6B6E, 0x0022, 0x528B, 0xB596, 0xAD76, 0x8C72, 0x8411, 0x8431,
  0x8C52, 0x634E, 0x0022, 0x31A8, 0xF79E, 0xFFFF, 0xFFDF, 0xFFDF, 0xDEFC, 0xA535, 0x9CF4, 0x2146, 0x0043, 0x7BF0, 0xB5B7, 0x7BF0,
  0x10A4, 0x18C5, 0x10A4, 0x0883, 0xB5D7, 0xFFFF, 0xAD76, 0x0843, 0x1905, 0x8411, 0x8431, 0xD6BB, 0xFFFF, 0xCE9A, 0x8411, 0x7BF0,
  0x1906, 0x0884, 0xBE18, 0xFFFF, 0xDF1C, 0xA515, 0xB5B7, 0xF7BE, 0xFFFF, 0x632D, 0x0022, 0x4A4A, 0x8431, 0x8C52, 0xAD56, 0xB596,
  0x4209, 0x0843, 0x10A4, 0x10A4, 0x10C4, 0x0024, 0x8C85, 0x63A6, 0x00C6, 0x1166, 0x1146, 0x1146, 0x1146, 0x1146, 0x1146, 0x1146,
  0x1146, 0x1146, 0x1146, 0x1146, 0x1146, 0x1146, 0x1146, 0x1146, 0x1146, 0x1146, 0x1146, 0x1146, 0x1146, 0x1146, 0x1146, 0x1146,
  0x1146, 0x1146, 0x1146, 0x1146, 0x1146, 0x1146, 0x1146, 0x1146, 0x1146, 0x1146, 0x1146, 0x1146, 0x1146, 0x1146, 0x1146, 0x1146,
  0x1146, 0x1146, 0x1146, 0x1146, 0x1146, 0x1146, 0x1146, 0x1146, 0x1146, 0x1146, 0x1146, 0x1146, 0x1146, 0x1146, 0x1146, 0x1146,
  0x1146, 0x1146, 0x1146, 0x1146, 0x1146, 0x1146, 0x1146, 0x1146, 0x1146, 0x1146, 0x1146, 0x1146, 0x1146, 0x1146, 0x1146, 0x1146,
  0x1146, 0x1146, 0x1146, 0x1146, 0x1146, 0x1146, 0x1146, 0x1146, 0x1146, 0x1146, 0x1146, 0x1146, 0x1146, 0x1146, 0x1146, 0x1146,
  0x1146, 0x1146, 0x1146, 0x1146, 0x1146, 0x1146, 0x1146, 0x1146, 0x1146, 0x1146, 0x1146, 0x1146, 0x1146, 0x1146, 0x1146, 0x1146,
  0x1146, 0x1146, 0x1146, 0x1146, 0x1146, 0x1146, 0x1146, 0x1166, 0x1166, 0x1166, 0x1166, 0x1166, 0x1166, 0x1166, 0x1166, 0x1166,
  0x1166, 0x1166, 0x1966, 0x1966, 0x1986, 0x1966, 0x1986, 0x1986, 0x1986, 0x1986, 0x1986, 0x1186, 0x1186, 0x1186, 0x1186, 0x1186,
  0x1186, 0x1186, 0x1186, 0x1186, 0x1186, 0x1186, 0x1186, 0x1186, 0x1186, 0x1186, 0x1166, 0x1186, 0x1187, 0x1167, 0x1167, 0x1187,
  0x1187, 0x1187, 0x1187, 0x1167, 0x1187, 0x1187, 0x1187, 0x1187, 0x1187, 0x1187, 0x1187, 0x1187, 0x1187, 0x1187, 0x1187, 0x1187,
  0x1187, 0x1187, 0x1187, 0x1187, 0x1187, 0x1187, 0x1187, 0x1187, 0x1187, 0x1187, 0x1187, 0x1167, 0x1187, 0x1187, 0x1167, 0x1187,
  0x1167, 0x1167, 0x1167, 0x1167, 0x1166, 0x1166, 0x1166, 0x1166, 0x1166, 0x1166, 0x1166, 0x1166, 0x1166, 0x1166, 0x1166, 0x1166,
  0x1166, 0x1166, 0x1166, 0x1166, 0x1166, 0x1166, 0x1146, 0x1166, 0x1146, 0x1146, 0x1146, 0x1146, 0x1146, 0x1146, 0x1146, 0x1146,
  0x1146, 0x1146, 0x1146, 0x1146, 0x1146, 0x1146, 0x1146, 0x1146, 0x1146, 0x1146, 0x1146, 0x08E5, 0x3DD0, 0x2288, 0x0823, 0x10C4,
  0x10A4, 0x10A4, 0x10A4, 0x0863, 0x0000, 0x52AC, 0xFFFF, 0xF7DF, 0x2987, 0x0022, 0x0863, 0x0000, 0x632D, 0xFFFF, 0xFFFF, 0x18E5,
  0x0001, 0x0022, 0x0022, 0x0043, 0x0884, 0x2106, 0xEF5D, 0xFFFF, 0x632D, 0x0002, 0x0863, 0x0001, 0x1905, 0xFFDF, 0xFFFF, 0xFFFF,
  0xFFFF, 0xCE59, 0x0001, 0x31C8, 0xF7BE, 0xFFFF, 0xFFFF, 0xFFFF, 0xB5B7, 0x0001, 0x0863, 0x10A4, 0x10A4, 0x0043, 0x0022, 0x0022,
  0x0863, 0x0863, 0x10A4, 0x0883, 0xB5D7, 0xFFFF, 0xAD76, 0x0042, 0x2987, 0xFFFF, 0xFFFF, 0xFFFF, 0xFFFF, 0xFFFF, 0xFFFF, 0xF7BE,
  0x1905, 0x0002, 0xC618, 0xFFFF, 0xAD76, 0x0000, 0x2146, 0xEF7D, 0xFFFF, 0x632E, 0x0001, 0x8431, 0xFFFF, 0xEF7D, 0x10A4, 0x0001,
  0x0883, 0x10A4, 0x10A4, 0x10A4, 0x10C4, 0x0024, 0x8C85, 0x63A6, 0x00C6, 0x1146, 0x1146, 0x1146, 0x1146, 0x1146, 0x1146, 0x1146,
  0x1146, 0x1146, 0x1146, 0x1146, 0x1146, 0x1146, 0x1146, 0x1146, 0x1146, 0x1146, 0x1146, 0x1146, 0x1146, 0x1146, 0x1146, 0x1146,
  0x1146, 0x1146, 0x1146, 0x1146, 0x1146, 0x1146, 0x1146, 0x1146, 0x1146, 0x1146, 0x1146, 0x1146, 0x1146, 0x1146, 0x1146, 0x1146,
  0x1146, 0x1146, 0x1146, 0x1146, 0x1146, 0x1146, 0x1146, 0x1146, 0x1146, 0x1146, 0x1146, 0x1146, 0x1146, 0x1146, 0x1146, 0x1146,
  0x1146, 0x1146, 0x1146, 0x1146, 0x1146, 0x1146, 0x1146, 0x1146, 0x1146, 0x1146, 0x1146, 0x1146, 0x1146, 0x1146, 0x1146, 0x1146,
  0x1146, 0x1146, 0x1146, 0x1146, 0x1146, 0x1146, 0x1146, 0x1146, 0x1146, 0x1146, 0x1146, 0x1146, 0x1146, 0x1146, 0x1146, 0x1146,
  0x1146, 0x1146, 0x1146, 0x1146, 0x1146, 0x1146, 0x1146, 0x1146, 0x1146, 0x1146, 0x1146, 0x1146, 0x1146, 0x1146, 0x1146, 0x1146,
  0x1146, 0x1146, 0x1146, 0x1146, 0x1146, 0x1146, 0x1146, 0x1146, 0x1166, 0x1146, 0x1146, 0x1166, 0x1166, 0x1166, 0x1166, 0x1166,
  0x1166, 0x1166, 0x1166, 0x1966, 0x1166, 0x1966, 0x1986, 0x1966, 0x1966, 0x1986, 0x1186, 0x1166, 0x1166, 0x1166, 0x1186, 0x1166,
  0x1186, 0x1186, 0x1186, 0x1166, 0x1166, 0x1166, 0x1186, 0x1186, 0x1166, 0x1186, 0x1186, 0x1186, 0x1166, 0x1166, 0x1166, 0x1187,
  0x1187, 0x1167, 0x1167, 0x1167, 0x1167, 0x1167, 0x1187, 0x1187, 0x1187, 0x1187, 0x1187, 0x1187, 0x1187, 0x1187, 0x1187, 0x1187,
  0x1187, 0x1187, 0x1187, 0x1187, 0x1187, 0x1187, 0x1187, 0x1187, 0x1187, 0x1187, 0x1187, 0x1167, 0x1167, 0x1167, 0x1167, 0x1167,
  0x1166, 0x1167, 0x1167, 0x1166, 0x1166, 0x1166, 0x1166, 0x1166, 0x1166, 0x1166, 0x1166, 0x1166, 0x1166, 0x1166, 0x1166, 0x1166,
  0x1166, 0x1166, 0x1146, 0x1166, 0x1146, 0x1146, 0x1166, 0x1146, 0x1146, 0x1146, 0x1146, 0x1146, 0x1146, 0x1146, 0x1146, 0x1146,
  0x1146, 0x1146, 0x1146, 0x1146, 0x1146, 0x1146, 0x1146, 0x1146, 0x1146, 0x1146, 0x1146, 0x08E5, 0x3DD0, 0x2288, 0x0823, 0x10C4,
  0x10A4, 0x10A4, 0x1084, 0x2967, 0x2946, 0x6B6E, 0xE73D, 0xDEFB, 0x31A8, 0x0883, 0x2967, 0x2146, 0x73AF, 0xE71C, 0xDEFB, 0x424A,
  0x2987, 0x31A8, 0x31A8, 0x2967, 0x0883, 0x2106, 0xEF5D, 0xFFFF, 0x7BF0, 0x2146, 0x31A8, 0x2987, 0x424A, 0xD6BB, 0xE71C, 0xF79E,
  0xFFFF, 0xBDF8, 0x0002, 0x31A8, 0xDEDB, 0xE75D, 0xE73C, 0xE75D, 0xA535, 0x0863, 0x10C4, 0x10A4, 0x1084, 0x2946, 0x31A8, 0x3188,
  0x3187, 0x2987, 0x10C4, 0x0883, 0xB5D7, 0xFFFF, 0xAD76, 0x0042, 0x2947, 0xDEFB, 0xE73C, 0xE73C, 0xE73D, 0xE73C, 0xE73C, 0xD6BA,
  0x3A09, 0x2146, 0xB5B7, 0xE73C, 0xAD76, 0x2105, 0x52AB, 0xEF9E, 0xFFFF, 0x632E, 0x0001, 0x738F, 0xE73C, 0xCE7A, 0x4209, 0x2987,
  0x18E5, 0x1084, 0x10A4, 0x10A4, 0x10C4, 0x0024, 0x8C85, 0x6386, 0x00C6, 0x1146, 0x1146, 0x1146, 0x1146, 0x1146, 0x1146, 0x1146,
  0x1146, 0x1146, 0x1146, 0x1146, 0x1146, 0x1146, 0x1146, 0x1146, 0x1146, 0x1146, 0x1146, 0x1146, 0x1146, 0x1146, 0x1146, 0x1146,
  0x1146, 0x1146, 0x1146, 0x1146, 0x1146, 0x1146, 0x1146, 0x1146, 0x1146, 0x1146, 0x1146, 0x1146, 0x1146, 0x1146, 0x1146, 0x1146,
  0x1146, 0x1146, 0x1146, 0x1146, 0x1146, 0x1146, 0x1146, 0x1146, 0x1146, 0x1146, 0x1146, 0x1146, 0x1146, 0x1146, 0x1146, 0x1146,
  0x1146, 0x1146, 0x1146, 0x1146, 0x1146, 0x1146, 0x1146, 0x1146, 0x1146, 0x1146, 0x1146, 0x1146, 0x1146, 0x1146, 0x1146, 0x1146,
  0x1146, 0x1146, 0x1146, 0x1146, 0x1146, 0x1146, 0x1146, 0x1146, 0x1146, 0x1146, 0x1146, 0x1146, 0x1146, 0x1146, 0x1146, 0x1146,
  0x1146, 0x1146, 0x1146, 0x1146, 0x1146, 0x1146, 0x1146, 0x1146, 0x1146, 0x1146, 0x1146, 0x1146, 0x1146, 0x1146, 0x1146, 0x1146,
  0x1146, 0x1146, 0x1146, 0x1146, 0x1146, 0x1146, 0x1146, 0x1146, 0x1146, 0x1146, 0x1146, 0x1166, 0x1166, 0x1166, 0x1166, 0x1166,
  0x1166, 0x1166, 0x1166, 0x1166, 0x1166, 0x1966, 0x1166, 0x1166, 0x1166, 0x1166, 0x1166, 0x1166, 0x1166, 0x1166, 0x1166, 0x1166,
  0x1166, 0x1166, 0x1186, 0x1166, 0x1166, 0x1166, 0x1166, 0x1166, 0x1166, 0x1166, 0x1166, 0x1186, 0x1186, 0x1166, 0x1166, 0x1167,
  0x1167, 0x1167, 0x1167, 0x1167, 0x1167, 0x1167, 0x1187, 0x1187, 0x1167, 0x1187, 0x1187, 0x1187, 0x1187, 0x1187, 0x1167, 0x1187,
  0x1187, 0x1187, 0x1187, 0x1187, 0x1187, 0x1167, 0x1187, 0x1187, 0x1187, 0x1167, 0x1167, 0x1167, 0x1187, 0x1167, 0x1167, 0x1167,
  0x1167, 0x1166, 0x1167, 0x1166, 0x1166, 0x1166, 0x1166, 0x1166, 0x1166, 0x1166, 0x1166, 0x1166, 0x1166, 0x1166, 0x1166, 0x1166,
  0x1166, 0x1146, 0x1166, 0x1166, 0x1166, 0x1146, 0x1166, 0x1146, 0x1146, 0x1146, 0x1146, 0x1146, 0x1146, 0x1146, 0x1146, 0x1146,
  0x1146, 0x1146, 0x1146, 0x1146, 0x1146, 0x1146, 0x1146, 0x1146, 0x1146, 0x1146, 0x1146, 0x08E5, 0x3DD0, 0x2288, 0x0823, 0x10C4,
  0x10A4, 0x10C4, 0x0022, 0xAD76, 0xFFFF, 0xBDF8, 0x10C5, 0x1905, 0x10C5, 0x0863, 0xB596, 0xFFFF, 0xB5D7, 0x10A4, 0x2967, 0xF7BE,
  0xFFFF, 0xFFDF, 0xFFFF, 0xBDF8, 0x0863, 0x2126, 0xEF7D, 0xFFFF, 0xFFFF, 0xFFFF, 0xFFFF, 0xFFFF, 0xF79E, 0x31C8, 0x0883, 0xB5B7,
  0xFFFF, 0xBDD7, 0x0022, 0x10C5, 0x18E5, 0x1905, 0x1905, 0x1905, 0x18E5, 0x10A4, 0x10A4, 0x10C4, 0x0043, 0xB5B7, 0xFFFF, 0xFFDF,
  0xFFFF, 0xEF7D, 0x2126, 0x0863, 0xB5B7, 0xFFFF, 0xAD55, 0x0863, 0x10A4, 0x1905, 0x1905, 0x1905, 0x1905, 0x1905, 0x10C4, 0x3A09,
  0xF7BE, 0xFFFF, 0x6B4E, 0x0842, 0x7BF0, 0xFFFF, 0xFFFF, 0xFFDF, 0xFFFF, 0x632D, 0x0042, 0x1905, 0x10C4, 0x4229, 0xF7BE, 0xFFFF,
  0x5ACC, 0x0022, 0x10C4, 0x10A4, 0x10C4, 0x0024, 0x8C85, 0x6386, 0x00C6, 0x1146, 0x1146, 0x1146, 0x1146, 0x1146, 0x1146, 0x1146,
  0x1146, 0x1146, 0x1146, 0x1146, 0x1146, 0x1146, 0x1146, 0x1146, 0x1146, 0x1146, 0x1146, 0x1146, 0x1146, 0x1146, 0x1146, 0x1146,
  0x1146, 0x1146, 0x1146, 0x1146, 0x1146, 0x1146, 0x1146, 0x1146, 0x1146, 0x1146, 0x1146, 0x1146, 0x1146, 0x1146, 0x1146, 0x1146,
  0x1146, 0x1146, 0x1146, 0x1146, 0x1146, 0x1146, 0x1146, 0x1146, 0x1146, 0x1146, 0x1146, 0x1146, 0x1146, 0x1146, 0x1146, 0x1146,
  0x1146, 0x1146, 0x1146, 0x1146, 0x1146, 0x1146, 0x1146, 0x1146, 0x1146, 0x1146, 0x1146, 0x1146, 0x1146, 0x1146, 0x1146, 0x1146,
  0x1146, 0x1146, 0x1146, 0x1146, 0x1146, 0x1146, 0x1146, 0x1146, 0x1146, 0x1146, 0x1146, 0x1146, 0x1146, 0x1146, 0x1146, 0x1146,
  0x1146, 0x1146, 0x1146, 0x1146, 0x1146, 0x1146, 0x1146, 0x1146, 0x1146, 0x1146, 0x1146, 0x1146, 0x1146, 0x1146, 0x1146, 0x1146,
  0x1146, 0x1146, 0x1146, 0x1146, 0x1146, 0x1146, 0x1146, 0x1146, 0x1146, 0x1146, 0x1146, 0x1166, 0x1166, 0x1166, 0x1166, 0x1166,
  0x1166, 0x1166, 0x1166, 0x1166, 0x1166, 0x1166, 0x1166, 0x1166, 0x1166, 0x1166, 0x1166, 0x1166, 0x1166, 0x1166, 0x1166, 0x1166,
  0x1166, 0x1166, 0x1166, 0x1166, 0x1166, 0x1166, 0x1166, 0x1166, 0x1166, 0x1166, 0x1166, 0x1167, 0x1166, 0x1166, 0x1167, 0x1167,
  0x1167, 0x1167, 0x1167, 0x1167, 0x1167, 0x1166, 0x1167, 0x1167, 0x1167, 0x1187, 0x1187, 0x1187, 0x1187, 0x1187, 0x1167, 0x1187,
  0x1187, 0x1167, 0x1187, 0x1187, 0x1187, 0x1187, 0x1167, 0x1167, 0x1167, 0x1167, 0x1167, 0x1167, 0x1167, 0x1167, 0x1167, 0x1167,
  0x1166, 0x1166, 0x1167, 0x1166, 0x1166, 0x1166, 0x1166, 0x1166, 0x1166, 0x1166, 0x1166, 0x1166, 0x1166, 0x1166, 0x1166, 0x1166,
  0x1166, 0x1146, 0x1166, 0x1146, 0x1146, 0x1146, 0x1146, 0x1146, 0x1146, 0x1146, 0x1146, 0x1146, 0x1146, 0x1146, 0x1146, 0x1146,
  0x1146, 0x1146, 0x1146, 0x1146, 0x1146, 0x1146, 0x1146, 0x1146, 0x1146, 0x1146, 0x1146, 0x08E5, 0x45D0, 0x2288, 0x0823, 0x10C4,
  0x10A4, 0x10C4, 0x0022, 0xAD76, 0xFFFF, 0xBDF8, 0x0042, 0x0883, 0x1084, 0x0042, 0xAD76, 0xFFFF, 0xB596, 0x0043, 0x1905, 0xF7BE,
  0xFFFF, 0xFFFF, 0xFFFF, 0xC618, 0x0863, 0x2126, 0xEF7D, 0xFFFF, 0xFFFF, 0xFFFF, 0xFFFF, 0xFFFF, 0xF79E, 0x2967, 0x0002, 0xB5D7,
  0xFFFF, 0xBE18, 0x0002, 0x10A4, 0x0863, 0x0863, 0x0863, 0x0863, 0x0863, 0x0884, 0x0883, 0x10A4, 0x0043, 0xBDF8, 0xFFFF, 0xFFFF,
  0xFFFF, 0xF7BE, 0x1905, 0x0043, 0xBDF8, 0xFFFF, 0xAD96, 0x0863, 0x10A4, 0x0863, 0x0863, 0x0863, 0x0863, 0x0883, 0x0022, 0x3187,
  0xF79E, 0xFFFF, 0x5B0D, 0x0000, 0x738F, 0xFFFF, 0xFFFF, 0xFFFF, 0xFFFF, 0x632D, 0x0022, 0x10A4, 0x0022, 0x31A8, 0xFFFF, 0xFFFF,
  0x5AEC, 0x0022, 0x10C4, 0x10A4, 0x10C4, 0x0024, 0x9485, 0x6386, 0x00C6, 0x1146, 0x1146, 0x1146, 0x1146, 0x1146, 0x1146, 0x1146,
  0x1146, 0x1146, 0x1146, 0x1146, 0x1146, 0x1146, 0x1146, 0x1146, 0x1146, 0x1146, 0x1146, 0x1146, 0x1146, 0x1146, 0x1146, 0x1146,
  0x1146, 0x1146, 0x1146, 0x1146, 0x1146, 0x1146, 0x1146, 0x1146, 0x1146, 0x1146, 0x1146, 0x1146, 0x1146, 0x1146, 0x1146, 0x1146,
  0x1146, 0x1146, 0x1146, 0x1146, 0x1146, 0x1146, 0x1146, 0x1146, 0x1146, 0x1146, 0x1146, 0x1146, 0x1146, 0x1146, 0x1146, 0x1146,
  0x1146, 0x1146, 0x1146, 0x1146, 0x1146, 0x1146, 0x1146, 0x1146, 0x1146, 0x1146, 0x1146, 0x1146, 0x1146, 0x1146, 0x1146, 0x1146,
  0x1146, 0x1146, 0x1146, 0x1146, 0x1146, 0x1126, 0x1146, 0x1146, 0x1146, 0x1146, 0x1146, 0x1126, 0x1146, 0x1146, 0x1146, 0x1146,
  0x1146, 0x1146, 0x1146, 0x1146, 0x1146, 0x1146, 0x1146, 0x1146, 0x1146, 0x1146, 0x1146, 0x1146, 0x1146, 0x1146, 0x1146, 0x1146,
  0x1146, 0x1146, 0x1146, 0x1146, 0x1146, 0x1146, 0x1146, 0x1146, 0x1146, 0x1146, 0x1146, 0x1166, 0x1146, 0x1166, 0x1166, 0x1166,
  0x1166, 0x1166, 0x1166, 0x1166, 0x1166, 0x1166, 0x1166, 0x1166, 0x1966, 0x1166, 0x1166, 0x1166, 0x1166, 0x1166, 0x1166, 0x1166,
  0x1166, 0x1166, 0x1166, 0x1166, 0x1166, 0x1166, 0x1186, 0x1166, 0x1166, 0x1166, 0x1166, 0x1166, 0x1166, 0x1166, 0x1166, 0x1167,
  0x1166, 0x1167, 0x1167, 0x1167, 0x1166, 0x1167, 0x1167, 0x1167, 0x1167, 0x1167, 0x1167, 0x1166, 0x1166, 0x1167, 0x1167, 0x1167,
  0x1166, 0x1167, 0x1167, 0x1166, 0x1167, 0x1167, 0x1167, 0x1167, 0x1167, 0x1167, 0x1167, 0x1167, 0x1166, 0x1167, 0x1167, 0x1167,
  0x1166, 0x1167, 0x1166, 0x1166, 0x1166, 0x1166, 0x1166, 0x1166, 0x1166, 0x1166, 0x1166, 0x1166, 0x1166, 0x1166, 0x1166, 0x1166,
  0x1146, 0x1146, 0x1146, 0x1146, 0x1146, 0x1146, 0x1146, 0x1146, 0x1146, 0x1146, 0x1146, 0x1146, 0x1146, 0x1146, 0x1146, 0x1146,
  0x1146, 0x1146, 0x1146, 0x1146, 0x1146, 0x1146, 0x1146, 0x1146, 0x1146, 0x1146, 0x1146, 0x08C5, 0x45D0, 0x2288, 0x0823, 0x10A4,
  0x10A4, 0x10C4, 0x0022, 0xAD76, 0xFFFF, 0xEF5D, 0xB5D7, 0xBDD7, 0xBDD7, 0xB5B7, 0xE71C, 0xFFFF, 0xB5B7, 0x0863, 0x2146, 0xF79E,
  0xFFFF, 0xA515, 0x630D, 0x528B, 0x1084, 0x2126, 0xEF7D, 0xFFFF, 0xFFFF, 0xFFFF, 0xFFFF, 0xFFFF, 0xEF7D, 0x2987, 0x0863, 0x4A8B,
  0x632E, 0x8431, 0xBDD7, 0xBDD7, 0xBDF8, 0xBDF8, 0xBDD7, 0xBDD7, 0xB5D7, 0xBDD7, 0xAD56, 0x2946, 0x0884, 0x4A8B, 0x6B6E, 0x634E,
  0x632D, 0x738F, 0xBDD7, 0xB5D7, 0x8431, 0x632D, 0x4A4A, 0x0863, 0x2126, 0xB5B7, 0xBDF8, 0xBDF8, 0xBDF8, 0xBDF8, 0xB5B7, 0xC638,
  0xFFDF, 0xFFFF, 0xD69A, 0xB596, 0xD6BA, 0xFFFF, 0xF79E, 0x73D0, 0x5B0D, 0xB5B7, 0xBDD7, 0xBDD7, 0xBDD7, 0xB5B7, 0x6B6E, 0x634E,
  0x2967, 0x0883, 0x10A4, 0x10A4, 0x10C4, 0x0024, 0x9485, 0x6386, 0x00C6, 0x1146, 0x1146, 0x1146, 0x1146, 0x1146, 0x1146, 0x1146,
  0x1126, 0x1146, 0x1146, 0x1146, 0x1146, 0x1146, 0x1146, 0x1146, 0x1126, 0x1146, 0x1146, 0x1126, 0x1146, 0x1146, 0x1146, 0x1146,
  0x1146, 0x1126, 0x1146, 0x1146, 0x1146, 0x1146, 0x1146, 0x1146, 0x1146, 0x1126, 0x1126, 0x1126, 0x1146, 0x1126, 0x1146, 0x1146,
  0x1146, 0x1146, 0x1146, 0x1146, 0x1146, 0x1146, 0x1126, 0x1146, 0x1146, 0x1146, 0x1146, 0x1126, 0x1146, 0x1146, 0x1146, 0x1146,
  0x1126, 0x1126, 0x1146, 0x1146, 0x1146, 0x1126, 0x1146, 0x1146, 0x1126, 0x1146, 0x1146, 0x1146, 0x1146, 0x1126, 0x1146, 0x1146,
  0x1146, 0x1146, 0x1146, 0x1146, 0x1146, 0x1126, 0x1146, 0x1146, 0x1126, 0x1126, 0x1146, 0x1146, 0x1146, 0x1146, 0x1146, 0x1146,
  0x1146, 0x1126, 0x1146, 0x1146, 0x1146, 0x1126, 0x1126, 0x1146, 0x1146, 0x1146, 0x1146, 0x1146, 0x1146, 0x1146, 0x1146, 0x1146,
  0x1146, 0x1146, 0x1146, 0x1146, 0x1146, 0x1146, 0x1146, 0x1146, 0x1166, 0x1146, 0x1146, 0x1146, 0x1146, 0x1146, 0x1166, 0x1166,
  0x1166, 0x1166, 0x1166, 0x1166, 0x1166, 0x1166, 0x1166, 0x1166, 0x1166, 0x1166, 0x1166, 0x1166, 0x1166, 0x1166, 0x1166, 0x1166,
  0x1166, 0x1166, 0x1166, 0x1166, 0x1166, 0x1166, 0x1166, 0x1166, 0x1166, 0x1166, 0x1166, 0x1166, 0x1166, 0x1166, 0x1166, 0x1166,
  0x1166, 0x1166, 0x1166, 0x1166, 0x1166, 0x1166, 0x1167, 0x1167, 0x1166, 0x1167, 0x1167, 0x1166, 0x1166, 0x1166, 0x1167, 0x1167,
  0x1167, 0x1166, 0x1167, 0x1167, 0x1167, 0x1167, 0x1167, 0x1166, 0x1166, 0x1167, 0x1167, 0x1166, 0x1166, 0x1166, 0x1167, 0x1166,
  0x1166, 0x1166, 0x1166, 0x1166, 0x1166, 0x1166, 0x1166, 0x1166, 0x1166, 0x1166, 0x1166, 0x1166, 0x1166, 0x1166, 0x1166, 0x1166,
  0x1166, 0x1166, 0x1146, 0x1146, 0x1146, 0x1146, 0x1146, 0x1146, 0x1146, 0x1146, 0x1146, 0x1146, 0x1146, 0x1146, 0x1146, 0x1146,
  0x1146, 0x1146, 0x1146, 0x1146, 0x1146, 0x1146, 0x1146, 0x1146, 0x1146, 0x1146, 0x1146, 0x08C5, 0x45CF, 0x2288, 0x0823, 0x10A4,
  0x10A4, 0x10C4, 0x0022, 0xAD96, 0xFFFF, 0xFFFF, 0xFFFF, 0xFFFF, 0xFFFF, 0xFFFF, 0xFFFF, 0xFFFF, 0xBDD7, 0x0001, 0x10A4, 0xF79E,
  0xFFFF, 0x5B0D, 0x0000, 0x0002, 0x0002, 0x10A4, 0xEF5D, 0xFFFF, 0xFFFF, 0xFFFF, 0xFFFF, 0xFFFF, 0xFFFF, 0x2987, 0x0883, 0x0022,
  0x0000, 0x52AB, 0xFFFF, 0xFFFF, 0xFFFF, 0xFFFF, 0xFFFF, 0xFFFF, 0xFFFF, 0xFFFF, 0xFFFF, 0x2106, 0x0001, 0x0001, 0x0000, 0x0001,
  0x0000, 0x10A4, 0xFFFF, 0xFFFF, 0x632D, 0x0000, 0x0883, 0x0883, 0x2967, 0xFFFF, 0xFFFF, 0xFFFF, 0xFFFF, 0xFFFF, 0xFFFF, 0xFFFF,
  0xFFFF, 0xFFFF, 0xFFFF, 0xFFFF, 0xFFFF, 0xFFFF, 0xE73D, 0x10A4, 0x0000, 0xCE9A, 0xFFFF, 0xFFFF, 0xFFFF, 0xEF7D, 0x10C4, 0x0002,
  0x0884, 0x10A4, 0x10A4, 0x10A4, 0x10C4, 0x0024, 0x9485, 0x6386, 0x00C6, 0x1146, 0x1146, 0x1146, 0x1146, 0x1146, 0x1146, 0x1146,
  0x1126, 0x1146, 0x1146, 0x1126, 0x1126, 0x1146, 0x1146, 0x1126, 0x1146, 0x1126, 0x1126, 0x1146, 0x1146, 0x1146, 0x1126, 0x1146,
  0x1126, 0x1146, 0x1126, 0x1146, 0x1126, 0x1126, 0x1146, 0x1146, 0x1146, 0x1146, 0x1126, 0x1126, 0x1146, 0x1126, 0x1146, 0x1146,
  0x1146, 0x1126, 0x1146, 0x1126, 0x1126, 0x1146, 0x1126, 0x1146, 0x1146, 0x1146, 0x1126, 0x1126, 0x1126, 0x1146, 0x1126, 0x1146,
  0x1146, 0x1126, 0x1126, 0x1146, 0x1126, 0x1146, 0x1146, 0x1146, 0x1126, 0x1146, 0x1146, 0x1146, 0x1126, 0x1126, 0x1126, 0x1146,
  0x1146, 0x1146, 0x1146, 0x1126, 0x1146, 0x1126, 0x1146, 0x1126, 0x1126, 0x1126, 0x1146, 0x1146, 0x1126, 0x1146, 0x1126, 0x1126,
  0x1146, 0x1126, 0x1146, 0x1126, 0x1126, 0x1126, 0x1126, 0x1146, 0x1146, 0x1146, 0x1146, 0x1146, 0x1146, 0x1146, 0x1146, 0x1146,
  0x1146, 0x1146, 0x1146, 0x1146, 0x1146, 0x1146, 0x1146, 0x1146, 0x1146, 0x1146, 0x1146, 0x1146, 0x1146, 0x1146, 0x1146, 0x1166,
  0x1146, 0x1166, 0x1166, 0x1166, 0x1166, 0x1166, 0x1166, 0x1166, 0x1166, 0x1166, 0x1166, 0x1166, 0x1166, 0x1166, 0x1166, 0x1166,
  0x1166, 0x1166, 0x1166, 0x1166, 0x1166, 0x1166, 0x1166, 0x1166, 0x1166, 0x1166, 0x1166, 0x1166, 0x1166, 0x1166, 0x1166, 0x1166,
  0x1166, 0x1166, 0x1166, 0x1166, 0x1166, 0x1166, 0x1166, 0x1166, 0x1166, 0x1167, 0x1167, 0x1166, 0x1166, 0x1167, 0x1166, 0x1167,
  0x1167, 0x1167, 0x1167, 0x1166, 0x1166, 0x1166, 0x1166, 0x1166, 0x1166, 0x1166, 0x1166, 0x1166, 0x1166, 0x1166, 0x1166, 0x1166,
  0x1166, 0x1166, 0x1166, 0x1166, 0x1166, 0x1166, 0x1166, 0x1166, 0x1166, 0x1166, 0x1166, 0x1166, 0x1166, 0x1146, 0x1166, 0x1146,
  0x1146, 0x1166, 0x1146, 0x1146, 0x1146, 0x1146, 0x1146, 0x1146, 0x1146, 0x1146, 0x1146, 0x1146, 0x1146, 0x1146, 0x1146, 0x1146,
  0x1146, 0x1146, 0x1146, 0x1126, 0x1146, 0x1146, 0x1146, 0x1146, 0x1126, 0x1146, 0x1146, 0x08E5, 0x45CF, 0x2288, 0x0823, 0x10A4,
  0x10A4, 0x10C4, 0x0022, 0xAD76, 0xFFFF, 0xE73C, 0xAD76, 0xAD96, 0xAD96, 0xAD96, 0xAD96, 0xAD76, 0xA514, 0x6B6E, 0x73D0, 0xF7BF,
  0xFFFF, 0xAD56, 0x634E, 0x73AF, 0x6B6E, 0x7BD0, 0xF7BE, 0xFFFF, 0xFFFF, 0xFFFF, 0xE73C, 0xAD76, 0xAD55, 0x2146, 0x0863, 0x52CC,
  0x6B6E, 0xA515, 0xFFFF, 0xFFDF, 0xFFDF, 0xFFFF, 0xCE59, 0xAD55, 0xB596, 0xAD76, 0xAD76, 0x7BD0, 0x6B6E, 0x738F, 0x738F, 0x738F,
  0x6B8F, 0x7BD0, 0xB596, 0xB596, 0x4A6B, 0x0883, 0x18E5, 0x0883, 0x2967, 0xF79E, 0xFFFF, 0xFFDF, 0xFFFF, 0xDEFC, 0xAD55, 0xB596,
  0xB596, 0xB596, 0xB596, 0xAD55, 0xCE7A, 0xFFFF, 0xEF7E, 0x7C11, 0x634E, 0xDF1C, 0xFFFF, 0xFFDF, 0xFFFF, 0xE71C, 0x2146, 0x10A4,
  0x10A4, 0x10A4, 0x10A4, 0x10A4, 0x10C4, 0x0024, 0x9485, 0x6386, 0x00C6, 0x1146, 0x1146, 0x1146, 0x1126, 0x1126, 0x1126, 0x1126,
  0x1126, 0x1126, 0x1126, 0x1126, 0x1126, 0x1126, 0x1146, 0x1126, 0x1126, 0x1126, 0x1126, 0x1146, 0x1146, 0x1126, 0x1126, 0x1126,
  0x1126, 0x1126, 0x1126, 0x1146, 0x1126, 0x1126, 0x1126, 0x1146, 0x1126, 0x1146, 0x1126, 0x1126, 0x1126, 0x1126, 0x1146, 0x1126,
  0x1126, 0x1126, 0x1126, 0x1126, 0x1126, 0x1126, 0x1126, 0x1146, 0x1146, 0x1146, 0x1126, 0x1126, 0x1126, 0x1126, 0x1126, 0x1146,
  0x1126, 0x1126, 0x1126, 0x1126, 0x1126, 0x1126, 0x1146, 0x1126, 0x1146, 0x1126, 0x1126, 0x1126, 0x1126, 0x1146, 0x1126, 0x1126,
  0x1126, 0x1146, 0x1126, 0x1126, 0x1126, 0x1126, 0x1126, 0x1126, 0x1126, 0x1146, 0x1146, 0x1126, 0x1126, 0x1146, 0x1126, 0x1126,
  0x1126, 0x1146, 0x1126, 0x1126, 0x1126, 0x1126, 0x1126, 0x1146, 0x1146, 0x1126, 0x1146, 0x1126, 0x1146, 0x1146, 0x1146, 0x1146,
  0x1146, 0x1146, 0x1146, 0x1146, 0x1146, 0x1146, 0x1146, 0x1146, 0x1146, 0x1146, 0x1146, 0x1146, 0x1146, 0x1146, 0x1146, 0x1146,
  0x1146, 0x1166, 0x1166, 0x1166, 0x1146, 0x1166, 0x1166, 0x1166, 0x1166, 0x1166, 0x1166, 0x1166, 0x1166, 0x1166, 0x1166, 0x1166,
  0x1166, 0x1166, 0x1166, 0x1166, 0x1166, 0x1166, 0x1166, 0x1166, 0x1166, 0x1166, 0x1166, 0x1166, 0x1166, 0x1166, 0x1166, 0x1166,
  0x1166, 0x1166, 0x1166, 0x1166, 0x1166, 0x1166, 0x1166, 0x1167, 0x1166, 0x1166, 0x1166, 0x1166, 0x1166, 0x1166, 0x1166, 0x1166,
  0x1166, 0x1166, 0x1166, 0x1166, 0x1166, 0x1166, 0x1166, 0x1166, 0x1166, 0x1166, 0x1166, 0x1166, 0x1166, 0x1166, 0x1166, 0x1166,
  0x1166, 0x1166, 0x1166, 0x1166, 0x1166, 0x1166, 0x1166, 0x1166, 0x1166, 0x1146, 0x1166, 0x1146, 0x1146, 0x1166, 0x1146, 0x1146,
  0x1146, 0x1146, 0x1146, 0x1146, 0x1146, 0x1146, 0x1146, 0x1146, 0x1146, 0x1146, 0x1146, 0x1146, 0x1146, 0x1146, 0x1146, 0x1146,
  0x1146, 0x1146, 0x1146, 0x1146, 0x1146, 0x1146, 0x1146, 0x1146, 0x1126, 0x1126, 0x1146, 0x08C5, 0x45CF, 0x2288, 0x0843, 0x10A4,
  0x10A4, 0x10C4, 0x0022, 0xAD76, 0xFFFF, 0xBDD7, 0x0022, 0x0863, 0x0843, 0x0043, 0x0883, 0x0002, 0x6B4E, 0xFFFF, 0xFFFF, 0xFFFF,
  0xFFFF, 0xFFFF, 0xFFFF, 0xFFFF, 0xFFFF, 0xFFFF, 0xFFFF, 0xFFFF, 0xFFFF, 0xFFFF, 0xB597, 0x0002, 0x0883, 0x1084, 0x0022, 0xBDD7,
  0xFFFF, 0xFFFF, 0xFFFF, 0xFFFF, 0xFFFF, 0xFFFF, 0x5AED, 0x0001, 0x0883, 0x0022, 0x2126, 0xFFDF, 0xFFFF, 0xFFFF, 0xFFFF, 0xFFFF,
  0xFFFF, 0xF7BE, 0x10C5, 0x0042, 0x0883, 0x0884, 0x1084, 0x0883, 0x2967, 0xF7BE, 0xFFFF, 0xFFDF, 0xFFFF, 0xA535, 0x0001, 0x0884,
  0x0863, 0x0863, 0x0884, 0x0001, 0x6B6F, 0xFFFF, 0xFFFF, 0xFFFF, 0xFFFF, 0xFFFF, 0xFFFF, 0xFFFF, 0xFFFF, 0xE73C, 0x2126, 0x0883,
  0x10A4, 0x10A4, 0x10A4, 0x10A4, 0x10C4, 0x0024, 0x9484, 0x6386, 0x00C6, 0x1146, 0x1126, 0x1146, 0x1126, 0x1126, 0x1126, 0x1126,
  0x1126, 0x1126, 0x1126, 0x1126, 0x1126, 0x1126, 0x1126, 0x1126, 0x1126, 0x1126, 0x1126, 0x1126, 0x1126, 0x1126, 0x1126, 0x1126,
  0x1126, 0x1126, 0x1126, 0x1126, 0x1126, 0x1126, 0x1126, 0x1126, 0x1126, 0x1126, 0x1126, 0x1126, 0x1126, 0x1126, 0x1126, 0x1126,
  0x1126, 0x1126, 0x1126, 0x1126, 0x1126, 0x1126, 0x1126, 0x1126, 0x1126, 0x1126, 0x1126, 0x1126, 0x1126, 0x1126, 0x1126, 0x1126,
  0x1126, 0x1126, 0x1126, 0x1126, 0x1126, 0x1126, 0x1126, 0x1126, 0x1126, 0x1126, 0x1126, 0x1126, 0x1126, 0x1126, 0x1126, 0x1126,
  0x1126, 0x1126, 0x1126, 0x1126, 0x1126, 0x1126, 0x1126, 0x1126, 0x1126, 0x1126, 0x1126, 0x1126, 0x1126, 0x1146, 0x1126, 0x1126,
  0x1126, 0x1126, 0x1126, 0x1126, 0x1126, 0x1126, 0x1126, 0x1126, 0x1126, 0x1126, 0x1126, 0x1126, 0x1126, 0x1146, 0x1146, 0x1146,
  0x1146, 0x1126, 0x1126, 0x1146, 0x1146, 0x1146, 0x1146, 0x1146, 0x1146, 0x1146, 0x1146, 0x1146, 0x1146, 0x1146, 0x1146, 0x1146,
  0x1146, 0x1146, 0x1166, 0x1166, 0x1146, 0x1166, 0x1166, 0x1166, 0x1166, 0x1166, 0x1166, 0x1166, 0x1166, 0x1166, 0x1166, 0x1166,
  0x1166, 0x1166, 0x1166, 0x1166, 0x1166, 0x1166, 0x1166, 0x1166, 0x1166, 0x1166, 0x1166, 0x1166, 0x1166, 0x1166, 0x1166, 0x1166,
  0x1166, 0x1166, 0x1166, 0x1166, 0x1166, 0x1166, 0x1166, 0x1166, 0x1166, 0x1166, 0x1166, 0x1166, 0x1166, 0x1166, 0x1166, 0x1166,
  0x1166, 0x1166, 0x1166, 0x1166, 0x1166, 0x1167, 0x1166, 0x1166, 0x1166, 0x1166, 0x1166, 0x1166, 0x1166, 0x1166, 0x1166, 0x1166,
  0x1166, 0x1166, 0x1166, 0x1166, 0x1166, 0x1166, 0x1166, 0x1166, 0x1166, 0x1166, 0x1146, 0x1146, 0x1166, 0x1146, 0x1146, 0x1146,
  0x1146, 0x1146, 0x1146, 0x1146, 0x1146, 0x1146, 0x1146, 0x1146, 0x1146, 0x1146, 0x1146, 0x1146, 0x1146, 0x1146, 0x1146, 0x1146,
  0x1146, 0x1146, 0x1146, 0x1146, 0x1146, 0x1146, 0x1146, 0x1146, 0x1146, 0x1126, 0x1146, 0x08C5, 0x45CF, 0x2288, 0x0823, 0x10A4,
  0x10A4, 0x10C4, 0x0022, 0xAD76, 0xFFFF, 0xBDF8, 0x0863, 0x10C4, 0x2126, 0x2146, 0x1905, 0x0022, 0x6B6E, 0xFFFF, 0xFFDF, 0xFFFF,
  0xFFFF, 0xFFDF, 0xFFDF, 0xFFDF, 0xFFFF, 0xFFFF, 0xFFFF, 0xFFFF, 0xFFFF, 0xFFFF, 0xB5B7, 0x0843, 0x18C5, 0x2126, 0x18E5, 0xB5B7,
  0xFFFF, 0xFFDF, 0xFFFF, 0xFFFF, 0xFFFF, 0xFFFF, 0x632D, 0x0042, 0x1905, 0x1906, 0x39E9, 0xEF7D, 0xFFFF, 0xFFDF, 0xFFDF, 0xFFDF,
  0xFFFF, 0xEF7D, 0x31A8, 0x2126, 0x2126, 0x2126, 0x1905, 0x0883, 0x2967, 0xF79E, 0xFFDF, 0xFFDF, 0xFFFF, 0xA555, 0x0042, 0x10C4,
  0x10A4, 0x10A4, 0x10C4, 0x0042, 0x738F, 0xFFDF, 0xF7BE, 0xFFDF, 0xFFDF, 0xFFFF, 0xFFFF, 0xFFDF, 0xFFDF, 0xDEFC, 0x2126, 0x0883,
  0x10A4, 0x10A4, 0x10A4, 0x10A4, 0x10C4, 0x0024, 0x9484, 0x6B85, 0x00C6, 0x1146, 0x1126, 0x1126, 0x1126, 0x1146, 0x1126, 0x1126,
  0x1126, 0x1126, 0x1126, 0x1126, 0x1126, 0x1126, 0x1126, 0x1126, 0x1126, 0x1126, 0x1126, 0x1126, 0x1126, 0x1126, 0x1126, 0x1126,
  0x1126, 0x1126, 0x1126, 0x1126, 0x1126, 0x1126, 0x1126, 0x1126, 0x1126, 0x1126, 0x1126, 0x1126, 0x1126, 0x1126, 0x1126, 0x1126,
  0x1126, 0x1126, 0x1126, 0x1126, 0x1126, 0x1126, 0x1126, 0x1126, 0x1126, 0x1126, 0x1126, 0x1126, 0x1126, 0x1126, 0x1126, 0x1126,
  0x1126, 0x1126, 0x1126, 0x1126, 0x1126, 0x1126, 0x1126, 0x1126, 0x1126, 0x1126, 0x1126, 0x1126, 0x1126, 0x1126, 0x1126, 0x1126,
  0x1126, 0x1126, 0x1126, 0x1126, 0x1126, 0x1126, 0x1126, 0x1126, 0x1126, 0x1126, 0x1126, 0x1126, 0x1126, 0x1126, 0x1126, 0x1126,
  0x1126, 0x1126, 0x1126, 0x1126, 0x1126, 0x1126, 0x1126, 0x1126, 0x1126, 0x1126, 0x1126, 0x1146, 0x1126, 0x1126, 0x1146, 0x1146,
  0x1146, 0x1146, 0x1126, 0x1126, 0x1146, 0x1146, 0x1146, 0x1146, 0x1146, 0x1146, 0x1146, 0x1146, 0x1146, 0x1146, 0x1146, 0x1146,
  0x1146, 0x1146, 0x1146, 0x1146, 0x1166, 0x1166, 0x1166, 0x1166, 0x1166, 0x1166, 0x1166, 0x1166, 0x1166, 0x1146, 0x1166, 0x1166,
  0x1166, 0x1166, 0x1166, 0x1166, 0x1166, 0x1166, 0x1166, 0x1166, 0x1166, 0x1166, 0x1166, 0x1166, 0x1166, 0x1166, 0x1166, 0x1166,
  0x1166, 0x1166, 0x1166, 0x1166, 0x1166, 0x1166, 0x1166, 0x1166, 0x1166, 0x1166, 0x1166, 0x1166, 0x1166, 0x1166, 0x1166, 0x1166,
  0x1166, 0x1166, 0x1166, 0x1166, 0x1166, 0x1166, 0x1166, 0x1166, 0x1166, 0x1166, 0x1166, 0x1166, 0x1166, 0x1166, 0x1166, 0x1166,
  0x1166, 0x1166, 0x1166, 0x1166, 0x1166, 0x1166, 0x1166, 0x1146, 0x1166, 0x1146, 0x1146, 0x1146, 0x1146, 0x1146, 0x1146, 0x1146,
  0x1146, 0x1146, 0x1146, 0x1146, 0x1146, 0x1146, 0x1146, 0x1146, 0x1146, 0x1146, 0x1146, 0x1146, 0x1146, 0x1146, 0x1146, 0x1146,
  0x1146, 0x1146, 0x1126, 0x1146, 0x1126, 0x1146, 0x1126, 0x1126, 0x1126, 0x1126, 0x1146, 0x08C5, 0x45CF, 0x2288, 0x0843, 0x10A4,
  0x10A4, 0x10C4, 0x0022, 0xAD76, 0xFFFF, 0xBDF8, 0x0843, 0x2126, 0xD6BB, 0xEF7E, 0x73AF, 0x0001, 0x6B8F, 0xFFFF, 0xFFFF, 0xFFDF,
  0xFFFF, 0x8431, 0x18C4, 0x73CF, 0xFFFF, 0xFFDF, 0xFFFF, 0xFFFF, 0xFFDF, 0xFFFF, 0xB5B7, 0x0022, 0x2987, 0xDEFB, 0xEF7D, 0xFFDF,
  0xFFFF, 0xFFFF, 0xFFFF, 0xFFFF, 0xFFDF, 0xFFFF, 0x632E, 0x0001, 0x6B6E, 0xEF7E, 0xEF7D, 0xFFDF, 0xFFFF, 0x7BD0, 0x18C3, 0x8C52,
  0xFFFF, 0xFFFF, 0xEF7D, 0xEF7D, 0xEF5D, 0xEF7E, 0xA535, 0x0863, 0x10C4, 0x2946, 0x2126, 0xBDD7, 0xFFFF, 0xA535, 0x0043, 0x10C5,
  0x10A4, 0x10A4, 0x10A4, 0x10A4, 0x1905, 0x2967, 0x2967, 0x2967, 0x2106, 0xCE7A, 0xFFFF, 0xAD76, 0x1905, 0x2967, 0x10A4, 0x10A4,
  0x10A4, 0x10A4, 0x10A4, 0x10A4, 0x10C4, 0x0024, 0x9484, 0x6B85, 0x00C6, 0x1146, 0x1126, 0x1126, 0x1126, 0x1126, 0x1126, 0x1126,
  0x1126, 0x1126, 0x1126, 0x1126, 0x1126, 0x1126, 0x1126, 0x1126, 0x1126, 0x1126, 0x1126, 0x1126, 0x1126, 0x1126, 0x1126, 0x1126,
  0x1126, 0x1126, 0x1126, 0x1126, 0x1126, 0x1126, 0x1126, 0x1126, 0x1126, 0x1126, 0x1126, 0x1126, 0x1126, 0x1126, 0x1126, 0x1126,
  0x1126, 0x1126, 0x1126, 0x1126, 0x1126, 0x1126, 0x1126, 0x1126, 0x1126, 0x1126, 0x1126, 0x1126, 0x1126, 0x1126, 0x1126, 0x1126,
  0x1126, 0x1126, 0x1126, 0x1126, 0x1126, 0x1126, 0x1126, 0x1126, 0x1126, 0x1126, 0x1126, 0x1126, 0x1126, 0x1126, 0x1126, 0x1126,
  0x1126, 0x1126, 0x1126, 0x1126, 0x1126, 0x1126, 0x1126, 0x1126, 0x1126, 0x1126, 0x1126, 0x1126, 0x1126, 0x1126, 0x1126, 0x1126,
  0x1126, 0x1126, 0x1126, 0x1126, 0x1126, 0x1126, 0x1126, 0x1126, 0x1126, 0x1126, 0x1126, 0x1126, 0x1126, 0x1126, 0x1146, 0x1146,
  0x1146, 0x1146, 0x1146, 0x1146, 0x1126, 0x1126, 0x1146, 0x1146, 0x1146, 0x1146, 0x1146, 0x1146, 0x1146, 0x1146, 0x1146, 0x1146,
  0x1146, 0x1146, 0x1146, 0x1146, 0x1146, 0x1166, 0x1146, 0x1146, 0x1166, 0x1146, 0x1146, 0x1166, 0x1146, 0x1146, 0x1166, 0x1166,
  0x1166, 0x1166, 0x1166, 0x1166, 0x1166, 0x1166, 0x1166, 0x1166, 0x1166, 0x1166, 0x1166, 0x1166, 0x1166, 0x1166, 0x1166, 0x1166,
  0x1166, 0x1166, 0x1166, 0x1166, 0x1166, 0x1166, 0x1166, 0x1166, 0x1166, 0x1166, 0x1166, 0x1166, 0x1167, 0x1166, 0x1166, 0x1166,
  0x1166, 0x1166, 0x1166, 0x1166, 0x1166, 0x1166, 0x1166, 0x1166, 0x1166, 0x1166, 0x1166, 0x1166, 0x1166, 0x1166, 0x1166, 0x1166,
  0x1166, 0x1166, 0x1166, 0x1166, 0x1166, 0x1166, 0x1166, 0x1146, 0x1146, 0x1146, 0x1166, 0x1146, 0x1146, 0x1146, 0x1146, 0x1146,
  0x1146, 0x1146, 0x1146, 0x1146, 0x1146, 0x1146, 0x1146, 0x1146, 0x1146, 0x1146, 0x1146, 0x1146, 0x1146, 0x1146, 0x1146, 0x1126,
  0x1146, 0x1146, 0x1126, 0x1146, 0x1126, 0x1126, 0x1126, 0x1126, 0x1146, 0x1126, 0x1146, 0x08C5, 0x4DAF, 0x2A88, 0x0843, 0x10A4,
  0x10A4, 0x10C4, 0x0022, 0xAD76, 0xFFFF, 0xBDF8, 0x0043, 0x2126, 0xE75D, 0xFFFF, 0x73D0, 0x0000, 0x6B4E, 0xFFFF, 0xFFFF, 0xFFFF,
  0xFFFF, 0x738F, 0x0000, 0x632D, 0xFFFF, 0xFFFF, 0xFFFF, 0xFFFF, 0xFFFF, 0xFFFF, 0xBDD7, 0x0001, 0x2146, 0xEF7E, 0xFFFF, 0xFFFF,
  0xFFFF, 0xFFFF, 0xFFFF, 0xFFFF, 0xFFFF, 0xFFFF, 0x6B4E, 0x0001, 0x73AF, 0xFFFF, 0xFFFF, 0xFFDF, 0xFFFF, 0x632D, 0x0000, 0x73AF,
  0xFFFF, 0xFFFF, 0xFFFF, 0xFFFF, 0xFFFF, 0xFFFF, 0xB596, 0x0863, 0x10A4, 0x0883, 0x0043, 0xAD96, 0xFFFF, 0x9D14, 0x0001, 0x0863,
  0x0863, 0x0863, 0x0863, 0x0863, 0x0043, 0x0022, 0x0022, 0x0042, 0x0001, 0xCE79, 0xFFFF, 0xA535, 0x0001, 0x0843, 0x10A4, 0x10A4,
  0x10A4, 0x10A4, 0x10A4, 0x10A4, 0x10C4, 0x0024, 0x9484, 0x6B85, 0x00C6, 0x1146, 0x1126, 0x1126, 0x1126, 0x1126, 0x1126, 0x1126,
  0x1126, 0x1126, 0x1126, 0x1126, 0x1126, 0x1126, 0x1126, 0x1126, 0x1126, 0x1126, 0x1126, 0x1126, 0x1126, 0x1126, 0x1126, 0x1126,
  0x1126, 0x1126, 0x1126, 0x1126, 0x1126, 0x1126, 0x1126, 0x1126, 0x1126, 0x1126, 0x1126, 0x1126, 0x1126, 0x1126, 0x1126, 0x1126,
  0x1126, 0x1126, 0x1126, 0x1126, 0x1126, 0x1126, 0x1126, 0x1126, 0x1126, 0x1126, 0x1126, 0x1126, 0x1126, 0x1126, 0x1126, 0x1126,
  0x1126, 0x1126, 0x1126, 0x1126, 0x1126, 0x1126, 0x1126, 0x1126, 0x1126, 0x1126, 0x1126, 0x1126, 0x1126, 0x1126, 0x1126, 0x1126,
  0x1126, 0x1126, 0x1126, 0x1126, 0x1126, 0x1126, 0x1126, 0x1126, 0x1126, 0x1126, 0x1126, 0x1126, 0x1126, 0x1126, 0x1126, 0x1126,
  0x1126, 0x1126, 0x1126, 0x1126, 0x1126, 0x1126, 0x1126, 0x1126, 0x1126, 0x1126, 0x1126, 0x1126, 0x1126, 0x1126, 0x1146, 0x1146,
  0x1146, 0x1126, 0x1146, 0x1146, 0x1146, 0x1146, 0x1146, 0x1146, 0x1146, 0x1146, 0x1146, 0x1146, 0x1146, 0x1146, 0x1146, 0x1146,
  0x1146, 0x1146, 0x1146, 0x1146, 0x1146, 0x1146, 0x1146, 0x1146, 0x1146, 0x1146, 0x1146, 0x1146, 0x1166, 0x1166, 0x1146, 0x1166,
  0x1166, 0x1146, 0x1146, 0x1166, 0x1166, 0x1166, 0x1166, 0x1166, 0x1146, 0x1166, 0x1166, 0x1166, 0x1166, 0x1166, 0x1166, 0x1166,
  0x1166, 0x1166, 0x1166, 0x1166, 0x1166, 0x1166, 0x1166, 0x1166, 0x1166, 0x1166, 0x1166, 0x1166, 0x1166, 0x1166, 0x1166, 0x1166,
  0x1166, 0x1166, 0x1166, 0x1166, 0x1166, 0x1166, 0x1166, 0x1166, 0x1166, 0x1166, 0x1166, 0x1166, 0x1166, 0x1146, 0x1166, 0x1166,
  0x1166, 0x1146, 0x1146, 0x1166, 0x1166, 0x1146, 0x1146, 0x1146, 0x1146, 0x1146, 0x1146, 0x1146, 0x1146, 0x1146, 0x1146, 0x1146,
  0x1146, 0x1146, 0x1146, 0x1146, 0x1146, 0x1146, 0x1146, 0x1146, 0x1146, 0x1146, 0x1146, 0x1146, 0x1146, 0x1146, 0x1146, 0x1146,
  0x1146, 0x1146, 0x1146, 0x1126, 0x1126, 0x1126, 0x1126, 0x1126, 0x1126, 0x1126, 0x1146, 0x08C5, 0x4DAF, 0x2A88, 0x0843, 0x10A4,
  0x10A4, 0x10C4, 0x0022, 0xAD76, 0xFFFF, 0xBDF8, 0x0043, 0x2126, 0xE71C, 0xFFDF, 0xCE59, 0x9CD3, 0xC639, 0xFFFF, 0xF7BE, 0x8452,
  0x73AF, 0x9CD4, 0x9D14, 0x9CF4, 0x7BD0, 0x7BD0, 0x7BF0, 0x7BF0, 0x7BF0, 0x73AF, 0x8C92, 0xA535, 0xAD76, 0xF7BE, 0xFFFF, 0xFFDF,
  0xFFFF, 0xDEDB, 0x73AF, 0x7BF0, 0x7BF0, 0x8411, 0x39C8, 0x0002, 0x6B6E, 0xFFDF, 0xFFDF, 0xFFFF, 0xFFFF, 0xC639, 0x9CD3, 0xCE7A,
  0xFFFF, 0xF7BE, 0x8431, 0x73AF, 0xD69A, 0xFFDF, 0xAD56, 0x0883, 0x18C5, 0x18C5, 0x10A4, 0xB5B7, 0xFFFF, 0xDEDB, 0x9CF4, 0xA535,
  0xA535, 0xA535, 0xA535, 0xA535, 0xA535, 0xA555, 0xA555, 0xA555, 0xA535, 0x94B3, 0x7BD0, 0x94B3, 0xA555, 0x94B3, 0x2106, 0x10A4,
  0x10A4, 0x10A4, 0x10A4, 0x10A4, 0x10C4, 0x0024, 0x9484, 0x6B85, 0x00C6, 0x1146, 0x1126, 0x1126, 0x1126, 0x1126, 0x1126, 0x1126,
  0x1126, 0x1126, 0x1126, 0x1126, 0x1126, 0x1126, 0x1126, 0x1126, 0x1126, 0x1126, 0x1126, 0x1126, 0x1126, 0x1126, 0x1126, 0x1126,
  0x1126, 0x1126, 0x1126, 0x1126, 0x1126, 0x1126, 0x1126, 0x1126, 0x1126, 0x1126, 0x1126, 0x1126, 0x1126, 0x1126, 0x1126, 0x1126,
  0x1126, 0x1126, 0x1126, 0x1126, 0x1126, 0x1126, 0x1126, 0x1126, 0x1126, 0x1126, 0x1126, 0x1126, 0x1126, 0x1126, 0x1126, 0x1126,
  0x1126, 0x1126, 0x1126, 0x1126, 0x1126, 0x1126, 0x1126, 0x1126, 0x1126, 0x1126, 0x1126, 0x1126, 0x1126, 0x1126, 0x1126, 0x1126,
  0x1126, 0x1126, 0x1126, 0x1126, 0x1126, 0x1126, 0x1126, 0x1126, 0x1126, 0x1126, 0x1126, 0x1126, 0x1126, 0x1126, 0x1126, 0x1126,
  0x1126, 0x1126, 0x1126, 0x1126, 0x1126, 0x1126, 0x1126, 0x1126, 0x1126, 0x1146, 0x1126, 0x1126, 0x1126, 0x1126, 0x1146, 0x1126,
  0x1126, 0x1126, 0x1126, 0x1146, 0x1126, 0x1126, 0x1126, 0x1146, 0x1146, 0x1146, 0x1146, 0x1146, 0x1146, 0x1146, 0x1146, 0x1146,
  0x1146, 0x1146, 0x1146, 0x1146, 0x1146, 0x1146, 0x1146, 0x1146, 0x1146, 0x1146, 0x1146, 0x1146, 0x1166, 0x1146, 0x1146, 0x1146,
  0x1146, 0x1146, 0x1166, 0x1146, 0x1146, 0x1166, 0x1146, 0x1166, 0x1146, 0x1146, 0x1146, 0x1166, 0x1166, 0x1166, 0x1166, 0x1146,
  0x1166, 0x1166, 0x1166, 0x1166, 0x1166, 0x1166, 0x1166, 0x1166, 0x1166, 0x1166, 0x1166, 0x1166, 0x1166, 0x1166, 0x1166, 0x1166,
  0x1166, 0x1166, 0x1166, 0x1166, 0x1166, 0x1166, 0x1166, 0x1166, 0x1166, 0x1166, 0x1166, 0x1166, 0x1146, 0x1166, 0x1166, 0x1166,
  0x1166, 0x1166, 0x1146, 0x1146, 0x1146, 0x1146, 0x1146, 0x1146, 0x1146, 0x1146, 0x1146, 0x1146, 0x1146, 0x1146, 0x1146, 0x1146,
  0x1146, 0x1146, 0x1146, 0x1146, 0x1146, 0x1146, 0x1146, 0x1146, 0x1146, 0x1146, 0x1146, 0x1146, 0x1146, 0x1146, 0x1146, 0x1126,
  0x1126, 0x1126, 0x1146, 0x1126, 0x1126, 0x1126, 0x1126, 0x1126, 0x1126, 0x1126, 0x1146, 0x08C5, 0x4DAF, 0x2A88, 0x0843, 0x10A4,
  0x10A4, 0x10C4, 0x0002, 0xB5B7, 0xFFFF, 0xC659, 0x0043, 0x2146, 0xF7BE, 0xFFFF, 0xFFFF, 0xFFFF, 0xFFFF, 0xFFFF, 0xFFFF, 0x2106,
  0x0001, 0xB5B7, 0xFFFF, 0xC639, 0x0002, 0x0022, 0x0001, 0x0000, 0x0022, 0x0000, 0x632D, 0xFFFF, 0xFFFF, 0xFFFF, 0xFFFF, 0xFFFF,
  0xFFFF, 0xC638, 0x0000, 0x0042, 0x0001, 0x0000, 0x0863, 0x0043, 0x73AF, 0xFFFF, 0xFFFF, 0xFFFF, 0xFFFF, 0xFFFF, 0xFFFF, 0xFFFF,
  0xFFFF, 0xEF5D, 0x10A4, 0x0001, 0xBDF8, 0xFFFF, 0xAD76, 0x0001, 0x0022, 0x0022, 0x0001, 0xB596, 0xFFFF, 0xFFFF, 0xFFFF, 0xFFFF,
  0xFFFF, 0xFFFF, 0xFFFF, 0xFFFF, 0xFFFF, 0xFFFF, 0xFFFF, 0xFFFF, 0xFFFF, 0x52CC, 0x0000, 0x738F, 0xFFFF, 0xEF5D, 0x10C4, 0x0002,
  0x0884, 0x10A4, 0x10A4, 0x10A4, 0x10C4, 0x0024, 0x9C84, 0x6B85, 0x00C6, 0x1146, 0x1126, 0x1126, 0x1126, 0x1126, 0x1126, 0x1126,
  0x1126, 0x1126, 0x1126, 0x1126, 0x1126, 0x1126, 0x1126, 0x1126, 0x1126, 0x1126, 0x1126, 0x1126, 0x1126, 0x1126, 0x1126, 0x1126,
  0x1126, 0x1126, 0x1126, 0x1126, 0x1126, 0x1126, 0x1126, 0x1126, 0x1126, 0x1126, 0x1126, 0x1126, 0x1126, 0x1126, 0x1126, 0x1126,
  0x1126, 0x1126, 0x1126, 0x1126, 0x1126, 0x1126, 0x1126, 0x1126, 0x1126, 0x1126, 0x1126, 0x1126, 0x1126, 0x1126, 0x1126, 0x1126,
  0x1126, 0x1126, 0x1126, 0x1126, 0x1126, 0x1126, 0x1126, 0x1126, 0x1126, 0x1126, 0x1126, 0x1126, 0x1126, 0x1126, 0x1126, 0x1126,
  0x1126, 0x1126, 0x1126, 0x1126, 0x1126, 0x1126, 0x1126, 0x1126, 0x1126, 0x1126, 0x1126, 0x1126, 0x1126, 0x1126, 0x1126, 0x1126,
  0x1126, 0x1126, 0x1126, 0x1126, 0x1126, 0x1126, 0x1126, 0x1126, 0x1126, 0x1126, 0x1126, 0x1126, 0x1126, 0x1126, 0x1126, 0x1126,
  0x1126, 0x1126, 0x1126, 0x1126, 0x1126, 0x1126, 0x1126, 0x1126, 0x1146, 0x1146, 0x1146, 0x1146, 0x1146, 0x1146, 0x1146, 0x1146,
  0x1146, 0x1146, 0x1146, 0x1146, 0x1146, 0x1146, 0x1146, 0x1146, 0x1146, 0x1146, 0x1146, 0x1146, 0x1146, 0x1146, 0x1146, 0x1146,
  0x1146, 0x1146, 0x1146, 0x1146, 0x1166, 0x1146, 0x1146, 0x1146, 0x1146, 0x1146, 0x1146, 0x1146, 0x1146, 0x1166, 0x1166, 0x1166,
  0x1146, 0x1146, 0x1146, 0x1146, 0x1166, 0x1166, 0x1166, 0x1166, 0x1166, 0x1166, 0x1166, 0x1166, 0x1166, 0x1166, 0x1166, 0x1166,
  0x1166, 0x1166, 0x1166, 0x1166, 0x1166, 0x1166, 0x1166, 0x1166, 0x1146, 0x1166, 0x1146, 0x1166, 0x1146, 0x1166, 0x1166, 0x1146,
  0x1146, 0x1146, 0x1146, 0x1146, 0x1146, 0x1146, 0x1146, 0x1146, 0x1146, 0x1146, 0x1146, 0x1146, 0x1146, 0x1146, 0x1146, 0x1146,
  0x1146, 0x1146, 0x1146, 0x1146, 0x1146, 0x1146, 0x1146, 0x1146, 0x1126, 0x1146, 0x1126, 0x1126, 0x1126, 0x1126, 0x1126, 0x1126,
  0x1126, 0x1146, 0x1126, 0x1126, 0x1126, 0x1126, 0x1126, 0x1126, 0x1126, 0x1126, 0x1146, 0x08C5, 0x4DAE, 0x2A88, 0x0843, 0x10A4,
  0x10A4, 0x10C4, 0x0042, 0x8431, 0xBDF8, 0x8C93, 0x0863, 0x2106, 0xAD76, 0xBDF8, 0xBDF8, 0xBDD7, 0xBDF8, 0xBDF8, 0xB5B7, 0x2946,
  0x0883, 0x8411, 0xBDF8, 0x8C52, 0x10A4, 0x18E5, 0x5AEC, 0x632D, 0x31C8, 0x0042, 0x6B6E, 0xFFDF, 0xFFDF, 0xFFFF, 0xFFFF, 0xD6BA,
  0xBDD8, 0x9493, 0x0863, 0x2126, 0x5AED, 0x632D, 0x2987, 0x0022, 0x52CC, 0xBDF8, 0xC618, 0xFFDF, 0xFFFF, 0xD6BA, 0xAD96, 0xDEDB,
  0xFFFF, 0xEF7D, 0x2146, 0x1084, 0x8C72, 0xBDD7, 0x9D14, 0x5AEC, 0x630D, 0x630D, 0x5AED, 0xCE7A, 0xFFFF, 0xE73C, 0xB5B7, 0xBDD7,
  0xBDD7, 0xBDD8, 0xBDD8, 0xB5B7, 0xD6BB, 0xFFFF, 0xFFDF, 0xFFDF, 0xFFDF, 0x9CD4, 0x52AB, 0xA555, 0xFFDF, 0xE73D, 0x6B4E, 0x5AED,
  0x2967, 0x0883, 0x10A4, 0x10A4, 0x10C4, 0x0024, 0x9C84, 0x6B85, 0x00A6, 0x1146, 0x1126, 0x1126, 0x1126, 0x1126, 0x1126, 0x1126,
  0x1126, 0x1126, 0x1126, 0x1126, 0x1126, 0x1126, 0x1126, 0x1126, 0x1126, 0x1126, 0x1126, 0x1126, 0x1126, 0x1126, 0x1126, 0x1126,
  0x1126, 0x1126, 0x1126, 0x1126, 0x1126, 0x1126, 0x1126, 0x1126, 0x1126, 0x1126, 0x1126, 0x1126, 0x1126, 0x1126, 0x1126, 0x1126,
  0x1126, 0x1126, 0x1126, 0x1126, 0x1126, 0x1126, 0x1126, 0x1126, 0x1126, 0x1126, 0x1126, 0x1126, 0x1126, 0x1126, 0x1126, 0x1126,
  0x1126, 0x1126, 0x1126, 0x1126, 0x1126, 0x1126, 0x1126, 0x1126, 0x1126, 0x1126, 0x1126, 0x1126, 0x1126, 0x1126, 0x1126, 0x1126,
  0x1126, 0x1126, 0x1126, 0x1126, 0x1126, 0x1126, 0x1126, 0x1126, 0x1126, 0x1126, 0x1126, 0x1126, 0x1126, 0x1126, 0x1126, 0x1126,
  0x1126, 0x1126, 0x1126, 0x1126, 0x1126, 0x1126, 0x1126, 0x1126, 0x1126, 0x1126, 0x1126, 0x1126, 0x1126, 0x1126, 0x1126, 0x1126,
  0x1126, 0x1126, 0x1146, 0x1126, 0x1126, 0x1126, 0x1146, 0x1126, 0x1126, 0x1126, 0x1126, 0x1146, 0x1126, 0x1146, 0x1146, 0x1146,
  0x1146, 0x1146, 0x1146, 0x1146, 0x1146, 0x1146, 0x1146, 0x1146, 0x1146, 0x1146, 0x1146, 0x1146, 0x1146, 0x1146, 0x1146, 0x1146,
  0x1146, 0x1146, 0x1146, 0x1146, 0x1146, 0x1146, 0x1146, 0x1146, 0x1146, 0x1146, 0x1146, 0x1146, 0x1146, 0x1146, 0x1146, 0x1166,
  0x1146, 0x1166, 0x1146, 0x1146, 0x1146, 0x1146, 0x1146, 0x1146, 0x1146, 0x1146, 0x1166, 0x1166, 0x1166, 0x1166, 0x1166, 0x1166,
  0x1166, 0x1166, 0x1166, 0x1166, 0x1166, 0x1146, 0x1146, 0x1166, 0x1166, 0x1146, 0x1146, 0x1146, 0x1166, 0x1146, 0x1146, 0x1146,
  0x1146, 0x1146, 0x1146, 0x1146, 0x1146, 0x1146, 0x1146, 0x1146, 0x1146, 0x1146, 0x1146, 0x1146, 0x1146, 0x1146, 0x1146, 0x1146,
  0x1146, 0x1146, 0x1146, 0x1146, 0x1146, 0x1146, 0x1146, 0x1146, 0x1146, 0x1146, 0x1126, 0x1126, 0x1126, 0x1126, 0x1126, 0x1146,
  0x1126, 0x1126, 0x1126, 0x1126, 0x1126, 0x1126, 0x1126, 0x1126, 0x1126, 0x1126, 0x1146, 0x08C5, 0x4DAE, 0x2A88, 0x0843, 0x10A4,
  0x10A4, 0x10A4, 0x10A4, 0x0863, 0x0042, 0x0843, 0x0884, 0x0883, 0x0042, 0x0042, 0x0042, 0x0042, 0x0042, 0x0042, 0x0042, 0x0883,
  0x0884, 0x0863, 0x0042, 0x0863, 0x0884, 0x2126, 0xFFDF, 0xFFFF, 0x738F, 0x0000, 0x6B4E, 0xFFFF, 0xFFFF, 0xFFFF, 0xFFFF, 0x632E,
  0x0001, 0x0883, 0x0043, 0x31A8, 0xFFFF, 0xFFFF, 0x6B4E, 0x0022, 0x10A4, 0x0022, 0x2126, 0xEF7D, 0xFFFF, 0x632E, 0x0000, 0x73B0,
  0xFFFF, 0xEF5D, 0x1905, 0x0863, 0x0884, 0x0001, 0x73AF, 0xFFFF, 0xFFFF, 0xFFFF, 0xFFFF, 0xFFFF, 0xFFFF, 0xA535, 0x0001, 0x0863,
  0x0042, 0x0042, 0x0863, 0x0001, 0x6B6E, 0xFFFF, 0xFFDF, 0xFFFF, 0xFFFF, 0xFFFF, 0xFFFF, 0xFFFF, 0xFFFF, 0xFFFF, 0xFFFF, 0xFFFF,
  0x5B0D, 0x0022, 0x10C4, 0x10A4, 0x10C4, 0x0024, 0x9C84, 0x6B85, 0x00A6, 0x1146, 0x1126, 0x1126, 0x1126, 0x1126, 0x1126, 0x1126,
  0x1126, 0x1126, 0x1126, 0x1126, 0x1126, 0x1126, 0x1126, 0x1126, 0x1126, 0x1126, 0x1126, 0x1126, 0x1126, 0x1126, 0x1126, 0x1126,
  0x1126, 0x1126, 0x1126, 0x1126, 0x1126, 0x1126, 0x1126, 0x1126, 0x1126, 0x1126, 0x1126, 0x1126, 0x1126, 0x1126, 0x1126, 0x1126,
  0x1126, 0x1126, 0x1126, 0x1126, 0x1126, 0x1126, 0x1126, 0x1126, 0x1126, 0x1126, 0x1126, 0x1126, 0x1126, 0x1126, 0x1126, 0x1126,
  0x1126, 0x1126, 0x1126, 0x1126, 0x1126, 0x1126, 0x1126, 0x1126, 0x1126, 0x1126, 0x1126, 0x1126, 0x1126, 0x1126, 0x1126, 0x1126,
  0x1126, 0x1126, 0x1126, 0x1126, 0x1126, 0x1126, 0x1126, 0x1126, 0x1126, 0x1126, 0x1126, 0x1126, 0x1126, 0x1126, 0x1126, 0x1126,
  0x1126, 0x1126, 0x1126, 0x1126, 0x1126, 0x1126, 0x1126, 0x1126, 0x1126, 0x1126, 0x1126, 0x1126, 0x1126, 0x1126, 0x1126, 0x1126,
  0x1126, 0x1126, 0x1126, 0x1126, 0x1126, 0x1126, 0x1126, 0x1126, 0x1126, 0x1126, 0x1126, 0x1126, 0x1126, 0x1146, 0x1146, 0x1146,
  0x1146, 0x1146, 0x1146, 0x1146, 0x1146, 0x1146, 0x1146, 0x1146, 0x1146, 0x1146, 0x1146, 0x1146, 0x1146, 0x1146, 0x1146, 0x1146,
  0x1146, 0x1146, 0x1146, 0x1146, 0x1146, 0x1146, 0x1146, 0x1146, 0x1146, 0x1146, 0x1146, 0x1146, 0x1146, 0x1146, 0x1146, 0x1146,
  0x1146, 0x1146, 0x1146, 0x1146, 0x1146, 0x1146, 0x1146, 0x1146, 0x1166, 0x1146, 0x1166, 0x1166, 0x1166, 0x1166, 0x1166, 0x1166,
  0x1166, 0x1146, 0x1146, 0x1146, 0x1146, 0x1146, 0x1146, 0x1146, 0x1146, 0x1146, 0x1166, 0x1146, 0x1146, 0x1146, 0x1146, 0x1146,
  0x1146, 0x1146, 0x1146, 0x1146, 0x1146, 0x1146, 0x1146, 0x1146, 0x1146, 0x1146, 0x1146, 0x1146, 0x1146, 0x1146, 0x1146, 0x1146,
  0x1146, 0x1146, 0x1146, 0x1146, 0x1126, 0x1126, 0x1126, 0x1126, 0x1126, 0x1126, 0x1126, 0x1126, 0x1126, 0x1126, 0x1126, 0x1126,
  0x1126, 0x1126, 0x1126, 0x1126, 0x1126, 0x1126, 0x1126, 0x1126, 0x1126, 0x1126, 0x1146, 0x08C5, 0x4DAE, 0x2A88, 0x0843, 0x10A4,
  0x10A4, 0x10A4, 0x10A4, 0x1905, 0x2146, 0x2146, 0x2126, 0x2126, 0x2146, 0x2146, 0x2146, 0x2146, 0x2146, 0x2146, 0x2146, 0x2126,
  0x2126, 0x2126, 0x2146, 0x1905, 0x0883, 0x2126, 0xE71C, 0xF7BE, 0x738F, 0x1083, 0x73AF, 0xFFDF, 0xF7BE, 0xFFFF, 0xFFFF, 0x7BD0,
  0x18E5, 0x2967, 0x1905, 0x4209, 0xE73C, 0xF7DF, 0x5AED, 0x0042, 0x10C5, 0x0883, 0x2987, 0xEF7D, 0xFFFF, 0x6B6E, 0x0001, 0x7BF0,
  0xFFFF, 0xEF5D, 0x3188, 0x2126, 0x1905, 0x0022, 0x73AF, 0xFFDF, 0xFFDF, 0xFFDF, 0xFFDF, 0xFFDF, 0xFFFF, 0xA555, 0x0043, 0x18E5,
  0x2126, 0x2146, 0x18E5, 0x0022, 0x738F, 0xFFFF, 0xFFDF, 0xFFDF, 0xF7BF, 0xF7BE, 0xF79E, 0xF7BE, 0xF7DF, 0xF7BE, 0xF79E, 0xF7DF,
  0x52CC, 0x0022, 0x10C4, 0x10A4, 0x10C4, 0x0024, 0x9C84, 0x6B85, 0x00A6, 0x1146, 0x1126, 0x1126, 0x1126, 0x1126, 0x1126, 0x1126,
  0x1126, 0x1126, 0x1126, 0x1126, 0x1126, 0x1126, 0x1126, 0x1126, 0x1126, 0x1126, 0x1126, 0x1126, 0x1126, 0x1126, 0x1126, 0x1126,
  0x1126, 0x1126, 0x1126, 0x1126, 0x1126, 0x1126, 0x1126, 0x1126, 0x1126, 0x1126, 0x1126, 0x1126, 0x1126, 0x1126, 0x1126, 0x1126,
  0x1126, 0x1126, 0x1126, 0x1126, 0x1126, 0x1126, 0x1126, 0x1126, 0x1126, 0x1126, 0x1126, 0x1126, 0x1126, 0x1126, 0x1126, 0x1126,
  0x1126, 0x1126, 0x1126, 0x1126, 0x1126, 0x1126, 0x1126, 0x1126, 0x1126, 0x1126, 0x1126, 0x1126, 0x1126, 0x1126, 0x1126, 0x1126,
  0x1126, 0x1126, 0x1126, 0x1126, 0x1126, 0x1126, 0x1126, 0x1126, 0x1126, 0x1126, 0x1126, 0x1126, 0x1126, 0x1126, 0x1126, 0x1126,
  0x1126, 0x1126, 0x1126, 0x1126, 0x1126, 0x1126, 0x1126, 0x1126, 0x1126, 0x1126, 0x1126, 0x1126, 0x1126, 0x1126, 0x1126, 0x1126,
  0x1126, 0x1126, 0x1126, 0x1126, 0x1126, 0x1126, 0x1126, 0x1126, 0x1126, 0x1126, 0x1126, 0x1126, 0x1126, 0x1146, 0x1146, 0x1146,
  0x1146, 0x1146, 0x1146, 0x1146, 0x1146, 0x1146, 0x1146, 0x1146, 0x1146, 0x1146, 0x1146, 0x1146, 0x1146, 0x1146, 0x1146, 0x1146,
  0x1146, 0x1146, 0x1146, 0x1146, 0x1146, 0x1146, 0x1146, 0x1146, 0x1146, 0x1146, 0x1146, 0x1146, 0x1146, 0x1146, 0x1146, 0x1146,
  0x1146, 0x1146, 0x1146, 0x1146, 0x1146, 0x1146, 0x1146, 0x1146, 0x1146, 0x1146, 0x1146, 0x1146, 0x1146, 0x1146, 0x1146, 0x1146,
  0x1166, 0x1146, 0x1146, 0x1146, 0x1146, 0x1146, 0x1146, 0x1146, 0x1146, 0x1146, 0x1146, 0x1146, 0x1146, 0x1146, 0x1146, 0x1146,
  0x1146, 0x1146, 0x1146, 0x1146, 0x1146, 0x1146, 0x1146, 0x1146, 0x1146, 0x1146, 0x1146, 0x1146, 0x1146, 0x1146, 0x1146, 0x1146,
  0x1146, 0x1146, 0x1146, 0x1146, 0x1126, 0x1146, 0x1146, 0x1146, 0x1126, 0x1126, 0x1126, 0x1126, 0x1146, 0x1126, 0x1126, 0x1126,
  0x1126, 0x1126, 0x1126, 0x1126, 0x1126, 0x1126, 0x1126, 0x1126, 0x1126, 0x1126, 0x1126, 0x08C5, 0x55AE, 0x2A88, 0x0843, 0x10A4,
  0x10A4, 0x10C4, 0x0022, 0x9CF4, 0xE73C, 0xDEFC, 0xDF1C, 0xE71C, 0xE71C, 0xE71C, 0xE71C, 0xE71C, 0xE71C, 0xE71C, 0xE71C, 0xE71C,
  0xDF1C, 0xDF1C, 0xE73C, 0x9CD4, 0x0863, 0x10C5, 0x39C8, 0x31C8, 0xAD76, 0xE71C, 0xAD76, 0x2967, 0x4A8B, 0xEF5D, 0xFFFF, 0xEF5D,
  0xDEFC, 0xE71C, 0xE71C, 0xDEDB, 0x52AB, 0x39C8, 0x2126, 0x10A4, 0x10C5, 0x0863, 0x2967, 0xEF7D, 0xFFFF, 0x6B6E, 0x0021, 0x7BF0,
  0xFFFF, 0xFFDF, 0xDF1C, 0xE71C, 0x5AEC, 0x0001, 0x73AF, 0xFFFF, 0xFFDF, 0xFFFF, 0xFFFF, 0xFFDF, 0xFFFF, 0xAD55, 0x0002, 0x31A8,
  0xD6BA, 0xE71C, 0x5ACC, 0x0001, 0x73AF, 0xFFFF, 0xEF5D, 0x4A6B, 0x31A8, 0x39E9, 0x39E9, 0x39E9, 0x39E9, 0x39E9, 0x39E9, 0x3A09,
  0x1905, 0x1084, 0x10A4, 0x10A4, 0x10C4, 0x0024, 0x9C84, 0x6B85, 0x00A6, 0x1146, 0x1126, 0x1126, 0x1126, 0x1126, 0x1126, 0x1126,
  0x1126, 0x1126, 0x1126, 0x1126, 0x1126, 0x1126, 0x1126, 0x1126, 0x1126, 0x1126, 0x1126, 0x1126, 0x1126, 0x1126, 0x1126, 0x1126,
  0x1126, 0x1126, 0x1126, 0x1126, 0x1126, 0x1126, 0x1126, 0x1126, 0x1126, 0x1126, 0x1126, 0x1126, 0x1126, 0x1126, 0x1126, 0x1126,
  0x1126, 0x1126, 0x1126, 0x1126, 0x1126, 0x1126, 0x1126, 0x1126, 0x1126, 0x1126, 0x1126, 0x1126, 0x1126, 0x1126, 0x1126, 0x1126,
  0x1126, 0x1126, 0x1126, 0x1126, 0x1126, 0x1126, 0x1126, 0x1126, 0x1126, 0x1126, 0x1126, 0x1126, 0x1126, 0x1126, 0x1126, 0x1126,
  0x1126, 0x1126, 0x1126, 0x1126, 0x1126, 0x1126, 0x1126, 0x1126, 0x1126, 0x1126, 0x1126, 0x1126, 0x1126, 0x1126, 0x1126, 0x1126,
  0x1126, 0x1126, 0x1126, 0x1126, 0x1126, 0x1126, 0x1126, 0x1126, 0x1126, 0x1126, 0x1126, 0x1126, 0x1126, 0x1126, 0x1126, 0x1126,
  0x1126, 0x1126, 0x1126, 0x1126, 0x1126, 0x1126, 0x1126, 0x1126, 0x1126, 0x1126, 0x1126, 0x1126, 0x1126, 0x1126, 0x1126, 0x1146,
  0x1146, 0x1146, 0x1126, 0x1126, 0x1146, 0x1146, 0x1146, 0x1146, 0x1146, 0x1146, 0x1146, 0x1146, 0x1146, 0x1146, 0x1146, 0x1146,
  0x1146, 0x1146, 0x1146, 0x1146, 0x1146, 0x1146, 0x1146, 0x1146, 0x1146, 0x1146, 0x1146, 0x1146, 0x1146, 0x1146, 0x1146, 0x1146,
  0x1146, 0x1146, 0x1146, 0x1146, 0x1146, 0x1146, 0x1146, 0x1146, 0x1146, 0x1146, 0x1146, 0x1146, 0x1146, 0x1146, 0x1146, 0x1146,
  0x1146, 0x1146, 0x1146, 0x1146, 0x1146, 0x1146, 0x1146, 0x1146, 0x1146, 0x1146, 0x1146, 0x1146, 0x1146, 0x1146, 0x1146, 0x1146,
  0x1146, 0x1146, 0x1146, 0x1146, 0x1146, 0x1146, 0x1146, 0x1146, 0x1146, 0x1146, 0x1146, 0x1146, 0x1146, 0x1146, 0x1146, 0x1146,
  0x1146, 0x1146, 0x1126, 0x1146, 0x1126, 0x1126, 0x1126, 0x1126, 0x1126, 0x1126, 0x1126, 0x1126, 0x1126, 0x1126, 0x1126, 0x1126,
  0x1126, 0x1126, 0x1126, 0x1126, 0x1126, 0x1126, 0x1126, 0x1126, 0x1126, 0x1126, 0x1126, 0x08C5, 0x55AE, 0x2A88, 0x0843, 0x10A4,
  0x10A4, 0x10C4, 0x0022, 0xB5B7, 0xFFFF, 0xFFFF, 0xFFFF, 0xFFFF, 0xFFFF, 0xFFFF, 0xFFFF, 0xFFFF, 0xFFFF, 0xFFFF, 0xFFFF, 0xFFFF,
  0xFFFF, 0xFFFF, 0xFFFF, 0xB596, 0x0863, 0x10A4, 0x0002, 0x0000, 0xB596, 0xFFFF, 0xB5B7, 0x0001, 0x2947, 0xFFDF, 0xFFFF, 0xFFFF,
  0xFFFF, 0xFFFF, 0xFFFF, 0xF7BE, 0x1905, 0x0000, 0x0022, 0x0042, 0x0863, 0x0883, 0x2967, 0xEF7D, 0xFFFF, 0x630D, 0x0000, 0x73AF,
  0xFFFF, 0xFFFF, 0xFFFF, 0xFFFF, 0x6B8F, 0x0000, 0x7BF0, 0xFFFF, 0xFFFF, 0xFFFF, 0xFFFF, 0xFFFF, 0xFFFF, 0xAD55, 0x0001, 0x39E9,
  0xFFFF, 0xFFFF, 0x6B4E, 0x0001, 0x73AF, 0xFFFF, 0xE73C, 0x2106, 0x0042, 0x0002, 0x0001, 0x0001, 0x0001, 0x0001, 0x0001, 0x0001,
  0x0863, 0x10A4, 0x10A4, 0x10A4, 0x10C4, 0x0024, 0x9C83, 0x6B85, 0x00A6, 0x1146, 0x1126, 0x1126, 0x1126, 0x1126, 0x1126, 0x1126,
  0x1126, 0x1126, 0x1126, 0x1126, 0x1126, 0x1126, 0x1126, 0x1126, 0x1126, 0x1126, 0x1126, 0x1126, 0x1126, 0x1126, 0x1126, 0x1126,
  0x1126, 0x1126, 0x1126, 0x1126, 0x1126, 0x1126, 0x1126, 0x1126, 0x1126, 0x1126, 0x1126, 0x1126, 0x1126, 0x1126, 0x1126, 0x1126,
  0x1126, 0x1126, 0x1126, 0x1126, 0x1126, 0x1126, 0x1126, 0x1126, 0x1126, 0x1126, 0x1126, 0x1126, 0x1126, 0x1126, 0x1126, 0x1126,
  0x1126, 0x1126, 0x1126, 0x1126, 0x1126, 0x1126, 0x1126, 0x1126, 0x1126, 0x1126, 0x1126, 0x1126, 0x1126, 0x1126, 0x1126, 0x1126,
  0x1126, 0x1126, 0x1126, 0x1126, 0x1126, 0x1126, 0x1126, 0x1126, 0x1126, 0x1126, 0x1126, 0x1126, 0x1126, 0x1126, 0x1126, 0x1126,
  0x1126, 0x1126, 0x1126, 0x1126, 0x1126, 0x1126, 0x1126, 0x1126, 0x1126, 0x1126, 0x1126, 0x1126, 0x1126, 0x1126, 0x1126, 0x1126,
  0x1126, 0x1126, 0x1126, 0x1126, 0x1126, 0x1126, 0x1126, 0x1126, 0x1126, 0x1126, 0x1126, 0x1126, 0x1126, 0x1126, 0x1126, 0x1126,
  0x1126, 0x1126, 0x1126, 0x1146, 0x1146, 0x1146, 0x1146, 0x1126, 0x1146, 0x1146, 0x1146, 0x1146, 0x1146, 0x1146, 0x1146, 0x1146,
  0x1146, 0x1146, 0x1146, 0x1146, 0x1146, 0x1146, 0x1146, 0x1146, 0x1146, 0x1146, 0x1146, 0x1146, 0x1146, 0x1146, 0x1146, 0x1146,
  0x1146, 0x1146, 0x1146, 0x1146, 0x1146, 0x1146, 0x1146, 0x1146, 0x1146, 0x1146, 0x1146, 0x1146, 0x1146, 0x1146, 0x1146, 0x1146,
  0x1146, 0x1146, 0x1146, 0x1146, 0x1146, 0x1146, 0x1146, 0x1146, 0x1146, 0x1146, 0x1146, 0x1146, 0x1146, 0x1146, 0x1146, 0x1146,
  0x1146, 0x1146, 0x1146, 0x1146, 0x1146, 0x1146, 0x1146, 0x1146, 0x1146, 0x1146, 0x1146, 0x1146, 0x1146, 0x1146, 0x1126, 0x1146,
  0x1146, 0x1126, 0x1146, 0x1146, 0x1126, 0x1146, 0x1126, 0x1126, 0x1126, 0x1126, 0x1126, 0x1126, 0x1126, 0x1126, 0x1126, 0x1126,
  0x1126, 0x1126, 0x1126, 0x1126, 0x1126, 0x1126, 0x1126, 0x1126, 0x1126, 0x1126, 0x1146, 0x08C5, 0x55AE, 0x2A88, 0x0843, 0x10A4,
  0x10A4, 0x10C4, 0x0022, 0xAD76, 0xFFFF, 0xCE7A, 0x6B6E, 0x738F, 0x73AF, 0x73AF, 0x73AF, 0x73AF, 0x73AF, 0x73AF, 0x73AF, 0x738F,
  0x6B6E, 0xC659, 0xFFFF, 0xAD56, 0x0043, 0x18E5, 0x94D3, 0xA515, 0xDF1C, 0xFFFF, 0xB5B7, 0x0863, 0x2126, 0x7BD0, 0x8411, 0x8411,
  0x73D0, 0xAD55, 0xFFFF, 0xF7BE, 0xAD76, 0xA514, 0x9D14, 0xA535, 0x73AF, 0x0843, 0x3187, 0xEF7D, 0xFFFF, 0xC618, 0x94B3, 0xCE59,
  0xFFFF, 0xF7BE, 0x8451, 0x8431, 0x3A09, 0x0863, 0x4229, 0x8431, 0x8411, 0x8411, 0x7BF0, 0xD6BA, 0xFFFF, 0xA535, 0x0022, 0x2146,
  0x7BF0, 0x8431, 0x39E9, 0x0022, 0x73AF, 0xFFFF, 0xE73C, 0x2987, 0x0863, 0x8431, 0xA535, 0x9D14, 0xA515, 0xA515, 0x9CF4, 0xA535,
  0x39E9, 0x0863, 0x10A4, 0x10A4, 0x10C4, 0x0024, 0x9C63, 0x6B85, 0x00A6, 0x1146, 0x1126, 0x1126, 0x1126, 0x1126, 0x1126, 0x1126,
  0x1126, 0x1126, 0x1126, 0x1126, 0x1126, 0x1126, 0x1126, 0x1126, 0x1126, 0x1126, 0x1126, 0x1126, 0x1126, 0x1126, 0x1126, 0x1126,
  0x1126, 0x1126, 0x1126, 0x1126, 0x1126, 0x1126, 0x1126, 0x1126, 0x1126, 0x1126, 0x1126, 0x1126, 0x1126, 0x1126, 0x1126, 0x1126,
  0x1126, 0x1126, 0x1126, 0x1126, 0x1126, 0x1126, 0x1126, 0x1126, 0x1126, 0x1126, 0x1126, 0x1126, 0x1126, 0x1126, 0x1126, 0x1126,
  0x1126, 0x1126, 0x1126, 0x1126, 0x1126, 0x1126, 0x1126, 0x1126, 0x1126, 0x1126, 0x1126, 0x1126, 0x1126, 0x1126, 0x1126, 0x1126,
  0x1126, 0x1126, 0x1126, 0x1126, 0x1126, 0x1126, 0x1126, 0x1126, 0x1126, 0x1126, 0x1126, 0x1126, 0x1126, 0x1126, 0x1126, 0x1126,
  0x1126, 0x1126, 0x1126, 0x1126, 0x1126, 0x1126, 0x1126, 0x1126, 0x1126, 0x1126, 0x1126, 0x1126, 0x1126, 0x1126, 0x1126, 0x1126,
  0x1126, 0x1126, 0x1126, 0x1126, 0x1126, 0x1126, 0x1126, 0x1126, 0x1126, 0x1126, 0x1126, 0x1126, 0x1126, 0x1126, 0x1126, 0x1126,
  0x1126, 0x1126, 0x1126, 0x1126, 0x1126, 0x1126, 0x1126, 0x1126, 0x1126, 0x1126, 0x1126, 0x1126, 0x1146, 0x1146, 0x1146, 0x1146,
  0x1146, 0x1146, 0x1146, 0x1146, 0x1146, 0x1146, 0x1146, 0x1146, 0x1146, 0x1146, 0x1146, 0x1146, 0x1146, 0x1146, 0x1146, 0x1146,
  0x1146, 0x1146, 0x1146, 0x1146, 0x1146, 0x1146, 0x1146, 0x1146, 0x1146, 0x1146, 0x1146, 0x1146, 0x1146, 0x1146, 0x1146, 0x1146,
  0x1146, 0x1146, 0x1146, 0x1146, 0x1146, 0x1146, 0x1146, 0x1146, 0x1146, 0x1146, 0x1146, 0x1146, 0x1146, 0x1146, 0x1146, 0x1146,
  0x1146, 0x1146, 0x1146, 0x1146, 0x1146, 0x1146, 0x1146, 0x1146, 0x1146, 0x1146, 0x1146, 0x1146, 0x1146, 0x1146, 0x1126, 0x1126,
  0x1126, 0x1126, 0x1126, 0x1126, 0x1126, 0x1126, 0x1126, 0x1126, 0x1126, 0x1126, 0x1126, 0x1126, 0x1126, 0x1126, 0x1126, 0x1126,
  0x1126, 0x1126, 0x1126, 0x1126, 0x1126, 0x1126, 0x1126, 0x1126, 0x1126, 0x1126, 0x1146, 0x08C5, 0x55AE, 0x2A88, 0x0843, 0x10A4,
  0x10A4, 0x10C4, 0x0022, 0xAD76, 0xFFFF, 0xAD56, 0x0001, 0x0042, 0x0001, 0x0001, 0x0001, 0x0001, 0x0001, 0x0001, 0x0001, 0x0042,
  0x0001, 0xA535, 0xFFFF, 0xAD76, 0x0042, 0x2126, 0xFFDF, 0xFFFF, 0xFFFF, 0xFFFF, 0xB596, 0x0001, 0x0863, 0x0042, 0x0042, 0x0843,
  0x0001, 0x5AEC, 0xFFFF, 0xFFFF, 0xFFFF, 0xFFFF, 0xFFFF, 0xFFFF, 0xBDF7, 0x0001, 0x2146, 0xFFDF, 0xFFFF, 0xFFFF, 0xFFFF, 0xFFFF,
  0xFFFF, 0xEF5D, 0x0863, 0x0001, 0x0022, 0x0863, 0x0022, 0x0001, 0x0001, 0x0043, 0x0002, 0xAD76, 0xFFFF, 0x9D14, 0x0001, 0x0863,
  0x0001, 0x0001, 0x0043, 0x0001, 0x6B4E, 0xFFFF, 0xE73C, 0x2126, 0x0001, 0xDEFB, 0xFFFF, 0xFFFF, 0xFFFF, 0xFFFF, 0xFFFF, 0xFFFF,
  0x630D, 0x0022, 0x10C4, 0x10A4, 0x10C4, 0x0024, 0xA463, 0x6B85, 0x00A6, 0x1126, 0x1126, 0x1126, 0x1126, 0x1126, 0x1126, 0x1126,
  0x1126, 0x1126, 0x1126, 0x1126, 0x1126, 0x1126, 0x1126, 0x1126, 0x1126, 0x1126, 0x1146, 0x1146, 0x1126, 0x1126, 0x1126, 0x1146,
  0x1146, 0x1126, 0x1126, 0x1146, 0x1146, 0x1126, 0x1126, 0x1126, 0x1126, 0x1126, 0x1146, 0x1146, 0x1126, 0x1126, 0x1126, 0x1126,
  0x1146, 0x1126, 0x1126, 0x1146, 0x1146, 0x1126, 0x1126, 0x1146, 0x1146, 0x1126, 0x1126, 0x1126, 0x1126, 0x1146, 0x1146, 0x1126,
  0x1126, 0x1146, 0x1126, 0x1126, 0x1146, 0x1126, 0x1126, 0x1126, 0x1126, 0x1126, 0x1126, 0x1126, 0x1126, 0x1126, 0x1126, 0x1126,
  0x1126, 0x1126, 0x1126, 0x1126, 0x1126, 0x1126, 0x1126, 0x1126, 0x1126, 0x1126, 0x1126, 0x1126, 0x1126, 0x1126, 0x1126, 0x1126,
  0x1126, 0x1126, 0x1126, 0x1126, 0x1126, 0x1126, 0x1126, 0x1126, 0x1126, 0x1126, 0x1126, 0x1126, 0x1126, 0x1126, 0x1126, 0x1126,
  0x1126, 0x1126, 0x1126, 0x1126, 0x1126, 0x1126, 0x1126, 0x1126, 0x1126, 0x1126, 0x1126, 0x1126, 0x1126, 0x1126, 0x1126, 0x1126,
  0x1126, 0x1126, 0x1126, 0x1126, 0x1126, 0x1126, 0x1126, 0x1126, 0x1126, 0x1126, 0x1126, 0x1126, 0x1146, 0x1126, 0x1146, 0x1146,
  0x1146, 0x1146, 0x1146, 0x1146, 0x1146, 0x1146, 0x1146, 0x1146, 0x1146, 0x1146, 0x1146, 0x1146, 0x1146, 0x1146, 0x1146, 0x1146,
  0x1146, 0x1146, 0x1146, 0x1146, 0x1146, 0x1146, 0x1146, 0x1146, 0x1146, 0x1146, 0x1146, 0x1146, 0x1146, 0x1146, 0x1146, 0x1146,
  0x1146, 0x1146, 0x1146, 0x1146, 0x1146, 0x1146, 0x1146, 0x1146, 0x1146, 0x1146, 0x1146, 0x1146, 0x1146, 0x1146, 0x1146, 0x1146,
  0x1146, 0x1146, 0x1146, 0x1146, 0x1146, 0x1146, 0x1146, 0x1146, 0x1146, 0x1146, 0x1146, 0x1146, 0x1146, 0x1146, 0x1146, 0x1126,
  0x1126, 0x1126, 0x1126, 0x1126, 0x1126, 0x1126, 0x1126, 0x1126, 0x1126, 0x1126, 0x1126, 0x1126, 0x1126, 0x1126, 0x1126, 0x1126,
  0x1126, 0x1126, 0x1126, 0x1126, 0x1126, 0x1126, 0x1126, 0x1126, 0x1126, 0x1126, 0x1126, 0x08C5, 0x55AE, 0x2A87, 0x0843, 0x10A4,
  0x10A4, 0x10C4, 0x0022, 0xAD76, 0xFFFF, 0xAD96, 0x0863, 0x18E5, 0x4A4A, 0x4A6B, 0x4A6B, 0x4A6B, 0x4A6B, 0x4A6B, 0x4A6A, 0x18E5,
  0x0863, 0xAD76, 0xFFFF, 0xAD76, 0x0042, 0x2126, 0xEF5D, 0xFFFF, 0xFFDF, 0xFFFF, 0xC639, 0x4229, 0x424A, 0x18E5, 0x10A4, 0x18C5,
  0x0043, 0x632E, 0xFFFF, 0xFFFF, 0xFFFF, 0xFFDF, 0xFFDF, 0xFFFF, 0xC639, 0x39E9, 0x5AEC, 0xCE9A, 0xD6BB, 0xD6BB, 0xD69A, 0xE73C,
  0xFFFF, 0xF79E, 0x5ACC, 0x4A6A, 0x4A6B, 0x4A4A, 0x4A6A, 0x4A6B, 0x4A6A, 0x18E5, 0x0884, 0xB5B7, 0xFFFF, 0xBDD7, 0x3A09, 0x4A6B,
  0x4A6B, 0x4A6B, 0x4A6B, 0x3A09, 0x94B3, 0xFFFF, 0xEF7D, 0x5AED, 0x3A09, 0xBDF8, 0xD69A, 0xE73C, 0xFFFF, 0xF7BE, 0xD6BA, 0xD69A,
  0x4A6B, 0x0043, 0x10A4, 0x10A4, 0x10C4, 0x0024, 0xA463, 0x6B84, 0x00A6, 0x1146, 0x1126, 0x1126, 0x1126, 0x1126, 0x1126, 0x1126,
  0x1126, 0x1126, 0x1126, 0x1126, 0x1126, 0x1126, 0x1126, 0x1126, 0x1126, 0x08E5, 0x00A4, 0x00A4, 0x0905, 0x1126, 0x00C4, 0x00A4,
  0x00A4, 0x0905, 0x0905, 0x00A4, 0x00A4, 0x0905, 0x08E5, 0x08E5, 0x1126, 0x00C4, 0x0083, 0x00C4, 0x1126, 0x08E5, 0x08E5, 0x1126,
  0x00C4, 0x0905, 0x00C4, 0x00A4, 0x00A4, 0x0905, 0x00E4, 0x0083, 0x00A4, 0x0905, 0x1126, 0x1126, 0x0905, 0x00A4, 0x00A4, 0x08E5,
  0x1125, 0x00A4, 0x1126, 0x0905, 0x00C4, 0x1126, 0x1126, 0x1126, 0x1126, 0x1126, 0x1126, 0x1126, 0x1126, 0x1125, 0x1126, 0x1126,
  0x1126, 0x1126, 0x1126, 0x1126, 0x1126, 0x1126, 0x1126, 0x1126, 0x1126, 0x1126, 0x1126, 0x1126, 0x1126, 0x1126, 0x1126, 0x1126,
  0x1126, 0x1126, 0x1126, 0x1126, 0x1126, 0x1126, 0x1126, 0x1126, 0x1126, 0x1126, 0x1126, 0x1126, 0x1126, 0x1126, 0x1126, 0x1126,
  0x1126, 0x1126, 0x1126, 0x1126, 0x1125, 0x1126, 0x1126, 0x1126, 0x1126, 0x1126, 0x1125, 0x1126, 0x1126, 0x1126, 0x1126, 0x1126,
  0x1126, 0x1126, 0x1126, 0x1126, 0x1126, 0x1126, 0x1126, 0x1126, 0x1126, 0x1126, 0x1126, 0x1126, 0x1146, 0x1146, 0x1126, 0x1146,
  0x1126, 0x1126, 0x1146, 0x1146, 0x1146, 0x1146, 0x1146, 0x1146, 0x1146, 0x1146, 0x1146, 0x1146, 0x1146, 0x1146, 0x1146, 0x1146,
  0x1146, 0x1146, 0x1146, 0x1146, 0x1146, 0x1146, 0x1146, 0x1146, 0x1146, 0x1146, 0x1146, 0x1146, 0x1146, 0x1146, 0x1146, 0x1146,
  0x1146, 0x1146, 0x1146, 0x1146, 0x1146, 0x1146, 0x1146, 0x1146, 0x1146, 0x1146, 0x1146, 0x1146, 0x1146, 0x1146, 0x1146, 0x1146,
  0x1146, 0x1146, 0x1146, 0x1146, 0x1146, 0x1146, 0x1146, 0x1146, 0x1146, 0x1146, 0x1126, 0x1146, 0x1126, 0x1126, 0x1126, 0x1126,
  0x1126, 0x1126, 0x1126, 0x1126, 0x1126, 0x1126, 0x1126, 0x1126, 0x1126, 0x1126, 0x1126, 0x1126, 0x1126, 0x1126, 0x1126, 0x1126,
  0x1126, 0x1126, 0x1126, 0x1126, 0x1126, 0x1126, 0x1126, 0x1126, 0x1126, 0x1126, 0x1126, 0x08C5, 0x55AD, 0x2A87, 0x0843, 0x10A4,
  0x10A4, 0x10C4, 0x0022, 0xAD76, 0xFFFF, 0xAD96, 0x0042, 0x2146, 0xEF7E, 0xFFFF, 0xFFFF, 0xFFFF, 0xFFFF, 0xFFFF, 0xFFDF, 0x1905,
  0x0043, 0xAD56, 0xFFFF, 0xAD76, 0x0042, 0x2126, 0xEF7D, 0xFFFF, 0xFFFF, 0xFFFF, 0xFFFF, 0xFFFF, 0xF7DF, 0x2987, 0x0863, 0x10C4,
  0x0022, 0x632D, 0xFFFF, 0xFFFF, 0xFFFF, 0xFFFF, 0xFFFF, 0xFFFF, 0xFFFF, 0xFFFF, 0xF79E, 0x2126, 0x0022, 0x0883, 0x0001, 0x73AF,
  0xFFFF, 0xFFFF, 0xFFFF, 0xFFFF, 0xFFFF, 0xFFFF, 0xFFFF, 0xFFFF, 0xFFFF, 0x2106, 0x0043, 0xB5B7, 0xFFFF, 0xFFFF, 0xFFFF, 0xFFFF,
  0xFFFF, 0xFFFF, 0xFFFF, 0xFFFF, 0xFFFF, 0xFFFF, 0xFFFF, 0xFFFF, 0xFFFF, 0x632D, 0x0000, 0x7BD0, 0xFFFF, 0xDEFC, 0x1905, 0x0043,
  0x10A4, 0x10A4, 0x10A4, 0x10A4, 0x10C4, 0x0024, 0xA463, 0x7364, 0x00A6, 0x1146, 0x1126, 0x1126, 0x1126, 0x1126, 0x1126, 0x1126,
  0x1126, 0x1126, 0x1126, 0x1126, 0x1126, 0x1126, 0x1126, 0x1126, 0x08E5, 0x4ACC, 0x9D14, 0x8CB3, 0x29E9, 0x00C4, 0x6BCF, 0x94F4,
  0x9D14, 0x29C8, 0x21A7, 0x94F4, 0x8CB3, 0x1146, 0x4AEC, 0x530D, 0x00A4, 0x532D, 0xAD96, 0x73D0, 0x08C4, 0x5B2D, 0x4AEC, 0x00C4,
  0x6BAF, 0x29E9, 0x636E, 0x9D14, 0x94D4, 0x29E9, 0x5B4E, 0xA535, 0x7C31, 0x1946, 0x1105, 0x08E5, 0x3A4A, 0x94D3, 0x94F4, 0x428B,
  0x1987, 0x7C31, 0x0905, 0x3209, 0x73F0, 0x0905, 0x1126, 0x1126, 0x1125, 0x1126, 0x1126, 0x1126, 0x1126, 0x1126, 0x1126, 0x1126,
  0x1126, 0x1125, 0x1126, 0x1126, 0x1125, 0x1125, 0x1126, 0x1126, 0x1126, 0x1125, 0x1125, 0x1126, 0x1126, 0x1126, 0x1126, 0x1126,
  0x1126, 0x1126, 0x1126, 0x1125, 0x1125, 0x1126, 0x1126, 0x1126, 0x1126, 0x1126, 0x1126, 0x1126, 0x1126, 0x1126, 0x1126, 0x1126,
  0x1126, 0x1126, 0x1126, 0x1126, 0x1126, 0x1125, 0x1126, 0x1126, 0x1126, 0x1126, 0x1126, 0x1126, 0x1126, 0x1126, 0x1126, 0x1126,
  0x1126, 0x1126, 0x1126, 0x1126, 0x1126, 0x1126, 0x1126, 0x1126, 0x1126, 0x1146, 0x1126, 0x1126, 0x1126, 0x1146, 0x1126, 0x1126,
  0x1126, 0x1126, 0x1146, 0x1146, 0x1146, 0x1146, 0x1126, 0x1146, 0x1146, 0x1146, 0x1126, 0x1146, 0x1146, 0x1146, 0x1146, 0x1146,
  0x1146, 0x1146, 0x1146, 0x1146, 0x1146, 0x1146, 0x1146, 0x1146, 0x1146, 0x1146, 0x1146, 0x1146, 0x1146, 0x1146, 0x1146, 0x1146,
  0x1146, 0x1146, 0x1146, 0x1146, 0x1146, 0x1146, 0x1146, 0x1146, 0x1146, 0x1146, 0x1146, 0x1146, 0x1146, 0x1146, 0x1146, 0x1146,
  0x1146, 0x1146, 0x1146, 0x1146, 0x1146, 0x1146, 0x1146, 0x1126, 0x1146, 0x1126, 0x1126, 0x1126, 0x1126, 0x1126, 0x1126, 0x1126,
  0x1126, 0x1126, 0x1126, 0x1126, 0x1126, 0x1126, 0x1126, 0x1126, 0x1126, 0x1126, 0x1126, 0x1126, 0x1126, 0x1126, 0x1126, 0x1126,
  0x1126, 0x1126, 0x1126, 0x1126, 0x1126, 0x1125, 0x1126, 0x1125, 0x1126, 0x1126, 0x1146, 0x08C5, 0x55AD, 0x2A87, 0x0843, 0x10A4,
  0x10A4, 0x10C4, 0x0022, 0xAD76, 0xFFFF, 0xAD96, 0x0042, 0x2146, 0xE73D, 0xFFFF, 0xFFFF, 0xFFFF, 0xFFFF, 0xFFFF, 0xF79E, 0x1905,
  0x0043, 0xAD56, 0xFFFF, 0xAD76, 0x0042, 0x2126, 0xEF7D, 0xFFFF, 0xFFFF, 0xFFFF, 0xFFFF, 0xFFFF, 0xEF9E, 0x2967, 0x0863, 0x10C4,
  0x0022, 0x632D, 0xFFFF, 0xFFFF, 0xFFFF, 0xFFFF, 0xFFFF, 0xFFFF, 0xFFFF, 0xFFFF, 0xEF7D, 0x31A8, 0x10C4, 0x1905, 0x0883, 0x7BF0,
  0xFFFF, 0xFFFF, 0xFFFF, 0xFFFF, 0xFFFF, 0xFFFF, 0xFFFF, 0xFFFF, 0xF7BE, 0x2146, 0x0884, 0xBDD7, 0xFFFF, 0xFFFF, 0xFFFF, 0xFFFF,
  0xFFFF, 0xFFFF, 0xFFFF, 0xFFFF, 0xFFFF, 0xFFFF, 0xFFFF, 0xFFFF, 0xFFFF, 0x6B6E, 0x0842, 0x7C11, 0xFFFF, 0xE71C, 0x2126, 0x0884,
  0x10A4, 0x10A4, 0x10A4, 0x10A4, 0x10C4, 0x0024, 0xA463, 0x7364, 0x00A6, 0x1126, 0x1126, 0x1126, 0x1126, 0x1126, 0x1126, 0x1126,
  0x1126, 0x1126, 0x1126, 0x1126, 0x1126, 0x1126, 0x1126, 0x1126, 0x00A4, 0x94F4, 0xC639, 0x8452, 0xD6BB, 0x1946, 0xCE7A, 0x8472,
  0x532D, 0x1146, 0xCE79, 0x9D14, 0x8C93, 0x530D, 0x8CB3, 0x8CB3, 0x426B, 0xDF1C, 0x636E, 0xBE18, 0x3A4A, 0x8CB3, 0xF7DF, 0x1967,
  0xC659, 0x52EC, 0xBE18, 0x94F4, 0x52EC, 0x2187, 0xBE18, 0x9D14, 0x9D35, 0xB5B7, 0x0905, 0x00A4, 0x73F0, 0xCE9A, 0x7C31, 0xD6DB,
  0x1126, 0xCE7A, 0x636E, 0xA576, 0x8472, 0x00A4, 0x1126, 0x1125, 0x1126, 0x1126, 0x1125, 0x1126, 0x1126, 0x1126, 0x1126, 0x1125,
  0x1126, 0x1126, 0x1125, 0x1126, 0x1126, 0x1126, 0x1126, 0x1126, 0x1125, 0x1126, 0x1126, 0x1126, 0x1126, 0x1126, 0x1126, 0x1125,
  0x1125, 0x1126, 0x1126, 0x1126, 0x1126, 0x1126, 0x1126, 0x1126, 0x1126, 0x1126, 0x1126, 0x1126, 0x1126, 0x1126, 0x1126, 0x1126,
  0x1126, 0x1126, 0x1126, 0x1126, 0x1126, 0x1126, 0x1126, 0x1126, 0x1126, 0x1126, 0x1126, 0x1126, 0x1126, 0x1126, 0x1126, 0x1126,
  0x1126, 0x1126, 0x1126, 0x1126, 0x1126, 0x1126, 0x1126, 0x1126, 0x1126, 0x1126, 0x1126, 0x1126, 0x1126, 0x1126, 0x1126, 0x1126,
  0x1126, 0x1126, 0x1126, 0x1126, 0x1146, 0x1126, 0x1126, 0x1146, 0x1126, 0x1146, 0x1146, 0x1126, 0x1146, 0x1146, 0x1146, 0x1146,
  0x1146, 0x1146, 0x1146, 0x1146, 0x1146, 0x1146, 0x1146, 0x1146, 0x1146, 0x1146, 0x1146, 0x1146, 0x1146, 0x1146, 0x1146, 0x1146,
  0x1146, 0x1146, 0x1146, 0x1146, 0x1146, 0x1146, 0x1146, 0x1146, 0x1146, 0x1146, 0x1146, 0x1146, 0x1146, 0x1146, 0x1146, 0x1146,
  0x1146, 0x1146, 0x1146, 0x1146, 0x1146, 0x1146, 0x1126, 0x1126, 0x1146, 0x1126, 0x1126, 0x1126, 0x1126, 0x1126, 0x1126, 0x1126,
  0x1126, 0x1126, 0x1126, 0x1126, 0x1126, 0x1126, 0x1126, 0x1126, 0x1126, 0x1126, 0x1126, 0x1126, 0x1126, 0x1126, 0x1126, 0x1126,
  0x1126, 0x1126, 0x1126, 0x1125, 0x1125, 0x1125, 0x1125, 0x1126, 0x1126, 0x1126, 0x1126, 0x08C5, 0x5DAD, 0x2A87, 0x0843, 0x10A4,
  0x10A4, 0x10C4, 0x0022, 0xAD76, 0xFFFF, 0xAD96, 0x0042, 0x2146, 0xEF5D, 0xFFFF, 0xFFFF, 0xFFFF, 0xFFFF, 0xFFFF, 0xF79E, 0x1905,
  0x0043, 0xAD56, 0xFFFF, 0xAD76, 0x0042, 0x2126, 0xEF5D, 0xFFFF, 0x8C92, 0x424A, 0x528B, 0x4A6B, 0x4A6A, 0x1905, 0x10C4, 0x18E5,
  0x0863, 0x632E, 0xFFFF, 0xF79E, 0x6B6E, 0x4209, 0xCE7A, 0xFFFF, 0xC639, 0x422A, 0x632D, 0xCE7A, 0xD69A, 0xCE9A, 0xD69A, 0xAD96,
  0x4A4A, 0x4A6B, 0x4A8B, 0x4A8B, 0x4A8B, 0x4A8B, 0x528B, 0x4A6B, 0x630D, 0xCE59, 0xCE7A, 0xEF5D, 0xFFDF, 0xBDF8, 0x4209, 0x6B6E,
  0xF7BE, 0xFFFF, 0xFFFF, 0xFFDF, 0xFFDF, 0xFFDF, 0xFFDF, 0xFFDF, 0xFFDF, 0xDEFB, 0xCE59, 0x9D14, 0x424A, 0x424A, 0x10C4, 0x10A4,
  0x10A4, 0x10A4, 0x10A4, 0x10A4, 0x10C4, 0x0024, 0xA463, 0x7364, 0x00A6, 0x1126, 0x1126, 0x1126, 0x1126, 0x1126, 0x1126, 0x1126,
  0x1126, 0x1126, 0x1126, 0x1126, 0x1126, 0x1126, 0x1125, 0x1126, 0x00A4, 0x94D4, 0x8452, 0x0000, 0xCE9A, 0x4AEC, 0xB5B7, 0xAD76,
  0x7C51, 0x1126, 0x7410, 0xBDF8, 0x8452, 0x1146, 0x8CB3, 0x7C31, 0x94D3, 0x7C31, 0x1126, 0x8472, 0x322A, 0x8472, 0xDEFB, 0xA555,
  0xBDF8, 0x4ACC, 0xADB7, 0xADB7, 0x8472, 0x1967, 0xADB7, 0x3A4A, 0x0083, 0xDEFC, 0x21C8, 0x0083, 0x6BAF, 0xCE9A, 0x9D14, 0xA535,
  0x00A4, 0x322A, 0xEF7E, 0xBE38, 0x08E5, 0x1125, 0x1126, 0x1125, 0x1126, 0x1126, 0x1125, 0x1126, 0x1125, 0x1125, 0x1125, 0x1126,
  0x1125, 0x1125, 0x1126, 0x1126, 0x1125, 0x1126, 0x1126, 0x1126, 0x1126, 0x1126, 0x1126, 0x1125, 0x1125, 0x1125, 0x1126, 0x1126,
  0x1126, 0x1125, 0x1126, 0x1126, 0x1126, 0x1125, 0x1126, 0x1126, 0x1126, 0x1125, 0x1125, 0x1126, 0x1126, 0x1126, 0x1126, 0x1126,
  0x1126, 0x1125, 0x1126, 0x1126, 0x1126, 0x1126, 0x1125, 0x1126, 0x1126, 0x1125, 0x1125, 0x1126, 0x1125, 0x1126, 0x1125, 0x1126,
  0x1126, 0x1126, 0x1126, 0x1126, 0x1126, 0x1126, 0x1126, 0x1126, 0x1126, 0x1126, 0x1126, 0x1126, 0x1126, 0x1126, 0x1126, 0x1126,
  0x1126, 0x1126, 0x1126, 0x1126, 0x1126, 0x1126, 0x1126, 0x1126, 0x1126, 0x1126, 0x1126, 0x1126, 0x1146, 0x1126, 0x1146, 0x1146,
  0x1146, 0x1146, 0x1146, 0x1146, 0x1146, 0x1146, 0x1146, 0x1146, 0x1146, 0x1146, 0x1146, 0x1146, 0x1146, 0x1146, 0x1146, 0x1146,
  0x1146, 0x1146, 0x1146, 0x1146, 0x1146, 0x1146, 0x1146, 0x1126, 0x1146, 0x1146, 0x1146, 0x1146, 0x1146, 0x1146, 0x1146, 0x1146,
  0x1126, 0x1126, 0x1146, 0x1126, 0x1146, 0x1146, 0x1126, 0x1126, 0x1126, 0x1126, 0x1126, 0x1126, 0x1126, 0x1126, 0x1126, 0x1126,
  0x1126, 0x1126, 0x1126, 0x1126, 0x1126, 0x1126, 0x1126, 0x1126, 0x1126, 0x1126, 0x1125, 0x1126, 0x1126, 0x1126, 0x1126, 0x1125,
  0x1126, 0x1126, 0x1126, 0x1126, 0x1126, 0x1125, 0x1125, 0x1126, 0x1126, 0x1126, 0x1126, 0x08A5, 0x5DAD, 0x2A87, 0x0843, 0x10A4,
  0x10A4, 0x10C4, 0x0022, 0xAD76, 0xFFFF, 0xAD96, 0x0042, 0x2146, 0xEF5D, 0xFFFF, 0xFFFF, 0xFFFF, 0xFFFF, 0xFFFF, 0xF79E, 0x1905,
  0x0043, 0xAD56, 0xFFFF, 0xAD76, 0x0042, 0x2126, 0xEF5D, 0xFFFF, 0x52AC, 0x0000, 0x0001, 0x0843, 0x0042, 0x0002, 0x0002, 0x0022,
  0x0000, 0x52AC, 0xFFFF, 0xEF7D, 0x18E5, 0x0000, 0xB5B7, 0xFFFF, 0xA555, 0x0000, 0x10A4, 0xF7BE, 0xFFFF, 0xFFFF, 0xFFFF, 0xB5D7,
  0x0002, 0x0043, 0x0000, 0x0000, 0x0000, 0x0000, 0x0001, 0x0000, 0x0884, 0xFFFF, 0xFFFF, 0xFFFF, 0xFFFF, 0xA535, 0x0000, 0x1905,
  0xF79E, 0xFFFF, 0xFFFF, 0xFFFF, 0xFFFF, 0xFFFF, 0xFFFF, 0xFFFF, 0xFFFF, 0xFFFF, 0xFFFF, 0xB596, 0x0001, 0x0863, 0x10A4, 0x10A4,
  0x10A4, 0x10A4, 0x10A4, 0x10A4, 0x10C4, 0x0024, 0xA463, 0x7364, 0x00A6, 0x1125, 0x1126, 0x1125, 0x1126, 0x1125, 0x1126, 0x1126,
  0x1126, 0x1125, 0x1126, 0x1126, 0x1126, 0x1125, 0x1125, 0x1126, 0x00A4, 0x94F4, 0x94F4, 0x1126, 0xDEFB, 0x3229, 0xBE18, 0x7C31,
  0x42AB, 0x1967, 0x636E, 0x428B, 0xC639, 0x8CB3, 0x8472, 0x8472, 0x7C31, 0xADB7, 0x29C8, 0xE75D, 0x6BCF, 0x94D3, 0x73F0, 0x9D14,
  0xFFFF, 0x426B, 0xB5F7, 0x8C93, 0x42AB, 0x1946, 0xB5D7, 0x530D, 0x428B, 0xD6DB, 0x1966, 0x0083, 0x73F0, 0xBE18, 0x3A6A, 0xE73C,
  0x3209, 0x0063, 0xBE38, 0x73F0, 0x00A4, 0x1126, 0x1126, 0x1125, 0x1125, 0x1125, 0x1125, 0x1126, 0x1125, 0x1125, 0x1125, 0x1125,
  0x1125, 0x1126, 0x1126, 0x1125, 0x1125, 0x1125, 0x1125, 0x1125, 0x1125, 0x1125, 0x1125, 0x1126, 0x1125, 0x1126, 0x1125, 0x1125,
  0x1125, 0x1126, 0x1125, 0x1125, 0x1125, 0x1125, 0x1125, 0x1125, 0x1125, 0x1125, 0x1125, 0x1125, 0x1126, 0x1125, 0x1126, 0x1126,
  0x1126, 0x1125, 0x1126, 0x1125, 0x1125, 0x1125, 0x1125, 0x1126, 0x1125, 0x1125, 0x1125, 0x1125, 0x1125, 0x1125, 0x1125, 0x1126,
  0x1126, 0x1125, 0x1126, 0x1126, 0x1126, 0x1126, 0x1126, 0x1125, 0x1126, 0x1126, 0x1126, 0x1126, 0x1126, 0x1126, 0x1126, 0x1126,
  0x1126, 0x1126, 0x1126, 0x1126, 0x1126, 0x1126, 0x1126, 0x1126, 0x1126, 0x1126, 0x1126, 0x1126, 0x1126, 0x1126, 0x1126, 0x1146,
  0x1126, 0x1146, 0x1146, 0x1146, 0x1146, 0x1146, 0x1146, 0x1146, 0x1146, 0x1146, 0x1146, 0x1146, 0x1146, 0x1146, 0x1146, 0x1146,
  0x1146, 0x1146, 0x1146, 0x1126, 0x1146, 0x1146, 0x1126, 0x1146, 0x1146, 0x1146, 0x1146, 0x1146, 0x1146, 0x1146, 0x1146, 0x1146,
  0x1126, 0x1126, 0x1126, 0x1126, 0x1126, 0x1126, 0x1126, 0x1126, 0x1126, 0x1126, 0x1126, 0x1126, 0x1126, 0x1126, 0x1126, 0x1126,
  0x1126, 0x1126, 0x1126, 0x1126, 0x1126, 0x1126, 0x1126, 0x1126, 0x1126, 0x1126, 0x1126, 0x1125, 0x1126, 0x1126, 0x1125, 0x1126,
  0x1126, 0x1125, 0x1125, 0x1126, 0x1125, 0x1125, 0x1125, 0x1126, 0x1125, 0x1126, 0x1126, 0x08A5, 0x5DAD, 0x2A87, 0x0843, 0x10A4,
  0x10A4, 0x10C4, 0x0022, 0xAD76, 0xFFFF, 0xAD96, 0x0042, 0x2146, 0xE73C, 0xFFFF, 0xFFFF, 0xFFFF, 0xFFFF, 0xFFFF, 0xEF7E, 0x1905,
  0x0043, 0xAD56, 0xFFFF, 0xAD76, 0x0042, 0x2126, 0xEF5D, 0xFFFF, 0xBDD7, 0x9493, 0x738F, 0x0863, 0x2126, 0x8C52, 0x94B3, 0x94D3,
  0x9493, 0xBDD7, 0xFFFF, 0xFFDF, 0xAD55, 0x9492, 0xE71C, 0xFFFF, 0xDEFB, 0x8C92, 0xA535, 0xF7BE, 0xFFFF, 0xFFDF, 0xFFFF, 0xB5D7,
  0x0863, 0x2126, 0x94B3, 0x94D3, 0x9CD3, 0x9CD4, 0x9CD4, 0x94D3, 0x9D14, 0x9CD4, 0x94B3, 0x9CD3, 0x8C92, 0x9CF4, 0x9493, 0xA555,
  0xFFDF, 0xFFFF, 0xBDF8, 0x94B3, 0x9CF4, 0x9CD4, 0x9CD4, 0x94D3, 0x94D3, 0x94B3, 0x9CD4, 0x634E, 0x0883, 0x10C4, 0x10A4, 0x10A4,
  0x10A4, 0x10A4, 0x10A4, 0x10A4, 0x10C4, 0x0024, 0xA463, 0x7364, 0x00A6, 0x1125, 0x1126, 0x1125, 0x1125, 0x1125, 0x1126, 0x1126,
  0x1125, 0x1105, 0x1125, 0x1125, 0x1125, 0x1125, 0x1125, 0x1126, 0x00A4, 0x8472, 0xDEFB, 0xC659, 0x8492, 0x00C4, 0xBDF8, 0xBDF8,
  0xAD96, 0x29E8, 0x8CB3, 0xC659, 0xC639, 0x4ACC, 0x7C51, 0x8472, 0x1946, 0xBE18, 0xBDF8, 0xB5B7, 0x1946, 0x94D3, 0x6BCF, 0x1105,
  0xD6DB, 0x428B, 0xAD76, 0xC639, 0xA576, 0x3209, 0xA555, 0xCE9A, 0xCE9A, 0x5B2D, 0x08E5, 0x00C4, 0x636E, 0xDEFB, 0xB5B7, 0xB5D7,
  0x1966, 0x00C4, 0x9D35, 0x5B2D, 0x00C4, 0x1126, 0x1125, 0x1125, 0x1126, 0x1125, 0x1125, 0x1105, 0x1125, 0x1125, 0x1126, 0x1125,
  0x1126, 0x1126, 0x1125, 0x1105, 0x1125, 0x1125, 0x1125, 0x1125, 0x1125, 0x1125, 0x1125, 0x1125, 0x1125, 0x1125, 0x1125, 0x1105,
  0x1125, 0x1126, 0x1125, 0x1125, 0x1125, 0x1125, 0x1125, 0x1125, 0x1125, 0x1125, 0x1125, 0x1125, 0x1125, 0x1126, 0x1126, 0x1126,
  0x1126, 0x1126, 0x1126, 0x1125, 0x1125, 0x1126, 0x1125, 0x1126, 0x1125, 0x1126, 0x1125, 0x1125, 0x1126, 0x1125, 0x1125, 0x1125,
  0x1125, 0x1125, 0x1126, 0x1125, 0x1125, 0x1125, 0x1125, 0x1125, 0x1126, 0x1125, 0x1126, 0x1126, 0x1126, 0x1126, 0x1126, 0x1126,
  0x1126, 0x1126, 0x1126, 0x1126, 0x1126, 0x1126, 0x1126, 0x1126, 0x1126, 0x1126, 0x1126, 0x1126, 0x1126, 0x1126, 0x1126, 0x1126,
  0x1146, 0x1146, 0x1126, 0x1146, 0x1126, 0x1126, 0x1146, 0x1146, 0x1146, 0x1126, 0x1146, 0x1146, 0x1146, 0x1146, 0x1146, 0x1146,
  0x1146, 0x1146, 0x1146, 0x1146, 0x1146, 0x1146, 0x1146, 0x1146, 0x1146, 0x1146, 0x1126, 0x1126, 0x1126, 0x1146, 0x1146, 0x1126,
  0x1146, 0x1146, 0x1126, 0x1126, 0x1126, 0x1126, 0x1126, 0x1126, 0x1126, 0x1126, 0x1126, 0x1126, 0x1126, 0x1126, 0x1126, 0x1126,
  0x1126, 0x1126, 0x1126, 0x1126, 0x1125, 0x1125, 0x1126, 0x1125, 0x1126, 0x1126, 0x1125, 0x1126, 0x1125, 0x1125, 0x1125, 0x1125,
  0x1125, 0x1125, 0x1125, 0x1126, 0x1125, 0x1125, 0x1125, 0x1126, 0x1125, 0x1126, 0x1126, 0x08A5, 0x5D8D, 0x2A87, 0x0843, 0x10A4,
  0x10A4, 0x10C4, 0x0022, 0xAD76, 0xFFFF, 0xAD96, 0x0042, 0x2146, 0xF79E, 0xFFFF, 0xFFFF, 0xFFFF, 0xFFFF, 0xFFFF, 0xFFDF, 0x1905,
  0x0043, 0xAD56, 0xFFFF, 0xAD76, 0x0042, 0x2126, 0xF79E, 0xFFFF, 0xFFFF, 0xFFFF, 0xCE59, 0x0002, 0x31A8, 0xFFFF, 0xFFFF, 0xFFFF,
  0xFFFF, 0xFFFF, 0xFFFF, 0xFFFF, 0xFFFF, 0xFFFF, 0xFFFF, 0xFFFF, 0xFFFF, 0xFFFF, 0xFFFF, 0xFFFF, 0xFFFF, 0xFFFF, 0xFFFF, 0xBDD7,
  0x0022, 0x2987, 0xFFFF, 0xFFFF, 0xFFFF, 0xFFFF, 0xFFFF, 0xFFFF, 0xFFFF, 0x0883, 0x0001, 0x0043, 0x0000, 0x73D0, 0xFFFF, 0xFFFF,
  0xFFFF, 0xFFFF, 0x52AB, 0x0000, 0x0002, 0x0001, 0x0001, 0x0042, 0x0043, 0x0002, 0x0001, 0x0042, 0x10A4, 0x1084, 0x0863, 0x0843,
  0x0884, 0x10A4, 0x10A4, 0x10A4, 0x10C4, 0x0024, 0xA463, 0x7364, 0x00A6, 0x1125, 0x1105, 0x1105, 0x1125, 0x1125, 0x1125, 0x1105,
  0x1125, 0x1125, 0x1125, 0x1125, 0x1125, 0x1125, 0x1105, 0x1105, 0x1105, 0x1126, 0x1987, 0x1987, 0x08C4, 0x1105, 0x1946, 0x21A8,
  0x29C8, 0x1146, 0x00C4, 0x29E8, 0x21A7, 0x08C4, 0x1146, 0x1146, 0x08E5, 0x1105, 0x2A09, 0x1126, 0x08E5, 0x1946, 0x1146, 0x0905,
  0x1126, 0x1126, 0x1946, 0x21A7, 0x29C8, 0x1146, 0x1146, 0x2187, 0x1946, 0x08E5, 0x1126, 0x1105, 0x1126, 0x1987, 0x21C8, 0x0905,
  0x0905, 0x1125, 0x1946, 0x1146, 0x1105, 0x1125, 0x1125, 0x1125, 0x1105, 0x1105, 0x1125, 0x1105, 0x1125, 0x1105, 0x1125, 0x1126,
  0x1125, 0x1105, 0x1125, 0x1125, 0x1105, 0x1125, 0x1125, 0x1125, 0x1125, 0x1125, 0x1105, 0x1105, 0x1125, 0x1126, 0x1105, 0x1105,
  0x1125, 0x1125, 0x1125, 0x1125, 0x1125, 0x1125, 0x1125, 0x1105, 0x1125, 0x1125, 0x1125, 0x1105, 0x1105, 0x1126, 0x1126, 0x1125,
  0x1125, 0x1126, 0x1125, 0x1125, 0x1125, 0x1126, 0x1125, 0x1125, 0x1125, 0x1125, 0x1125, 0x1125, 0x1126, 0x1105, 0x1125, 0x1125,
  0x1105, 0x1105, 0x1125, 0x1126, 0x1125, 0x1125, 0x1126, 0x1125, 0x1126, 0x1125, 0x1126, 0x1126, 0x1126, 0x1126, 0x1125, 0x1126,
  0x1126, 0x1126, 0x1126, 0x1126, 0x1126, 0x1126, 0x1126, 0x1126, 0x1126, 0x1126, 0x1126, 0x1126, 0x1126, 0x1126, 0x1126, 0x1126,
  0x1126, 0x1126, 0x1126, 0x1126, 0x1126, 0x1126, 0x1126, 0x1146, 0x1126, 0x1146, 0x1126, 0x1146, 0x1146, 0x1126, 0x1146, 0x1146,
  0x1146, 0x1146, 0x1126, 0x1126, 0x1146, 0x1146, 0x1146, 0x1126, 0x1146, 0x1146, 0x1126, 0x1146, 0x1146, 0x1126, 0x1126, 0x1126,
  0x1146, 0x1126, 0x1126, 0x1126, 0x1126, 0x1126, 0x1126, 0x1126, 0x1126, 0x1126, 0x1126, 0x1126, 0x1126, 0x1126, 0x1126, 0x1126,
  0x1126, 0x1126, 0x1126, 0x1126, 0x1126, 0x1126, 0x1126, 0x1126, 0x1126, 0x1126, 0x1126, 0x1125, 0x1125, 0x1125, 0x1125, 0x1126,
  0x1125, 0x1125, 0x1125, 0x1125, 0x1125, 0x1125, 0x1125, 0x1125, 0x1125, 0x1125, 0x1126, 0x08A5, 0x5D8D, 0x2A87, 0x0843, 0x10A4,
  0x10A4, 0x10C4, 0x0022, 0xAD76, 0xFFFF, 0xAD96, 0x0043, 0x2126, 0xB5D7, 0xCE7A, 0xCE59, 0xCE79, 0xCE59, 0xCE7A, 0xC618, 0x18E5,
  0x0843, 0xAD56, 0xFFFF, 0xAD76, 0x0042, 0x2126, 0xCE59, 0xDEDB, 0xD69A, 0xDEDB, 0x94D3, 0x0022, 0x2967, 0xC639, 0xD6BA, 0xEF7D,
  0xFFDF, 0xFFFF, 0xFFFF, 0xFFFF, 0xFFDF, 0xFFDF, 0xFFFF, 0xFFFF, 0xF79E, 0xD69A, 0xDEDB, 0xFFFF, 0xFFFF, 0xFFFF, 0xFFFF, 0xB5D7,
  0x0043, 0x2946, 0xD69A, 0xD6BA, 0xEF7D, 0xFFDF, 0xFFDF, 0xFFDF, 0xF79E, 0x52AB, 0x424A, 0x2987, 0x0022, 0x7BD0, 0xFFDF, 0xF79E,
  0xDEDB, 0xDEDB, 0x7BF0, 0x4209, 0x4A6A, 0x4A6A, 0x422A, 0x18E5, 0x10A4, 0x39E9, 0x4A6B, 0x31A8, 0x0883, 0x18E5, 0x422A, 0x4A4A,
  0x2126, 0x0884, 0x10A4, 0x10A4, 0x10C4, 0x0024, 0xAC62, 0x7364, 0x00A6, 0x1125, 0x1105, 0x1105, 0x1105, 0x1125, 0x1125, 0x1125,
  0x1105, 0x1125, 0x1105, 0x1105, 0x1105, 0x1105, 0x1105, 0x1105, 0x1125, 0x1105, 0x08E5, 0x0905, 0x1126, 0x1125, 0x0905, 0x08E5,
  0x08E5, 0x1105, 0x1126, 0x08E5, 0x08E5, 0x1126, 0x0905, 0x0905, 0x1126, 0x1105, 0x08E5, 0x1105, 0x1126, 0x0905, 0x1105, 0x1126,
  0x1105, 0x1105, 0x0905, 0x08E5, 0x08E5, 0x1105, 0x1105, 0x08E5, 0x0905, 0x1126, 0x1105, 0x1105, 0x1105, 0x0905, 0x08E5, 0x1125,
  0x1126, 0x1105, 0x0905, 0x1105, 0x1105, 0x1105, 0x1105, 0x1105, 0x1105, 0x1105, 0x1125, 0x1125, 0x1105, 0x1105, 0x1105, 0x1125,
  0x1105, 0x1105, 0x1105, 0x1125, 0x1125, 0x1125, 0x1105, 0x1105, 0x1105, 0x1105, 0x1125, 0x1105, 0x1105, 0x1125, 0x1105, 0x1125,
  0x1125, 0x1105, 0x1105, 0x1105, 0x1105, 0x1105, 0x1125, 0x1105, 0x1125, 0x1125, 0x1125, 0x1105, 0x1125, 0x1105, 0x1125, 0x1125,
  0x1125, 0x1105, 0x1105, 0x1105, 0x1125, 0x1125, 0x1125, 0x1125, 0x1105, 0x1105, 0x1105, 0x1125, 0x1105, 0x1105, 0x1125, 0x1125,
  0x1105, 0x1105, 0x1125, 0x1125, 0x1125, 0x1125, 0x1125, 0x1125, 0x1125, 0x1125, 0x1126, 0x1126, 0x1126, 0x1126, 0x1126, 0x1125,
  0x1126, 0x1126, 0x1125, 0x1126, 0x1126, 0x1126, 0x1126, 0x1126, 0x1126, 0x1126, 0x1126, 0x1126, 0x1126, 0x1126, 0x1126, 0x1126,
  0x1126, 0x1126, 0x1126, 0x1126, 0x1126, 0x1126, 0x1126, 0x1126, 0x1126, 0x1146, 0x1126, 0x1126, 0x1146, 0x1146, 0x1126, 0x1126,
  0x1146, 0x1126, 0x1126, 0x1126, 0x1146, 0x1146, 0x1126, 0x1126, 0x1126, 0x1126, 0x1126, 0x1146, 0x1146, 0x1146, 0x1126, 0x1126,
  0x1126, 0x1126, 0x1126, 0x1126, 0x1126, 0x1126, 0x1126, 0x1126, 0x1126, 0x1126, 0x1126, 0x1126, 0x1126, 0x1126, 0x1126, 0x1126,
  0x1126, 0x1126, 0x1126, 0x1126, 0x1125, 0x1126, 0x1125, 0x1126, 0x1126, 0x1125, 0x1125, 0x1125, 0x1125, 0x1125, 0x1125, 0x1105,
  0x1105, 0x1125, 0x1125, 0x1125, 0x1125, 0x1125, 0x1125, 0x1125, 0x1125, 0x1105, 0x1126, 0x08A5, 0x5D8D, 0x3287, 0x0843, 0x10A4,
  0x10A4, 0x10C4, 0x0022, 0xAD76, 0xFFFF, 0xAD76, 0x0863, 0x10A4, 0x10A4, 0x10A4, 0x10A4, 0x10A4, 0x10A4, 0x10A4, 0x10A4, 0x10A4,
  0x0863, 0xAD55, 0xFFFF, 0xAD56, 0x0863, 0x10C4, 0x10C4, 0x10C5, 0x10C4, 0x18E5, 0x10C4, 0x10A4, 0x10A4, 0x18E5, 0x0883, 0xB5B7,
  0xFFFF, 0xFFFF, 0xFFFF, 0xFFFF, 0xFFFF, 0xFFFF, 0xFFFF, 0xFFFF, 0xB5B7, 0x0043, 0x31A8, 0xF79E, 0xFFFF, 0xFFDF, 0xFFFF, 0xB5B7,
  0x0863, 0x10C4, 0x18C5, 0x10A4, 0xBDF7, 0xFFFF, 0xFFFF, 0xFFFF, 0xFFFF, 0xFFFF, 0xFFFF, 0x6B8F, 0x0000, 0x7BD0, 0xFFFF, 0xE73C,
  0x2967, 0x0883, 0xC618, 0xFFFF, 0xFFDF, 0xFFFF, 0xEF5D, 0x2967, 0x0022, 0xCE59, 0xFFFF, 0xA535, 0x0001, 0x39E9, 0xF79E, 0xFFFF,
  0x5ACC, 0x0022, 0x10C4, 0x10A4, 0x10C4, 0x0024, 0xAC62, 0x7364, 0x00A6, 0x1125, 0x1105, 0x1105, 0x1105, 0x1125, 0x1105, 0x1125,
  0x1105, 0x1105, 0x1105, 0x1105, 0x1105, 0x1105, 0x1105, 0x1105, 0x1105, 0x1105, 0x1126, 0x1126, 0x1126, 0x1126, 0x1125, 0x1126,
  0x1126, 0x1105, 0x1126, 0x1125, 0x1125, 0x1126, 0x1126, 0x1125, 0x1105, 0x1126, 0x1126, 0x1126, 0x1126, 0x1126, 0x1126, 0x1126,
  0x1126, 0x1126, 0x1126, 0x1126, 0x1126, 0x1105, 0x1126, 0x1126, 0x1105, 0x1105, 0x1126, 0x1126, 0x1105, 0x1126, 0x1126, 0x1126,
  0x1126, 0x1126, 0x1126, 0x1125, 0x1105, 0x1105, 0x1126, 0x1126, 0x1126, 0x1105, 0x1125, 0x1126, 0x1126, 0x1126, 0x1125, 0x1105,
  0x1126, 0x1126, 0x1126, 0x1126, 0x1105, 0x1126, 0x1105, 0x1105, 0x1105, 0x1126, 0x1126, 0x1126, 0x1126, 0x1105, 0x1105, 0x1126,
  0x1126, 0x1126, 0x1105, 0x1126, 0x1126, 0x1105, 0x1126, 0x1126, 0x1105, 0x1126, 0x1126, 0x1126, 0x1105, 0x1126, 0x1126, 0x1105,
  0x1126, 0x1126, 0x1105, 0x1125, 0x1126, 0x1126, 0x1105, 0x1125, 0x1126, 0x1126, 0x1126, 0x1105, 0x1125, 0x1126, 0x1125, 0x1125,
  0x1125, 0x1125, 0x1125, 0x1105, 0x1125, 0x1125, 0x1125, 0x1125, 0x1126, 0x1125, 0x1125, 0x1126, 0x1126, 0x1125, 0x1125, 0x1126,
  0x1125, 0x1125, 0x1126, 0x1125, 0x1126, 0x1126, 0x1126, 0x1126, 0x1126, 0x1126, 0x1126, 0x1126, 0x1126, 0x1126, 0x1126, 0x1126,
  0x1126, 0x1126, 0x1126, 0x1126, 0x1126, 0x1126, 0x1126, 0x1126, 0x1126, 0x1126, 0x1126, 0x1126, 0x1126, 0x1126, 0x1126, 0x1126,
  0x1126, 0x1126, 0x1126, 0x1126, 0x1126, 0x1126, 0x1126, 0x1126, 0x1126, 0x1126, 0x1126, 0x1126, 0x1126, 0x1126, 0x1126, 0x1126,
  0x1126, 0x1126, 0x1126, 0x1126, 0x1126, 0x1126, 0x1126, 0x1126, 0x1126, 0x1126, 0x1126, 0x1126, 0x1126, 0x1126, 0x1126, 0x1126,
  0x1126, 0x1126, 0x1126, 0x1125, 0x1125, 0x1126, 0x1125, 0x1125, 0x1125, 0x1125, 0x1125, 0x1125, 0x1105, 0x1125, 0x1125, 0x1105,
  0x1105, 0x1105, 0x1105, 0x1105, 0x1125, 0x1105, 0x1105, 0x1125, 0x1125, 0x1105, 0x1126, 0x08A5, 0x5D8C, 0x3287, 0x0843, 0x10A4,
  0x10A4, 0x10C4, 0x0022, 0xAD76, 0xFFFF, 0xAD76, 0x0863, 0x10A4, 0x10A4, 0x1084, 0x1084, 0x1084, 0x1084, 0x1084, 0x1084, 0x10A4,
  0x0863, 0xAD55, 0xFFFF, 0xAD56, 0x0863, 0x10A4, 0x0884, 0x1084, 0x0884, 0x0884, 0x1084, 0x10A4, 0x10A4, 0x10A4, 0x0042, 0xB597,
  0xFFFF, 0xFFFF, 0xFFFF, 0xFFFF, 0xFFFF, 0xFFFF, 0xFFFF, 0xFFFF, 0xB5B7, 0x0002, 0x2967, 0xF79E, 0xFFFF, 0xFFDF, 0xFFFF, 0xB5B7,
  0x0863, 0x10A4, 0x10A4, 0x0863, 0xBDF8, 0xFFFF, 0xFFFF, 0xFFFF, 0xFFFF, 0xFFFF, 0xFFFF, 0x6B8F, 0x0000, 0x7BF0, 0xFFFF, 0xE75D,
  0x2126, 0x0042, 0xC638, 0xFFFF, 0xFFFF, 0xFFFF, 0xEF5D, 0x2967, 0x0022, 0xCE7A, 0xFFFF, 0xA555, 0x0001, 0x39E9, 0xFFDF, 0xFFFF,
  0x5ACC, 0x0022, 0x10C4, 0x10A4, 0x10C4, 0x0024, 0xAC62, 0x7364, 0x00A6, 0x1125, 0x1105, 0x1105, 0x1105, 0x1105, 0x1105, 0x1105,
  0x1105, 0x1105, 0x1105, 0x1105, 0x1105, 0x1105, 0x1105, 0x1105, 0x1105, 0x1126, 0x10E5, 0x10C4, 0x10C4, 0x1105, 0x1105, 0x10C5,
  0x1105, 0x1105, 0x10C4, 0x1105, 0x1126, 0x10E5, 0x10C4, 0x1105, 0x1105, 0x10E5, 0x10A4, 0x10A4, 0x10E5, 0x1105, 0x10C4, 0x10A4,
  0x10A4, 0x1105, 0x1105, 0x10C4, 0x1105, 0x1105, 0x10C4, 0x10C5, 0x1126, 0x1105, 0x10C4, 0x1105, 0x1126, 0x10C5, 0x1105, 0x10E5,
  0x10C4, 0x10C4, 0x10E5, 0x1125, 0x1105, 0x1125, 0x10C4, 0x10C4, 0x10C4, 0x1105, 0x1105, 0x10C4, 0x10A4, 0x10A4, 0x1105, 0x1126,
  0x10E5, 0x10C4, 0x10A4, 0x10E5, 0x1105, 0x10C4, 0x1105, 0x1105, 0x1125, 0x10E5, 0x10C4, 0x10C4, 0x10E5, 0x1126, 0x1105, 0x10C4,
  0x10C4, 0x10C4, 0x1125, 0x10E5, 0x10E5, 0x1126, 0x10C4, 0x10E5, 0x1105, 0x10C4, 0x10C4, 0x10C5, 0x1126, 0x10C4, 0x10E5, 0x1126,
  0x10E5, 0x10E5, 0x1126, 0x1105, 0x10A4, 0x10E5, 0x1126, 0x10E5, 0x10E5, 0x10E5, 0x10C4, 0x1126, 0x1105, 0x10C5, 0x1105, 0x1125,
  0x1105, 0x1125, 0x1125, 0x1105, 0x1125, 0x1125, 0x1125, 0x1125, 0x1126, 0x1125, 0x1125, 0x1125, 0x1125, 0x1125, 0x1126, 0x1126,
  0x1126, 0x1125, 0x1126, 0x1126, 0x1126, 0x1126, 0x1126, 0x1126, 0x1126, 0x1126, 0x1126, 0x1126, 0x1126, 0x1126, 0x1126, 0x1126,
  0x1126, 0x1126, 0x1126, 0x1126, 0x1126, 0x1126, 0x1126, 0x1126, 0x1126, 0x1126, 0x1126, 0x1126, 0x1126, 0x1126, 0x1126, 0x1126,
  0x1126, 0x1126, 0x1126, 0x1126, 0x1126, 0x1126, 0x1126, 0x1126, 0x1126, 0x1126, 0x1126, 0x1126, 0x1126, 0x1126, 0x1126, 0x1126,
  0x1126, 0x1126, 0x1126, 0x1126, 0x1126, 0x1126, 0x1126, 0x1126, 0x1126, 0x1126, 0x1126, 0x1126, 0x1125, 0x1125, 0x1126, 0x1126,
  0x1125, 0x1126, 0x1125, 0x1125, 0x1125, 0x1125, 0x1125, 0x1125, 0x1125, 0x1125, 0x1125, 0x1125, 0x1105, 0x1105, 0x1105, 0x1125,
  0x1125, 0x1105, 0x1105, 0x1105, 0x1125, 0x1105, 0x1105, 0x1125, 0x1105, 0x1105, 0x1126, 0x08A5, 0x658C, 0x3287, 0x0843, 0x10A4,
  0x10A4, 0x10C4, 0x0022, 0xAD76, 0xFFDF, 0xE73D, 0xCE59, 0xCE59, 0xCE79, 0xCE79, 0xCE79, 0xCE79, 0xCE79, 0xCE79, 0xCE79, 0xCE59,
  0xCE59, 0xEF5D, 0xFFDF, 0xAD76, 0x0043, 0x1905, 0xBDF8, 0xCE7A, 0xCE59, 0xCE59, 0xCE59, 0xCE59, 0xBE18, 0x2967, 0x0022, 0xAD96,
  0xFFDF, 0xCE79, 0x4229, 0x6B6E, 0xF79E, 0xFFDF, 0xFFDF, 0xFFDF, 0xEF7D, 0xC659, 0xD69A, 0xFFDF, 0xFFDF, 0xFFDF, 0xFFDF, 0xB5B7,
  0x0863, 0x10A4, 0x10A4, 0x10A4, 0x3A09, 0x52AC, 0x528B, 0x52AB, 0x52AB, 0x52AB, 0x4A8B, 0xA535, 0xCE7A, 0x9CF4, 0x4A6A, 0x4A8B,
  0x18C5, 0x0884, 0x4229, 0x4A4A, 0x94B3, 0xFFDF, 0xF79E, 0xCE7A, 0xCE59, 0x7C11, 0x4A6B, 0x3A09, 0x0863, 0x18E5, 0x4A8B, 0x52AC,
  0x2126, 0x0883, 0x10A4, 0x10A4, 0x10C4, 0x0024, 0xAC62, 0x7364, 0x00A6, 0x1125, 0x1105, 0x1105, 0x1105, 0x1105, 0x1105, 0x1105,
  0x1105, 0x1105, 0x1105, 0x1105, 0x1105, 0x1105, 0x1105, 0x1105, 0x1126, 0x10E5, 0x0A08, 0x0BEF, 0x0BCE, 0x1187, 0x1167, 0x0B0C,
  0x1126, 0x1126, 0x0B2C, 0x11A7, 0x10C4, 0x0A8A, 0x0B2C, 0x1126, 0x1105, 0x0AEB, 0x0BAE, 0x0BAE, 0x11C8, 0x1187, 0x0B6D, 0x0BAE,
  0x0B2C, 0x1126, 0x1166, 0x0B2C, 0x1126, 0x1105, 0x0B0C, 0x0AEB, 0x10E5, 0x1146, 0x0B2C, 0x1166, 0x10E5, 0x0B0C, 0x11C8, 0x1187,
  0x0BCE, 0x0BEF, 0x09E8, 0x10E5, 0x1126, 0x10E5, 0x0AAB, 0x0C30, 0x0B2C, 0x10E5, 0x11A7, 0x0B8E, 0x0BAE, 0x0B8E, 0x1187, 0x10C5,
  0x0A8A, 0x0B8E, 0x0BAE, 0x0A49, 0x1126, 0x0B0C, 0x1167, 0x1105, 0x10E5, 0x11A7, 0x0BCE, 0x0BEF, 0x09E8, 0x10E5, 0x1105, 0x0AEB,
  0x0C30, 0x0AEC, 0x10C5, 0x0A8A, 0x0A8A, 0x10A4, 0x0B2C, 0x0A6A, 0x1105, 0x0B6D, 0x0C2F, 0x0A6A, 0x10C4, 0x0AEC, 0x09E8, 0x10E5,
  0x0A6A, 0x0A8A, 0x10C5, 0x1187, 0x0B8D, 0x0A09, 0x10C5, 0x0A09, 0x0ACB, 0x0A09, 0x0AEB, 0x10C4, 0x11A7, 0x0B0C, 0x1105, 0x1125,
  0x1105, 0x1105, 0x1105, 0x1125, 0x1105, 0x1105, 0x1125, 0x1125, 0x1125, 0x1125, 0x1126, 0x1125, 0x1125, 0x1126, 0x1126, 0x1125,
  0x1126, 0x1126, 0x1125, 0x1126, 0x1126, 0x1126, 0x1126, 0x1126, 0x1126, 0x1126, 0x1126, 0x1126, 0x1126, 0x1126, 0x1126, 0x1126,
  0x1126, 0x1126, 0x1126, 0x1126, 0x1126, 0x1126, 0x1126, 0x1126, 0x1126, 0x1126, 0x1126, 0x1126, 0x1126, 0x1126, 0x1126, 0x1126,
  0x1126, 0x1126, 0x1126, 0x1126, 0x1126, 0x1126, 0x1126, 0x1126, 0x1126, 0x1126, 0x1126, 0x1126, 0x1126, 0x1126, 0x1126, 0x1126,
  0x1126, 0x1126, 0x1126, 0x1126, 0x1126, 0x1126, 0x1126, 0x1126, 0x1126, 0x1126, 0x1125, 0x1126, 0x1126, 0x1126, 0x1125, 0x1125,
  0x1125, 0x1126, 0x1125, 0x1125, 0x1125, 0x1125, 0x1105, 0x1105, 0x1105, 0x1126, 0x1105, 0x1105, 0x1105, 0x1105, 0x1105, 0x1105,
  0x1105, 0x1105, 0x1125, 0x1105, 0x1105, 0x1105, 0x1125, 0x1105, 0x1105, 0x1105, 0x1125, 0x08A5, 0x658C, 0x3287, 0x0843, 0x10A4,
  0x10A4, 0x10C4, 0x0002, 0xBDD7, 0xFFFF, 0xFFFF, 0xFFFF, 0xFFFF, 0xFFFF, 0xFFFF, 0xFFFF, 0xFFFF, 0xFFFF, 0xFFFF, 0xFFFF, 0xFFFF,
  0xFFFF, 0xFFFF, 0xFFFF, 0xBDD7, 0x0022, 0x2126, 0xFFFF, 0xFFFF, 0xFFFF, 0xFFFF, 0xFFFF, 0xFFFF, 0xFFFF, 0x31A8, 0x0002, 0xBDF8,
  0xFFFF, 0xC659, 0x0000, 0x3187, 0xFFFF, 0xFFFF, 0xFFFF, 0xFFFF, 0xFFFF, 0xFFFF, 0xFFFF, 0xFFFF, 0xFFFF, 0xFFFF, 0xFFFF, 0xC618,
  0x0863, 0x10A4, 0x10A4, 0x10A4, 0x0863, 0x0043, 0x0043, 0x0043, 0x0043, 0x0863, 0x0022, 0xBE18, 0xFFFF, 0xAD96, 0x0001, 0x0863,
  0x10A4, 0x10A4, 0x0883, 0x0001, 0x738F, 0xFFFF, 0xFFFF, 0xFFFF, 0xFFFF, 0x632E, 0x0001, 0x0884, 0x10A4, 0x1084, 0x0843, 0x0043,
  0x0884, 0x10A4, 0x10A4, 0x10A4, 0x10C4, 0x0024, 0xAC62, 0x7364, 0x00A6, 0x1125, 0x1105, 0x1105, 0x1105, 0x1105, 0x1105, 0x1105,
  0x1105, 0x1105, 0x1105, 0x1105, 0x1105, 0x1105, 0x1105, 0x1125, 0x10E5, 0x09E8, 0x0594, 0x0BCE, 0x0C50, 0x04B1, 0x0A49, 0x0574,
  0x1166, 0x1146, 0x05D5, 0x0A49, 0x10E5, 0x0533, 0x0697, 0x0A29, 0x10C4, 0x0553, 0x0C50, 0x0C0F, 0x0513, 0x0ACB, 0x0616, 0x0B8D,
  0x0533, 0x0C30, 0x09E8, 0x05F5, 0x1105, 0x11A7, 0x0616, 0x05F5, 0x1146, 0x1167, 0x0657, 0x0C30, 0x10A4, 0x0574, 0x0B0C, 0x04B1,
  0x0C30, 0x0BAE, 0x0491, 0x1126, 0x10C4, 0x0B2C, 0x05B4, 0x0B6D, 0x0574, 0x0B8E, 0x0A49, 0x0616, 0x0B0C, 0x0B2C, 0x11A7, 0x1084,
  0x04B1, 0x0491, 0x0B6D, 0x05B5, 0x0A6A, 0x0574, 0x09E8, 0x10C5, 0x1166, 0x0553, 0x0C70, 0x0C0F, 0x0594, 0x1146, 0x0B6D, 0x0594,
  0x0B4D, 0x0574, 0x0B2D, 0x0C30, 0x0C0F, 0x0A8A, 0x05B5, 0x11A7, 0x0C71, 0x0513, 0x0B8E, 0x05D5, 0x0A29, 0x0513, 0x0ACB, 0x1002,
  0x0BAE, 0x0C91, 0x1063, 0x0B2C, 0x06B8, 0x0491, 0x1063, 0x0B2C, 0x04F2, 0x0B2C, 0x0698, 0x09E8, 0x0A29, 0x05D5, 0x1105, 0x1105,
  0x1125, 0x1105, 0x1105, 0x1106, 0x1105, 0x1105, 0x1105, 0x1125, 0x1125, 0x1105, 0x1125, 0x1125, 0x1125, 0x1125, 0x1125, 0x1125,
  0x1125, 0x1126, 0x1125, 0x1125, 0x1125, 0x1125, 0x1125, 0x1126, 0x1126, 0x1126, 0x1126, 0x1126, 0x1126, 0x1126, 0x1126, 0x1126,
  0x1126, 0x1126, 0x1126, 0x1126, 0x1126, 0x1126, 0x1126, 0x1126, 0x1126, 0x1126, 0x1126, 0x1126, 0x1126, 0x1126, 0x1126, 0x1126,
  0x1126, 0x1126, 0x1126, 0x1126, 0x1126, 0x1126, 0x1126, 0x1126, 0x1126, 0x1126, 0x1126, 0x1126, 0x1126, 0x1125, 0x1126, 0x1126,
  0x1126, 0x1126, 0x1126, 0x1125, 0x1126, 0x1126, 0x1125, 0x1125, 0x1126, 0x1126, 0x1125, 0x1126, 0x1125, 0x1126, 0x1126, 0x1125,
  0x1125, 0x1125, 0x1125, 0x1125, 0x1125, 0x1125, 0x1105, 0x1125, 0x1125, 0x1125, 0x1105, 0x1105, 0x1105, 0x1105, 0x1105, 0x1105,
  0x1125, 0x1125, 0x1105, 0x1105, 0x1105, 0x1105, 0x1105, 0x1105, 0x1105, 0x1105, 0x1125, 0x08A5, 0x658C, 0x3287, 0x0843, 0x10A4,
  0x10A4, 0x10A4, 0x0843, 0x6B4E, 0x9CF4, 0x94B3, 0x94B3, 0x94B3, 0x94B3, 0x94B3, 0x94B3, 0x94B3, 0x94B3, 0x94B3, 0x94B3, 0x94B3,
  0x94B3, 0x94B3, 0x9CF4, 0x6B6E, 0x0863, 0x18E5, 0x94D3, 0xA535, 0xA515, 0xA535, 0xA515, 0xA535, 0x9CD4, 0x2126, 0x0843, 0x73AF,
  0xA535, 0x7BF0, 0x0843, 0x2967, 0x9CF4, 0xA535, 0xA535, 0xA535, 0xA535, 0xA535, 0xA535, 0xA535, 0xA535, 0xA535, 0xA535, 0x73D0,
  0x0883, 0x10A4, 0x10A4, 0x10A4, 0x10A4, 0x10C4, 0x10A4, 0x10A4, 0x10A4, 0x10C4, 0x10A4, 0x73AF, 0xA535, 0x6B6E, 0x0863, 0x10C4,
  0x10A4, 0x10A4, 0x10C4, 0x0863, 0x4A8B, 0xA535, 0xA515, 0xA515, 0xA535, 0x424A, 0x0883, 0x10C4, 0x10A4, 0x10A4, 0x10A4, 0x10C4,
  0x10A4, 0x10A4, 0x10A4, 0x10A4, 0x10C4, 0x0024, 0xAC62, 0x7364, 0x0086, 0x1125, 0x1105, 0x1105, 0x1105, 0x1105, 0x1105, 0x1105,
  0x1105, 0x1105, 0x1105, 0x1105, 0x1105, 0x1105, 0x1105, 0x1126, 0x10A4, 0x0BAE, 0x0C91, 0x1063, 0x0A09, 0x0AAB, 0x0A4A, 0x0512,
  0x1166, 0x1166, 0x0574, 0x09E8, 0x0A49, 0x04B1, 0x0BCE, 0x0BEF, 0x10A4, 0x0513, 0x0AAB, 0x09E8, 0x0574, 0x0B0C, 0x0533, 0x1084,
  0x1187, 0x0574, 0x0AAA, 0x0553, 0x10E5, 0x0B6D, 0x0C0F, 0x0C50, 0x0B0C, 0x1126, 0x0594, 0x05D5, 0x0ACB, 0x04B1, 0x0AEB, 0x0C91,
  0x0491, 0x0A8A, 0x1187, 0x1105, 0x10E5, 0x0533, 0x0B2C, 0x1022, 0x0A49, 0x0513, 0x0ACB, 0x0574, 0x0AAB, 0x0A6A, 0x1126, 0x10A4,
  0x0470, 0x0C2F, 0x0B0C, 0x04B1, 0x09E8, 0x0533, 0x09E8, 0x10A4, 0x0AEB, 0x0533, 0x10C4, 0x1084, 0x04F2, 0x0B6D, 0x04D2, 0x0ACB,
  0x1043, 0x09C8, 0x09E8, 0x0BEF, 0x0533, 0x0574, 0x09E8, 0x1167, 0x05B5, 0x1187, 0x1063, 0x0A09, 0x11C8, 0x04B1, 0x0C30, 0x0AAB,
  0x04B1, 0x0C2F, 0x1084, 0x04B1, 0x0B4D, 0x04F2, 0x1166, 0x0ACB, 0x0491, 0x0AEB, 0x05F5, 0x04B1, 0x0A6A, 0x0533, 0x1105, 0x1105,
  0x1105, 0x1105, 0x1105, 0x1105, 0x1105, 0x1105, 0x1105, 0x1105, 0x1105, 0x1125, 0x1125, 0x1105, 0x1125, 0x1125, 0x1125, 0x1105,
  0x1125, 0x1125, 0x1125, 0x1125, 0x1125, 0x1125, 0x1125, 0x1125, 0x1125, 0x1125, 0x1125, 0x1125, 0x1125, 0x1125, 0x1126, 0x1126,
  0x1126, 0x1126, 0x1126, 0x1126, 0x1126, 0x1126, 0x1126, 0x1126, 0x1126, 0x1126, 0x1126, 0x1126, 0x1126, 0x1126, 0x1126, 0x1126,
  0x1126, 0x1126, 0x1126, 0x1126, 0x1126, 0x1126, 0x1126, 0x1126, 0x1126, 0x1126, 0x1126, 0x1126, 0x1126, 0x1126, 0x1126, 0x1126,
  0x1125, 0x1126, 0x1126, 0x1126, 0x1125, 0x1126, 0x1125, 0x1126, 0x1125, 0x1125, 0x1126, 0x1125, 0x1126, 0x1125, 0x1125, 0x1125,
  0x1125, 0x1125, 0x1125, 0x1125, 0x1125, 0x1125, 0x1105, 0x1105, 0x1105, 0x1105, 0x1105, 0x1105, 0x1105, 0x1105, 0x1105, 0x1105,
  0x1105, 0x1105, 0x1105, 0x1105, 0x1105, 0x1105, 0x1105, 0x1105, 0x1105, 0x1105, 0x1125, 0x08A5, 0x658C, 0x3287, 0x0843, 0x10A4,
  0x10A4, 0x10A4, 0x10A4, 0x0043, 0x0002, 0x0022, 0x0022, 0x0022, 0x0022, 0x0022, 0x0022, 0x0022, 0x0022, 0x0022, 0x0022, 0x0022,
  0x0022, 0x0022, 0x0002, 0x0043, 0x10A4, 0x10A4, 0x0022, 0x0002, 0x0002, 0x0002, 0x0002, 0x0002, 0x0022, 0x1084, 0x10A4, 0x0042,
  0x0002, 0x0042, 0x10A4, 0x0884, 0x0022, 0x0002, 0x0002, 0x0002, 0x0002, 0x0002, 0x0002, 0x0002, 0x0002, 0x0002, 0x0002, 0x0042,
  0x10A4, 0x10A4, 0x10A4, 0x10A4, 0x10A4, 0x10A4, 0x10A4, 0x10A4, 0x10A4, 0x10A4, 0x10A4, 0x0042, 0x0002, 0x0043, 0x10A4, 0x10A4,
  0x10A4, 0x10A4, 0x10A4, 0x10A4, 0x0863, 0x0002, 0x0002, 0x0002, 0x0002, 0x0863, 0x10A4, 0x10A4, 0x10A4, 0x10A4, 0x10A4, 0x10A4,
  0x10A4, 0x10A4, 0x10A4, 0x10A4, 0x10C4, 0x0024, 0xAC62, 0x7B63, 0x00A6, 0x1125, 0x1105, 0x1105, 0x1105, 0x1105, 0x1105, 0x1105,
  0x1105, 0x1105, 0x1105, 0x1105, 0x1105, 0x1105, 0x1105, 0x1126, 0x10A4, 0x0BEF, 0x0C50, 0x10C4, 0x0C0F, 0x0533, 0x0ACB, 0x0512,
  0x1125, 0x1105, 0x0574, 0x11C8, 0x0BAE, 0x0513, 0x0BCE, 0x0574, 0x1105, 0x04D2, 0x0553, 0x05F5, 0x0B4D, 0x0A49, 0x0574, 0x10A4,
  0x1126, 0x0533, 0x0ACB, 0x0553, 0x1105, 0x04F2, 0x0C30, 0x0491, 0x0C71, 0x1146, 0x0574, 0x0AEB, 0x0533, 0x0574, 0x0ACB, 0x1166,
  0x0B2C, 0x04B1, 0x0C50, 0x1126, 0x10C5, 0x0533, 0x0ACB, 0x1043, 0x0A09, 0x0512, 0x0ACB, 0x05B5, 0x0C30, 0x0BAE, 0x1146, 0x10A4,
  0x0C50, 0x0C91, 0x0B4D, 0x04D2, 0x0A6A, 0x0512, 0x11A7, 0x1043, 0x0AEC, 0x04F2, 0x10A4, 0x1084, 0x0C91, 0x0BCE, 0x04B1, 0x0A6A,
  0x1063, 0x1126, 0x1146, 0x0BCF, 0x05F5, 0x05B4, 0x0A4A, 0x1187, 0x0594, 0x1166, 0x10A4, 0x1146, 0x1146, 0x04D2, 0x04F2, 0x0BCE,
  0x0533, 0x0BEF, 0x1166, 0x05D5, 0x0B4D, 0x0594, 0x0A8A, 0x0AAA, 0x0C91, 0x0B2C, 0x0C0F, 0x0B8E, 0x0553, 0x0512, 0x1105, 0x1105,
  0x1105, 0x1105, 0x1105, 0x1105, 0x1105, 0x1105, 0x1105, 0x1105, 0x1105, 0x1105, 0x1105, 0x1105, 0x1105, 0x1125, 0x1125, 0x1105,
  0x1125, 0x1125, 0x1125, 0x1125, 0x1105, 0x1125, 0x1125, 0x1125, 0x1125, 0x1125, 0x1125, 0x1125, 0x1125, 0x1125, 0x1125, 0x1126,
  0x1126, 0x1126, 0x1126, 0x1126, 0x1126, 0x1126, 0x1126, 0x1126, 0x1126, 0x1126, 0x1126, 0x1126, 0x1126, 0x1126, 0x1126, 0x1126,
  0x1126, 0x1126, 0x1126, 0x1126, 0x1126, 0x1126, 0x1126, 0x1126, 0x1126, 0x1126, 0x1125, 0x1126, 0x1126, 0x1125, 0x1126, 0x1126,
  0x1126, 0x1126, 0x1126, 0x1126, 0x1125, 0x1125, 0x1126, 0x1126, 0x1125, 0x1125, 0x1125, 0x1125, 0x1125, 0x1125, 0x1125, 0x1125,
  0x1125, 0x1105, 0x1105, 0x1125, 0x1105, 0x1105, 0x1105, 0x1105, 0x1105, 0x1105, 0x1105, 0x1105, 0x1105, 0x1105, 0x1105, 0x1105,
  0x1105, 0x1105, 0x1105, 0x1105, 0x1105, 0x1105, 0x1105, 0x1105, 0x1105, 0x1105, 0x1125, 0x08A5, 0x658C, 0x3287, 0x0843, 0x10A4,
  0x10A4, 0x10A4, 0x10A4, 0x10C4, 0x10C4, 0x10C4, 0x10C4, 0x10C4, 0x10C4, 0x10C4, 0x10C4, 0x10C4, 0x10C4, 0x10C4, 0x10C4, 0x10C4,
  0x10C4, 0x10C4, 0x10C4, 0x10C4, 0x10A4, 0x10A4, 0x10C4, 0x10C4, 0x10C4, 0x10C4, 0x10C4, 0x10C4, 0x10C4, 0x10A4, 0x10A4, 0x10C4,
  0x10C4, 0x10C4, 0x10A4, 0x10A4, 0x10C4, 0x10C4, 0x10C4, 0x10C4, 0x10C4, 0x10C4, 0x10C4, 0x10C4, 0x10C4, 0x10C4, 0x10C4, 0x10C4,
  0x10A4, 0x10A4, 0x10A4, 0x10A4, 0x10A4, 0x10A4, 0x10A4, 0x10A4, 0x10A4, 0x10A4, 0x10A4, 0x10C4, 0x10C4, 0x10C4, 0x10A4, 0x10A4,
  0x10A4, 0x10A4, 0x10A4, 0x10A4, 0x10A4, 0x10C4, 0x10C4, 0x10C4, 0x10C4, 0x10A4, 0x10A4, 0x10A4, 0x10A4, 0x10A4, 0x10A4, 0x10A4,
  0x10A4, 0x10A4, 0x10A4, 0x10A4, 0x10C4, 0x0024, 0xB462, 0x7B63, 0x0086, 0x1125, 0x1105, 0x1105, 0x1105, 0x1105, 0x1105, 0x1105,
  0x1105, 0x1105, 0x1105, 0x1105, 0x1105, 0x1105, 0x1105, 0x1105, 0x10C4, 0x0A49, 0x05B5, 0x0ACB, 0x0B4D, 0x0533, 0x09C8, 0x0574,
  0x0B4D, 0x0B2C, 0x0574, 0x09C8, 0x0553, 0x0C70, 0x0B8E, 0x05B5, 0x0AAB, 0x0512, 0x0AAB, 0x0BEF, 0x0C30, 0x0A4A, 0x05F6, 0x0A6A,
  0x0C30, 0x04B1, 0x09E8, 0x0594, 0x0A29, 0x05D5, 0x0BCE, 0x0BEF, 0x05B4, 0x0A49, 0x05D5, 0x1187, 0x0B0C, 0x0698, 0x0AEC, 0x04B1,
  0x0AAB, 0x0ACB, 0x05B5, 0x1187, 0x10A4, 0x0BCE, 0x0533, 0x0A29, 0x04B1, 0x0C50, 0x0A8A, 0x0574, 0x1083, 0x10C4, 0x1126, 0x10A4,
  0x0CB1, 0x0C30, 0x09E8, 0x05D5, 0x0B6D, 0x0533, 0x0B0C, 0x0A49, 0x0A09, 0x0594, 0x0B4D, 0x0AEB, 0x05B4, 0x09A7, 0x0BCE, 0x0533,
  0x0A29, 0x04F2, 0x0B6D, 0x0C30, 0x0C30, 0x0A8A, 0x05F5, 0x11A7, 0x04F2, 0x0C30, 0x0A6A, 0x0574, 0x0A8A, 0x04F2, 0x0ACB, 0x1002,
  0x0BCE, 0x0C30, 0x0B2C, 0x0594, 0x0B6D, 0x04D2, 0x0491, 0x0AEB, 0x04D2, 0x0B6D, 0x0491, 0x10E5, 0x0594, 0x05B5, 0x10E5, 0x1105,
  0x1105, 0x1105, 0x1105, 0x1105, 0x1105, 0x1105, 0x1105, 0x1105, 0x1105, 0x1125, 0x1105, 0x1105, 0x1105, 0x1125, 0x1105, 0x1105,
  0x1105, 0x1125, 0x1125, 0x1125, 0x1125, 0x1125, 0x1125, 0x1125, 0x1125, 0x1125, 0x1125, 0x1125, 0x1126, 0x1126, 0x1126, 0x1125,
  0x1126, 0x1126, 0x1125, 0x1125, 0x1126, 0x1126, 0x1126, 0x1126, 0x1126, 0x1126, 0x1126, 0x1126, 0x1126, 0x1126, 0x1126, 0x1125,
  0x1126, 0x1125, 0x1125, 0x1126, 0x1126, 0x1126, 0x1126, 0x1126, 0x1126, 0x1125, 0x1125, 0x1126, 0x1125, 0x1125, 0x1126, 0x1125,
  0x1126, 0x1125, 0x1125, 0x1125, 0x1125, 0x1125, 0x1125, 0x1125, 0x1125, 0x1125, 0x1125, 0x1125, 0x1125, 0x1125, 0x1125, 0x1125,
  0x1105, 0x1105, 0x1125, 0x1105, 0x1125, 0x1105, 0x1105, 0x1105, 0x1105, 0x1105, 0x1105, 0x1105, 0x1105, 0x1105, 0x1105, 0x1105,
  0x1105, 0x1105, 0x1105, 0x1105, 0x1105, 0x1105, 0x1105, 0x1105, 0x1105, 0x1105, 0x1125, 0x08A5, 0x658C, 0x3287, 0x0843, 0x10A4,
  0x10A4, 0x10A4, 0x10A4, 0x10A4, 0x10A4, 0x10A4, 0x10A4, 0x10A4, 0x10A4, 0x10A4, 0x10A4, 0x10A4, 0x10A4, 0x10A4, 0x10A4, 0x10A4,
  0x10A4, 0x10A4, 0x10A4, 0x10A4, 0x10A4, 0x10A4, 0x10A4, 0x10A4, 0x10A4, 0x10A4, 0x10A4, 0x10A4, 0x10A4, 0x10A4, 0x10A4, 0x10A4,
  0x10A4, 0x10A4, 0x10A4, 0x10A4, 0x10A4, 0x10A4, 0x10A4, 0x10A4, 0x10A4, 0x10A4, 0x10A4, 0x10A4, 0x10A4, 0x10A4, 0x10A4, 0x10A4,
  0x10A4, 0x10A4, 0x10A4, 0x10A4, 0x10A4, 0x10A4, 0x10A4, 0x10A4, 0x10A4, 0x10A4, 0x10A4, 0x10A4, 0x10A4, 0x10A4, 0x10A4, 0x10A4,
  0x10A4, 0x10A4, 0x10A4, 0x10A4, 0x10A4, 0x10A4, 0x10A4, 0x10A4, 0x10A4, 0x10A4, 0x10A4, 0x10A4, 0x10A4, 0x10A4, 0x10A4, 0x10A4,
  0x10A4, 0x10A4, 0x10A4, 0x10A4, 0x10C4, 0x0024, 0xAC62, 0x7343, 0x00A6, 0x1125, 0x1105, 0x1105, 0x1105, 0x1105, 0x1105, 0x1105,
  0x1105, 0x1105, 0x1105, 0x1105, 0x1105, 0x1105, 0x1105, 0x1105, 0x1105, 0x10E5, 0x0AAB, 0x04F2, 0x04D2, 0x0A29, 0x10A4, 0x0A8A,
  0x04D2, 0x04D2, 0x0A49, 0x11A7, 0x0C50, 0x1126, 0x1043, 0x0B6D, 0x0B0C, 0x0BAE, 0x0A09, 0x1166, 0x0C50, 0x0A6A, 0x0C91, 0x04D2,
  0x0C2F, 0x1146, 0x09A7, 0x0C0F, 0x0AAB, 0x0BCE, 0x10A4, 0x10C4, 0x0BEF, 0x0ACB, 0x0C0F, 0x11A7, 0x10E5, 0x0C2F, 0x0A49, 0x0A6A,
  0x04D2, 0x04D2, 0x0AAA, 0x10E5, 0x1105, 0x1126, 0x0BAE, 0x0512, 0x0C2F, 0x1126, 0x0A09, 0x0C0F, 0x1105, 0x1126, 0x1126, 0x10C5,
  0x0B4D, 0x04D2, 0x04D2, 0x0B6D, 0x1167, 0x0C50, 0x0491, 0x04B1, 0x09E8, 0x0A29, 0x04F2, 0x04D2, 0x0A8A, 0x10C4, 0x1146, 0x0BEF,
  0x0513, 0x0C0F, 0x1105, 0x0B4D, 0x0B2C, 0x1084, 0x0C0F, 0x0B0C, 0x1187, 0x0471, 0x0512, 0x0B4D, 0x10E5, 0x0BCF, 0x0A6A, 0x10A4,
  0x0B0C, 0x0B2C, 0x0B8D, 0x0AAB, 0x1043, 0x11A7, 0x0C0F, 0x0ACB, 0x0B8D, 0x0A8A, 0x0B8D, 0x10A4, 0x0A49, 0x0C30, 0x1105, 0x1105,
  0x1105, 0x1105, 0x1105, 0x1105, 0x1105, 0x1105, 0x1105, 0x1105, 0x1105, 0x1105, 0x1105, 0x1105, 0x1105, 0x1105, 0x1105, 0x1125,
  0x1105, 0x1105, 0x1105, 0x1105, 0x1125, 0x1105, 0x1105, 0x1125, 0x1125, 0x1125, 0x1125, 0x1125, 0x1125, 0x1125, 0x1126, 0x1125,
  0x1125, 0x1125, 0x1126, 0x1126, 0x1125, 0x1125, 0x1126, 0x1126, 0x1126, 0x1126, 0x1125, 0x1126, 0x1126, 0x1126, 0x1126, 0x1126,
  0x1126, 0x1126, 0x1126, 0x1126, 0x1126, 0x1126, 0x1126, 0x1126, 0x1126, 0x1125, 0x1125, 0x1126, 0x1125, 0x1126, 0x1126, 0x1125,
  0x1125, 0x1125, 0x1125, 0x1125, 0x1125, 0x1126, 0x1125, 0x1105, 0x1125, 0x1125, 0x1125, 0x1125, 0x1105, 0x1105, 0x1105, 0x1105,
  0x1105, 0x1105, 0x1105, 0x1105, 0x1105, 0x1105, 0x1105, 0x1105, 0x1105, 0x1105, 0x1105, 0x1105, 0x1105, 0x1105, 0x1105, 0x1105,
  0x1105, 0x1105, 0x1105, 0x1105, 0x1105, 0x1105, 0x1105, 0x1105, 0x1105, 0x1105, 0x1125, 0x08A5, 0x546A, 0x5429, 0x0803, 0x10C4,
  0x10A4, 0x10A4, 0x10A4, 0x10A4, 0x10A4, 0x10A4, 0x10A4, 0x10A4, 0x10A4, 0x10A4, 0x10A4, 0x10A4, 0x10A4, 0x10A4, 0x10A4, 0x10A4,
  0x10A4, 0x10A4, 0x10A4, 0x10A4, 0x10A4, 0x10A4, 0x10A4, 0x10A4, 0x10A4, 0x10A4, 0x10A4, 0x10A4, 0x10A4, 0x10A4, 0x10A4, 0x10A4,
  0x10A4, 0x10A4, 0x10A4, 0x10A4, 0x10A4, 0x10A4, 0x10A4, 0x10A4, 0x10A4, 0x10A4, 0x10A4, 0x10A4, 0x10A4, 0x10A4, 0x10A4, 0x10A4,
  0x10A4, 0x10A4, 0x10A4, 0x10A4, 0x10A4, 0x10A4, 0x10A4, 0x10A4, 0x10A4, 0x10A4, 0x10A4, 0x10A4, 0x10A4, 0x10A4, 0x10A4, 0x10A4,
  0x10A4, 0x10A4, 0x10A4, 0x10A4, 0x10A4, 0x10A4, 0x10A4, 0x10A4, 0x10A4, 0x10A4, 0x10A4, 0x10A4, 0x10A4, 0x10A4, 0x10A4, 0x10A4,
  0x10A4, 0x10A4, 0x10A4, 0x10C4, 0x10A4, 0x10A4, 0xCD01, 0x4A64, 0x00C6, 0x1125, 0x1105, 0x1105, 0x1105, 0x1105, 0x1105, 0x1105,
  0x1105, 0x1105, 0x1105, 0x1105, 0x1105, 0x1105, 0x1105, 0x1105, 0x1105, 0x1105, 0x10C4, 0x10C4, 0x10C4, 0x10E5, 0x1125, 0x10C5,
  0x10C4, 0x10C4, 0x10E5, 0x1105, 0x10C4, 0x1105, 0x1126, 0x10C4, 0x10E5, 0x10C4, 0x1105, 0x1105, 0x10C4, 0x10E5, 0x10A4, 0x10A4,
  0x10A4, 0x1105, 0x1105, 0x10C4, 0x10E5, 0x10C4, 0x1126, 0x1125, 0x10C4, 0x10E5, 0x10C4, 0x1105, 0x1105, 0x10C4, 0x10E5, 0x10C4,
  0x10C4, 0x10C4, 0x10C4, 0x1105, 0x1105, 0x1105, 0x10A4, 0x10C5, 0x10C4, 0x10E5, 0x10E5, 0x10C4, 0x1105, 0x1105, 0x1105, 0x1105,
  0x10C5, 0x10A4, 0x10A4, 0x10C4, 0x1105, 0x10C4, 0x10C4, 0x10A4, 0x1105, 0x10E5, 0x10C4, 0x10C4, 0x10C4, 0x1105, 0x1105, 0x10C4,
  0x10C5, 0x10A4, 0x1105, 0x10C5, 0x10E5, 0x1125, 0x10C4, 0x10E5, 0x10E5, 0x10A4, 0x10C5, 0x10C4, 0x1105, 0x10C4, 0x10E5, 0x1105,
  0x10C5, 0x10E5, 0x10C5, 0x10E5, 0x1126, 0x1105, 0x10C4, 0x10E5, 0x10C5, 0x10E5, 0x10C4, 0x1125, 0x10E5, 0x10C4, 0x1105, 0x1105,
  0x1105, 0x1105, 0x1105, 0x1105, 0x1105, 0x1105, 0x1105, 0x1105, 0x1105, 0x1105, 0x1105, 0x1105, 0x1105, 0x1105, 0x1105, 0x1105,
  0x1105, 0x1125, 0x1105, 0x1105, 0x1105, 0x1105, 0x1105, 0x1125, 0x1105, 0x1125, 0x1125, 0x1125, 0x1125, 0x1125, 0x1125, 0x1126,
  0x1125, 0x1125, 0x1125, 0x1126, 0x1125, 0x1125, 0x1125, 0x1126, 0x1125, 0x1125, 0x1126, 0x1126, 0x1126, 0x1125, 0x1125, 0x1126,
  0x1126, 0x1125, 0x1126, 0x1126, 0x1126, 0x1126, 0x1125, 0x1125, 0x1126, 0x1125, 0x1125, 0x1126, 0x1125, 0x1125, 0x1125, 0x1125,
  0x1125, 0x1125, 0x1125, 0x1125, 0x1125, 0x1125, 0x1105, 0x1125, 0x1105, 0x1105, 0x1125, 0x1105, 0x1125, 0x1105, 0x1125, 0x1105,
  0x1105, 0x1105, 0x1105, 0x1105, 0x1105, 0x1105, 0x1105, 0x1105, 0x1105, 0x1105, 0x1105, 0x1105, 0x1105, 0x1105, 0x1105, 0x1105,
  0x1105, 0x1105, 0x1105, 0x1105, 0x1105, 0x1105, 0x1105, 0x1105, 0x1105, 0x1105, 0x1105, 0x08C5, 0x21E6, 0x762C, 0x29E6, 0x0003,
  0x0843, 0x0843, 0x0843, 0x0843, 0x0843, 0x0843, 0x0843, 0x0843, 0x0843, 0x0844, 0x0844, 0x0844, 0x0844, 0x0844, 0x0844, 0x0844,
  0x0844, 0x0844, 0x0844, 0x0844, 0x0844, 0x0844, 0x0844, 0x0844, 0x0844, 0x0844, 0x0844, 0x0844, 0x0844, 0x0844, 0x0844, 0x0844,
  0x0844, 0x0844, 0x0844, 0x0044, 0x0044, 0x0044, 0x0044, 0x0044, 0x0044, 0x0044, 0x0044, 0x0044, 0x0044, 0x0044, 0x0044, 0x0044,
  0x0044, 0x0044, 0x0044, 0x0044, 0x0044, 0x0044, 0x0044, 0x0044, 0x0044, 0x0044, 0x0044, 0x0044, 0x0044, 0x0044, 0x0044, 0x0044,
  0x0044, 0x0044, 0x0044, 0x0044, 0x0044, 0x0044, 0x0044, 0x0044, 0x0044, 0x0044, 0x0044, 0x0044, 0x0044, 0x0044, 0x0044, 0x0044,
  0x0044, 0x0044, 0x0044, 0x0044, 0x0024, 0x93A2, 0xC4E2, 0x08E5, 0x1105, 0x1105, 0x1105, 0x1105, 0x1105, 0x1105, 0x1105, 0x1105,
  0x1105, 0x1105, 0x1105, 0x1105, 0x1105, 0x1105, 0x1105, 0x1105, 0x1105, 0x1105, 0x1105, 0x1105, 0x1125, 0x1105, 0x1105, 0x1105,
  0x1125, 0x1105, 0x1105, 0x1105, 0x1105, 0x1105, 0x1105, 0x1105, 0x1105, 0x1105, 0x1105, 0x1105, 0x1125, 0x1105, 0x1125, 0x1125,
  0x1125, 0x1105, 0x1105, 0x1125, 0x1105, 0x1125, 0x1105, 0x1105, 0x1105, 0x1105, 0x1125, 0x1105, 0x1105, 0x1125, 0x1105, 0x1105,
  0x1105, 0x1105, 0x1105, 0x1105, 0x1105, 0x1105, 0x1126, 0x1105, 0x1105, 0x1105, 0x1105, 0x1105, 0x1105, 0x1105, 0x1105, 0x1105,
  0x1105, 0x1125, 0x1125, 0x1125, 0x1105, 0x1126, 0x1125, 0x1105, 0x1105, 0x1105, 0x1105, 0x1105, 0x1105, 0x1105, 0x1105, 0x1126,
  0x1105, 0x1105, 0x1105, 0x1105, 0x1105, 0x1105, 0x1125, 0x1105, 0x1105, 0x1125, 0x1105, 0x1105, 0x1105, 0x1105, 0x1105, 0x1105,
  0x1105, 0x1105, 0x1105, 0x1105, 0x1105, 0x1105, 0x1125, 0x1105, 0x1105, 0x1105, 0x1125, 0x1105, 0x1105, 0x1105, 0x1105, 0x1105,
  0x1105, 0x1105, 0x1105, 0x1105, 0x1105, 0x1105, 0x1105, 0x1105, 0x1105, 0x1105, 0x1105, 0x1105, 0x1105, 0x1105, 0x1105, 0x1105,
  0x1125, 0x1105, 0x1105, 0x1105, 0x1105, 0x1105, 0x1125, 0x1105, 0x1105, 0x1125, 0x1125, 0x1125, 0x1105, 0x1126, 0x1125, 0x1125,
  0x1125, 0x1125, 0x1125, 0x1125, 0x1125, 0x1126, 0x1126, 0x1125, 0x1125, 0x1125, 0x1125, 0x1125, 0x1125, 0x1125, 0x1125, 0x1125,
  0x1126, 0x1126, 0x1125, 0x1126, 0x1125, 0x1125, 0x1125, 0x1125, 0x1125, 0x1125, 0x1125, 0x1125, 0x1125, 0x1125, 0x1125, 0x1125,
  0x1105, 0x1125, 0x1125, 0x1105, 0x1125, 0x1125, 0x1125, 0x1125, 0x1105, 0x1105, 0x1105, 0x1105, 0x1105, 0x1105, 0x1105, 0x1105,
  0x1105, 0x1105, 0x1105, 0x1105, 0x1105, 0x1105, 0x1105, 0x1105, 0x1105, 0x1105, 0x1105, 0x1105, 0x1105, 0x1105, 0x1105, 0x1105,
  0x1105, 0x1105, 0x1105, 0x1105, 0x1105, 0x1105, 0x1105, 0x1105, 0x1105, 0x1105, 0x1105, 0x1105, 0x08C5, 0x32E8, 0x7E2C, 0x4BC8,
  0x3266, 0x3246, 0x3266, 0x3246, 0x3246, 0x3246, 0x3246, 0x3246, 0x3246, 0x3246, 0x3246, 0x3A46, 0x3A46, 0x3A46, 0x3A46, 0x3A46,
  0x3A46, 0x3A46, 0x3A46, 0x3A45, 0x3A45, 0x3A45, 0x3A45, 0x3A45, 0x3A45, 0x3A45, 0x3A45, 0x3A45, 0x3A45, 0x3A45, 0x3A45, 0x3A45,
  0x4245, 0x4245, 0x4245, 0x4245, 0x4245, 0x4245, 0x4245, 0x4245, 0x4245, 0x4245, 0x4245, 0x4245, 0x4244, 0x4244, 0x4244, 0x4244,
  0x4244, 0x4244, 0x4244, 0x4244, 0x4A44, 0x4A44, 0x4A44, 0x4A44, 0x4A44, 0x4A24, 0x4A44, 0x4A44, 0x4A44, 0x4A44, 0x4A24, 0x4A24,
  0x4A24, 0x4A24, 0x4A24, 0x4A24, 0x4A24, 0x4A24, 0x4A23, 0x4A23, 0x5223, 0x5223, 0x5223, 0x5223, 0x5223, 0x5223, 0x5223, 0x5223,
  0x5223, 0x5223, 0x5223, 0x5A63, 0xBCA1, 0xCD21, 0x2185, 0x08E5, 0x1105, 0x1105, 0x1105, 0x1105, 0x1105, 0x1105, 0x1105, 0x1105,
  0x1105, 0x1105, 0x1105, 0x1105, 0x1105, 0x1105, 0x1105, 0x1105, 0x1105, 0x1105, 0x1105, 0x1105, 0x1105, 0x1105, 0x1105, 0x1105,
  0x1105, 0x1105, 0x1105, 0x1105, 0x1105, 0x1105, 0x1105, 0x1105, 0x1105, 0x1105, 0x1105, 0x1105, 0x1105, 0x1105, 0x1105, 0x1105,
  0x1105, 0x1105, 0x1105, 0x1105, 0x1105, 0x1105, 0x1105, 0x1105, 0x1105, 0x1105, 0x1105, 0x1105, 0x1105, 0x1105, 0x1105, 0x1105,
  0x1105, 0x1105, 0x1105, 0x1105, 0x1105, 0x1105, 0x1105, 0x1105, 0x1105, 0x1105, 0x1105, 0x1105, 0x1105, 0x1105, 0x1105, 0x1105,
  0x1105, 0x1105, 0x1105, 0x1105, 0x1105, 0x1105, 0x1105, 0x1105, 0x1105, 0x1105, 0x1105, 0x1105, 0x1105, 0x1105, 0x1105, 0x1105,
  0x1105, 0x1105, 0x1105, 0x1105, 0x1105, 0x1105, 0x1105, 0x1105, 0x1105, 0x1105, 0x1105, 0x1105, 0x1105, 0x1105, 0x1105, 0x1105,
  0x1105, 0x1105, 0x1105, 0x1105, 0x1105, 0x1105, 0x1105, 0x1105, 0x1105, 0x1105, 0x1105, 0x1105, 0x1105, 0x1105, 0x1105, 0x1105,
  0x1105, 0x1105, 0x1105, 0x1105, 0x1105, 0x1105, 0x1105, 0x1105, 0x1105, 0x1105, 0x1105, 0x1105, 0x1105, 0x1105, 0x1105, 0x1105,
  0x1105, 0x1105, 0x1105, 0x1105, 0x1105, 0x1125, 0x1105, 0x1105, 0x1125, 0x1105, 0x1105, 0x1125, 0x1125, 0x1105, 0x1105, 0x1125,
  0x1125, 0x1125, 0x1125, 0x1125, 0x1125, 0x1125, 0x1126, 0x1125, 0x1105, 0x1125, 0x1125, 0x1125, 0x1125, 0x1125, 0x1125, 0x1105,
  0x1125, 0x1125, 0x1126, 0x1125, 0x1105, 0x1125, 0x1125, 0x1125, 0x1125, 0x1125, 0x1125, 0x1125, 0x1125, 0x1125, 0x1125, 0x1125,
  0x1125, 0x1105, 0x1125, 0x1105, 0x1125, 0x1105, 0x1105, 0x1105, 0x1105, 0x1105, 0x1105, 0x1105, 0x1105, 0x1105, 0x1105, 0x1105,
  0x1105, 0x1105, 0x1105, 0x1105, 0x1105, 0x1105, 0x1105, 0x1105, 0x1105, 0x1105, 0x1105, 0x1105, 0x1105, 0x1105, 0x1105, 0x1105,
  0x1105, 0x1105, 0x1105, 0x1105, 0x1105, 0x1105, 0x1105, 0x1105, 0x1105, 0x1105, 0x1105, 0x1105, 0x1105, 0x08C5, 0x2A27, 0x5C8A,
  0x6D8B, 0x75AB, 0x75AB, 0x75AB, 0x75AA, 0x7DAA, 0x7DAA, 0x7D8A, 0x7D8A, 0x7D8A, 0x7D8A, 0x7D8A, 0x858A, 0x8589, 0x8589, 0x8589,
  0x8589, 0x8589, 0x8589, 0x8589, 0x8D89, 0x8D89, 0x8D88, 0x8D88, 0x8D88, 0x8D88, 0x8D88, 0x8D88, 0x9588, 0x9588, 0x9587, 0x9587,
  0x9587, 0x9567, 0x9567, 0x9D67, 0x9D67, 0x9D67, 0x9D67, 0x9D66, 0x9D66, 0xA566, 0xA566, 0xA566, 0xA566, 0xA566, 0xA566, 0xA566,
  0xA565, 0xAD65, 0xAD65, 0xAD65, 0xAD65, 0xAD65, 0xAD65, 0xAD45, 0xB565, 0xB544, 0xB544, 0xB544, 0xB544, 0xB544, 0xB544, 0xBD44,
  0xBD44, 0xBD44, 0xBD43, 0xBD43, 0xBD43, 0xBD43, 0xC543, 0xC543, 0xC543, 0xC543, 0xC542, 0xC542, 0xC542, 0xCD42, 0xCD42, 0xCD42,
  0xCD22, 0xCD22, 0xCD22, 0xC502, 0x8383, 0x1925, 0x08E5, 0x1105, 0x1105, 0x1105, 0x1105, 0x1105, 0x1105, 0x1105, 0x1105, 0x1105,
  0x1105, 0x1105, 0x1105, 0x1105, 0x1105, 0x1105, 0x1105, 0x1105, 0x1105, 0x1105, 0x1105, 0x1105, 0x1105, 0x1105, 0x1105, 0x1105,
  0x1105, 0x1105, 0x1105, 0x1105, 0x1105, 0x1105, 0x1105, 0x1105, 0x1105, 0x1105, 0x1105, 0x1105, 0x1105, 0x1105, 0x1105, 0x1105,
  0x1105, 0x1105, 0x1105, 0x1105, 0x1105, 0x1105, 0x1105, 0x1105, 0x1105, 0x1105, 0x1105, 0x1105, 0x1105, 0x1105, 0x1105, 0x1105,
  0x1105, 0x1105, 0x1105, 0x1105, 0x1105, 0x1105, 0x1105, 0x1105, 0x1105, 0x1105, 0x1105, 0x1105, 0x1105, 0x1105, 0x1105, 0x1105,
  0x1105, 0x1105, 0x1105, 0x1105, 0x1105, 0x1105, 0x1105, 0x1105, 0x1105, 0x1105, 0x1105, 0x1105, 0x1105, 0x1105, 0x1105, 0x1105,
  0x1105, 0x1105, 0x1105, 0x1105, 0x1105, 0x1105, 0x1105, 0x1105, 0x1105, 0x1105, 0x1105, 0x1105, 0x1105, 0x1105, 0x1105, 0x1105,
  0x1105, 0x1105, 0x1105, 0x1105, 0x1105, 0x1105, 0x1105, 0x1105, 0x1105, 0x1105, 0x1105, 0x1105, 0x1105, 0x1105, 0x1105, 0x1105,
  0x1105, 0x1105, 0x1105, 0x1105, 0x1105, 0x1105, 0x1105, 0x1105, 0x1105, 0x1105, 0x1105, 0x1105, 0x1105, 0x1105, 0x1105, 0x1105,
  0x1105, 0x1105, 0x1105, 0x1105, 0x1105, 0x1105, 0x1105, 0x1105, 0x1105, 0x1105, 0x1105, 0x1105, 0x1105, 0x1105, 0x1105, 0x1105,
  0x1105, 0x1125, 0x1105, 0x1105, 0x1125, 0x1125, 0x1125, 0x1125, 0x1125, 0x1105, 0x1105, 0x1105, 0x1125, 0x1125, 0x1105, 0x1125,
  0x1125, 0x1105, 0x1125, 0x1125, 0x1125, 0x1125, 0x1125, 0x1125, 0x1125, 0x1105, 0x1105, 0x1125, 0x1125, 0x1105, 0x1125, 0x1125,
  0x1105, 0x1125, 0x1105, 0x1105, 0x1125, 0x1105, 0x1105, 0x1105, 0x1105, 0x1105, 0x1105, 0x1105, 0x1105, 0x1105, 0x1105, 0x1105,
  0x1105, 0x1105, 0x1105, 0x1105, 0x1105, 0x1105, 0x1105, 0x1105, 0x1105, 0x1105, 0x1105, 0x1105, 0x1105, 0x1105, 0x1105, 0x1105,
  0x1105, 0x1105, 0x1105, 0x1105, 0x1105, 0x1105, 0x1105, 0x1105, 0x1105, 0x1105, 0x1105, 0x1105, 0x1105, 0x1125, 0x08C5, 0x08A5,
  0x08A5, 0x08A5, 0x08A5, 0x08A5, 0x08A5, 0x08A5, 0x08A5, 0x08A5, 0x08A5, 0x08A5, 0x08A5, 0x08A5, 0x08A5, 0x08A5, 0x08A5, 0x08A5,
  0x08A5, 0x08A5, 0x08A5, 0x08A5, 0x08A5, 0x08A5, 0x08A5, 0x08A5, 0x08A5, 0x08A5, 0x08A5, 0x08A5, 0x08A5, 0x08A5, 0x08A5, 0x08A5,
  0x08A5, 0x08A5, 0x08A5, 0x00A5, 0x08A5, 0x08A5, 0x08A5, 0x00A5, 0x00A5, 0x08A5, 0x08A5, 0x00A5, 0x00A5, 0x00A5, 0x00A5, 0x08A5,
  0x00A5, 0x00A5, 0x00A5, 0x00A5, 0x00A5, 0x00A5, 0x00A5, 0x00A5, 0x00C5, 0x00C5, 0x00A5, 0x00A5, 0x00A5, 0x00A5, 0x00C5, 0x00C5,
  0x00A5, 0x00A5, 0x00A5, 0x00A5, 0x00A5, 0x00A5, 0x00A5, 0x00A5, 0x00A5, 0x00C5, 0x00A5, 0x00A5, 0x00A5, 0x00A5, 0x00A5, 0x00A5,
  0x00C5, 0x00A5, 0x00C5, 0x00A5, 0x00A5, 0x08E5, 0x1105, 0x1105, 0x1105, 0x1105, 0x1105, 0x1105, 0x1105, 0x1105, 0x1105, 0x1105,
  0x1105, 0x1105, 0x1105, 0x1105, 0x1105, 0x1105, 0x1105, 0x1105, 0x1105, 0x1105, 0x1105, 0x1105, 0x1105, 0x1105, 0x1105, 0x1105,
  0x1105, 0x1105, 0x1105, 0x1105, 0x1105, 0x1105, 0x1105, 0x1105, 0x1105, 0x1105, 0x1105, 0x1105, 0x1105, 0x1105, 0x1105, 0x1105,
  0x1105, 0x1105, 0x1105, 0x1105, 0x1105, 0x1105, 0x1105, 0x1105, 0x1105, 0x1105, 0x1105, 0x1105, 0x1105, 0x1105, 0x1105, 0x1105,
  0x1105, 0x1105, 0x1105, 0x1105, 0x1105, 0x1105, 0x1105, 0x1105, 0x1105, 0x1105, 0x1105, 0x1105, 0x1105, 0x1105, 0x1105, 0x1105,
  0x1105, 0x1105, 0x1105, 0x1105, 0x1105, 0x1105, 0x1105, 0x1105, 0x1105, 0x1105, 0x1105, 0x1105, 0x1105, 0x1105, 0x1105, 0x1105,
  0x1105, 0x1105, 0x1105, 0x1105, 0x1105, 0x1105, 0x1105, 0x1105, 0x1105, 0x1105, 0x1105, 0x1105, 0x1105, 0x1105, 0x1105, 0x1105,
  0x1105, 0x1105, 0x1105, 0x1105, 0x1105, 0x1105, 0x1105, 0x1105, 0x1105, 0x1105, 0x1105, 0x1105, 0x1105, 0x1105, 0x1105, 0x1105,
  0x1105, 0x1105, 0x1105, 0x1105, 0x1105, 0x1105, 0x1105, 0x1105, 0x1105, 0x1105, 0x1105, 0x1105, 0x1105, 0x1105, 0x1105, 0x1105,
  0x1105, 0x1105, 0x1105, 0x1105, 0x1105, 0x1105, 0x1105, 0x1105, 0x1105, 0x1105, 0x1105, 0x1105, 0x1105, 0x1105, 0x1105, 0x1105,
  0x1125, 0x1105, 0x1105, 0x1105, 0x1105, 0x1125, 0x1105, 0x1125, 0x1105, 0x1125, 0x1105, 0x1125, 0x1125, 0x1125, 0x1125, 0x1125,
  0x1125, 0x1105, 0x1125, 0x1125, 0x1105, 0x1125, 0x1105, 0x1105, 0x1125, 0x1105, 0x1105, 0x1105, 0x1105, 0x1105, 0x1105, 0x1105,
  0x1105, 0x1105, 0x1105, 0x1105, 0x1105, 0x1105, 0x1105, 0x1105, 0x1105, 0x1105, 0x1105, 0x1105, 0x1105, 0x1105, 0x1105, 0x1105,
  0x1105, 0x1105, 0x1105, 0x1105, 0x1105, 0x1105, 0x1105, 0x1105, 0x1105, 0x1105, 0x1105, 0x1105, 0x1105, 0x1105, 0x1105, 0x1105,
  0x1105, 0x1105, 0x1105, 0x1105, 0x1105, 0x1105, 0x1105, 0x1105, 0x1105, 0x1105, 0x1105, 0x1105, 0x1105, 0x1105, 0x1105, 0x1105,
  0x1105, 0x1105, 0x1105, 0x1105, 0x1105, 0x1105, 0x1105, 0x1105, 0x1105, 0x1105, 0x1105, 0x1105, 0x1105, 0x1105, 0x1105, 0x1105,
  0x1105, 0x1105, 0x1105, 0x1105, 0x1105, 0x1105, 0x1105, 0x1105, 0x1105, 0x1105, 0x1105, 0x1105, 0x1105, 0x1105, 0x1105, 0x1105,
  0x1105, 0x1105, 0x1105, 0x1105, 0x1105, 0x1105, 0x1105, 0x1105, 0x1105, 0x1105, 0x1105, 0x1105, 0x1105, 0x1105, 0x1105, 0x1105,
  0x1105, 0x1105, 0x1105, 0x1105, 0x1105, 0x1105, 0x1105, 0x1105, 0x1105, 0x1105, 0x1105, 0x1105, 0x1105, 0x1105, 0x1105, 0x1105,
  0x1105, 0x1105, 0x1105, 0x1105, 0x1105, 0x1105, 0x1105, 0x1105, 0x1105, 0x1105, 0x1105, 0x1105, 0x1105, 0x1105, 0x1105, 0x1105,
  0x1105, 0x1105, 0x1105, 0x1105, 0x1105, 0x1105, 0x1105, 0x1105, 0x1105, 0x1105, 0x1105, 0x1105, 0x1105, 0x1105, 0x1105, 0x1105,
  0x1105, 0x1105, 0x1105, 0x1105, 0x1105, 0x1105, 0x1105, 0x1105, 0x1105, 0x1105, 0x1105, 0x1105, 0x1105, 0x1105, 0x1105, 0x1105,
  0x1105, 0x1105, 0x1105, 0x1105, 0x1105, 0x1105, 0x1105, 0x1105, 0x1105, 0x1105, 0x1105, 0x1105, 0x1105, 0x1105, 0x1105, 0x1105,
  0x1105, 0x1105, 0x1105, 0x1105, 0x1105, 0x1105, 0x1105, 0x1105, 0x1105, 0x1105, 0x1105, 0x1105, 0x1105, 0x1105, 0x1105, 0x1105,
  0x1105, 0x1105, 0x1105, 0x1105, 0x1105, 0x1105, 0x1105, 0x1105, 0x1105, 0x1105, 0x1105, 0x1105, 0x1105, 0x1105, 0x1105, 0x1105,
  0x1105, 0x1105, 0x1105, 0x1105, 0x1105, 0x1105, 0x1105, 0x1105, 0x1105, 0x1105, 0x1105, 0x1105, 0x1105, 0x1105, 0x1105, 0x1105,
  0x1105, 0x1105, 0x1105, 0x1105, 0x1105, 0x1105, 0x1105, 0x1105, 0x1105, 0x1105, 0x1105, 0x1105, 0x1105, 0x1105, 0x1105, 0x1105,
  0x1105, 0x1105, 0x1105, 0x1105, 0x1105, 0x1105, 0x1105, 0x1105, 0x1105, 0x1105, 0x1105, 0x1105, 0x1105, 0x1105, 0x1105, 0x1105,
  0x1105, 0x1105, 0x1105, 0x1105, 0x1105, 0x1105, 0x1105, 0x1105, 0x1105, 0x1105, 0x1105, 0x1105, 0x1105, 0x1105, 0x1105, 0x1105,
  0x1105, 0x1105, 0x1105, 0x1105, 0x1105, 0x1105, 0x1105, 0x1105, 0x1105, 0x1105, 0x1105, 0x1105, 0x1105, 0x1105, 0x1105, 0x1105,
  0x1105, 0x1105, 0x1105, 0x1105, 0x1125, 0x1105, 0x1105, 0x1105, 0x1105, 0x1105, 0x1105, 0x1125, 0x1105, 0x1105, 0x1105, 0x1125,
  0x1105, 0x1105, 0x1125, 0x1125, 0x1105, 0x1105, 0x1125, 0x1105, 0x1105, 0x1105, 0x1105, 0x1105, 0x1105, 0x1105, 0x1105, 0x1105,
  0x1105, 0x1105, 0x1105, 0x1105, 0x1105, 0x1105, 0x1105, 0x1105, 0x1105, 0x1105, 0x1105, 0x1105, 0x1105, 0x1105, 0x1105, 0x1105,
  0x1105, 0x1105, 0x1105, 0x1105, 0x1105, 0x1105, 0x1105, 0x1105, 0x1105, 0x1105, 0x1105, 0x1105, 0x1105, 0x1105, 0x1105, 0x1105,
  0x1105, 0x1105, 0x1105, 0x1105, 0x1105, 0x1105, 0x1105, 0x1105, 0x1105, 0x1105, 0x1105, 0x1105, 0x1105, 0x1105, 0x1105, 0x1105,
  0x1105, 0x1105, 0x1105, 0x1105, 0x1105, 0x1105, 0x1105, 0x1105, 0x1105, 0x1105, 0x1105, 0x1105, 0x1105, 0x1105, 0x1105, 0x1105,
  0x1105, 0x1105, 0x1105, 0x1105, 0x1105, 0x1105, 0x1105, 0x1105, 0x1105, 0x1105, 0x1105, 0x1105, 0x1105, 0x1105, 0x1105, 0x1105,
  0x1105, 0x1105, 0x1105, 0x1105, 0x1105, 0x1105, 0x1105, 0x1105, 0x1105, 0x1105, 0x1105, 0x1105, 0x1105, 0x1105, 0x1105, 0x1105,
  0x1105, 0x1105, 0x1105, 0x1105, 0x1105, 0x1105, 0x1105, 0x1105, 0x1105, 0x1105, 0x1105, 0x1105, 0x1105, 0x1105, 0x1105, 0x1105,
  0x1105, 0x1105, 0x1105, 0x1105, 0x1105, 0x1105, 0x1105, 0x1105, 0x1105, 0x1105, 0x1105, 0x1105, 0x1105, 0x1105, 0x1105, 0x1105,
  0x1105, 0x1105, 0x1105, 0x1105, 0x1105, 0x1105, 0x1105, 0x1105, 0x1105, 0x1105, 0x1105, 0x1105, 0x1105, 0x1105, 0x1105, 0x1105,
  0x1105, 0x1105, 0x1105, 0x1105, 0x1105, 0x1105, 0x1105, 0x1105, 0x1105, 0x1105, 0x1105, 0x1105, 0x1105, 0x1105, 0x1105, 0x1105,
  0x1105, 0x1105, 0x1105, 0x1105, 0x1105, 0x1105, 0x1105, 0x1105, 0x1105, 0x1105, 0x1105, 0x1105, 0x1105, 0x1105, 0x1105, 0x1105,
  0x1105, 0x1105, 0x1105, 0x1105, 0x1105, 0x1105, 0x1105, 0x1105, 0x1105, 0x1105, 0x1105, 0x1105, 0x1105, 0x1105, 0x1105, 0x1105,
  0x1105, 0x1105, 0x1105, 0x1105, 0x1105, 0x1105, 0x1105, 0x1105, 0x1105, 0x1105, 0x1105, 0x1105, 0x1105, 0x1105, 0x1105, 0x1105,
  0x1105, 0x1105, 0x1105, 0x1105, 0x1105, 0x1105, 0x1105, 0x1105, 0x1105, 0x1105, 0x1105, 0x1105, 0x1105, 0x1105, 0x1105, 0x1105,
  0x1105, 0x1105, 0x1105, 0x1105, 0x1105, 0x1105, 0x1105, 0x1105, 0x1105, 0x1105, 0x1105, 0x1105, 0x1105, 0x1105, 0x1105, 0x1105,
  0x1105, 0x1105, 0x1105, 0x1105, 0x1105, 0x1105, 0x1105, 0x1105, 0x1105, 0x1105, 0x1105, 0x1105, 0x1105, 0x1105, 0x1105, 0x1105,
  0x1105, 0x1105, 0x1105, 0x1105, 0x1105, 0x1105, 0x1105, 0x1105, 0x1105, 0x1105, 0x1105, 0x1105, 0x1105, 0x1105, 0x1105, 0x1105,
  0x1105, 0x1105, 0x1105, 0x1105, 0x1105, 0x1105, 0x1105, 0x1105, 0x1105, 0x1105, 0x1105, 0x1105, 0x1105, 0x1105, 0x1105, 0x1105,
  0x1105, 0x1105, 0x1105, 0x1105, 0x1105, 0x1105, 0x1125, 0x1105, 0x1105, 0x1105, 0x1105, 0x1105, 0x1105, 0x1105, 0x1105, 0x1105,
  0x1105, 0x1105, 0x1105, 0x1105, 0x1105, 0x1105, 0x1105, 0x1105, 0x1105, 0x1105, 0x1105, 0x1105, 0x1105, 0x1105, 0x1105, 0x1105,
  0x1105, 0x1105, 0x1105, 0x1105, 0x1105, 0x1105, 0x1105, 0x1105, 0x1105, 0x1105, 0x1105, 0x1105, 0x1105, 0x1105, 0x1105, 0x1105,
  0x1105, 0x1105, 0x1105, 0x1105, 0x1105, 0x1105, 0x1105, 0x1105, 0x1105, 0x1105, 0x1105, 0x1105, 0x1105, 0x1105, 0x1105, 0x1105,
  0x1105, 0x1105, 0x1105, 0x1105, 0x1105, 0x1105, 0x1105, 0x1105, 0x1105, 0x1105, 0x1105, 0x1105, 0x1105, 0x1105, 0x1105, 0x1105,
  0x1105, 0x1105, 0x1105, 0x1105, 0x1105, 0x1105, 0x1105, 0x1105, 0x1105, 0x1105, 0x1105, 0x1105, 0x1105, 0x1105, 0x1105, 0x1105,
  0x1105, 0x1105, 0x1105, 0x1105, 0x1105, 0x1105, 0x1105, 0x1105, 0x1105, 0x1105, 0x1105, 0x1105, 0x1105, 0x1105, 0x1105, 0x1105,
  0x1105, 0x1105, 0x1105, 0x1105, 0x1105, 0x1105, 0x1105, 0x1105, 0x1105, 0x1105, 0x1105, 0x1105, 0x1105, 0x1105, 0x1105, 0x1105,
  0x1105, 0x1105, 0x1105, 0x1105, 0x1105, 0x1105, 0x1105, 0x1105, 0x1105, 0x1105, 0x1105, 0x1105, 0x1105, 0x1105, 0x1105, 0x1105,
  0x1105, 0x1105, 0x1105, 0x1105, 0x1105, 0x1105, 0x1105, 0x1105, 0x1105, 0x1105, 0x1105, 0x1105, 0x1105, 0x1105, 0x1105, 0x1105,
  0x1105, 0x1105, 0x1105, 0x1105, 0x1105, 0x1105, 0x1105, 0x1105, 0x1105, 0x1105, 0x1105, 0x1105, 0x1105, 0x1105, 0x1105, 0x1105,
  0x1105, 0x1105, 0x1105, 0x1105, 0x1105, 0x1105, 0x1105, 0x1105, 0x1105, 0x1105, 0x1105, 0x1105, 0x1105, 0x1105, 0x1105, 0x1105,
  0x1105, 0x1105, 0x1105, 0x1105, 0x1105, 0x1105, 0x1105, 0x1105, 0x1105, 0x1105, 0x1105, 0x1105, 0x1105, 0x1105, 0x1105, 0x1105,
  0x1105, 0x1105, 0x1105, 0x1105, 0x1105, 0x1105, 0x1105, 0x1105, 0x1105, 0x1105, 0x1105, 0x1105, 0x1105, 0x1105, 0x1105, 0x1105,
  0x1105, 0x1105, 0x1105, 0x1105, 0x1105, 0x1105, 0x1105, 0x1105, 0x1105, 0x1105, 0x1105, 0x1105, 0x1105, 0x1105, 0x1105, 0x1105,
  0x1105, 0x1105, 0x1105, 0x1105, 0x1105, 0x1105, 0x1105, 0x1105, 0x1105, 0x1105, 0x1105, 0x1105, 0x1105, 0x1105, 0x1105, 0x1105,
  0x1105, 0x1105, 0x1105, 0x1105, 0x1105, 0x1105, 0x1105, 0x1105, 0x1105, 0x1105, 0x1105, 0x1105, 0x1105, 0x1105, 0x1105, 0x1105,
  0x1105, 0x1105, 0x1105, 0x1105, 0x1105, 0x1105, 0x1105, 0x1105, 0x1105, 0x1105, 0x1105, 0x1105, 0x1105, 0x1105, 0x1105, 0x1105,
  0x1105, 0x1105, 0x1105, 0x1105, 0x1105, 0x1105, 0x1105, 0x1105, 0x1105, 0x1105, 0x1105, 0x1105, 0x1105, 0x1105, 0x1105, 0x1105,
  0x1105, 0x1105, 0x1105, 0x1105, 0x1105, 0x1105, 0x1105, 0x1105, 0x1105, 0x1105, 0x1105, 0x1105, 0x1105, 0x1105, 0x1105, 0x1105,
  0x1105, 0x1105, 0x1105, 0x1105, 0x1105, 0x1105, 0x1105, 0x1105, 0x1105, 0x1105, 0x1105, 0x1105, 0x1105, 0x1105, 0x1105, 0x1105,
  0x1105, 0x1105, 0x1105, 0x1105, 0x1105, 0x1105, 0x1105, 0x1105, 0x1105, 0x1105, 0x1105, 0x1105, 0x1105, 0x1105, 0x1105, 0x1105,
  0x1105, 0x1105, 0x1105, 0x1105, 0x1105, 0x1105, 0x1105, 0x1105, 0x1105, 0x1105, 0x1105, 0x1105, 0x1105, 0x1105, 0x1105, 0x1105,
  0x1105, 0x1105, 0x1105, 0x1105, 0x1105, 0x1105, 0x1105, 0x1105, 0x1105, 0x1105, 0x1105, 0x1105, 0x1105, 0x1105, 0x1105, 0x1105,
  0x1105, 0x1105, 0x1105, 0x1105, 0x1105, 0x1105, 0x1105, 0x1105, 0x1105, 0x1105, 0x1105, 0x1105, 0x1105, 0x1105, 0x1105, 0x1105,
  0x1105, 0x1105, 0x1105, 0x1105, 0x1105, 0x1105, 0x1105, 0x1105, 0x1105, 0x1105, 0x1105, 0x1105, 0x1105, 0x1105, 0x1105, 0x1105,
  0x1105, 0x1105, 0x1105, 0x1105, 0x1105, 0x1105, 0x1105, 0x1105, 0x1105, 0x1105, 0x1105, 0x1105, 0x1105, 0x1105, 0x1105, 0x1105,
  0x1105, 0x1105, 0x1105, 0x1105, 0x1105, 0x1105, 0x1105, 0x1105, 0x1105, 0x1105, 0x1105, 0x1105, 0x1105, 0x1105, 0x1105, 0x1105,
  0x1105, 0x1105, 0x1105, 0x1105, 0x1105, 0x1105, 0x1105, 0x1105, 0x1105, 0x1105, 0x1105, 0x1105, 0x1105, 0x1105, 0x1105, 0x1105,
  0x1105, 0x1105, 0x1105, 0x1105, 0x1105, 0x1105, 0x1105, 0x1105, 0x1105, 0x1105, 0x1105, 0x1105, 0x1105, 0x1105, 0x1105, 0x1105,
  0x1105, 0x1105, 0x1105, 0x1105, 0x1105, 0x1105, 0x1105, 0x1105, 0x1105, 0x1105, 0x1105, 0x1105, 0x1105, 0x1105, 0x1105, 0x1105,
  0x1105, 0x1105, 0x1105, 0x1105, 0x1105, 0x1105, 0x1105, 0x1105, 0x1105, 0x1105, 0x1105, 0x1105, 0x1105, 0x1105, 0x1105, 0x1105,
  0x1105, 0x1105, 0x1105, 0x1105, 0x1105, 0x1105, 0x1105, 0x1105, 0x1105, 0x1105, 0x1105, 0x1105, 0x1105, 0x1105, 0x1105, 0x1105,
  0x1105, 0x1105, 0x1105, 0x1105, 0x1105, 0x1105, 0x1105, 0x1105, 0x1105, 0x1105, 0x1105, 0x1105, 0x1105, 0x1105, 0x1105, 0x1105,
  0x1105, 0x1105, 0x1105, 0x1105, 0x1105, 0x1105, 0x1105, 0x1105, 0x1105, 0x1105, 0x1105, 0x1105, 0x1105, 0x1105, 0x1105, 0x1105,
  0x1105, 0x1105, 0x1105, 0x1105, 0x1105, 0x1105, 0x1105, 0x1105, 0x1105, 0x1105, 0x1105, 0x1105, 0x1105, 0x1105, 0x1105, 0x1105,
  0x1105, 0x1105, 0x1105, 0x1105, 0x1105, 0x1105, 0x1105, 0x1105, 0x1105, 0x1105, 0x1105, 0x1105, 0x1105, 0x1105, 0x1105, 0x1105,
  0x1105, 0x1105, 0x1105, 0x1105, 0x1105, 0x1105, 0x1105, 0x1105, 0x1105, 0x1105, 0x1105, 0x1105, 0x1105, 0x1105, 0x1105, 0x1105,
  0x1105, 0x1105, 0x1105, 0x1105, 0x1105, 0x1105, 0x1105, 0x1105, 0x1105, 0x1105, 0x1105, 0x1105, 0x1105, 0x1105, 0x1105, 0x1105,
  0x1105, 0x1105, 0x1105, 0x1105, 0x1105, 0x1105, 0x1105, 0x1105, 0x1105, 0x1105, 0x1105, 0x1105, 0x1105, 0x1105, 0x1105, 0x1105,
  0x1105, 0x1105, 0x1105, 0x1105, 0x1105, 0x1105, 0x1105, 0x1105, 0x1105, 0x1105, 0x1105, 0x1105, 0x1105, 0x1105, 0x1105, 0x1105,
  0x1105, 0x1105, 0x1105, 0x1105, 0x1105, 0x1105, 0x1105, 0x1105, 0x1105, 0x1105, 0x1105, 0x1105, 0x1105, 0x1105, 0x1105, 0x1105,
  0x1105, 0x1105, 0x1105, 0x1105, 0x1105, 0x1105, 0x1105, 0x1105, 0x1105, 0x1105, 0x1105, 0x1105, 0x1105, 0x1105, 0x1105, 0x1105,
  0x1105, 0x1105, 0x1105, 0x1105, 0x1105, 0x1105, 0x1105, 0x1105, 0x1105, 0x1105, 0x1105, 0x1105, 0x1105, 0x1105, 0x1105, 0x1105,
  0x1105, 0x1105, 0x1105, 0x1105, 0x1105, 0x1105, 0x1105, 0x1105, 0x1105, 0x1105, 0x1105, 0x1105, 0x1105, 0x1105, 0x1105, 0x1105,
  0x1105, 0x1105, 0x1105, 0x1105, 0x1105, 0x1105, 0x1105, 0x1105, 0x1105, 0x1105, 0x1105, 0x1105, 0x1105, 0x1105, 0x1105, 0x1105,
  0x1105, 0x1105, 0x1105, 0x1105, 0x1105, 0x1105, 0x1105, 0x1105, 0x1105, 0x1105, 0x1105, 0x1105, 0x1105, 0x1105, 0x1105, 0x1105,
  0x1105, 0x1105, 0x1105, 0x1105, 0x1105, 0x1105, 0x1105, 0x1105, 0x1105, 0x1105, 0x1105, 0x1105, 0x1105, 0x1105, 0x1105, 0x1105,
  0x1105, 0x1105, 0x1105, 0x1105, 0x1105, 0x1105, 0x1105, 0x1105, 0x1105, 0x1105, 0x1105, 0x1105, 0x1105, 0x1105, 0x1105, 0x1105,
  0x1105, 0x1105, 0x1105, 0x1105, 0x1105, 0x1105, 0x1105, 0x1105, 0x1105, 0x1105, 0x1105, 0x1105, 0x1105, 0x1105, 0x1105, 0x1105,
  0x1105, 0x1105, 0x1105, 0x1105, 0x1105, 0x1105, 0x1105, 0x1105, 0x1105, 0x1105, 0x1105, 0x1105, 0x1105, 0x1105, 0x1105, 0x1105,
  0x1105, 0x1105, 0x1105, 0x1105, 0x1105, 0x1105, 0x1105, 0x1105, 0x1105, 0x1105, 0x1105, 0x1105, 0x1105, 0x1105, 0x1105, 0x1105,
  0x1105, 0x1105, 0x1105, 0x1105, 0x1105, 0x1105, 0x1105, 0x1105, 0x1105, 0x1105, 0x1105, 0x1105, 0x1105, 0x1105, 0x1105, 0x10E5,
  0x1105, 0x1105, 0x1105, 0x1105, 0x1105, 0x1105, 0x1105, 0x1105, 0x1105, 0x1105, 0x1105, 0x1105, 0x1105, 0x1105, 0x1105, 0x1105,
  0x1105, 0x1105, 0x1105, 0x1105, 0x1105, 0x10E5, 0x1105, 0x1105, 0x1105, 0x1105, 0x1105, 0x1105, 0x10E5, 0x1105, 0x10E5, 0x1105,
  0x1105, 0x1105, 0x1105, 0x1105, 0x1105, 0x1105, 0x1105, 0x1105, 0x1105, 0x1105, 0x1105, 0x1105, 0x1105, 0x1105, 0x1105, 0x1105,
  0x1105, 0x1105, 0x1105, 0x10E5, 0x1105, 0x1105, 0x1105, 0x1105, 0x1105, 0x1105, 0x1105, 0x1105, 0x1105, 0x1105, 0x1105, 0x1105,
  0x1105, 0x1105, 0x1105, 0x1105, 0x1105, 0x1105, 0x1105, 0x1105, 0x1105, 0x1105, 0x1105, 0x1105, 0x1105, 0x1105, 0x1105, 0x1105,
  0x1105, 0x1105, 0x1105, 0x1105, 0x1105, 0x1105, 0x1105, 0x1105, 0x1105, 0x1105, 0x1105, 0x1105, 0x1105, 0x1105, 0x1105, 0x1105,
  0x1105, 0x1105, 0x1105, 0x1105, 0x1105, 0x1105, 0x1105, 0x1105, 0x1105, 0x1105, 0x1105, 0x1105, 0x1105, 0x1105, 0x1105, 0x1105,
  0x1105, 0x1105, 0x1105, 0x1105, 0x1105, 0x1105, 0x1105, 0x1105, 0x1105, 0x1105, 0x1105, 0x1105, 0x1105, 0x1105, 0x1105, 0x1105,
  0x1105, 0x1105, 0x1105, 0x1105, 0x1105, 0x1105, 0x1105, 0x1105, 0x1105, 0x1105, 0x1105, 0x1105, 0x1105, 0x1105, 0x1105, 0x1105,
  0x1105, 0x1105, 0x1105, 0x1105, 0x1105, 0x1105, 0x1105, 0x1105, 0x1105, 0x1105, 0x1105, 0x1105, 0x1105, 0x1105, 0x1105, 0x1105,
  0x1105, 0x1105, 0x1105, 0x1105, 0x1105, 0x1105, 0x1105, 0x1105, 0x1105, 0x1105, 0x1105, 0x1105, 0x1105, 0x1105, 0x1105, 0x10E5,
  0x1105, 0x1105, 0x1105, 0x1105, 0x1105, 0x1105, 0x1105, 0x1105, 0x1105, 0x1105, 0x1105, 0x1105, 0x1105, 0x1105, 0x1105, 0x1105,
  0x1105, 0x1105, 0x1105, 0x1105, 0x1105, 0x1105, 0x1105, 0x1105, 0x1105, 0x1105, 0x1105, 0x1105, 0x1105, 0x1105, 0x1105, 0x1105,
  0x1105, 0x1105, 0x1105, 0x1105, 0x1105, 0x1105, 0x1105, 0x1105, 0x1105, 0x1105, 0x1105, 0x1105, 0x1105, 0x1105, 0x1105, 0x1105,
  0x1105, 0x1105, 0x1105, 0x1105, 0x1105, 0x1105, 0x1105, 0x1105, 0x1105, 0x1105, 0x1105, 0x1105, 0x1105, 0x1105, 0x1105, 0x1105,
  0x1105, 0x1105, 0x1105, 0x1105, 0x1105, 0x1105, 0x1105, 0x1105, 0x1105, 0x1105, 0x1105, 0x1105, 0x1105, 0x1105, 0x1105, 0x1105,
  0x1105, 0x1105, 0x1105, 0x10E5, 0x1105, 0x1105, 0x1105, 0x1105, 0x1105, 0x1105, 0x1105, 0x1105, 0x1105, 0x1105, 0x1105, 0x1105,
  0x1105, 0x1105, 0x1105, 0x1105, 0x1105, 0x1105, 0x1105, 0x1105, 0x10E5, 0x1105, 0x1105, 0x1105, 0x1105, 0x1105, 0x1105, 0x1105,
  0x1105, 0x1105, 0x1105, 0x1105, 0x1105, 0x1105, 0x1105, 0x1105, 0x1105, 0x1105, 0x1105, 0x1105, 0x1105, 0x10E5, 0x1105, 0x1105,
  0x1105, 0x1105, 0x1105, 0x10E5, 0x1105, 0x10E5, 0x1105, 0x1105, 0x1105, 0x1105, 0x10E5, 0x1105, 0x1105, 0x1105, 0x1105, 0x1105,
  0x1105, 0x1105, 0x1105, 0x10E5, 0x10E5, 0x1105, 0x1105, 0x1105, 0x1105, 0x1105, 0x1105, 0x1105, 0x1105, 0x10E5, 0x1105, 0x1105,
  0x1105, 0x1105, 0x1105, 0x10E5, 0x1105, 0x1105, 0x1105, 0x1105, 0x1105, 0x1105, 0x1105, 0x1105, 0x1105, 0x1105, 0x1105, 0x1105,
  0x1105, 0x1105, 0x1105, 0x1105, 0x1105, 0x1105, 0x1105, 0x1105, 0x1105, 0x1105, 0x1105, 0x1105, 0x1105, 0x1105, 0x1105, 0x1105,
  0x1105, 0x1105, 0x1105, 0x1105, 0x1105, 0x1105, 0x1105, 0x1105, 0x1105, 0x1105, 0x1105, 0x1105, 0x1105, 0x1105, 0x1105, 0x1105,
  0x1105, 0x10E5, 0x1105, 0x1105, 0x1105, 0x1105, 0x1105, 0x1105, 0x1105, 0x1105, 0x10E5, 0x1105, 0x1105, 0x1105, 0x10E5, 0x1105,
  0x1105, 0x1105, 0x1105, 0x1105, 0x1105, 0x1105, 0x1105, 0x1105, 0x1105, 0x1105, 0x1105, 0x1105, 0x1105, 0x1105, 0x1105, 0x1105,
  0x1105, 0x1105, 0x1105, 0x1105, 0x1105, 0x1105, 0x1105, 0x1105, 0x1105, 0x1105, 0x1105, 0x1105, 0x1105, 0x1105, 0x1105, 0x1105,
  0x1105, 0x1105, 0x1105, 0x1105, 0x1105, 0x1105, 0x1105, 0x1105, 0x1105, 0x1105, 0x1105, 0x1105, 0x1105, 0x1105, 0x1105, 0x1105,
  0x1105, 0x1105, 0x1105, 0x1105, 0x1105, 0x1105, 0x1105, 0x1105, 0x1105, 0x1105, 0x1105, 0x1105, 0x1105, 0x1105, 0x1105, 0x1105,
  0x1105, 0x1105, 0x1105, 0x1105, 0x1105, 0x1105, 0x1105, 0x1105, 0x1105, 0x1105, 0x1105, 0x1105, 0x1105, 0x1105, 0x1105, 0x1105,
  0x1105, 0x1105, 0x1105, 0x1105, 0x1105, 0x10E5, 0x1105, 0x1105, 0x1105, 0x1105, 0x1105, 0x1105, 0x1105, 0x1105, 0x1105, 0x1105,
  0x1105, 0x1105, 0x1105, 0x1105, 0x1105, 0x1105, 0x1105, 0x1105, 0x1105, 0x1105, 0x1105, 0x1105, 0x1105, 0x10E5, 0x1105, 0x1105,
  0x1105, 0x1105, 0x1105, 0x1105, 0x1105, 0x1105, 0x1105, 0x1105, 0x1105, 0x1105, 0x1105, 0x1105, 0x10E5, 0x1105, 0x1105, 0x10E5,
  0x10E5, 0x1105, 0x1105, 0x1105, 0x1105, 0x1105, 0x1105, 0x1105, 0x1105, 0x1105, 0x1105, 0x1105, 0x1105, 0x1105, 0x1105, 0x1105,
  0x1105, 0x1105, 0x1105, 0x1105, 0x1105, 0x1105, 0x1105, 0x1105, 0x1105, 0x1105, 0x1105, 0x1105, 0x10E5, 0x1105, 0x1105, 0x1105,
  0x1105, 0x1105, 0x1105, 0x1105, 0x1105, 0x1105, 0x1105, 0x1105, 0x1105, 0x1105, 0x1105, 0x1105, 0x1105, 0x1105, 0x1105, 0x1105,
  0x1105, 0x1105, 0x1105, 0x1105, 0x1105, 0x1105, 0x1105, 0x10E5, 0x1105, 0x1105, 0x1105, 0x1105, 0x1105, 0x1105, 0x10E5, 0x1105,
  0x10E5, 0x1105, 0x1105, 0x1105, 0x1105, 0x1105, 0x1105, 0x1105, 0x1105, 0x1105, 0x1105, 0x1105, 0x10E5, 0x1105, 0x1105, 0x1105,
  0x10E5, 0x1105, 0x1105, 0x1105, 0x1105, 0x1105, 0x1105, 0x1105, 0x10E5, 0x10E5, 0x1105, 0x1105, 0x1105, 0x1105, 0x10E5, 0x10E5,
  0x1105, 0x1105, 0x1105, 0x10E5, 0x10E5, 0x1105, 0x1105, 0x1105, 0x1105, 0x1105, 0x1105, 0x1105, 0x1105, 0x1105, 0x1105, 0x1105,
  0x1105, 0x1105, 0x1105, 0x10E5, 0x10E5, 0x1105, 0x1105, 0x10E5, 0x1105, 0x1105, 0x10E5, 0x1105, 0x1105, 0x1105, 0x10E5, 0x10E5,
  0x1105, 0x1105, 0x1105, 0x10E5, 0x1105, 0x1105, 0x1105, 0x1105, 0x1105, 0x10E5, 0x1105, 0x1105, 0x1105, 0x10E5, 0x1105, 0x1105,
  0x1105, 0x1105, 0x1105, 0x1105, 0x1105, 0x1105, 0x1105, 0x1105, 0x10E5, 0x1105, 0x1105, 0x1105, 0x1105, 0x1105, 0x1105, 0x1105,
  0x1105, 0x1105, 0x1105, 0x1105, 0x10E5, 0x1105, 0x1105, 0x1105, 0x1105, 0x1105, 0x1105, 0x1105, 0x1105, 0x1105, 0x1105, 0x1105,
  0x1105, 0x10E5, 0x1105, 0x1105, 0x1105, 0x1105, 0x1105, 0x1105, 0x1105, 0x1105, 0x1105, 0x10E5, 0x1105, 0x1105, 0x1105, 0x1105,
  0x1105, 0x1105, 0x1105, 0x1105, 0x1105, 0x10E5, 0x10E5, 0x1105, 0x1105, 0x1105, 0x1105, 0x1105, 0x1105, 0x1105, 0x1105, 0x1105,
  0x1105, 0x1105, 0x10E5, 0x1105, 0x1105, 0x1105, 0x10E5, 0x1105, 0x1105, 0x1105, 0x1105, 0x1105, 0x1105, 0x1105, 0x1105, 0x1105,
  0x1105, 0x1105, 0x1105, 0x1105, 0x1105, 0x1105, 0x1105, 0x1105, 0x1105, 0x1105, 0x1105, 0x1105, 0x1105, 0x1105, 0x1105, 0x1105,
  0x1105, 0x1105, 0x1105, 0x1105, 0x1105, 0x1105, 0x1105, 0x1105, 0x1105, 0x1105, 0x1105, 0x1105, 0x1105, 0x1105, 0x1105, 0x1105,
  0x1105, 0x1105, 0x1105, 0x1105, 0x1105, 0x1105, 0x1105, 0x1105, 0x1105, 0x1105, 0x10E5, 0x10E5, 0x1105, 0x1105, 0x1105, 0x1105,
  0x1105, 0x1105, 0x1105, 0x1105, 0x1105, 0x10E5, 0x1105, 0x1105, 0x1105, 0x1105, 0x1105, 0x1105, 0x1105, 0x1105, 0x1105, 0x1105,
  0x1105, 0x1105, 0x1105, 0x1105, 0x1105, 0x10E5, 0x1105, 0x1105, 0x1105, 0x1105, 0x10E5, 0x1105, 0x1105, 0x10E5, 0x1105, 0x10E5,
  0x1105, 0x1105, 0x1105, 0x10E5, 0x1105, 0x10E5, 0x10E5, 0x1105, 0x1105, 0x1105, 0x1105, 0x1105, 0x10E5, 0x10E5, 0x1105, 0x10E5,
  0x1105, 0x1105, 0x1105, 0x1105, 0x1105, 0x1105, 0x1105, 0x1105, 0x10E5, 0x1105, 0x1105, 0x1105, 0x1105, 0x1105, 0x1105, 0x1105,
  0x1105, 0x10E5, 0x1105, 0x10E5, 0x1105, 0x1105, 0x1105, 0x1105, 0x1105, 0x1105, 0x1105, 0x10E5, 0x10E5, 0x1105, 0x1105, 0x1105,
  0x1105, 0x10E5, 0x10E5, 0x1105, 0x1105, 0x1105, 0x1105, 0x10E5, 0x10E5, 0x1105, 0x1105, 0x1105, 0x1105, 0x1105, 0x1105, 0x1105,
  0x1105, 0x1105, 0x1105, 0x1105, 0x1105, 0x1105, 0x1105, 0x10E5, 0x1105, 0x1105, 0x10E5, 0x1105, 0x1105, 0x10E5, 0x1105, 0x1105,
  0x1105, 0x10E5, 0x10E5, 0x1105, 0x1105, 0x1105, 0x10E5, 0x1105, 0x1105, 0x1105, 0x1105, 0x1105, 0x10E5, 0x10E5, 0x1105, 0x1105,
};

#endif
